ok        5471ms MISS https://kerenmakor.org.il/about-the-foundation/?lang=en
ok       19570ms MISS https://kerenmakor.org.il/?lang=en
ok       22288ms MISS https://kerenmakor.org.il/open_calls/
ok       16814ms MISS https://kerenmakor.org.il/posters/?lang=en
ok       14828ms MISS https://kerenmakor.org.il/טפסים/
ok       27375ms MISS https://kerenmakor.org.il/podcast/
ok       23097ms MISS https://kerenmakor.org.il/טופס-הרשמה/
ok       24600ms MISS https://kerenmakor.org.il/אודות/
ok       26965ms MISS https://kerenmakor.org.il/מערכת-לניהול-טפסי-תמיכה-וסגירת-פרויקט/
ok       17975ms MISS https://kerenmakor.org.il/
ok        4408ms MISS https://kerenmakor.org.il/בדיקה-של-הזמן/
ok        8291ms MISS https://kerenmakor.org.il/accessibility-statement/
ok        7845ms MISS https://kerenmakor.org.il/dropbox-test/
ok       11562ms MISS https://kerenmakor.org.il/צור-קשר/
ok       14965ms MISS https://kerenmakor.org.il/news-events/?lang=en
ok       10418ms MISS https://kerenmakor.org.il/home/procedures-at-the-foundation/?lang=en
ok        3748ms MISS https://kerenmakor.org.il/נהלי-הגשות/
ok        3729ms MISS https://kerenmakor.org.il/declaration-old-version/
ok        4267ms MISS https://kerenmakor.org.il/posters/
ok       17959ms MISS https://kerenmakor.org.il/doc_2023-temp/
ok       19941ms MISS https://kerenmakor.org.il/contact-page/?lang=en
ok        8865ms MISS https://kerenmakor.org.il/single-declaration-film-upload-form/
ok       11754ms MISS https://kerenmakor.org.il/doc-1-23/
ok       12281ms MISS https://kerenmakor.org.il/animation_1-23/
ok       14859ms MISS https://kerenmakor.org.il/short-07-2022/
ok       19288ms MISS https://kerenmakor.org.il/poc-05-2022/
ok       21517ms MISS https://kerenmakor.org.il/new_media/
ok       30374ms MISS https://kerenmakor.org.il/home/נהלי-הקרן/
ok       33813ms MISS https://kerenmakor.org.il/animation-01-2022/
ok       17976ms MISS https://kerenmakor.org.il/doc-01-2022/
ok       21091ms MISS https://kerenmakor.org.il/doc-07-2022/
ok       57319ms MISS https://kerenmakor.org.il/news/
ok       30118ms MISS https://kerenmakor.org.il/shorts/
ok       49385ms MISS https://kerenmakor.org.il/films/?lang=en
ok       36001ms MISS https://kerenmakor.org.il/last-notifications/
ok       39082ms MISS https://kerenmakor.org.il/animation2022/
ok       43501ms MISS https://kerenmakor.org.il/home/סרטים/
ok       42723ms MISS https://kerenmakor.org.il/active-declaration/fast-track/טופס-הגשה-סרטי-וסדרות-תעודה/
ok       28467ms MISS https://kerenmakor.org.il/אישורי-הנהלה-כלליים/
ok       18928ms MISS https://kerenmakor.org.il/קול-קורא-ליוצרות-רים-למעבדה-לפיתוח-פרו/
ok       17563ms MISS https://kerenmakor.org.il/active-declaration/fast-track/
ok        5978ms MISS https://kerenmakor.org.il/active-declaration/
ok       19905ms MISS https://kerenmakor.org.il/home/?lang=en
ok       19904ms MISS https://kerenmakor.org.il/more/newimages-festival-2026/?lang=en
ok       16293ms MISS https://kerenmakor.org.il/more/מלחמה-לפני-השינה-תהילה-לפידות/
ok       16996ms MISS https://kerenmakor.org.il/more/congratulations-to-winterovers-creators/?lang=en
ok       18362ms MISS https://kerenmakor.org.il/more/ברכות-ליוצרי-ווינטראובר/
ok        7006ms MISS https://kerenmakor.org.il/more/מה-זה-קולנוע-ב-360/
ok        4302ms MISS https://kerenmakor.org.il/more/יום-תעשייה-פתוח-קולנוע-במרחב-הווירטוא/
ok        4179ms MISS https://kerenmakor.org.il/more/סינדרום-עזה-מצליחה-בענק/
ok        4302ms MISS https://kerenmakor.org.il/more/אורנה-ואלה-הישג-חסר-תקדים-לקולנוע-תיעו/
ok        4117ms MISS https://kerenmakor.org.il/more/congratulations-to-the-selected-project-teams-of-the-xr-jewish-life-in-islamic-and-arab-countries-open-call-08-2025-🎉/?lang=en
ok        4824ms MISS https://kerenmakor.org.il/more/ברכות-לצוותי-הפרויקטים-הנבחרים-במסגר/
ok        4578ms MISS https://kerenmakor.org.il/more/יום-תעשייה-פתוח-על-קולנוע-במרחב-הווירט-2/
ok        4070ms MISS https://kerenmakor.org.il/more/an-open-industry-day-about-cinema-in-virtual-space/?lang=en
ok        4209ms MISS https://kerenmakor.org.il/more/save-the-date-an-open-industry-day-about-cinema-in-virtual-space/?lang=en
ok        5148ms MISS https://kerenmakor.org.il/more/war-before-bedtime-tehila-lapidot/?lang=en
ok        8605ms MISS https://kerenmakor.org.il/more/יום-תעשייה-פתוח-על-קולנוע-במרחב-הווירט/
ok        6817ms MISS https://kerenmakor.org.il/more/feature-animation-development-studio-congratulations-to-the-selected-projects-🌸/?lang=en
ok        6991ms MISS https://kerenmakor.org.il/more/an-open-industry-day-cinema-in-virtual-space-watch-online/?lang=en
ok        4814ms MISS https://kerenmakor.org.il/more/ראיון-עם-אליה-שוורץ-בימאית-הסרט-לוויתן/
ok        4458ms MISS https://kerenmakor.org.il/more/documentary-films-tralier-2/?lang=en
ok        5304ms MISS https://kerenmakor.org.il/more/ריאיון-עם-רועי-קמחי-במאי-הסרט-פירוא/
ok        8082ms MISS https://kerenmakor.org.il/more/קול-קורא-תעודה-מדריך-הגשה/
ok        4278ms MISS https://kerenmakor.org.il/more/מקבץ-סרטי-אנימציה-קצרים/
ok        3989ms MISS https://kerenmakor.org.il/more/גיים-ציינגר-המלצת-צפייה/
ok        4181ms MISS https://kerenmakor.org.il/more/מקבץ-סרטי-עלילה-1/
ok        4084ms MISS https://kerenmakor.org.il/more/documentary-films-tralier-1/?lang=en
ok        4505ms MISS https://kerenmakor.org.il/more/מקבץ-סרטי-תעודה-1/
ok        4605ms MISS https://kerenmakor.org.il/more/short-fiction-films-trailer-1/?lang=en
ok        5796ms MISS https://kerenmakor.org.il/more/מקבץ-סרטי-עלילה-2/
ok        4202ms MISS https://kerenmakor.org.il/more/המלצת-צפייה-באורנה-ואלה-בידיעות-אחרונ/
ok        6778ms MISS https://kerenmakor.org.il/more/מקבץ-סרטי-תעודה-2/
ok        6488ms MISS https://kerenmakor.org.il/more/short-fiction-films-trailer-2/?lang=en
ok        7662ms MISS https://kerenmakor.org.il/more/short-animation-films-trailer-2/?lang=en
error        0ms MISS https://kerenmakor.org.il/more/פסטיבל-ניאוימגז-2026/
ok        4095ms MISS https://kerenmakor.org.il/more/יעל-ניברון-על-פיל-במדבר-2/
ok        6513ms MISS https://kerenmakor.org.il/more/סטודיו-לפיתוח-סרטי-אנימציה-באורך-מלא-ב/
ok        8296ms MISS https://kerenmakor.org.il/more/an-open-industry-day-cinema-new-technologies-watch-online/?lang=en
ok        5882ms MISS https://kerenmakor.org.il/more/המלצת-צפייה-בלוויתן-בפורטל-הסרטים-היש/
ok        8184ms MISS https://kerenmakor.org.il/more/makor-media-lab-11-2025/?lang=en
ok        4209ms MISS https://kerenmakor.org.il/more/19846-2/?lang=en
ok        5997ms MISS https://kerenmakor.org.il/more/מקור-מדיה/
ok        3990ms MISS https://kerenmakor.org.il/more/makor-media-lab/?lang=en
ok        7215ms MISS https://kerenmakor.org.il/more/חממת-מעבדת-מקור-מדיה-11-2025/
ok        4175ms MISS https://kerenmakor.org.il/more/best-film-editing-award-jwff/?lang=en
ok        4978ms MISS https://kerenmakor.org.il/more/stop-motion-magazines-great-review-on-sunday/?lang=en
ok        4917ms MISS https://kerenmakor.org.il/more/במגזין-סטופ-מושן-כתבו-על-סאנדיי/
ok        4797ms MISS https://kerenmakor.org.il/more/דם-יונים-זוכה-פרס-העריכה-jwff/
ok        5803ms MISS https://kerenmakor.org.il/more/a-birds-wish-wins-ophir-award/?lang=en
ok        7917ms MISS https://kerenmakor.org.il/more/הציפור-שרצתה-זוכה-בפרס-אופיר-2025/
ok        9487ms MISS https://kerenmakor.org.il/more/dead-eye-of-night-adi-shinar/?lang=en
ok       46988ms MISS https://kerenmakor.org.il/more/אישון-לילה-עדי-שנער/
ok       26852ms MISS https://kerenmakor.org.il/more/סיכום-אירוע-פוקוס-vr-בפסטיבל-קולנוע-דרום/
ok       36037ms MISS https://kerenmakor.org.il/more/יום-תעשייה-פתוח-על-הסיפור-הקולנועי-בטכ/
ok        6520ms MISS https://kerenmakor.org.il/more/animation-films-supported-by-makor-foundation/?lang=en
ok        6196ms MISS https://kerenmakor.org.il/more/congratulations-to-the-2024-animix-festival-award-winners/?lang=en
error        0ms MISS https://kerenmakor.org.il/more/יום-תעשייה-פתוח-הסיפור-הקולנועי-בטכנו/
ok       39793ms MISS https://kerenmakor.org.il/more/sunday-won-best-independent-short-film-at-the-animix-festival/?lang=en
ok        3864ms MISS https://kerenmakor.org.il/more/short-animation-film-event/?lang=en
ok        4296ms MISS https://kerenmakor.org.il/more/עורף-עוז-צירלין/
ok        4071ms MISS https://kerenmakor.org.il/more/המלצת-צפייה-בשום-דבר-מיוחד/
ok        4118ms MISS https://kerenmakor.org.il/more/המלצת-צפייה-בהיה-היה-ילד/
ok        3905ms MISS https://kerenmakor.org.il/more/תומר-שושן-רגע-לפני-שהוא-מתחרה-על-האוסקר/
ok        4097ms MISS https://kerenmakor.org.il/more/המלצת-צפייה-בגרוסמן-במסגרת-דוקאביב-2021/
ok        4284ms MISS https://kerenmakor.org.il/more/המלצת-צפייה-בהעיר-האחרת-במסגרת-דוקאב/
ok        4228ms MISS https://kerenmakor.org.il/more/המלצת-צפייה-ב-1341-פריימים-מהמצלמה-של-מיכה/
ok        4208ms MISS https://kerenmakor.org.il/more/המלצת-צפייה-דוקאביב-2023/
ok        4058ms MISS https://kerenmakor.org.il/more/ציפיות-ב-tisff/
ok        3888ms MISS https://kerenmakor.org.il/more/המלצת-מערכת-טיים-אאוט-על-פרויקט-2-דקות-ב/
ok        3847ms MISS https://kerenmakor.org.il/more/המלצת-צפייה-דוקאביב-2024/
ok        3881ms MISS https://kerenmakor.org.il/more/המלצת-צפייה-בדונם-של-סבתא/
error        0ms MISS https://kerenmakor.org.il/more/מאיה-שקל-על-אדי-ואני/
ok        3785ms MISS https://kerenmakor.org.il/more/המלצת-צפייה-במלאכי-במסגרת-פסטיבל-ירוש/
ok        3800ms MISS https://kerenmakor.org.il/more/יעל-ניברון-על-פיל-במדבר/
ok        3981ms MISS https://kerenmakor.org.il/more/לירי-נבון-על-להתנתק/
ok        4110ms MISS https://kerenmakor.org.il/more/גן-דה-לנגה-על-הציפור-שרצתה/
ok        4013ms MISS https://kerenmakor.org.il/more/where-is-home-eitan-herman/?lang=en
ok        6911ms MISS https://kerenmakor.org.il/more/כתבה-על-כנס-האתיקה-דוקו-ו-ai/
ok        6680ms MISS https://kerenmakor.org.il/more/אין-לאן-ללכת-ואין-לאן-לחזור-איתן-הרמן/
ok        4101ms MISS https://kerenmakor.org.il/more/disconnect-lee-bader-liri-navon/?lang=en
ok        3820ms MISS https://kerenmakor.org.il/more/a-child-out-there-galia-baron-yifrach/?lang=en
ok        5662ms MISS https://kerenmakor.org.il/more/pillowz-on-tisff/?lang=en
ok        9382ms MISS https://kerenmakor.org.il/more/home-front-oz-zirlin/?lang=en
error        0ms MISS https://kerenmakor.org.il/more/לי-דרור-על-מזל-דגים/
ok        8172ms MISS https://kerenmakor.org.il/more/קול-קורא-קצר-אנימציה/
ok        8106ms MISS https://kerenmakor.org.il/more/סאנדיי-זכה-בפרס-הסרט-העצמאי-הקצר-הטוב-ב/
ok       10673ms MISS https://kerenmakor.org.il/more/קול-קורא-הסטודיו-לפיתוח-סרטי-אנימציה-ב/
ok        3918ms MISS https://kerenmakor.org.il/more/אדי-ואני-❤️/
ok        4086ms MISS https://kerenmakor.org.il/more/eddie-and-i-❤️/?lang=en
ok        5095ms MISS https://kerenmakor.org.il/more/xr-open-call-jewish-life-in-islamic-and-arab-countries/?lang=en
ok        8080ms MISS https://kerenmakor.org.il/more/ברכות-❤️/
ok        9275ms MISS https://kerenmakor.org.il/more/📣-קול-קורא-xr-יהדות-ארצות-ערב-והאסלאם-📣/
ok       11905ms MISS https://kerenmakor.org.il/more/congratulations-❤️/?lang=en
ok       13088ms MISS https://kerenmakor.org.il/more/להתנתק-לי-בדר-לירי-נבון/
ok       15913ms MISS https://kerenmakor.org.il/more/i-see-you-a-new-open-call/?lang=en
ok       10938ms MISS https://kerenmakor.org.il/more/אם-יש-ילד-גליה-ברון-יפרח/
ok       17582ms MISS https://kerenmakor.org.il/more/xr-open-industry-day-09-2022/?lang=en
ok       17477ms MISS https://kerenmakor.org.il/more/xr-open-industry-day-docaviv-ff/?lang=en
ok       14008ms MISS https://kerenmakor.org.il/more/17204-2/?lang=en
ok       10582ms MISS https://kerenmakor.org.il/more/יום-תעשייה-פתוח-15-11-2022/
ok        6107ms MISS https://kerenmakor.org.il/more/אירוע-תעשייה-xr-דוקאביב/
ok        4163ms MISS https://kerenmakor.org.il/more/יום-תעשייה-על-אנריל-במדיה-החדשה-וביציר/
ok        3918ms MISS https://kerenmakor.org.il/more/כנס-אתיקה-דוקו-ו-ai/
ok        7405ms MISS https://kerenmakor.org.il/more/יום-עיון-xr-בשערי-היצירה-09-2022/
ok        9953ms MISS https://kerenmakor.org.il/more/open-industry-day-watch-online/?lang=en
ok       11811ms MISS https://kerenmakor.org.il/more/16784-2/
ok       13005ms MISS https://kerenmakor.org.il/more/יום-תעשייה-פתוח-והשקת-קול-קורא-i-see-you/
ok       16469ms MISS https://kerenmakor.org.il/more/יום-תעשייה-פתוח-וקול-קורא-חדש-ליצירות-א/
ok       21106ms MISS https://kerenmakor.org.il/more/makor-media-2023-24-activity-summary-on-the-climate-crisis/?lang=en
ok       18079ms MISS https://kerenmakor.org.il/more/מקור-מדיה-סיכום-שנת-פעילות-2023-24-בנושא-משב/
ok       10686ms MISS https://kerenmakor.org.il/more/15838-2/
ok        3931ms MISS https://kerenmakor.org.il/more/ראיית-מנהרה-רני-אבידן/
ok        3881ms MISS https://kerenmakor.org.il/more/פרפרים-נטע-שניצר/
ok        3699ms MISS https://kerenmakor.org.il/more/tunnel-vision-rani-avidan/?lang=en
ok        4181ms MISS https://kerenmakor.org.il/more/summer-rain-omer-rosenberg/?lang=en
ok        5803ms MISS https://kerenmakor.org.il/more/גשם-קיץ-עומר-רוזנברג/
ok        3876ms MISS https://kerenmakor.org.il/more/paper-butterflies-neta-shenitzer/?lang=en
ok        4204ms MISS https://kerenmakor.org.il/more/knock-knock-noam-karmeli-shiran-buchnik/?lang=en
ok        3595ms MISS https://kerenmakor.org.il/more/a-letter-to-a-man-amit-erell/?lang=en
ok        4414ms MISS https://kerenmakor.org.il/more/illusion-of-motion-yael-bonne/?lang=en
ok        4088ms MISS https://kerenmakor.org.il/more/טוק-טוק-נועם-כרמלי-שירן-בוחניק/
ok        4327ms MISS https://kerenmakor.org.il/more/thought-about-war-avi-maor-marzuk/?lang=en
ok        4502ms MISS https://kerenmakor.org.il/more/אשליה-של-תנועה-יעל-בונה/
ok        3972ms MISS https://kerenmakor.org.il/more/קול-קורא-עד-10-מדריך-הגשה/
ok        4192ms MISS https://kerenmakor.org.il/more/סרטי-אנימציה-בתמיכת-קרן-מקור/
ok        4178ms MISS https://kerenmakor.org.il/more/לכתוב-אנימציה-2024/
error        0ms MISS https://kerenmakor.org.il/more/an-open-industry-day-and-new-open-call-for-immersive-works/?lang=en
ok        4190ms MISS https://kerenmakor.org.il/more/ערב-הקרנת-סרטי-אנימציה-קצרים-במכון-הצר/
ok        7848ms MISS https://kerenmakor.org.il/more/קול-קורא-ליצירות-במדיה-חדשה-מדריך-הגשה/
ok        3784ms MISS https://kerenmakor.org.il/more/left-behind-omer-harel/?lang=en
ok        3604ms MISS https://kerenmakor.org.il/more/הותיר-אחריו-עומר-הראל-אריאל-קוהלי/
ok        3961ms MISS https://kerenmakor.org.il/more/new-media-horizons/?lang=en
ok        4176ms MISS https://kerenmakor.org.il/more/bonding-gal-salomon-alon-galil/?lang=en
ok        3908ms MISS https://kerenmakor.org.il/more/סרטים-קצרים-בדיקת-דופק/
ok        4099ms MISS https://kerenmakor.org.il/more/iron-swords-mom-אורלי-בויום/
ok        8066ms MISS https://kerenmakor.org.il/more/התקווה-עומר-ברק/
ok        8196ms MISS https://kerenmakor.org.il/more/130-yael-castel-maayan-or/?lang=en
ok        4107ms MISS https://kerenmakor.org.il/more/חממה-לפיתוח-תסריט-לסדרת-אנימציה-ברשת/
ok        4761ms MISS https://kerenmakor.org.il/more/איך-לאבד-משפחה-בשישים-שניות-בן-קוטי/
ok        6901ms MISS https://kerenmakor.org.il/more/130-יעל-קסטל-מעין-אור/
ok       10583ms MISS https://kerenmakor.org.il/more/how-to-lose-a-family-in-60-seconds-ben-cotti/?lang=en
ok        9428ms MISS https://kerenmakor.org.il/more/breakfast-nitsan-cohen/?lang=en
ok       10903ms MISS https://kerenmakor.org.il/more/ארוחת-בוקר-ניצן-כהן/
ok       13575ms MISS https://kerenmakor.org.il/more/מכתב-לבן-עמית-אראל/
ok       13702ms MISS https://kerenmakor.org.il/more/shaylees-story-eden-foxiniano-yuval-haker/?lang=en
ok       11369ms MISS https://kerenmakor.org.il/more/הרהורים-על-מלחמה-אבי-מאור-מרזוק/
ok       11484ms MISS https://kerenmakor.org.il/more/the-list-mooly-landsman/?lang=en
ok        7867ms MISS https://kerenmakor.org.il/more/הסיפור-של-שי-לי-עדן-פוקסיניאנו-יובל-הק/
ok        3999ms MISS https://kerenmakor.org.il/more/זמן-אחר-יובל-ניצן/
ok        5068ms MISS https://kerenmakor.org.il/more/הרשימה-מולי-לנדסמן/
ok        6714ms MISS https://kerenmakor.org.il/more/time-to-listen-to-the-mothers-tom-barnea/?lang=en
ok        6017ms MISS https://kerenmakor.org.il/more/זמן-להקשיב-לאימהות-תום-ברנע/
ok        7774ms MISS https://kerenmakor.org.il/more/ext-gaza-end-shirel-diller-yonatan-barsky/?lang=en
ok        7806ms MISS https://kerenmakor.org.il/more/חוץ-עזה-סוף-שיראל-דילר-יונתן-ברסקי/
ok        7707ms MISS https://kerenmakor.org.il/more/boar-ron-justus-segal/?lang=en
ok        7598ms MISS https://kerenmakor.org.il/more/חזיר-רון-יוסטוס-סגל/
ok        3867ms MISS https://kerenmakor.org.il/more/חיוכים-קרן-סופר/
ok        4109ms MISS https://kerenmakor.org.il/more/half-mast-yoni-goodman/?lang=en
ok        3989ms MISS https://kerenmakor.org.il/more/חצי-התורן-יוני-גודמן/
error        0ms MISS https://kerenmakor.org.il/more/ברכות-לזוכות-בפסטיבל-אנימיקס-2024/
ok        4696ms MISS https://kerenmakor.org.il/more/smiles-keren-soffer/?lang=en
ok        7296ms MISS https://kerenmakor.org.il/more/a-different-time-yuval-nitzan/?lang=en
ok       10614ms MISS https://kerenmakor.org.il/more/the-whole-wide-world-gili-danon/?lang=en
ok       13180ms MISS https://kerenmakor.org.il/more/כל-העולם-כולו-גילי-דנון/
ok       12098ms MISS https://kerenmakor.org.il/more/כלוב-זהב-ליהי-סבג-שירה-ביליג/
ok       11900ms MISS https://kerenmakor.org.il/more/propaganda-idan-zarmon-eden-akshoti/?lang=en
ok       11624ms MISS https://kerenmakor.org.il/more/למערך-ההסברה-עידן-זרמון-עדן-אקשוטי/
ok       12780ms MISS https://kerenmakor.org.il/more/wanna-play-keshet-gadish/?lang=en
ok       14470ms MISS https://kerenmakor.org.il/more/golden-cage-lihi-sabag-shira-bilig/?lang=en
ok       16002ms MISS https://kerenmakor.org.il/more/נו-משחקים-קשת-גדיש/
ok       10910ms MISS https://kerenmakor.org.il/more/פעם-אחרונה-מרקו-כרמל/
ok       12720ms MISS https://kerenmakor.org.il/more/iron-swords-mom-orly-buium/?lang=en
ok       11792ms MISS https://kerenmakor.org.il/more/הנחיות-לכתיבת-תסריט-עלילתי-אנימציה/
ok       13737ms MISS https://kerenmakor.org.il/more/hope-omer-barak/?lang=en
ok       17253ms MISS https://kerenmakor.org.il/more/one-last-time-marco-carmel/?lang=en
ok       18391ms MISS https://kerenmakor.org.il/קול-קורא-לחוויות-xr-בנושא-משבר-האקלים/
ok       10733ms MISS https://kerenmakor.org.il/חממת-סטודנטים-אימפקט-ו-ai-יוצאת-לדרך/
ok       11108ms MISS https://kerenmakor.org.il/קול-קורא-לגיליון-הקצר-של-תקריב-כתב-עת-ל/
ok       10488ms MISS https://kerenmakor.org.il/מפגש-שאלות-ותשובות-לקול-קורא-החדש-לציו/
ok       10869ms MISS https://kerenmakor.org.il/21930/
ok       10403ms MISS https://kerenmakor.org.il/takrieview/
ok        7978ms MISS https://kerenmakor.org.il/newimages-festival-2026/?lang=en
ok        4016ms MISS https://kerenmakor.org.il/הארכת-מועד-ההגשה-קול-קורא-תעודה-01-2026/
ok        5163ms MISS https://kerenmakor.org.il/גיליון-חדש-לתקריב-כתב-עת-לקולנוע-דוקומ/
ok        8113ms MISS https://kerenmakor.org.il/סיכום-ערב-חשיפה-לקולנוע-ב-360-בקתדרה-ברמ/
ok        8088ms MISS https://kerenmakor.org.il/פרסי-האקדמיה-לטלוויזיה-2025/
ok        8993ms MISS https://kerenmakor.org.il/ברכות-ליוצרי-ווינטראובר/
ok        7834ms MISS https://kerenmakor.org.il/an-open-industry-day-cinema-in-virtual-space-watch-online/?lang=en
ok       61659ms MISS https://kerenmakor.org.il/מה-זה-קולנוע-ב-360/
ok       36428ms MISS https://kerenmakor.org.il/קול-קורא-לאנתולוגיה-דוקומנטרית-לשנת-ה-80/
ok       56253ms MISS https://kerenmakor.org.il/congratulations-to-winterovers-creators/?lang=en
ok       54876ms MISS https://kerenmakor.org.il/קצר-אנימציה-2026-הארכנו-את-מועד-ההגשה/
ok        8792ms MISS https://kerenmakor.org.il/ברכות-ליוצרי-הסדרה-סינדרום-עזה/
ok       11820ms MISS https://kerenmakor.org.il/יום-תעשייה-פתוח-קולנוע-במרחב-הווירטוא/
ok       12512ms MISS https://kerenmakor.org.il/ברכות-לצוותי-הפרויקטים-הנבחרים-במסגר/
ok       13804ms MISS https://kerenmakor.org.il/an-open-industry-day-about-cinema-in-virtual-space/?lang=en
ok       10510ms MISS https://kerenmakor.org.il/יום-תעשייה-פתוח-על-קולנוע-במרחב-הווירט/
ok        8069ms MISS https://kerenmakor.org.il/feature-animation-development-studio-congratulations-to-the-selected-projects-🌸/?lang=en
ok        8493ms MISS https://kerenmakor.org.il/קול-קורא-תעודה-01-2026/
ok       11794ms MISS https://kerenmakor.org.il/יום-תעשייה-פתוח-על-קולנוע-במרחב-הווירט-2/
ok       12722ms MISS https://kerenmakor.org.il/exciting-nominations-for-sima-social-impact-media-awards/?lang=en
ok       11882ms MISS https://kerenmakor.org.il/save-the-date-an-open-industry-day-about-cinema-in-virtual-space/?lang=en
ok        3921ms MISS https://kerenmakor.org.il/קול-קורא-קצר-אנימציה-4/
ok        4089ms MISS https://kerenmakor.org.il/קול-קורא-סרטי-גמר-סטודנטים-חממת-אימפקט/
ok        9891ms MISS https://kerenmakor.org.il/congratulations-to-the-selected-project-teams-of-the-xr-jewish-life-in-islamic-and-arab-countries-open-call-08-2025-🎉/?lang=en
ok       12393ms MISS https://kerenmakor.org.il/annie-award-nomination-for-pillowz/?lang=en
ok       66992ms MISS https://kerenmakor.org.il/ברכות-לסרטי-מעבדת-קצרים-לשם-שינוי/
ok       56265ms MISS https://kerenmakor.org.il/congratulations-to-the-2025-israel-documentary-forum-awards-winners-❤️👏/?lang=en
ok       21635ms MISS https://kerenmakor.org.il/מועמדויות-משמחות-לפרסי-sima-social-impact-media-awards/
ok       17621ms MISS https://kerenmakor.org.il/ברכות-לקראת-טקס-פרסי-הפורום-הדוקומנטר/
ok       21788ms MISS https://kerenmakor.org.il/פסטיבל-סולידריות-לקולנוע-וזכויות-אדם-20/
ok       12238ms MISS https://kerenmakor.org.il/ברכות-חמות-לזוכות-ולזוכים-בפרסי-הפורו/
ok       15312ms MISS https://kerenmakor.org.il/פסטיבל-קולנוע-גליל-2025/
ok       15471ms MISS https://kerenmakor.org.il/events-industry-days-available-online/?lang=en
ok        6587ms MISS https://kerenmakor.org.il/an-open-industry-day-cinema-new-technologies-watch-online/?lang=en
ok        4101ms MISS https://kerenmakor.org.il/makor-media-lab-11-2025/?lang=en
ok        6100ms MISS https://kerenmakor.org.il/כנסים-ואירועים-הכול-זמין-לצפייה-חופשי/
ok        8109ms MISS https://kerenmakor.org.il/חממת-מעבדת-מקור-מדיה-11-2025/
ok        4272ms MISS https://kerenmakor.org.il/an-open-industry-day-cinema-new-technologies/?lang=en
ok        8384ms MISS https://kerenmakor.org.il/יום-תעשייה-פתוח-הסיפור-הקולנועי-בטכנו/
ok        6796ms MISS https://kerenmakor.org.il/יום-תעשייה-פתוח-על-הסיפור-הקולנועי-בטכ/
error        0ms MISS https://kerenmakor.org.il/ציפיות-מועמד-לפרס-annie/
ok        4289ms MISS https://kerenmakor.org.il/פסטיבל-דוקאביב-גליל/
ok        3900ms MISS https://kerenmakor.org.il/פסטיבל-קולנוע-שומרון-2025/
ok        3899ms MISS https://kerenmakor.org.il/פסטיבל-קולנוע-דרום-2025/
ok        5170ms MISS https://kerenmakor.org.il/סטודיו-לפיתוח-סרטי-אנימציה-באורך-מלא-ב/
ok        7798ms MISS https://kerenmakor.org.il/best-film-editing-award-jwff/?lang=en
ok        8985ms MISS https://kerenmakor.org.il/קול-קורא-דוקו-קצר-בחירה-בריחה-יוצאים-ל/
ok       11680ms MISS https://kerenmakor.org.il/anination-פסטיבל-האנימציה-הבינלאומי-ירושלים/
ok       12869ms MISS https://kerenmakor.org.il/פסטיבל-סרטי-נשים-בירושלים-2025/
ok       10715ms MISS https://kerenmakor.org.il/הפסטיבל-הבינלאומי-לקולנוע-גאה-2025/
ok       10506ms MISS https://kerenmakor.org.il/some-notes-on-the-current-situation-wins-jury-award-for-best-narrative-feature-at-haifa-film-festival/?lang=en
ok       11666ms MISS https://kerenmakor.org.il/דם-יונים-זוכה-פרס-העריכה-jwff/
ok       14207ms MISS https://kerenmakor.org.il/כמה-הערות-על-המצב-זוכה-פרס-חבר-השופטים-ב/
ok        7955ms MISS https://kerenmakor.org.il/סיכום-אירוע-פוקוס-vr/
ok        5962ms MISS https://kerenmakor.org.il/סיכום-אירוע-הפיצינג-של-החממה-לפיתוח-דו/
ok        6830ms MISS https://kerenmakor.org.il/haifa-international-film-festival-2025/?lang=en
ok        8303ms MISS https://kerenmakor.org.il/pitching-event-for-documentary-development-with-ai/?lang=en
ok        8400ms MISS https://kerenmakor.org.il/short-film-night-at-the-french-institute/?lang=en
ok       12592ms MISS https://kerenmakor.org.il/שנה-טובה-🌸/
ok       12601ms MISS https://kerenmakor.org.il/ליל-סרטים-קצרים-במכון-הצרפתי/
ok        8109ms MISS https://kerenmakor.org.il/סטודיו-לפיתוח-סרטי-אנימציה-באורך-מלא-ה/
ok        8394ms MISS https://kerenmakor.org.il/פסטיבל-קצה-2025/
ok        8490ms MISS https://kerenmakor.org.il/katze-film-festival-2025/?lang=en
ok        8979ms MISS https://kerenmakor.org.il/תזכורת-תזכורת-תזכורת/
ok        7183ms MISS https://kerenmakor.org.il/קול-קורא-דוקו-קצר-07-2025-בחירה-בריחה-מועד-הג/
ok        3993ms MISS https://kerenmakor.org.il/בואו-להכיר-את-חברת-wildbrain/
ok        4009ms MISS https://kerenmakor.org.il/קול-קורא-לסרטים-קצרים-08-2020/
ok        5591ms MISS https://kerenmakor.org.il/פסטיבל-הסרטים-הבינלאומי-חיפה-2025/
ok        3994ms MISS https://kerenmakor.org.il/משפחה-בטרנס-זכה-בציון-לשבח-בפסטיבל-הסר/
ok        7175ms MISS https://kerenmakor.org.il/the-2025-ophir-award-winners/?lang=en
ok        4479ms MISS https://kerenmakor.org.il/תחרות-הפורום-הדוקומנטרי-בישראל-לאה-צ/
ok        5273ms MISS https://kerenmakor.org.il/קול-קורא-לסרטי-תעודה-08-2020/
ok        6118ms MISS https://kerenmakor.org.il/עין-לבנה-נושאת-מבטה-אל-האוסקר-25-4-2021/
ok        7510ms MISS https://kerenmakor.org.il/היה-היה-ילד-פרס-חבר-השופטים-בתחרות-היש/
ok        4279ms MISS https://kerenmakor.org.il/פנסטסטי-כאן-על-המאייר-דוד-פולונסקי-סר/
ok        7683ms MISS https://kerenmakor.org.il/הקרן-במהלך-משבר-הקורונה/
ok        8576ms MISS https://kerenmakor.org.il/ברכות-לזוכים-ות-בפסטיבל-הבינלאומי-לסר/
ok        4193ms MISS https://kerenmakor.org.il/הקרנה-מיוחדת-של-גרוסמן-בפסטיבל-biografilm/
ok        4008ms MISS https://kerenmakor.org.il/זכיות-של-סרטי-הקרן-בפסטיבל-הבינלאומי-ל/
ok        5726ms MISS https://kerenmakor.org.il/גאים-ונרגשים-לקחת-חלק-בסרטים-הזוכים-בפ/
ok        8999ms MISS https://kerenmakor.org.il/אירוע-פרזנטציות-של-מועד-קצר-אנימציה/
ok        7076ms MISS https://kerenmakor.org.il/חיים-בצל-המוות-בפסטיבל-הקולנוע-ירושל/
ok        6386ms MISS https://kerenmakor.org.il/קול-קורא-הסטודיו-לפיתוח-סרטי-אנימציה-ב/
ok        8267ms MISS https://kerenmakor.org.il/pillowz-on-tisff/?lang=en
ok        4101ms MISS https://kerenmakor.org.il/מחר-בערב-בסינמטק-ראש-פינה-עמלים-🐝/
ok        8175ms MISS https://kerenmakor.org.il/הקרנת-סרטי-קרן-מקור-בסדרה-מוזות-החל-מה-27/
ok        7112ms MISS https://kerenmakor.org.il/פסטיבל-דוקוטקסט-2025/
ok        4111ms MISS https://kerenmakor.org.il/דוקאביב-2025-ברכות-לזוכים-ות/
ok        6065ms MISS https://kerenmakor.org.il/ברכות-לגליה-עוזמו-על-זכיית-סרטה-משאלה/
ok        7872ms MISS https://kerenmakor.org.il/sunday-won-best-independent-short-film-at-the-animix-festival/?lang=en
ok        7815ms MISS https://kerenmakor.org.il/סאנדיי-זכה-בפרס-הסרט-העצמאי-הקצר-הטוב-ב/
ok        8310ms MISS https://kerenmakor.org.il/השקת-הקול-קורא-החדש-לפיתוח-סרט-אנימציה/
ok        9875ms MISS https://kerenmakor.org.il/שימו-לב-תנאי-ההגשה-הוגמשו/
ok       10587ms MISS https://kerenmakor.org.il/אירוע-פיצינג-קצר-אנימציה/
ok        4312ms MISS https://kerenmakor.org.il/בהצלחה-לסרטי-חמישיות-הגמר-בתחרות-פרסי/
ok        5393ms MISS https://kerenmakor.org.il/ציפיות-ב-tisff/
ok        5718ms MISS https://kerenmakor.org.il/ברכות-לזוכים-ות-בפרס-אופיר-לשנת-2025/
ok        3795ms MISS https://kerenmakor.org.il/good-luck-to-the-finalist-films-in-the-2025-ophir-awards-competition-🥂/?lang=en
ok        7596ms MISS https://kerenmakor.org.il/good-luck/?lang=en
ok        4104ms MISS https://kerenmakor.org.il/eddie-and-i-❤️/?lang=en
ok        3896ms MISS https://kerenmakor.org.il/אדי-ואני-❤️/
ok        4108ms MISS https://kerenmakor.org.il/הודעה-בדבר-חילופי-יור/
ok        4981ms MISS https://kerenmakor.org.il/בהצלחה/
ok        8205ms MISS https://kerenmakor.org.il/announcement-regarding-change-of-chairperson/?lang=en
ok        8430ms MISS https://kerenmakor.org.il/קול-קורא-בחירה-בריחה-לדוקו-קצר-במסגרת/
ok        8693ms MISS https://kerenmakor.org.il/הפסטיבל-הבינלאומי-לסרטי-סטודנטיות-וס/
ok       12867ms MISS https://kerenmakor.org.il/jerusalem-film-festival-award-highlights/?lang=en
ok        6886ms MISS https://kerenmakor.org.il/xr-open-call-jewish-life-in-arab-and-islamic-countries/?lang=en
ok        9109ms MISS https://kerenmakor.org.il/congratulations-❤️/?lang=en
ok        5086ms MISS https://kerenmakor.org.il/jerusalem-film-festival-second-round-of-award-highlights/?lang=en
ok       11777ms MISS https://kerenmakor.org.il/ברכות-❤️-2/
ok        7303ms MISS https://kerenmakor.org.il/ערב-של-זכיות-בפסטיבל-הקולנוע-ירושלים/
ok        6669ms MISS https://kerenmakor.org.il/הסרט-״40-צעדים״-ישודר-בקרוב-ב-bbc/
ok        3916ms MISS https://kerenmakor.org.il/9496/
ok        6599ms MISS https://kerenmakor.org.il/שימו-❤️/
ok        3985ms MISS https://kerenmakor.org.il/jerusalem-film-festival/?lang=en
ok        4969ms MISS https://kerenmakor.org.il/לא-לפספס/
ok        8119ms MISS https://kerenmakor.org.il/תחרות-פרסי-אופיר-2025-יוצאת-לדרך/
ok        8004ms MISS https://kerenmakor.org.il/קול-קורא-למענקי-הפקה-בסרטי-גמר/
ok       10149ms MISS https://kerenmakor.org.il/עוד-זכיות-משמחות-בפסטיבל-הקולנוע-ירוש/
ok       14804ms MISS https://kerenmakor.org.il/פסטיבל-הקולנוע-בירושלים/
ok       16871ms MISS https://kerenmakor.org.il/אולי-תרצו-לקחת-רגע-של-הפוגה-מהמצב/
ok       14109ms MISS https://kerenmakor.org.il/צפייה-חופשית-באירועי-הקרן/
ok       18261ms MISS https://kerenmakor.org.il/📣-קול-קורא-xr-יהדות-ארצות-ערב-והאסלאם-📣/
ok       18214ms MISS https://kerenmakor.org.il/docaviv-2025-congratulations-to-the-winning-filmmakers/?lang=en
ok       13530ms MISS https://kerenmakor.org.il/דוקאביב-2025/
ok       17380ms MISS https://kerenmakor.org.il/פיל-במדבר/
ok       15508ms MISS https://kerenmakor.org.il/elephant-in-the-desert/?lang=en
ok       15681ms MISS https://kerenmakor.org.il/כנס-אתיקה-דוקו-ו-ai-3/
ok       15576ms MISS https://kerenmakor.org.il/מפגש-שאלות-ותשובות-לצפייה-חופשית/
ok        8094ms MISS https://kerenmakor.org.il/open-industry-day-watch-online/?lang=en
ok        4420ms MISS https://kerenmakor.org.il/כמה-מילים-על-האירוע-אמש/
ok        4291ms MISS https://kerenmakor.org.il/קול-קורא-לחממת-פיתוח-דוקו-בשילוב-ai/
ok        4214ms MISS https://kerenmakor.org.il/an-open-industry-day-and-new-open-call-for-immersive-works/?lang=en
ok        6091ms MISS https://kerenmakor.org.il/יום-תעשייה-פתוח-הרצאות-זמינות-לצפייה-ח/
ok        8381ms MISS https://kerenmakor.org.il/יום-תעשייה-פתוח-וקול-קורא-חדש-ליצירות-א/
ok        8396ms MISS https://kerenmakor.org.il/ברכות-לכליל-כובש/
ok        4214ms MISS https://kerenmakor.org.il/מבחני-התמיכה-החדשים/
ok        4258ms MISS https://kerenmakor.org.il/חודש-האישה-הבינלאומי-2025/
ok        7484ms MISS https://kerenmakor.org.il/הצטרפו-אלינו/
ok        9231ms MISS https://kerenmakor.org.il/מפגש-שאלות-ותשובות-על-הקול-קורא-לחממת-פ/
ok        9792ms MISS https://kerenmakor.org.il/new-funding-allocation-criteria-for-cinema/?lang=en
ok        8130ms MISS https://kerenmakor.org.il/כנס-אתיקה-דוקו-ו-ai/
ok        8090ms MISS https://kerenmakor.org.il/ברכות-ובהצלחה-❤️🙂/
ok        4541ms MISS https://kerenmakor.org.il/docaviv-film-festival-2025/?lang=en
ok        4097ms MISS https://kerenmakor.org.il/ביאנלה-2025/
ok        3984ms MISS https://kerenmakor.org.il/congratulations-to-the-projects-selected-in-our-i-see-you-open-call/?lang=en
ok        3991ms MISS https://kerenmakor.org.il/ברכות-❤️/
ok        8191ms MISS https://kerenmakor.org.il/ברכות-לפרויקטים-הנבחרים-בקול-קורא-אני/
ok        5148ms MISS https://kerenmakor.org.il/biennale-2025/?lang=en
ok        7278ms MISS https://kerenmakor.org.il/new-media-horizons-2024/
ok        9787ms MISS https://kerenmakor.org.il/כנס-אתיקה-דוקו-ו-ai-2/
ok       10514ms MISS https://kerenmakor.org.il/ברכות-לזוכות-המוכשרות/
ok       12176ms MISS https://kerenmakor.org.il/תנחומים-לחבר-ההנהלה-אלי-בן-גרא/
ok       10688ms MISS https://kerenmakor.org.il/new-media-horizons-2024/?lang=en
ok       14305ms MISS https://kerenmakor.org.il/קול-קורא-קצר-אנימציה-3/
ok       14317ms MISS https://kerenmakor.org.il/אטסיב-פסטיבל-הקולנוע-האפריקאי-5/
ok       11688ms MISS https://kerenmakor.org.il/קול-קורא-לסדרות-וסרטי-תעודה-הגישו/
ok        8195ms MISS https://kerenmakor.org.il/פסטיבל-הקולנוע-במצפה-רמון/
ok        9961ms MISS https://kerenmakor.org.il/פרק-חדש-של-תיבת-תעודה/
ok       11107ms MISS https://kerenmakor.org.il/ברכות-לזוכות-ולזוכים-בטקס-פרסי-הפורום/
ok       10886ms MISS https://kerenmakor.org.il/ברכות-ליוצרות-שיצוריתיהן-נבחרו-להשתת/
ok       10322ms MISS https://kerenmakor.org.il/פוקוס-מלחמה-במסגרת-פסטיבל-סרט-נשים-ירו/
ok        4099ms MISS https://kerenmakor.org.il/xr-workshop-2024-summary/?lang=en
ok        3806ms MISS https://kerenmakor.org.il/סיכום-חממת-ה-xr-לשנת-2024/
ok        3875ms MISS https://kerenmakor.org.il/פרק-חדש-בתיבת-תעודה/
ok        5083ms MISS https://kerenmakor.org.il/פסטיבל-הסולידריות-לקולנוע-וזכויות-אד/
ok        8700ms MISS https://kerenmakor.org.il/מזל-דגים-ושכבות-בפסטיבל-הסרטים-בערבה/
ok        8397ms MISS https://kerenmakor.org.il/נתראה-בטקס-פרסי-הפורום-✨🥂/
ok       10853ms MISS https://kerenmakor.org.il/צנועים-בשבוע-הקולנוע-היהודי/
ok       12106ms MISS https://kerenmakor.org.il/15336/
ok        8417ms MISS https://kerenmakor.org.il/פרויקט-2-דקות-בדיקת-דופק-באנו-מוזיאון/
ok        8295ms MISS https://kerenmakor.org.il/congratulations-💐/?lang=en
ok        7866ms MISS https://kerenmakor.org.il/יום-תעשייה-על-אנריל-זמין-לצפייה-חופשית/
ok        9473ms MISS https://kerenmakor.org.il/2-minuets-taking-pulse-project-at-anu-museum-of-the-jewish-people/?lang=en
ok        7776ms MISS https://kerenmakor.org.il/פרסי-אופיר-2024/
ok        7801ms MISS https://kerenmakor.org.il/congratulations-to-lee-dror-and-efrat-berger/?lang=en
ok        8980ms MISS https://kerenmakor.org.il/ברכות-💐/
ok        6353ms MISS https://kerenmakor.org.il/15783/
ok        8013ms MISS https://kerenmakor.org.il/לכתוב-אנימציה-2024/
ok        5392ms MISS https://kerenmakor.org.il/ברכות-ללי-דרור-ואפרת-ברגר/
ok        4005ms MISS https://kerenmakor.org.il/קול-קורא-לסרטי-תעודה/
ok        4020ms MISS https://kerenmakor.org.il/13467/
ok        5863ms MISS https://kerenmakor.org.il/זוכות-בסרטי-פסטיבל-ירושלים-2024/
ok        6652ms MISS https://kerenmakor.org.il/קול-קורא-ליצירות-במדיה-חדשה-מדריך-הגשה/
ok        7879ms MISS https://kerenmakor.org.il/הארכת-הקול-קורא-i-see-you/
ok       10197ms MISS https://kerenmakor.org.il/פרק-7-מכונת-האמפתיה/
ok       13773ms MISS https://kerenmakor.org.il/the-ophir-awards-2024/?lang=en
ok       15909ms MISS https://kerenmakor.org.il/יום-תעשייה-להשקת-הקול-קורא-i-see-you-זמן-להגיד/
ok        8109ms MISS https://kerenmakor.org.il/יוצרות-ויוצרי-קולנוע-אמני-ואומניות-טכ/
ok       10080ms MISS https://kerenmakor.org.il/קול-קורא-עד-10-מדריך-הגשה/
ok        8302ms MISS https://kerenmakor.org.il/דוקאביב-בפתח/
ok        9991ms MISS https://kerenmakor.org.il/i-see-you-קול-קורא-פתוח-להגשות/
ok       11195ms MISS https://kerenmakor.org.il/12958/?lang=en
ok       11200ms MISS https://kerenmakor.org.il/12944/
ok       13183ms MISS https://kerenmakor.org.il/דוקאביב-2024-זכיות-משמחות/
ok       15787ms MISS https://kerenmakor.org.il/ההשראה-שמאחורי-סרטי-2-דקות-בדיקת-דופק-2/
ok       16006ms MISS https://kerenmakor.org.il/הסיפורים-שמאחורי-סרטי-2-דקות-בדיקת-דופ/
ok       16587ms MISS https://kerenmakor.org.il/ההשראה-שמאחורי-סרטי-2-דקות-בדיקת-דופק/
ok        7486ms MISS https://kerenmakor.org.il/אירוע-ההשקה-של-סרטי-2-דקות-בדיקת-דופק/
ok        6614ms MISS https://kerenmakor.org.il/טיים-אאוט-פרגנו-לנו-❤️/
ok        8020ms MISS https://kerenmakor.org.il/selected-projects-climate-crisis-xr-workshop/?lang=en
ok       12085ms MISS https://kerenmakor.org.il/הסיפורים-שמאחורי-הסרטים-של-סרטי-2-דקות/
ok       11396ms MISS https://kerenmakor.org.il/taking-pulse-premiere/?lang=en
ok        4489ms MISS https://kerenmakor.org.il/סיכום-אירוע-הפיצינג-של-חממת-האנימציה/
ok        4476ms MISS https://kerenmakor.org.il/אירוע-השקה-לסרטי-2-דקות-בדיקת-דופק/
ok        6411ms MISS https://kerenmakor.org.il/עד-10-2023-ברכות-לזוכות-ולזוכים/
ok        3911ms MISS https://kerenmakor.org.il/ברכות-לזוכות-ולזוכים-אמש-בטקס-פרסי-הפו/
ok        7890ms MISS https://kerenmakor.org.il/הפרויקטים-הנבחרים-במסגרת-חממת-ה-xr-בנוש/
ok        7984ms MISS https://kerenmakor.org.il/congratulations-to-all-the-talented-creators-awarded-last-night-at-the-israeli-documentary-forum-awards-ceremony/?lang=en
ok        8169ms MISS https://kerenmakor.org.il/xr-open-call-i-see-you/?lang=en
ok        8005ms MISS https://kerenmakor.org.il/קול-קורא-תעודה-מדריך-הגשה/
ok        3992ms MISS https://kerenmakor.org.il/xr-industry-open-day/?lang=en
ok        3799ms MISS https://kerenmakor.org.il/יום-תעשייה-פתוח-בתחום-המדיה-החדשה/
ok        4004ms MISS https://kerenmakor.org.il/spots-of-light-won-the-smart-award-fipadoc-2024/?lang=en
ok        4211ms MISS https://kerenmakor.org.il/כתמים-של-אור-זוכה-smart-award-fipadoc-2024/
ok        4194ms MISS https://kerenmakor.org.il/קול-קורא-תעודה-07-2023-ברכות-ליוצרות-וליוצ/
ok        4088ms MISS https://kerenmakor.org.il/a-meeting-at-the-french-institute-this-week/?lang=en
ok        7749ms MISS https://kerenmakor.org.il/אוטוטו-ייערך-אירוע-הפיצינג-הגדול-של-הח/
ok        6903ms MISS https://kerenmakor.org.il/מפגש-חממה-שקיימנו-השבוע-במכון-הצרפתי/
ok        7110ms MISS https://kerenmakor.org.il/תיבת-תעודה-פרק-חדש/
ok        6878ms MISS https://kerenmakor.org.il/the-climate-crisis-xr-workshop-has-been-launched/?lang=en
ok        6086ms MISS https://kerenmakor.org.il/פתיחת-חממת-xr-בנושא-משבר-האקלים/
ok        4846ms MISS https://kerenmakor.org.il/11524/
ok        8027ms MISS https://kerenmakor.org.il/ברכות-לנור-פיבק-הסרט-הרף-התחתון-ביותר/
ok        8214ms MISS https://kerenmakor.org.il/קול-קורא-קצר-אנימציה-2/
ok        8779ms MISS https://kerenmakor.org.il/ברכות-לדוד-טאובר/
ok       10361ms MISS https://kerenmakor.org.il/צפייה-חופשית-בסרטים-קצרים/
ok       12808ms MISS https://kerenmakor.org.il/קול-קורא-לסדרות-וסרטי-תעודה/
ok       13978ms MISS https://kerenmakor.org.il/congratulations-rona-segal-❤️/?lang=en
ok        6694ms MISS https://kerenmakor.org.il/11272/
ok        6597ms MISS https://kerenmakor.org.il/סרטים-קצרים-מצוינים-ב-jwff-השבוע/
ok        4796ms MISS https://kerenmakor.org.il/ברכות-לרונה-סגל-❤️/
ok        7891ms MISS https://kerenmakor.org.il/beautiful-documentaries-on-jwff-2023/?lang=en
ok       10557ms MISS https://kerenmakor.org.il/מסמכים-משפטיים-למיזמי-תיעוד-לאירועי-ה/
ok        3975ms MISS https://kerenmakor.org.il/הקרנות-בכורה-בפסטיבל-הסולידריות/
ok        7079ms MISS https://kerenmakor.org.il/many-excellent-short-films-at-jwff-this-week/?lang=en
ok        3898ms MISS https://kerenmakor.org.il/open-discussion-with-the-creators-at-the-french-institute/?lang=en
ok        4009ms MISS https://kerenmakor.org.il/11171/
ok        4297ms MISS https://kerenmakor.org.il/קול-קורא-בדיקת-דופק-10-2023/
ok        5295ms MISS https://kerenmakor.org.il/קול-קורא-להגשת-סרטים-קצרים-בנושאי-תרבו/
ok        8089ms MISS https://kerenmakor.org.il/short-fiction-films-event/?lang=en
ok        8019ms MISS https://kerenmakor.org.il/ערב-הקרנת-סרטי-עלילה/
ok        3990ms MISS https://kerenmakor.org.il/קול-קורא-מפעל-הפיס/
ok        4314ms MISS https://kerenmakor.org.il/חממה-לפיתוח-תסריט-לסדרת-אנימציה/
ok        7469ms MISS https://kerenmakor.org.il/פסטיבל-סרטי-נשים-בירושלים/
ok        7293ms MISS https://kerenmakor.org.il/premiere-screenings-at-the-solidarity-film-festivel/?lang=en
ok        9097ms MISS https://kerenmakor.org.il/jewish-film-week-2023/?lang=en
ok        8582ms MISS https://kerenmakor.org.il/דחיית-חממת-ה-xr-בנושא-משבר-האקלים/
ok        9744ms MISS https://kerenmakor.org.il/תחרות-פרסי-הפורום-הדוקומנטרי-2023/
ok       13085ms MISS https://kerenmakor.org.il/congratulations-to-galia-osmo-❤️/?lang=en
ok       14270ms MISS https://kerenmakor.org.il/10848/
ok       15101ms MISS https://kerenmakor.org.il/a-great-achievement-for-nur-fibak-and-her-beautiful-film-a-minor-crime/?lang=en
ok       10511ms MISS https://kerenmakor.org.il/10614/
ok       10297ms MISS https://kerenmakor.org.il/10606/
ok       12210ms MISS https://kerenmakor.org.il/ביטול-יום-העיון-בנושא-xr-מדיה-חדשה-ב-22-9/
ok       12178ms MISS https://kerenmakor.org.il/פסק-זמן-בפסטיבל-הסרטים-בחיפה/
ok        7892ms MISS https://kerenmakor.org.il/שנה-טובה-2/
ok        7888ms MISS https://kerenmakor.org.il/פרסים-בתחומי-אמנות-הקולנוע-2023/
ok       10274ms MISS https://kerenmakor.org.il/climate-crisis-xr-workshop-postponement/?lang=en
ok       11504ms MISS https://kerenmakor.org.il/ברכות-לנור-פיבק/
ok       12764ms MISS https://kerenmakor.org.il/קריסה-בפסטיבל-הסרטים-בחיפה/
ok       14007ms MISS https://kerenmakor.org.il/שקרים-סיפרתי-לעצמי-שלל-הקרנות-בחודש/
ok       14168ms MISS https://kerenmakor.org.il/פסק-זמן-של-ריטה-ברודיאנסקי-גם-מועמד-לפ/
ok       14193ms MISS https://kerenmakor.org.il/animix-festival-2023/?lang=en
ok       13502ms MISS https://kerenmakor.org.il/פסטיבל-אנימיקס-2023/
ok       15088ms MISS https://kerenmakor.org.il/מחשבות-מעופפות-במקום-השני-בפסטיבל-אנ/
ok       15099ms MISS https://kerenmakor.org.il/הבר-של-מוריס-במקום-הראשון-בתחרות-אסיף/
ok       15084ms MISS https://kerenmakor.org.il/פודקאסט-״תיבת-תעודה״-פרק-5/
ok       15205ms MISS https://kerenmakor.org.il/10038/?lang=en
ok        8286ms MISS https://kerenmakor.org.il/congratulations-to-hania-brodbecker-and-asaf-lapid/?lang=en
ok        6713ms MISS https://kerenmakor.org.il/ברכות-חמות-להניה-ברודבקר-ואסף-לפיד/
ok        7407ms MISS https://kerenmakor.org.il/ברכות-לכתמים-של-אור/
ok        8301ms MISS https://kerenmakor.org.il/הזמנת-כרטיסים-לסרט-הבית-בקריית-שמונה/
ok       11717ms MISS https://kerenmakor.org.il/קול-קורא-חממה-לפיתוח-תסריטים-לסדרות-אנ/
ok       12278ms MISS https://kerenmakor.org.il/ברכות-לרותם-קפלינסקי/
ok        7717ms MISS https://kerenmakor.org.il/קול-קורא-תעודה-07-2023/
ok        7918ms MISS https://kerenmakor.org.il/9710/
ok        3901ms MISS https://kerenmakor.org.il/9705/
ok        3983ms MISS https://kerenmakor.org.il/אירוע-פיצינג-בסינימטק/
ok        3888ms MISS https://kerenmakor.org.il/הרף-התחתון-ביותר-בהקרנת-בכורה/
ok        4958ms MISS https://kerenmakor.org.il/9715/
ok        6612ms MISS https://kerenmakor.org.il/תיבת-תעודה-פרק-3/
ok        3787ms MISS https://kerenmakor.org.il/הפסטיבל-התחיל-וההתרגשות-בשיאה/
ok        3919ms MISS https://kerenmakor.org.il/ברכות/
ok        3982ms MISS https://kerenmakor.org.il/9355/
ok        4108ms MISS https://kerenmakor.org.il/9378/
ok        7294ms MISS https://kerenmakor.org.il/קול-קורא-חדש-ליצירות-xr-בנושא-משבר-האקלי/
ok        8105ms MISS https://kerenmakor.org.il/9406/
ok        3779ms MISS https://kerenmakor.org.il/9423/
ok        6598ms MISS https://kerenmakor.org.il/ברכות-חמות-לגליה-עוזמו-❤️/
ok        3975ms MISS https://kerenmakor.org.il/9154/
ok        4484ms MISS https://kerenmakor.org.il/9541/
ok        3821ms MISS https://kerenmakor.org.il/הסרט-שיחה-נכנסת-בהקרנת-בכורה/
ok        4719ms MISS https://kerenmakor.org.il/9678/
ok        4358ms MISS https://kerenmakor.org.il/הקרנת-בכורה-לסרטו-של-אבידע-לבני-יוסי-ש/
ok        5284ms MISS https://kerenmakor.org.il/עין-לבנה-בפסטיבל-גולה/
ok        4415ms MISS https://kerenmakor.org.il/קול-קורא-עד-10-פתוח-להגשה-עכשיו/
ok        3907ms MISS https://kerenmakor.org.il/יוצרות-ויוצרים-בתחומי-ה-xr-הזדמנות-מיוח/
ok        3897ms MISS https://kerenmakor.org.il/קרן-מקור-מברכת-על-המשך-המסע-קוטף-הפרסים/
ok        4217ms MISS https://kerenmakor.org.il/פסטיבל-newimages-בפריז-2023/
ok        4968ms MISS https://kerenmakor.org.il/המלצה-להגיש-לא-לפספס-הזדמנות-venice-gap-financing-market/
ok        7883ms MISS https://kerenmakor.org.il/8822/
ok        7907ms MISS https://kerenmakor.org.il/8815/
ok        8394ms MISS https://kerenmakor.org.il/8809/
ok        6296ms MISS https://kerenmakor.org.il/8793/
ok        6200ms MISS https://kerenmakor.org.il/8788/
ok       13663ms MISS https://kerenmakor.org.il/8799/
ok       15494ms MISS https://kerenmakor.org.il/8777/
ok       20947ms MISS https://kerenmakor.org.il/אישה-עם-מצלמה-בהקרנת-בכורה/
error        0ms MISS https://kerenmakor.org.il/9771/
ok        7013ms MISS https://kerenmakor.org.il/ברכות-לעדו-מזרחי-וניר-סער-על-השתתפות-סר/
ok       10924ms MISS https://kerenmakor.org.il/8771/
ok        7580ms MISS https://kerenmakor.org.il/40-צעדים-מועמדות-בקטגוריית-סרט-הדוקו-בט/
ok        9174ms MISS https://kerenmakor.org.il/קול-קורא-לסרטי-אנימציה-קצרים-נפתח-ב11-1-23/
ok        6612ms MISS https://kerenmakor.org.il/קול-קורא-לסרטי-תעודה-קצרים-סדרות-וארוכ/
ok        9817ms MISS https://kerenmakor.org.il/ברכות-ליוצרות-והיוצרים-שסרטיהם-זכו-לת/
ok       13182ms MISS https://kerenmakor.org.il/הסרט-שקרים-שסיפרתי-לעצמי-בפסטיבל-דוק/
ok       13079ms MISS https://kerenmakor.org.il/ברכות-לכל-היוצרים-והיוצרות-שסרטיהם-זכ/
ok       12017ms MISS https://kerenmakor.org.il/הקרנת-הסרט-ביערות-האלו-באירוע-האונלי/
ok       12015ms MISS https://kerenmakor.org.il/פרס-הפורום-הדוקומנטרי-לסרט-תעודה-קצר-״/
ok       12209ms MISS https://kerenmakor.org.il/קרן-מקור-מברכת-את-אסף-לפיד-ואת-חברת-ההפק/
ok       12253ms MISS https://kerenmakor.org.il/יום-תעשייה-פתוח-במסגרת-חממת-xr-מדיה-חדשה/
ok        8008ms MISS https://kerenmakor.org.il/ברכות-ליוצרות-והיוצרים-שנבחרו-בקול-קו/
ok       12204ms MISS https://kerenmakor.org.il/זויה-צרקסקי-חיים-סובייטים-זכה-בפרס-הס/
ok       12224ms MISS https://kerenmakor.org.il/ברכות-על-זכיית-סלמה-בפרס-הסרט-העלילתי/
ok        4307ms MISS https://kerenmakor.org.il/במוצש-הקרוב-ה-1-10-הקרנת-בכורה-של-הסרט-המט/
ok        5181ms MISS https://kerenmakor.org.il/שנה-טובה/
ok        5191ms MISS https://kerenmakor.org.il/דוקאביב-מזמין-את-יוצרות-ויוצרי-הסרטים/
ok        6695ms MISS https://kerenmakor.org.il/מועד-ההגשה-האחרון-של-קול-קורא-למדיה-חדש/
ok        9255ms MISS https://kerenmakor.org.il/חג-שמח-ובהצלחה-למשתתפי-פסטיבל-הסרטים-ח/
ok        8509ms MISS https://kerenmakor.org.il/פרס-סרט-האנימציה-הטוב-ביותר-בפסטיבל-vasteras-fil/
ok        6597ms MISS https://kerenmakor.org.il/8199/
ok        6190ms MISS https://kerenmakor.org.il/קול-קורא-xr-מדיה-חדשה-08-2022/
ok        8152ms MISS https://kerenmakor.org.il/אירוע-חובה-לכול-מי-שמתעניין-בתחום-ה-xr/
ok        9614ms MISS https://kerenmakor.org.il/מועמדות-של-אשת-חיל-בתחרות-סרטים-תיעוד/
ok        7293ms MISS https://kerenmakor.org.il/מועמדות-של-רוסו-בתחרות-סרטים-קצרים-עד-4/
ok        8898ms MISS https://kerenmakor.org.il/מועמדות-של-העיר-האחרת-בתחרות-סרטים-תי/
ok       10387ms MISS https://kerenmakor.org.il/מועמדות-של-אנא-המתן-לנציג-בתחרות-סרטי/
ok        6700ms MISS https://kerenmakor.org.il/מועמדות-של-חורים-בתחרות-סרטים-תיעודי/
ok        4097ms MISS https://kerenmakor.org.il/קול-קורא-סרטי-תעודה-07-2022/
ok        3910ms MISS https://kerenmakor.org.il/פסטיבל-newimages/
ok        4283ms MISS https://kerenmakor.org.il/סרטי-אנימציה-של-קרן-מקור-עושים-נחשפים-ל/
ok        5451ms MISS https://kerenmakor.org.il/יום-תעשיה-פתוח-במסגרת-חממת-xr-מדיה-חדשה/
ok        7854ms MISS https://kerenmakor.org.il/מועמדות-הלאפ-דאנס-האחרון-בתחרות-סרטי/
ok        3820ms MISS https://kerenmakor.org.il/סופר-בורח-מסרט-מאחורי-הקלעים/
ok        4215ms MISS https://kerenmakor.org.il/פסטיבל-הסרטים-הבינלאומי-חיפה-2020-פתיחת-ה/
error        0ms MISS https://kerenmakor.org.il/8650/
ok        4269ms MISS https://kerenmakor.org.il/קול-קורא-תעודה-2020-עדכון-לוז-⏱/
ok        6393ms MISS https://kerenmakor.org.il/2407/
ok        8583ms MISS https://kerenmakor.org.il/להתאהב-ברקס-זכה-בפרס-סרט-הילדים-הטוב-ב/
ok       12077ms MISS https://kerenmakor.org.il/משבר-הקורונה-עדכון-ממועצת-הקולנוע-ליו/
ok       13056ms MISS https://kerenmakor.org.il/קול-קורא-עד-10-07-2022/
ok        4103ms MISS https://kerenmakor.org.il/קול-קורא-אקולוg-גליל/
ok        7469ms MISS https://kerenmakor.org.il/קול-קורא-קצר-אנימציה/
ok        9576ms MISS https://kerenmakor.org.il/פרס-grand-prix-בפסטיבל-fipadoc-לסרטה-של-זהר-וגנר-21-יום-ו/
ok       11464ms MISS https://kerenmakor.org.il/מיזם-״עד-10״-2019-ימי-עבודה-בתל-אביב/
ok       13011ms MISS https://kerenmakor.org.il/עד-10-2019-הזוכים-בהשקעת-הפקה/
ok       12496ms MISS https://kerenmakor.org.il/דוקו-ישראלי-קול-קורא-קול-קורא-לסרטי-וס/
ok       13026ms MISS https://kerenmakor.org.il/טאצ-זכה-בפרס-הסרט-הטוב-ביותר-בפסטיבל-moscow-shor/
ok        6925ms MISS https://kerenmakor.org.il/עד-10-2019-הסרטים-שעלו-לשלב-הפיצינג/
ok        6965ms MISS https://kerenmakor.org.il/סרטי-קרן-מקור-המוקרנים-בבכורה-ומשתתפי/
ok        4907ms MISS https://kerenmakor.org.il/מוייסרים-זכה-בפרס-הגדול-בפסטיבל-primed-במר/
ok        8530ms MISS https://kerenmakor.org.il/פרס-נאנוק-הכסף-לסרט-טוקלומטי/
ok        9839ms MISS https://kerenmakor.org.il/שפאר-בדרך-להוליווד-יוקרן-במסגרת-המיו/
ok        8170ms MISS https://kerenmakor.org.il/פסטיבל-הקולנוע-ירושלים-2019-סרטים-בתמיכת/
ok       11498ms MISS https://kerenmakor.org.il/אירועי-קרן-מקור-בפסטיבל-הקולנוע-חיפה-2019/
ok       10197ms MISS https://kerenmakor.org.il/דוח-מצב-השקעות-קרן-מקור-2019/
ok       11541ms MISS https://kerenmakor.org.il/שיר-מלחמה-התקבל-לתחרות-הרשמית-של-פסטי/
ok       13265ms MISS https://kerenmakor.org.il/פסטיבל-הסטודנטים-הבינלאומי-2019-יום-רגיל/
ok       12422ms MISS https://kerenmakor.org.il/פסטיבל-הסטודנטים-הבינלאומי-2019-הזוכים-ב/
ok        8323ms MISS https://kerenmakor.org.il/לאה-צמל-עורכת-דין-פרס-הסרט-התיעודי-הטו/
ok        3968ms MISS https://kerenmakor.org.il/פגות-תוקף-פרס-יוסי-קאופמן-לבימוי-דוקא/
ok        5799ms MISS https://kerenmakor.org.il/פסטיבל-קולנוע-דרום-מענקי-פיתוח-של-הקרן/
ok        3995ms MISS https://kerenmakor.org.il/ברכה-ליוצרי-הסרטים-המשתתפים-בדוקאביב-201/
ok        5382ms MISS https://kerenmakor.org.il/קול-קורא-דוקו-ספורט-הזוכים-במענק-פיתוח/
ok        6292ms MISS https://kerenmakor.org.il/ברכות-לרחל-לאה-גונס-ופיליפ-בלאיש/
ok        4283ms MISS https://kerenmakor.org.il/עד-10-הזוכים-בהשקעת-הפקה/
ok        8971ms MISS https://kerenmakor.org.il/קול-קורא-עד-10/
ok       10924ms MISS https://kerenmakor.org.il/more/
ok        7306ms MISS https://kerenmakor.org.il/films-cat/
ok        7899ms MISS https://kerenmakor.org.il/films_cat/קצרים/
ok        8404ms MISS https://kerenmakor.org.il/לאה-צמל-עורכת-דין-הסרט-הטוב-ביותר-בתחר/
ok       18042ms MISS https://kerenmakor.org.il/תקווה-תעודה-קצר-המיזמים-הנבחרים-להשק/
ok       19478ms MISS https://kerenmakor.org.il/films_cat/תיעודי/
ok       12976ms MISS https://kerenmakor.org.il/films_cat/אנימציה/
ok       20808ms MISS https://kerenmakor.org.il/films_cat/תיעודי-en/?lang=en
ok       32563ms MISS https://kerenmakor.org.il/films_cat/קצרים-en/?lang=en
ok       26462ms MISS https://kerenmakor.org.il/films_cat/animation/?lang=en
ok       10287ms MISS https://kerenmakor.org.il/films_cat/סרטי-סטודנטים/
ok       13790ms MISS https://kerenmakor.org.il/films_cat/מדיה-חדשה/
error        0ms MISS https://kerenmakor.org.il/פרסי-אופיר-2019-סרטי-הקרן-שעלו-לשלב-המועמד/
ok       16573ms MISS https://kerenmakor.org.il/films_cat/new-media-en/?lang=en
ok       15709ms MISS https://kerenmakor.org.il/more-tax/tax-example/
ok       14953ms MISS https://kerenmakor.org.il/more-tax/מדריכים/
ok       19138ms MISS https://kerenmakor.org.il/more-tax/makor-media-lab/?lang=en
ok       18503ms MISS https://kerenmakor.org.il/films_cat/students/?lang=en
ok       20411ms MISS https://kerenmakor.org.il/more-tax/בדיקת-דופק/
ok       16667ms MISS https://kerenmakor.org.il/more-tax/taking-pulse/?lang=en
ok       16993ms MISS https://kerenmakor.org.il/more-tax/אנימציה/
ok       20816ms MISS https://kerenmakor.org.il/more-tax/כנסים-ואירועים/
ok       21264ms MISS https://kerenmakor.org.il/more-tax/events-industry-days/?lang=en
ok       18314ms MISS https://kerenmakor.org.il/more-tax/animation/?lang=en
ok       17101ms MISS https://kerenmakor.org.il/more-tax/קדימונים/
ok       15764ms MISS https://kerenmakor.org.il/more-tax/מן-העיתונות/
ok        5051ms MISS https://kerenmakor.org.il/more-tax/trailers/?lang=en
ok       25837ms MISS https://kerenmakor.org.il/films/ruso/?lang=en
ok       19479ms MISS https://kerenmakor.org.il/films/40-צעדים/
ok       19744ms MISS https://kerenmakor.org.il/films/aliza/?lang=en
ok       13502ms MISS https://kerenmakor.org.il/films/עליזה/
ok       19649ms MISS https://kerenmakor.org.il/films/אדם-הגון/
ok       27441ms MISS https://kerenmakor.org.il/films/ערומים/
ok       18131ms MISS https://kerenmakor.org.il/films/ציפור-בחדר/
ok       14633ms MISS https://kerenmakor.org.il/films/40-steps/?lang=en
ok       15988ms MISS https://kerenmakor.org.il/films/bird-in-the-room/?lang=en
ok       15780ms MISS https://kerenmakor.org.il/films/אשת-השגריר/
ok        9496ms MISS https://kerenmakor.org.il/films/shooting/?lang=en
ok       12567ms MISS https://kerenmakor.org.il/films/the-smugglers/?lang=en
ok       14665ms MISS https://kerenmakor.org.il/films/שוטינג/
ok       14111ms MISS https://kerenmakor.org.il/films/המבריחים/
ok       10424ms MISS https://kerenmakor.org.il/films/laisha-the-story-of-a-womens-magazine/?lang=en
ok        7728ms MISS https://kerenmakor.org.il/films/הסודות-של-לאשה/
ok        5010ms MISS https://kerenmakor.org.il/films/the-ambassadors-wife/?lang=en
ok        7402ms MISS https://kerenmakor.org.il/films/חיי-שרה/
ok        7471ms MISS https://kerenmakor.org.il/films/הדבר-היה-ככה/
ok        9114ms MISS https://kerenmakor.org.il/films/קפקא-לילדים/
ok        9897ms MISS https://kerenmakor.org.il/films/things-were-like-that/?lang=en
ok       14110ms MISS https://kerenmakor.org.il/films/יהיה-אשר-יהיה/
ok       14200ms MISS https://kerenmakor.org.il/films/eddie-and-i/?lang=en
ok        9408ms MISS https://kerenmakor.org.il/films/אחמד-כוכב-קולנוע/
ok        9874ms MISS https://kerenmakor.org.il/films/אדי-ואני/
ok       11506ms MISS https://kerenmakor.org.il/films/from-one-end-to-the-other/?lang=en
ok        7067ms MISS https://kerenmakor.org.il/films/וְאֵין-הַקּוֹל-נִשְׁמַע/
ok        6585ms MISS https://kerenmakor.org.il/films/ahmed-is-a-movie-star/?lang=en
ok       11611ms MISS https://kerenmakor.org.il/films/ווינטראובר/
ok       10763ms MISS https://kerenmakor.org.il/films/come-what-may/?lang=en
ok       10164ms MISS https://kerenmakor.org.il/films/winterover/?lang=en
ok       10205ms MISS https://kerenmakor.org.il/films/ציפיות/
ok       14212ms MISS https://kerenmakor.org.il/films/לוויתן/
ok       14187ms MISS https://kerenmakor.org.il/films/pillowz/?lang=en
ok       15707ms MISS https://kerenmakor.org.il/films/the-whale/?lang=en
ok       20597ms MISS https://kerenmakor.org.il/films/a-birds-wish/?lang=en
ok       18001ms MISS https://kerenmakor.org.il/films/הציפור-שרצתה/
ok        8494ms MISS https://kerenmakor.org.il/films/morti-vivos-docent/?lang=en
ok        6779ms MISS https://kerenmakor.org.il/films/dalias-tea-casts-a-shadow-on-mount-fuji/?lang=en
ok        9588ms MISS https://kerenmakor.org.il/films/a-letter-from-the-past/?lang=en
ok        9583ms MISS https://kerenmakor.org.il/films/מכתב-מהעבר/
ok       10679ms MISS https://kerenmakor.org.il/films/מורטי-ויווס-דוסנט/
ok       13032ms MISS https://kerenmakor.org.il/films/bubblegum-memory/?lang=en
ok        7402ms MISS https://kerenmakor.org.il/films/עמלים/
ok       13582ms MISS https://kerenmakor.org.il/films/זיכרון-של-מסטיק/
ok       11779ms MISS https://kerenmakor.org.il/films/echoes-of-the-jordan/?lang=en
ok       12763ms MISS https://kerenmakor.org.il/films/my-bee-family/?lang=en
ok        5297ms MISS https://kerenmakor.org.il/films/sarah/?lang=en
ok       12501ms MISS https://kerenmakor.org.il/films/let-there-be-light/?lang=en
ok        8919ms MISS https://kerenmakor.org.il/films/ויהי-אור/
ok       12527ms MISS https://kerenmakor.org.il/films/kichka-telling-my-self/?lang=en
ok       13988ms MISS https://kerenmakor.org.il/films/קישקה-מספר-את-עצמי/
ok       18173ms MISS https://kerenmakor.org.il/films/פירוא/
ok       35608ms MISS https://kerenmakor.org.il/films/סינדרום-עזה/
ok       15752ms MISS https://kerenmakor.org.il/films/that-girl/?lang=en
ok       18223ms MISS https://kerenmakor.org.il/films/התה-של-דליה-מטיל-צל-על-הר-פוגי/
ok       19607ms MISS https://kerenmakor.org.il/films/pisces/?lang=en
ok       15082ms MISS https://kerenmakor.org.il/films/הנערה-הזאת/
ok       10466ms MISS https://kerenmakor.org.il/films/מזל-דגים/
ok       16914ms MISS https://kerenmakor.org.il/films/egypt-love-song/?lang=en
ok       21114ms MISS https://kerenmakor.org.il/films/מצרים-שיר-אהבה/
ok       24796ms MISS https://kerenmakor.org.il/films/שלושתנו/
ok       20000ms MISS https://kerenmakor.org.il/films/the-scar-of-deportation/?lang=en
ok       21597ms MISS https://kerenmakor.org.il/films/muses-david-polonsky/?lang=en
ok       15714ms MISS https://kerenmakor.org.il/films/his-wife/?lang=en
ok       13774ms MISS https://kerenmakor.org.il/films/absent-god/?lang=en
ok       30417ms MISS https://kerenmakor.org.il/films/מוזות-דוד-פולונסקי-פנטסטיכאן/
ok        5021ms MISS https://kerenmakor.org.il/films/i-will-not-all-die-the-revolt-of-the-ghetto-doctors/?lang=en
ok        7075ms MISS https://kerenmakor.org.il/films/לא-כולי-אמות-מרד-רופאי-הגטו/
ok        6772ms MISS https://kerenmakor.org.il/films/the-governor/?lang=en
ok       10073ms MISS https://kerenmakor.org.il/films/nothing-special/?lang=en
ok        7182ms MISS https://kerenmakor.org.il/films/האל-הנעדר/
ok       12965ms MISS https://kerenmakor.org.il/films/איפה-היית-בהתנתקות/
ok        4998ms MISS https://kerenmakor.org.il/films/שום-דבר-מיוחד/
ok        6691ms MISS https://kerenmakor.org.il/films/אשתו/
ok        9605ms MISS https://kerenmakor.org.il/films/המושל/
ok       12269ms MISS https://kerenmakor.org.il/films/גיים-ציינגר/
ok       16778ms MISS https://kerenmakor.org.il/films/gaza-syndrom/?lang=en
ok       10034ms MISS https://kerenmakor.org.il/films/hot-blood/?lang=en
ok       17476ms MISS https://kerenmakor.org.il/films/قربة-غربة-קרוב-רחוק/
ok       15665ms MISS https://kerenmakor.org.il/films/near-far/?lang=en
ok       12161ms MISS https://kerenmakor.org.il/films/lingerie/?lang=en
ok       11620ms MISS https://kerenmakor.org.il/films/לנזרי/
ok       14858ms MISS https://kerenmakor.org.il/films/game-changer/?lang=en
ok        8713ms MISS https://kerenmakor.org.il/films/רוסו/
ok       12022ms MISS https://kerenmakor.org.il/films/limbo/?lang=en
ok       15810ms MISS https://kerenmakor.org.il/films/lies-i-told-myself/?lang=en
ok       18080ms MISS https://kerenmakor.org.il/films/לימבו/
ok        8109ms MISS https://kerenmakor.org.il/films/gods-neighbours/?lang=en
ok       12696ms MISS https://kerenmakor.org.il/films/דם-חם/
ok       12172ms MISS https://kerenmakor.org.il/films/jonah-the-wet-nurse/?lang=en
ok       13913ms MISS https://kerenmakor.org.il/films/המשגיחים/
ok       21168ms MISS https://kerenmakor.org.il/films/שקרים-שסיפרתי-לעצמי/
ok       11314ms MISS https://kerenmakor.org.il/films/lebanon-borders-of-blood/?lang=en
ok       18686ms MISS https://kerenmakor.org.il/films/לבנון-גבולות-הדם/
ok       12664ms MISS https://kerenmakor.org.il/films/drawing-territories/?lang=en
ok       12619ms MISS https://kerenmakor.org.il/films/rain-in-her-eyes/?lang=en
ok       20580ms MISS https://kerenmakor.org.il/films/גשם-בעיניים/
ok       18878ms MISS https://kerenmakor.org.il/films/יונה-המינקת/
ok       20304ms MISS https://kerenmakor.org.il/films/the-pandemic-diaries/?lang=en
ok       10463ms MISS https://kerenmakor.org.il/films/הרף-התחתון-ביותר/
ok       12992ms MISS https://kerenmakor.org.il/films/נעורים/
ok       10950ms MISS https://kerenmakor.org.il/films/youth/?lang=en
ok       14607ms MISS https://kerenmakor.org.il/films/isolated/?lang=en
ok       16620ms MISS https://kerenmakor.org.il/films/a-waste-of-space/?lang=en
ok        7217ms MISS https://kerenmakor.org.il/films/מבודדים/
ok        6469ms MISS https://kerenmakor.org.il/films/מעשה-בשתי-מגפות/
ok        5487ms MISS https://kerenmakor.org.il/films/the-motive/?lang=en
ok        4463ms MISS https://kerenmakor.org.il/films/a-tale-of-two/?lang=en
ok        7463ms MISS https://kerenmakor.org.il/films/המניע/
ok        7318ms MISS https://kerenmakor.org.il/films/מעשה-בשני-בלונים/
ok        5486ms MISS https://kerenmakor.org.il/films/grossman/?lang=en
ok        5612ms MISS https://kerenmakor.org.il/films/a-tale-of-two-pandemics/?lang=en
ok        4997ms MISS https://kerenmakor.org.il/films/תוצרת-חוץ/
ok        6790ms MISS https://kerenmakor.org.il/films/absolute-happiness/?lang=en
ok        6976ms MISS https://kerenmakor.org.il/films/האושר-המושלם/
ok        6605ms MISS https://kerenmakor.org.il/films/apples-and-oranges/?lang=en
ok        6724ms MISS https://kerenmakor.org.il/films/women-of-valor/?lang=en
ok       10198ms MISS https://kerenmakor.org.il/films/אשת-חיל/
ok        7397ms MISS https://kerenmakor.org.il/films/rule-of-stone/?lang=en
ok        7390ms MISS https://kerenmakor.org.il/films/חוק-האבן/
ok        7496ms MISS https://kerenmakor.org.il/films/holes/?lang=en
ok       12998ms MISS https://kerenmakor.org.il/films/חורים/
ok       11677ms MISS https://kerenmakor.org.il/films/dirty-tricks/?lang=en
ok       18577ms MISS https://kerenmakor.org.il/films/ילדים-על-תנאי/
ok       14929ms MISS https://kerenmakor.org.il/films/מוזות-זויה-צרקסקי-חיים-סובייטים/
ok       17089ms MISS https://kerenmakor.org.il/films/קלף-מלוכלך/
ok        7600ms MISS https://kerenmakor.org.il/films/muses-soviet-life/?lang=en
ok       10984ms MISS https://kerenmakor.org.il/films/ביערות-האלו/
ok        7579ms MISS https://kerenmakor.org.il/films/models/?lang=en
ok        9511ms MISS https://kerenmakor.org.il/films/יומני-המגפה/
ok       18587ms MISS https://kerenmakor.org.il/films/דוגמנים/
ok       10991ms MISS https://kerenmakor.org.il/films/ויני-איפה-ידידה/
ok       15615ms MISS https://kerenmakor.org.il/films/these-woods/?lang=en
ok        8599ms MISS https://kerenmakor.org.il/films/wheres-yadida/?lang=en
ok       10213ms MISS https://kerenmakor.org.il/films/the-bells-are-ringing-for-ahuva-ozeri/?lang=en
ok       12800ms MISS https://kerenmakor.org.il/films/his-death/?lang=en
ok       17174ms MISS https://kerenmakor.org.il/films/היינו-פצצה-מפורזת/
ok       22909ms MISS https://kerenmakor.org.il/films/אהובה-עוזרי-צלצולי-פעמונים/
ok       15555ms MISS https://kerenmakor.org.il/films/we-were-a-sterile-bomb/?lang=en
ok       12718ms MISS https://kerenmakor.org.il/films/מותו-של-זה/
ok       11149ms MISS https://kerenmakor.org.il/films/now-or-never/?lang=en
ok       15605ms MISS https://kerenmakor.org.il/films/עכשיו-או-לעולם-לא/
ok        7157ms MISS https://kerenmakor.org.il/films/roma/?lang=en
error        0ms MISS https://kerenmakor.org.il/films/גרוסמן/
ok       12061ms MISS https://kerenmakor.org.il/films/רומא/
ok       12512ms MISS https://kerenmakor.org.il/films/דם-יונים/
ok       12708ms MISS https://kerenmakor.org.il/films/ensured/?lang=en
ok       18215ms MISS https://kerenmakor.org.il/films/דבר-אחד-בטוח/
ok       18693ms MISS https://kerenmakor.org.il/films/layers/?lang=en
ok       14586ms MISS https://kerenmakor.org.il/films/שכבות/
ok       18687ms MISS https://kerenmakor.org.il/films/boxes/?lang=en
ok       14406ms MISS https://kerenmakor.org.il/films/הארגז/
ok       12505ms MISS https://kerenmakor.org.il/films/full-support/?lang=en
ok       18014ms MISS https://kerenmakor.org.il/films/תמיכה-מלאה/
ok        6085ms MISS https://kerenmakor.org.il/films/המפיק/
ok        7172ms MISS https://kerenmakor.org.il/films/the-producer/?lang=en
ok       10494ms MISS https://kerenmakor.org.il/films/lea-koenigs-loves/?lang=en
ok       19765ms MISS https://kerenmakor.org.il/films/חנדה-חנדה/
ok       12838ms MISS https://kerenmakor.org.il/films/אהבותיה-של-ליא-קניג/
ok       16685ms MISS https://kerenmakor.org.il/films/to-see-if-im-smiling/?lang=en
ok       10029ms MISS https://kerenmakor.org.il/films/לראות-אם-אני-מחייכת/
ok        9320ms MISS https://kerenmakor.org.il/films/אורנה-ואלה/
ok       13956ms MISS https://kerenmakor.org.il/films/handa-handa/?lang=en
ok       14882ms MISS https://kerenmakor.org.il/films/כלב/
ok       20842ms MISS https://kerenmakor.org.il/films/in-pigeons-blood/?lang=en
ok        9003ms MISS https://kerenmakor.org.il/films/שמוניסטים/
ok       11456ms MISS https://kerenmakor.org.il/films/a-farewell-letter/?lang=en
ok        8810ms MISS https://kerenmakor.org.il/films/the-octettes/?lang=en
ok       13910ms MISS https://kerenmakor.org.il/films/home-court/?lang=en
ok       12403ms MISS https://kerenmakor.org.il/films/מגרש-ביתי/
ok        8015ms MISS https://kerenmakor.org.il/films/bubba/?lang=en
ok       11588ms MISS https://kerenmakor.org.il/films/בובה/
ok       13780ms MISS https://kerenmakor.org.il/films/taste-of-heaven/?lang=en
ok       15209ms MISS https://kerenmakor.org.il/films/sunday/?lang=en
ok       14188ms MISS https://kerenmakor.org.il/films/סאנדיי/
ok       24850ms MISS https://kerenmakor.org.il/films/orna-and-ella/?lang=en
ok        6510ms MISS https://kerenmakor.org.il/films/ichilov/?lang=en
ok        9521ms MISS https://kerenmakor.org.il/films/המלחמות-של-גני/
ok       13309ms MISS https://kerenmakor.org.il/films/איכילוב/
ok       14713ms MISS https://kerenmakor.org.il/films/thorn/?lang=en
ok        6508ms MISS https://kerenmakor.org.il/films/חתה-יסבח-סבח/
ok        8871ms MISS https://kerenmakor.org.il/films/טעם-גן-עדן/
ok        5395ms MISS https://kerenmakor.org.il/films/until-tomorrow-comes/?lang=en
ok       13660ms MISS https://kerenmakor.org.il/films/the-key/?lang=en
ok       12814ms MISS https://kerenmakor.org.il/films/oasis/?lang=en
ok       19466ms MISS https://kerenmakor.org.il/films/קוץ/
ok       22125ms MISS https://kerenmakor.org.il/films/jennys-wars/?lang=en
ok       20223ms MISS https://kerenmakor.org.il/films/כמה-הערות-על-המצב/
ok       27894ms MISS https://kerenmakor.org.il/films/some-notes-on-the-current-situation/?lang=en
ok       21389ms MISS https://kerenmakor.org.il/films/המפתח/
ok       13136ms MISS https://kerenmakor.org.il/films/kidney-trial/?lang=en
ok       15491ms MISS https://kerenmakor.org.il/films/אואזיס/
ok       17182ms MISS https://kerenmakor.org.il/films/malachi/?lang=en
ok       13095ms MISS https://kerenmakor.org.il/films/מלאכי/
ok        9410ms MISS https://kerenmakor.org.il/films/elephant-in-the-desert/?lang=en
ok        6855ms MISS https://kerenmakor.org.il/films/daytrip/?lang=en
ok        6796ms MISS https://kerenmakor.org.il/films/kippur/?lang=en
ok        6906ms MISS https://kerenmakor.org.il/films/כיפור/
ok       10507ms MISS https://kerenmakor.org.il/films/דייטריפ/
ok       12494ms MISS https://kerenmakor.org.il/films/yossi-jagger/?lang=en
ok       17171ms MISS https://kerenmakor.org.il/films/פיל-במדבר/
ok       17918ms MISS https://kerenmakor.org.il/films/יוסי-וגאגר/
ok       18304ms MISS https://kerenmakor.org.il/films/across-the-line/?lang=en
ok       26172ms MISS https://kerenmakor.org.il/films/אלוהים-יקר/
ok       27787ms MISS https://kerenmakor.org.il/films/dear-god/?lang=en
ok        4610ms MISS https://kerenmakor.org.il/films/erot/?lang=en
ok        6285ms MISS https://kerenmakor.org.il/films/ערות/
ok        5189ms MISS https://kerenmakor.org.il/films/facing-the-wall/?lang=en
ok        5272ms MISS https://kerenmakor.org.il/films/our-beds-are-burning/?lang=en
ok       11427ms MISS https://kerenmakor.org.il/films/בוחן-כליות/
ok       14595ms MISS https://kerenmakor.org.il/films/עם-הפנים-לקיר/
ok       13113ms MISS https://kerenmakor.org.il/films/naked/?lang=en
ok        7124ms MISS https://kerenmakor.org.il/films/מעבר-לקו/
ok       11496ms MISS https://kerenmakor.org.il/films/hounds/?lang=en
ok       12722ms MISS https://kerenmakor.org.il/films/כלבי-ציד/
ok       18701ms MISS https://kerenmakor.org.il/films/wedding-doll/?lang=en
ok       11369ms MISS https://kerenmakor.org.il/films/המיטות-שלנו-בוערות/
ok       19804ms MISS https://kerenmakor.org.il/films/חתונה-מנייר/
ok       22003ms MISS https://kerenmakor.org.il/films/institutional-abduction/?lang=en
ok       14100ms MISS https://kerenmakor.org.il/films/גוש-חימר/
ok       20903ms MISS https://kerenmakor.org.il/films/block-of-clay/?lang=en
ok       21065ms MISS https://kerenmakor.org.il/films/חטיפה-ממסדית/
ok       11911ms MISS https://kerenmakor.org.il/films/אמת-או-חובה/
ok       12405ms MISS https://kerenmakor.org.il/films/honey-trap/?lang=en
ok       25381ms MISS https://kerenmakor.org.il/films/cinema-rex/?lang=en
ok       20595ms MISS https://kerenmakor.org.il/films/unkept-secrets/?lang=en
ok       22680ms MISS https://kerenmakor.org.il/films/להתאהב-ברקס/
ok       11903ms MISS https://kerenmakor.org.il/films/מחכים-לגודיק/
ok       14287ms MISS https://kerenmakor.org.il/films/waiting-for-godik/?lang=en
ok       20710ms MISS https://kerenmakor.org.il/films/הנכה-המאושר-והבודהיסט-המיוסר/
ok       20999ms MISS https://kerenmakor.org.il/films/the-optimist-and-the-buddhist/?lang=en
ok        8687ms MISS https://kerenmakor.org.il/films/lady-kul-el-arab/?lang=en
ok       21670ms MISS https://kerenmakor.org.il/films/ליידי-כל-אל-ערב/
ok       14379ms MISS https://kerenmakor.org.il/films/אלוף-העולם-שלי/
ok       18981ms MISS https://kerenmakor.org.il/films/סינדרום-פיינגולד/
ok       28953ms MISS https://kerenmakor.org.il/films/19052/?lang=en
ok       25083ms MISS https://kerenmakor.org.il/films/הצלמניה/
ok       21712ms MISS https://kerenmakor.org.il/films/my-champion/?lang=en
ok       19093ms MISS https://kerenmakor.org.il/films/life-in-stills/?lang=en
ok       14366ms MISS https://kerenmakor.org.il/films/garden-of-eden/?lang=en
ok       16806ms MISS https://kerenmakor.org.il/films/paper-dolls/?lang=en
ok       10307ms MISS https://kerenmakor.org.il/films/locked-down/?lang=en
ok       11120ms MISS https://kerenmakor.org.il/films/סגורות/
ok        8488ms MISS https://kerenmakor.org.il/films/חצויות-החיים-בערים-המעורבות-בישראל/
ok        6720ms MISS https://kerenmakor.org.il/films/19095/?lang=en
ok        6880ms MISS https://kerenmakor.org.il/films/הריקוד-של-אלפונסו/
ok       10473ms MISS https://kerenmakor.org.il/films/מלכודת-דבש/
ok        8720ms MISS https://kerenmakor.org.il/films/do-you-believe-in-love/?lang=en
ok        9295ms MISS https://kerenmakor.org.il/films/life-sentences/?lang=en
ok       11823ms MISS https://kerenmakor.org.il/films/השדכנית/
ok        6984ms MISS https://kerenmakor.org.il/films/split-life-in-the-israeli-mixed-cities/?lang=en
ok       15555ms MISS https://kerenmakor.org.il/films/last-stop/?lang=en
ok       18557ms MISS https://kerenmakor.org.il/films/משפטי-חיים/
ok       14473ms MISS https://kerenmakor.org.il/films/תחנה-סופית/
ok       14016ms MISS https://kerenmakor.org.il/films/my-father-yaakov-shabtai/?lang=en
ok       13629ms MISS https://kerenmakor.org.il/films/אבא-שלי-יעקב-שבתאי/
ok       13582ms MISS https://kerenmakor.org.il/films/גן-עדן/
ok       12986ms MISS https://kerenmakor.org.il/films/matti-caspi-confession/?lang=en
ok        9800ms MISS https://kerenmakor.org.il/films/סינדרום-בנטביץ/
ok       18904ms MISS https://kerenmakor.org.il/films/the-decent-one/?lang=en
ok       16229ms MISS https://kerenmakor.org.il/films/שלושה-אחים-ומערה/
ok       14289ms MISS https://kerenmakor.org.il/films/מתי-כספי-וידוי/
ok        7492ms MISS https://kerenmakor.org.il/films/shalom-italia/?lang=en
ok       11087ms MISS https://kerenmakor.org.il/films/גולדן-בויז/
ok       14073ms MISS https://kerenmakor.org.il/films/golden-boys/?lang=en
ok       17403ms MISS https://kerenmakor.org.il/films/סולחה/
ok        7379ms MISS https://kerenmakor.org.il/films/sulha/?lang=en
ok       13418ms MISS https://kerenmakor.org.il/films/pepes-last-battle/?lang=en
ok        8682ms MISS https://kerenmakor.org.il/films/the-awakener-the-story-of-yh-brenner/?lang=en
ok       13480ms MISS https://kerenmakor.org.il/films/המעורר-יח-ברנר/
ok       11138ms MISS https://kerenmakor.org.il/films/בובות-נייר/
ok       12815ms MISS https://kerenmakor.org.il/films/קרב-אחד-יותר-מדי/
ok       12705ms MISS https://kerenmakor.org.il/films/ultra-orthodox-3-0/?lang=en
ok       13883ms MISS https://kerenmakor.org.il/films/one-battle-too-many/?lang=en
ok        4297ms MISS https://kerenmakor.org.il/films/אלמנה-ויתום/
ok       13565ms MISS https://kerenmakor.org.il/films/mesila/?lang=en
ok       11872ms MISS https://kerenmakor.org.il/films/הקרב-האחרון-של-פפה/
ok       13104ms MISS https://kerenmakor.org.il/films/empty-room-the-state-of-israel-vs-irit-and-asher/?lang=en
ok       13373ms MISS https://kerenmakor.org.il/films/חדר-ריק-מדינת-ישראל-נגד-אירית-ואשר/
ok       12609ms MISS https://kerenmakor.org.il/films/מסילה/
ok       16784ms MISS https://kerenmakor.org.il/films/בן-גוריון-אפילוג/
ok       20581ms MISS https://kerenmakor.org.il/films/ben-gurion-epilogue/?lang=en
ok       15595ms MISS https://kerenmakor.org.il/films/מי-יאהב-אותי-עכשיו/
ok       12672ms MISS https://kerenmakor.org.il/films/kishon/?lang=en
ok       12718ms MISS https://kerenmakor.org.il/films/whos-gonna-love-me-now/?lang=en
ok       21703ms MISS https://kerenmakor.org.il/films/קישון-שמו-הולך-לפניו/
ok       18790ms MISS https://kerenmakor.org.il/films/disappearances/?lang=en
ok       17759ms MISS https://kerenmakor.org.il/films/איבד-פוגל-את-פוגל/
ok       22524ms MISS https://kerenmakor.org.il/films/יזכור-למנשייה/
ok       12525ms MISS https://kerenmakor.org.il/films/מקווה-שאני-בפריים/
ok       10732ms MISS https://kerenmakor.org.il/films/הרבה-גוונים-לשחור/
ok       12773ms MISS https://kerenmakor.org.il/films/hope-im-in-the-frame/?lang=en
ok       21982ms MISS https://kerenmakor.org.il/films/דבש-שחור-שירת-חייו-של-אברהם-סוצקבר/
ok       15468ms MISS https://kerenmakor.org.il/films/דרך-האבות/
ok       15814ms MISS https://kerenmakor.org.il/films/ibed-fogel-et-fogel/?lang=en
ok       10916ms MISS https://kerenmakor.org.il/films/all-happy-mornings/?lang=en
ok        9086ms MISS https://kerenmakor.org.il/films/toklomati/?lang=en
ok       10100ms MISS https://kerenmakor.org.il/films/fathers-path/?lang=en
ok       10881ms MISS https://kerenmakor.org.il/films/כל-הבקרים-שמחים/
ok       16498ms MISS https://kerenmakor.org.il/films/טוקלומטי/
ok        6608ms MISS https://kerenmakor.org.il/films/פנטזיה-שלי/
ok       10769ms MISS https://kerenmakor.org.il/films/my-fantasia/?lang=en
ok       10783ms MISS https://kerenmakor.org.il/films/black-honey-the-life-and-and-poetry-of-avraham-sutskever/?lang=en
ok       13514ms MISS https://kerenmakor.org.il/films/out-of-sleep/?lang=en
ok        8186ms MISS https://kerenmakor.org.il/films/הלקוחה/
ok        7669ms MISS https://kerenmakor.org.il/films/the-client/?lang=en
ok        7678ms MISS https://kerenmakor.org.il/films/מתוך-שינה/
ok       10907ms MISS https://kerenmakor.org.il/films/ארמי-אוף-לאברז-בארץ-הקודש/
ok        7892ms MISS https://kerenmakor.org.il/films/army-of-lovers-in-the-holy-land/?lang=en
ok       10273ms MISS https://kerenmakor.org.il/films/21-days-inside/?lang=en
ok       11170ms MISS https://kerenmakor.org.il/films/the-wounded-healer/?lang=en
ok       17824ms MISS https://kerenmakor.org.il/films/המרפא-הפצוע/
ok       14595ms MISS https://kerenmakor.org.il/films/family-in-transition/?lang=en
ok       10773ms MISS https://kerenmakor.org.il/films/exodus-a-jewish-odyssey/?lang=en
ok        8777ms MISS https://kerenmakor.org.il/films/21-יום-ולילה/
ok       15621ms MISS https://kerenmakor.org.il/films/hidden-face/?lang=en
ok       11196ms MISS https://kerenmakor.org.il/films/seekers/?lang=en
ok       12403ms MISS https://kerenmakor.org.il/films/אסתיר-פניי/
ok       16523ms MISS https://kerenmakor.org.il/films/חלום-של-אידיוט/
ok       18792ms MISS https://kerenmakor.org.il/films/משפחה-בטרנס/
ok       16785ms MISS https://kerenmakor.org.il/films/כל-ערב-כסאות/
ok        7842ms MISS https://kerenmakor.org.il/films/paris-retour/?lang=en
ok       21401ms MISS https://kerenmakor.org.il/films/אקסודוס-הסיפור-האמיתי/
ok       23116ms MISS https://kerenmakor.org.il/films/רשום-לך-בתעודת-הזהות-שאני-אבא-שלך/
ok       25287ms MISS https://kerenmakor.org.il/films/חפשים/
ok       28698ms MISS https://kerenmakor.org.il/films/הפועלים-הקטנים-מדהריה/
ok       22825ms MISS https://kerenmakor.org.il/films/the-market-boys/?lang=en
ok       18191ms MISS https://kerenmakor.org.il/films/מכתב-בלי-כתובת/
ok        8255ms MISS https://kerenmakor.org.il/films/it-is-written-in-your-id-that-i-am-your-father/?lang=en
ok        9990ms MISS https://kerenmakor.org.il/films/advocate/?lang=en
ok        9776ms MISS https://kerenmakor.org.il/films/jonathan-agassi-saved-my-life/?lang=en
ok        8910ms MISS https://kerenmakor.org.il/films/ציור-מולדת-صبر-צבר/
ok        4486ms MISS https://kerenmakor.org.il/films/lieber-man/?lang=en
ok        9679ms MISS https://kerenmakor.org.il/films/לאה-צמל-עורכת-דין/
ok       14577ms MISS https://kerenmakor.org.il/films/ליבר-מן/
ok       13195ms MISS https://kerenmakor.org.il/films/חיים-רגילים/
ok       10981ms MISS https://kerenmakor.org.il/films/an-ordinary-life/?lang=en
ok       15987ms MISS https://kerenmakor.org.il/films/modesty/?lang=en
ok       15112ms MISS https://kerenmakor.org.il/films/pawns/?lang=en
ok        9921ms MISS https://kerenmakor.org.il/films/swordsman-gabriel-moked/?lang=en
ok        8261ms MISS https://kerenmakor.org.il/films/צנועים/
ok        9910ms MISS https://kerenmakor.org.il/films/היה-היה-ילד/
ok        6718ms MISS https://kerenmakor.org.il/films/get-the-land-back/?lang=en
ok        6208ms MISS https://kerenmakor.org.il/films/the-voice-of-ahmad/?lang=en
ok        6662ms MISS https://kerenmakor.org.il/films/קולו-של-אחמד/
ok        7569ms MISS https://kerenmakor.org.il/films/הדונם-של-סבתא/
ok       16145ms MISS https://kerenmakor.org.il/films/פוגים/
ok       13454ms MISS https://kerenmakor.org.il/films/יונתן-אגסי-הציל-את-חיי/
ok       17601ms MISS https://kerenmakor.org.il/films/מסורבות/
ok       23762ms MISS https://kerenmakor.org.il/films/איש-החרב-גבריאל-מוקד/
ok       23386ms MISS https://kerenmakor.org.il/films/קויה-נוי/
ok       25193ms MISS https://kerenmakor.org.il/films/kuya-noy/?lang=en
ok       28125ms MISS https://kerenmakor.org.il/films/divorce-denied/?lang=en
ok       25495ms MISS https://kerenmakor.org.il/films/crossings/?lang=en
ok       17018ms MISS https://kerenmakor.org.il/films/מעברים/
ok       19399ms MISS https://kerenmakor.org.il/films/truth-or-dare/?lang=en
ok       21214ms MISS https://kerenmakor.org.il/films/who-loves-the-sun/?lang=en
ok       23494ms MISS https://kerenmakor.org.il/films/מי-אוהב-את-השמש/
ok       23915ms MISS https://kerenmakor.org.il/films/משאלה-אחת-אחרונה/
ok       17799ms MISS https://kerenmakor.org.il/films/שושלת-פיין/
ok       15191ms MISS https://kerenmakor.org.il/films/once-upon-a-boy/?lang=en
ok       16570ms MISS https://kerenmakor.org.il/films/one-last-wish/?lang=en
ok       17482ms MISS https://kerenmakor.org.il/films/כוורת-נתתי-לה-חיי/
ok       19017ms MISS https://kerenmakor.org.il/films/the-fine-dynasty/?lang=en
ok       14504ms MISS https://kerenmakor.org.il/films/הבר-של-מוריס/
ok       13193ms MISS https://kerenmakor.org.il/films/שפת-אב/
ok       11659ms MISS https://kerenmakor.org.il/films/maurices-bar/?lang=en
ok        6087ms MISS https://kerenmakor.org.il/films/father-tongue/?lang=en
ok        8698ms MISS https://kerenmakor.org.il/films/in-the-eyes-of-the-beholding-goat/?lang=en
ok        9717ms MISS https://kerenmakor.org.il/films/קריסה/
ok        9218ms MISS https://kerenmakor.org.il/films/apart/?lang=en
ok        9684ms MISS https://kerenmakor.org.il/films/kaveret-i-gave-her-my-life/?lang=en
ok       12085ms MISS https://kerenmakor.org.il/films/בעיני-העז-המתבוננת/
ok       10622ms MISS https://kerenmakor.org.il/films/left-behind/?lang=en
ok       15750ms MISS https://kerenmakor.org.il/films/לבד-מאחור/
ok        9008ms MISS https://kerenmakor.org.il/films/הפלה-חופשית/
ok        7100ms MISS https://kerenmakor.org.il/films/רצח-באחוזת-בית/
ok        9907ms MISS https://kerenmakor.org.il/films/schocken-a-self-made-man/?lang=en
ok       10053ms MISS https://kerenmakor.org.il/films/dina-malul-fights-back/?lang=en
ok        9692ms MISS https://kerenmakor.org.il/films/happy-purim/?lang=en
ok       19907ms MISS https://kerenmakor.org.il/films/שוקן-על-גבול-הקונצנזוס/
ok       10712ms MISS https://kerenmakor.org.il/films/צאנסלה-השחור-החדש/
ok       11916ms MISS https://kerenmakor.org.il/films/chancela-the-new-black/?lang=en
ok        7596ms MISS https://kerenmakor.org.il/films/hamuhram/?lang=en
ok        4892ms MISS https://kerenmakor.org.il/films/labelled-black-2/?lang=en
ok        4506ms MISS https://kerenmakor.org.il/films/שחורה/
ok        7898ms MISS https://kerenmakor.org.il/films/שקרים-בארון/
ok        7256ms MISS https://kerenmakor.org.il/films/פורים-שמח/
ok        8783ms MISS https://kerenmakor.org.il/films/black-slide/?lang=en
ok       14265ms MISS https://kerenmakor.org.il/films/המגלשה-השחורה/
ok        8809ms MISS https://kerenmakor.org.il/films/the-most-beautiful-day/?lang=en
ok        4596ms MISS https://kerenmakor.org.il/films/הרף-התחתון-ביותר/?lang=en
ok        7465ms MISS https://kerenmakor.org.il/films/המוחרם/
ok       10286ms MISS https://kerenmakor.org.il/films/widow-and-orphan/?lang=en
ok        7187ms MISS https://kerenmakor.org.il/films/im-not-okay/?lang=en
ok        4997ms MISS https://kerenmakor.org.il/films/strange-birds/?lang=en
ok        4797ms MISS https://kerenmakor.org.il/films/ציפורים-משונות/
ok        6995ms MISS https://kerenmakor.org.il/films/עכשיו-כבר-לא-כל-כך-אכפת-לי/
ok       10686ms MISS https://kerenmakor.org.il/films/9532/?lang=en
ok        8215ms MISS https://kerenmakor.org.il/films/השיבה-מהפלנטה-האחרת/
ok        7058ms MISS https://kerenmakor.org.il/films/היום-הכי-יפה-בשנה/
ok        7487ms MISS https://kerenmakor.org.il/films/מוות-באום-אל-חיראן/
ok        9508ms MISS https://kerenmakor.org.il/films/death-in-umm-al-hiran/?lang=en
ok       13019ms MISS https://kerenmakor.org.il/films/king-of-sephardim/?lang=en
ok        8504ms MISS https://kerenmakor.org.il/films/murder-in-the-estate/?lang=en
ok       10696ms MISS https://kerenmakor.org.il/films/האגדה-על-גלוג-ובלוב/
ok       13759ms MISS https://kerenmakor.org.il/films/abortion-in-the-holy-land/?lang=en
ok       15499ms MISS https://kerenmakor.org.il/films/the-tale-of-glug-and-blob/?lang=en
ok       15897ms MISS https://kerenmakor.org.il/films/הרב-עובדיה-יוסף-מלך-הספרדים/
ok       16294ms MISS https://kerenmakor.org.il/films/אם-זה-רצונך/
ok       17188ms MISS https://kerenmakor.org.il/films/if-it-be-your-will/?lang=en
ok       14194ms MISS https://kerenmakor.org.il/films/מינכן-72/
ok       10690ms MISS https://kerenmakor.org.il/films/munich-72/?lang=en
ok       11004ms MISS https://kerenmakor.org.il/films/לנשום/
ok       10884ms MISS https://kerenmakor.org.il/films/הפרידה-הארוכה-מכולן/
ok        4892ms MISS https://kerenmakor.org.il/films/a-letter-without-an-address/?lang=en
ok       13940ms MISS https://kerenmakor.org.il/films/the-three-of-us/?lang=en
ok       18788ms MISS https://kerenmakor.org.il/films/yiddish/?lang=en
ok       14685ms MISS https://kerenmakor.org.il/films/יידיש/
ok        5104ms MISS https://kerenmakor.org.il/films/yossi-sarid/?lang=en
ok        9294ms MISS https://kerenmakor.org.il/films/קיקי/
ok       21058ms MISS https://kerenmakor.org.il/films/breathe/?lang=en
ok       18129ms MISS https://kerenmakor.org.il/films/kiki/?lang=en
ok       18215ms MISS https://kerenmakor.org.il/films/יונה-נמר-עירא/
ok       20089ms MISS https://kerenmakor.org.il/films/יוסי-שריד/
ok       14123ms MISS https://kerenmakor.org.il/films/nurith-aviv-woman-with-a-camera/?lang=en
ok       30672ms MISS https://kerenmakor.org.il/films/the-last-lap-dance/?lang=en
ok       29394ms MISS https://kerenmakor.org.il/films/rockfour-the-time-machine/?lang=en
ok       29950ms MISS https://kerenmakor.org.il/films/נורית-אביב-אישה-עם-מצלמה/
ok       20389ms MISS https://kerenmakor.org.il/films/הלאפ-דאנס-האחרון/
ok       31917ms MISS https://kerenmakor.org.il/films/the-longest-goodbye/?lang=en
ok       28417ms MISS https://kerenmakor.org.il/films/רוקפור-מכונת-הזמן/
ok       21859ms MISS https://kerenmakor.org.il/films/1341-frames-of-love-and-war/?lang=en
ok       29632ms MISS https://kerenmakor.org.il/films/1341-פריימים-מהמצלמה-של-מיכה-בר-עם/
ok       29209ms MISS https://kerenmakor.org.il/films/revived/?lang=en
ok       20280ms MISS https://kerenmakor.org.il/films/שהחיינו/
ok       20913ms MISS https://kerenmakor.org.il/films/דבק/
ok       13490ms MISS https://kerenmakor.org.il/films/begin/?lang=en
ok       21399ms MISS https://kerenmakor.org.il/films/devek/?lang=en
ok       18335ms MISS https://kerenmakor.org.il/films/time-out/?lang=en
ok       26664ms MISS https://kerenmakor.org.il/films/בגין/
ok       22690ms MISS https://kerenmakor.org.il/films/פסק-זמן/
ok       11306ms MISS https://kerenmakor.org.il/films/bystanding-the-feingold-syndrome/?lang=en
ok       15319ms MISS https://kerenmakor.org.il/films/please-hold-the-line/?lang=en
ok        7862ms MISS https://kerenmakor.org.il/films/plastisapiens/?lang=en
ok        8464ms MISS https://kerenmakor.org.il/films/אנא-המתן-לנציג/
ok       10108ms MISS https://kerenmakor.org.il/films/חוף-הכלבים/
ok       13320ms MISS https://kerenmakor.org.il/films/dog-beach/?lang=en
ok        7566ms MISS https://kerenmakor.org.il/films/יפהפיה-ומוארת/
ok        6920ms MISS https://kerenmakor.org.il/films/סימנים-של-אלימות/
ok        7091ms MISS https://kerenmakor.org.il/films/full-of-light/?lang=en
ok        9587ms MISS https://kerenmakor.org.il/films/spots-of-light/?lang=en
ok       10784ms MISS https://kerenmakor.org.il/films/signs-of-violence/?lang=en
ok        9171ms MISS https://kerenmakor.org.il/films/גם-וריי/
ok       10893ms MISS https://kerenmakor.org.il/films/נקודות-של-אור/
ok        4830ms MISS https://kerenmakor.org.il/films/הגמח-של-רוחלה/
ok        9581ms MISS https://kerenmakor.org.il/films/rachels-goodwill/?lang=en
ok        7965ms MISS https://kerenmakor.org.il/films/jam-re/?lang=en
ok        8407ms MISS https://kerenmakor.org.il/films/touch/?lang=en
ok        9555ms MISS https://kerenmakor.org.il/films/yona-namer-ira/?lang=en
ok       11301ms MISS https://kerenmakor.org.il/films/boydem/?lang=en
ok       11080ms MISS https://kerenmakor.org.il/films/the-neighbors-dog/?lang=en
ok       20439ms MISS https://kerenmakor.org.il/films/טאצ/
ok       16603ms MISS https://kerenmakor.org.il/films/בוידעם/
ok       12985ms MISS https://kerenmakor.org.il/films/r-s-v-p/?lang=en
ok       17268ms MISS https://kerenmakor.org.il/films/פלסטיספיאנס/
ok       16195ms MISS https://kerenmakor.org.il/films/עד-שיכאב/
ok       15984ms MISS https://kerenmakor.org.il/films/אשת-לוט/
ok        9294ms MISS https://kerenmakor.org.il/films/בוטיק-חבל/
ok       10008ms MISS https://kerenmakor.org.il/films/tuvianski/?lang=en
ok       17291ms MISS https://kerenmakor.org.il/films/lots-wife/?lang=en
ok       12576ms MISS https://kerenmakor.org.il/films/דינה-מלול-עושה-מלחמה/
ok       18883ms MISS https://kerenmakor.org.il/films/טוביאנסקי/
ok        5474ms MISS https://kerenmakor.org.il/films/until-it-hurts/?lang=en
ok        8181ms MISS https://kerenmakor.org.il/films/אגודות-הכפרים/
ok        6316ms MISS https://kerenmakor.org.il/films/כאשר-היית-איתי/
ok        5875ms MISS https://kerenmakor.org.il/films/crystal-horse/?lang=en
ok        8004ms MISS https://kerenmakor.org.il/films/the-village-leagues/?lang=en
ok        7616ms MISS https://kerenmakor.org.il/films/acting-weak/?lang=en
ok       13997ms MISS https://kerenmakor.org.il/films/עין-לבנה/
ok        6698ms MISS https://kerenmakor.org.il/films/לשחק-חולשה/
ok        4695ms MISS https://kerenmakor.org.il/films/the-last-caravan/?lang=en
ok        4813ms MISS https://kerenmakor.org.il/films/wanted-roni-kalderon/?lang=en
ok        5174ms MISS https://kerenmakor.org.il/films/מבוקש-רוני-קלדרון/
ok        7517ms MISS https://kerenmakor.org.il/films/hypo-gravitation/
ok        7476ms MISS https://kerenmakor.org.il/films/hypogravitation/?lang=en
ok        6123ms MISS https://kerenmakor.org.il/films/clothesline-boutique/?lang=en
ok        6405ms MISS https://kerenmakor.org.il/films/פלומות/
ok        7867ms MISS https://kerenmakor.org.il/films/white-eye/?lang=en
ok       10989ms MISS https://kerenmakor.org.il/films/the-black-sabbath/?lang=en
ok        7407ms MISS https://kerenmakor.org.il/films/השבת-השחורה/
ok       11852ms MISS https://kerenmakor.org.il/films/הקרוואן-האחרון/
ok       14778ms MISS https://kerenmakor.org.il/films/muses-amal-murkus/?lang=en
ok       17996ms MISS https://kerenmakor.org.il/films/מוזות-אמל-מורקוס-אמל/
ok       14718ms MISS https://kerenmakor.org.il/films/מעלה-עקרבים/
ok       18749ms MISS https://kerenmakor.org.il/films/when-you-were-with-me/?lang=en
ok        6993ms MISS https://kerenmakor.org.il/films/fledge/?lang=en
ok       19815ms MISS https://kerenmakor.org.il/films/סוס-מקריסטל/
ok       20496ms MISS https://kerenmakor.org.il/films/פרפרים/
ok       16115ms MISS https://kerenmakor.org.il/films/וזאת-השאלה/
ok       16859ms MISS https://kerenmakor.org.il/films/כיצד-ומדוע-התפוגג-מר-יהושוע/
ok       23769ms MISS https://kerenmakor.org.il/films/סלמא/
ok       21086ms MISS https://kerenmakor.org.il/films/החיות-הרעות-שלך/
ok       15517ms MISS https://kerenmakor.org.il/films/הינומה/
ok        8771ms MISS https://kerenmakor.org.il/films/הנכם-מוזמנים/
ok       12335ms MISS https://kerenmakor.org.il/films/44-שעות/
ok       11992ms MISS https://kerenmakor.org.il/films/44-hours/?lang=en
ok        9176ms MISS https://kerenmakor.org.il/films/אגנס-קלטי-לנצח-את-הזמן/
ok        9980ms MISS https://kerenmakor.org.il/films/globster/?lang=en
ok        5010ms MISS https://kerenmakor.org.il/films/שקר-לבן/
ok        6057ms MISS https://kerenmakor.org.il/films/מכתב-פרידה/
ok        6389ms MISS https://kerenmakor.org.il/films/butterflies/?lang=en
ok       10103ms MISS https://kerenmakor.org.il/films/veil/?lang=en
ok       11687ms MISS https://kerenmakor.org.il/films/agnes-keleti-conquering-time/?lang=en
ok       11907ms MISS https://kerenmakor.org.il/films/מוייסרים/
ok       14094ms MISS https://kerenmakor.org.il/films/הבית-בקרית-שמונה/
ok        9267ms MISS https://kerenmakor.org.il/films/a-fools-dream/?lang=en
ok       14795ms MISS https://kerenmakor.org.il/films/living-in-the-shadow-of-death/?lang=en
ok       11197ms MISS https://kerenmakor.org.il/films/a-haunted-home/?lang=en
ok       15823ms MISS https://kerenmakor.org.il/films/חיים-בצל-המוות/
ok       13255ms MISS https://kerenmakor.org.il/films/white-lie/?lang=en
ok       11184ms MISS https://kerenmakor.org.il/films/the-other-city/?lang=en
ok        9522ms MISS https://kerenmakor.org.il/films/salma/?lang=en
ok        8489ms MISS https://kerenmakor.org.il/films/העיר-האחרת/
ok        8214ms MISS https://kerenmakor.org.il/films/גלובסטר-בכנרת/
ok       11767ms MISS https://kerenmakor.org.il/films/your-bad-animals/?lang=en
ok       12586ms MISS https://kerenmakor.org.il/films/battle-hymn/?lang=en
ok       12084ms MISS https://kerenmakor.org.il/films/האנדרטה/
ok        7089ms MISS https://kerenmakor.org.il/films/the-monument/?lang=en
ok       16800ms MISS https://kerenmakor.org.il/films/רדוף/
ok       14118ms MISS https://kerenmakor.org.il/films/pursued/?lang=en
ok       19533ms MISS https://kerenmakor.org.il/films/שקוף_מט-המדריך-לתל-אביב/
ok       19874ms MISS https://kerenmakor.org.il/films/hot/?lang=en
ok       28386ms MISS https://kerenmakor.org.il/films/שיר-מלחמה/
ok       14261ms MISS https://kerenmakor.org.il/films/חם/
ok       33296ms MISS https://kerenmakor.org.il/films/transparent-matt-tlv-guide/?lang=en
ok       20674ms MISS https://kerenmakor.org.il/films/the-good-son/?lang=en
ok       10830ms MISS https://kerenmakor.org.il/films/how-and-why-don-jose-dissipated/?lang=en
ok       12827ms MISS https://kerenmakor.org.il/films/kafka-for-kids/?lang=en
ok       14396ms MISS https://kerenmakor.org.il/films/flying-thoughts/?lang=en
ok       12895ms MISS https://kerenmakor.org.il/films/lone-samaritan/?lang=en
ok       20868ms MISS https://kerenmakor.org.il/films/sheryl-holmes/?lang=en
ok       22888ms MISS https://kerenmakor.org.il/films/השומרוני-הבודד/
ok       17208ms MISS https://kerenmakor.org.il/films/8044/?lang=en
ok        9393ms MISS https://kerenmakor.org.il/films/מחשבות-מעופפות/
ok       15621ms MISS https://kerenmakor.org.il/films/שריל/
ok       16987ms MISS https://kerenmakor.org.il/films/8235/?lang=en
ok       18974ms MISS https://kerenmakor.org.il/films/מרחב-מוגן-אורן-גוילי/
ok       19450ms MISS https://kerenmakor.org.il/films/that-is-the-question/?lang=en
ok       14372ms MISS https://kerenmakor.org.il/home/%D7%A6%D7%95%D7%A8-%D7%A7%D7%A9%D7%A8/
ok       10980ms MISS https://kerenmakor.org.il/about-the-foundation/
FILE      208090B https://kerenmakor.org.il/wp-content/uploads/2026/05/%D7%A4%D7%99%D7%A8%D7%95%D7%98-%D7%A7%D7%95%D7%9C%D7%95%D7%AA-%D7%A7%D7%95%D7%A8%D7%90%D7%99%D7%9D-%D7%9E%D7%A1%D7%A4%D7%A8-%D7%94%D7%92%D7%A9%D7%95%D7%AA-%D7%95%D7%91%D7%A7%D7%A9%D7%95%D7%AA-%D7%A9%D7%90%D7%95%D7%A9%D7%A8%D7%95-04.2026.pdf
FILE      368955B https://kerenmakor.org.il/wp-content/uploads/2026/03/השקעות-קרן-מקור-עד-2025-כולל-2.pdf
FILE      308347B https://kerenmakor.org.il/wp-content/uploads/2026/04/רשימת-לקטורים-קרן-מקור-לאתר-04.2026.pdf
FILE      308347B https://kerenmakor.org.il/wp-content/uploads/2026/04/%D7%A8%D7%A9%D7%99%D7%9E%D7%AA-%D7%9C%D7%A7%D7%98%D7%95%D7%A8%D7%99%D7%9D-%D7%A7%D7%A8%D7%9F-%D7%9E%D7%A7%D7%95%D7%A8-%D7%9C%D7%90%D7%AA%D7%A8-04.2026.pdf
FILE      368955B https://kerenmakor.org.il/wp-content/uploads/2026/03/%D7%94%D7%A9%D7%A7%D7%A2%D7%95%D7%AA-%D7%A7%D7%A8%D7%9F-%D7%9E%D7%A7%D7%95%D7%A8-%D7%A2%D7%93-2025-%D7%9B%D7%95%D7%9C%D7%9C-2.pdf
FILE      208090B https://kerenmakor.org.il/wp-content/uploads/2026/05/פירוט-קולות-קוראים-מספר-הגשות-ובקשות-שאושרו-04.2026.pdf
FILE      363204B https://kerenmakor.org.il/wp-content/uploads/2026/01/ai.pdf
FILE      234615B https://kerenmakor.org.il/wp-content/uploads/2025/12/%D7%A0%D7%94%D7%9C%D7%99-%D7%A7%D7%A6%D7%A8-%D7%90%D7%A0%D7%99%D7%9E%D7%A6%D7%99%D7%94-01-2026-%D7%9E%D7%90%D7%95%D7%A9%D7%A8%D7%99%D7%9D-%D7%A2%D7%9E%D7%99%D7%AA.pdf
FILE      208207B https://kerenmakor.org.il/wp-content/uploads/2025/12/%D7%A0%D7%94%D7%9C%D7%99-%D7%94%D7%92%D7%A9%D7%94-%D7%93%D7%95%D7%A7%D7%95-2026-%D7%9E%D7%90%D7%95%D7%A9%D7%A8%D7%99%D7%9D.pdf
FILE      382325B https://kerenmakor.org.il/wp-content/uploads/2025/08/%D7%A0%D7%94%D7%9C%D7%99%D7%9D-%D7%95%D7%9C%D7%95%D7%96-%D7%A7%D7%95%D7%9C-%D7%A7%D7%95%D7%A8%D7%90-%D7%99%D7%94%D7%93%D7%95%D7%AA-%D7%90%D7%A8%D7%A6%D7%95%D7%AA-%D7%A2%D7%A8%D7%91-%D7%95%D7%94%D7%90%D7%A1%D7%9C%D7%90%D7%9D-08.2025-1.pdf
FILE      213548B https://kerenmakor.org.il/wp-content/uploads/2025/08/%D7%A1%D7%95%D7%A4%D7%99-%D7%A0%D7%94%D7%9C%D7%99-%D7%94%D7%92%D7%A9%D7%94-%D7%94%D7%A2%D7%A8%D7%95%D7%AA-%D7%94%D7%A7%D7%A8%D7%9F.pdf
FILE      207868B https://kerenmakor.org.il/wp-content/uploads/2025/07/%D7%A0%D7%94%D7%9C%D7%99%D7%9D-%D7%A1%D7%A8%D7%98%D7%99-%D7%92%D7%9E%D7%A8-%D7%A1%D7%98%D7%95%D7%93%D7%A0%D7%98%D7%99%D7%9D-07-2025-%D7%A1%D7%95%D7%A4%D7%99.pdf
FILE      597265B https://kerenmakor.org.il/wp-content/uploads/2025/07/%D7%A1%D7%95%D7%A4%D7%99-%D7%9E%D7%A2%D7%95%D7%93%D7%9B%D7%9F-11-8-25-%D7%A0%D7%94%D7%9C%D7%99%D7%9D-%D7%93%D7%95%D7%A7%D7%95-%D7%A7%D7%A6%D7%A8-07-2025.pdf
FILE      180649B https://kerenmakor.org.il/wp-content/uploads/2025/01/pdf%D7%A0%D7%94%D7%9C%D7%99-%D7%94%D7%92%D7%A9%D7%94-%D7%AA%D7%A2%D7%95%D7%93%D7%94-01-2025.pdf
FILE      281967B https://kerenmakor.org.il/wp-content/uploads/2024/07/%D7%A2%D7%93-10-%D7%A0%D7%94%D7%9C%D7%99-%D7%94%D7%92%D7%A9%D7%94-07-2024.pdf
FILE      399424B https://kerenmakor.org.il/wp-content/uploads/2025/03/%D7%A0%D7%94%D7%9C%D7%99-%D7%94%D7%92%D7%A9%D7%94-%D7%97%D7%9E%D7%9E%D7%AA-%D7%93%D7%95%D7%A7%D7%95-%D7%95%D7%91%D7%99%D7%A0%D7%94-%D7%9E%D7%9C%D7%90%D7%9B%D7%95%D7%AA%D7%99%D7%AA-%D7%A1%D7%95%D7%A4%D7%99.pdf
FILE      204285B https://kerenmakor.org.il/wp-content/uploads/2025/01/%D7%A0%D7%94%D7%9C%D7%99-%D7%94%D7%92%D7%A9%D7%94-%D7%A7%D7%95%D7%9C-%D7%A7%D7%95%D7%A8%D7%90-%D7%A1%D7%98%D7%95%D7%93%D7%A0%D7%98%D7%99%D7%9D-%D7%A7%D7%A6%D7%A8-%D7%90%D7%A0%D7%99%D7%9E%D7%A6%D7%99%D7%94-2025-pdf.pdf
FILE      172247B https://kerenmakor.org.il/wp-content/uploads/2024/07/%D7%A0%D7%94%D7%9C%D7%99-%D7%94%D7%92%D7%A9%D7%94-%D7%AA%D7%A2%D7%95%D7%93%D7%94-07-2024.pdf
FILE      256921B https://kerenmakor.org.il/wp-content/uploads/2024/06/XR-%D7%99%D7%95%D7%A0%D7%99-2024.pdf
FILE      182152B https://kerenmakor.org.il/wp-content/uploads/2023/12/%D7%A0%D7%94%D7%9C%D7%99-%D7%94%D7%92%D7%A9%D7%94-%D7%AA%D7%A2%D7%95%D7%93%D7%94-01-2024.pdf
FILE      254007B https://kerenmakor.org.il/wp-content/uploads/2023/12/%D7%A0%D7%94%D7%9C%D7%99-%D7%94%D7%92%D7%A9%D7%94-%D7%A7%D7%95%D7%9C-%D7%A7%D7%95%D7%A8%D7%90-%D7%A1%D7%98%D7%95%D7%93%D7%A0%D7%98%D7%99%D7%9D-%D7%90%D7%A0%D7%99%D7%9E%D7%A6%D7%99%D7%94-%D7%A7%D7%A6%D7%A8-2024-1.pdf
FILE      283546B https://kerenmakor.org.il/wp-content/uploads/2023/12/%D7%A0%D7%94%D7%9C%D7%99-%D7%94%D7%92%D7%A9%D7%94-%D7%91%D7%93%D7%99%D7%A7%D7%AA-%D7%93%D7%95%D7%A4%D7%A7-1.pdf
FILE      159856B https://kerenmakor.org.il/wp-content/uploads/2023/07/%D7%A0%D7%94%D7%9C%D7%99-%D7%94%D7%92%D7%A9%D7%94-%D7%97%D7%9E%D7%9E%D7%AA-%D7%A4%D7%99%D7%AA%D7%95%D7%97-%D7%AA%D7%A1%D7%A8%D7%99%D7%98-%D7%90%D7%A0%D7%99%D7%9E%D7%A6%D7%99%D7%94-07-2023.pdf
FILE      163383B https://kerenmakor.org.il/wp-content/uploads/2023/07/%D7%A0%D7%94%D7%9C%D7%99-%D7%94%D7%92%D7%A9%D7%94-%D7%AA%D7%A2%D7%95%D7%93%D7%94-07-2023.pdf
FILE      241259B https://kerenmakor.org.il/wp-content/uploads/2023/07/%D7%A2%D7%93-10-%D7%A0%D7%94%D7%9C%D7%99-%D7%94%D7%92%D7%A9%D7%94-2023-1.pdf
FILE      226425B https://kerenmakor.org.il/wp-content/uploads/2023/01/Animation_Hagash_01-2023.pdf
FILE      111998B https://kerenmakor.org.il/wp-content/uploads/2023/01/%D7%A0%D7%94%D7%9C%D7%99-%D7%94%D7%92%D7%A9%D7%94-01-2023-%D7%9E%D7%A2%D7%95%D7%93%D7%9B%D7%9F.docx
FILE      265434B https://kerenmakor.org.il/wp-content/uploads/2022/07/XR-%D7%A0%D7%94%D7%9C%D7%99-%D7%94%D7%92%D7%A9%D7%94-%D7%A7%D7%95%D7%9C-%D7%A7%D7%95%D7%A8%D7%90-%D7%9E%D7%A2%D7%95%D7%93%D7%9B%D7%A0%D7%99%D7%9D-11-9-22-08-2022-1-1.pdf
FILE      346884B https://kerenmakor.org.il/wp-content/uploads/2023/05/%D7%A7%D7%95%D7%9C-%D7%A7%D7%95%D7%A8%D7%90-%D7%9E%D7%A2%D7%95%D7%93%D7%9B%D7%9F-XR-06-2023-%D7%A0%D7%94%D7%9C%D7%99-%D7%94%D7%92%D7%A9%D7%94-1.pdf
FILE      460727B https://kerenmakor.org.il/wp-content/uploads/2022/07/%D7%A0%D7%94%D7%9C%D7%99-%D7%94%D7%92%D7%A9%D7%94-%D7%A2%D7%93-10-%D7%9B%D7%9C%D7%9C%D7%99-%D7%95%D7%93%D7%A8%D7%95%D7%9E%D7%99-2022-%D7%A1%D7%95%D7%A4%D7%99.pdf
FILE      319122B https://kerenmakor.org.il/wp-content/uploads/2022/07/%D7%A0%D7%94%D7%9C%D7%99-%D7%94%D7%92%D7%A9%D7%94-%D7%AA%D7%A2%D7%95%D7%93%D7%94-07-2022-26-7.pdf
FILE      257882B https://kerenmakor.org.il/wp-content/uploads/2022/04/%D7%A0%D7%94%D7%9C%D7%99-%D7%94%D7%92%D7%A9%D7%94-%D7%A7%D7%95%D7%9C-%D7%A7%D7%95%D7%A8%D7%90-%D7%9C%D7%A4%D7%99%D7%AA%D7%95%D7%97-%D7%A7%D7%95%D7%A0%D7%A1%D7%A4%D7%98-%D7%90%D7%A0%D7%99%D7%9E%D7%A6%D7%99%D7%94-%D7%A1%D7%95%D7%A4%D7%99.pdf
FILE       99309B https://kerenmakor.org.il/wp-content/uploads/2022/01/%D7%A7%D7%A6%D7%A8-%D7%90%D7%A0%D7%99%D7%9E%D7%A6%D7%99%D7%94-01-2022-%D7%A0%D7%94%D7%9C%D7%99-%D7%94%D7%92%D7%A9%D7%94.docx-2.pdf
FILE      162524B https://kerenmakor.org.il/wp-content/uploads/2022/01/%D7%A0%D7%95%D7%94%D7%9C%D7%99-%D7%94%D7%92%D7%A9%D7%94-%D7%A1%D7%A8%D7%98%D7%99-%D7%AA%D7%A2%D7%95%D7%93%D7%94-%D7%9E%D7%A2%D7%95%D7%93%D7%9B%D7%9F-5-1-2022.pdf
FILE      234615B https://kerenmakor.org.il/wp-content/uploads/2025/12/נהלי-קצר-אנימציה-01-2026-מאושרים-עמית.pdf
FILE      208207B https://kerenmakor.org.il/wp-content/uploads/2025/12/נהלי-הגשה-דוקו-2026-מאושרים.pdf
FILE      213548B https://kerenmakor.org.il/wp-content/uploads/2025/08/סופי-נהלי-הגשה-הערות-הקרן.pdf
FILE      597265B https://kerenmakor.org.il/wp-content/uploads/2025/07/סופי-מעודכן-11-8-25-נהלים-דוקו-קצר-07-2025.pdf
FILE      382325B https://kerenmakor.org.il/wp-content/uploads/2025/08/נהלים-ולוז-קול-קורא-יהדות-ארצות-ערב-והאסלאם-08.2025-1.pdf
FILE      207868B https://kerenmakor.org.il/wp-content/uploads/2025/07/נהלים-סרטי-גמר-סטודנטים-07-2025-סופי.pdf
FILE      399424B https://kerenmakor.org.il/wp-content/uploads/2025/03/נהלי-הגשה-חממת-דוקו-ובינה-מלאכותית-סופי.pdf
FILE      180649B https://kerenmakor.org.il/wp-content/uploads/2025/01/pdfנהלי-הגשה-תעודה-01-2025.pdf
FILE      204285B https://kerenmakor.org.il/wp-content/uploads/2025/01/נהלי-הגשה-קול-קורא-סטודנטים-קצר-אנימציה-2025-pdf.pdf
FILE      281967B https://kerenmakor.org.il/wp-content/uploads/2024/07/עד-10-נהלי-הגשה-07-2024.pdf
FILE      172247B https://kerenmakor.org.il/wp-content/uploads/2024/07/נהלי-הגשה-תעודה-07-2024.pdf
FILE      182152B https://kerenmakor.org.il/wp-content/uploads/2023/12/נהלי-הגשה-תעודה-01-2024.pdf
FILE      256921B https://kerenmakor.org.il/wp-content/uploads/2024/06/XR-יוני-2024.pdf
FILE      254007B https://kerenmakor.org.il/wp-content/uploads/2023/12/נהלי-הגשה-קול-קורא-סטודנטים-אנימציה-קצר-2024-1.pdf
FILE      283546B https://kerenmakor.org.il/wp-content/uploads/2023/12/נהלי-הגשה-בדיקת-דופק-1.pdf
FILE      159856B https://kerenmakor.org.il/wp-content/uploads/2023/07/נהלי-הגשה-חממת-פיתוח-תסריט-אנימציה-07-2023.pdf
FILE      163383B https://kerenmakor.org.il/wp-content/uploads/2023/07/נהלי-הגשה-תעודה-07-2023.pdf
FILE      241259B https://kerenmakor.org.il/wp-content/uploads/2023/07/עד-10-נהלי-הגשה-2023-1.pdf
FILE      346884B https://kerenmakor.org.il/wp-content/uploads/2023/05/קול-קורא-מעודכן-XR-06-2023-נהלי-הגשה-1.pdf
FILE      111998B https://kerenmakor.org.il/wp-content/uploads/2023/01/נהלי-הגשה-01-2023-מעודכן.docx
FILE      265434B https://kerenmakor.org.il/wp-content/uploads/2022/07/XR-נהלי-הגשה-קול-קורא-מעודכנים-11-9-22-08-2022-1-1.pdf
FILE      460727B https://kerenmakor.org.il/wp-content/uploads/2022/07/נהלי-הגשה-עד-10-כללי-ודרומי-2022-סופי.pdf
FILE      319122B https://kerenmakor.org.il/wp-content/uploads/2022/07/נהלי-הגשה-תעודה-07-2022-26-7.pdf
FILE      257882B https://kerenmakor.org.il/wp-content/uploads/2022/04/נהלי-הגשה-קול-קורא-לפיתוח-קונספט-אנימציה-סופי.pdf
FILE       99309B https://kerenmakor.org.il/wp-content/uploads/2022/01/קצר-אנימציה-01-2022-נהלי-הגשה.docx-2.pdf
FILE      162524B https://kerenmakor.org.il/wp-content/uploads/2022/01/נוהלי-הגשה-סרטי-תעודה-מעודכן-5-1-2022.pdf
FILE      270294B https://kerenmakor.org.il/wp-content/uploads/2019/05/%D7%AA%D7%A7%D7%A0%D7%95%D7%AA-%D7%94%D7%A7%D7%95%D7%9C%D7%A0%D7%95%D7%A2-%D7%94%D7%9B%D7%A8%D7%94-%D7%91%D7%A1%D7%A8%D7%98-%D7%9B%D7%A1%D7%A8%D7%98-%D7%99%D7%A9%D7%A8%D7%90%D7%9C%D7%99.pdf
FILE      476161B https://kerenmakor.org.il/wp-content/uploads/2023/05/%D7%98%D7%95%D7%A4%D7%A1-%D7%94%D7%A6%D7%94%D7%A8%D7%94-%D7%90%D7%99-%D7%A0%D7%99%D7%92%D7%95%D7%93-%D7%A2%D7%A0%D7%99%D7%99%D7%A0%D7%99%D7%9D-%D7%9E%D7%A2%D7%95%D7%93%D7%9B%D7%9F-%D7%92%D7%A0%D7%A8%D7%99-2023.pdf
FILE       80433B https://kerenmakor.org.il/wp-content/uploads/2019/02/%D7%A7%D7%95%D7%95%D7%99%D7%9D-%D7%9E%D7%A0%D7%97%D7%99%D7%9D-%D7%9C%D7%94%D7%A7%D7%A6%D7%90%D7%AA-%D7%AA%D7%A0%D7%90%D7%99%D7%9D-%D7%A0%D7%90%D7%95%D7%AA%D7%99%D7%9D-%D7%9C%D7%94%D7%A4%D7%A7%D7%95%D7%AA.pdf
FILE     1096744B https://kerenmakor.org.il/wp-content/uploads/2023/04/%D7%94%D7%A1%D7%9B%D7%9D-%D7%9C%D7%A7%D7%98%D7%95%D7%A8%D7%94-%D7%AA%D7%A2%D7%95%D7%93%D7%99-%D7%92%D7%A0%D7%A8%D7%99-04-2023.pdf
FILE     1271685B https://kerenmakor.org.il/wp-content/uploads/2023/04/%D7%94%D7%A1%D7%9B%D7%9D-%D7%9C%D7%A7%D7%98%D7%95%D7%A8%D7%94-%D7%A7%D7%A6%D7%A8%D7%99%D7%9D-%D7%92%D7%A0%D7%A8%D7%99-04-2023.pdf
FILE       80311B https://kerenmakor.org.il/wp-content/uploads/2023/09/%D7%A4%D7%A8%D7%98%D7%99%D7%9D-%D7%A2%D7%9C-%D7%94%D7%A1%D7%A8%D7%98-%D7%9C%D7%A2%D7%9E%D7%95%D7%93-%D7%91%D7%90%D7%AA%D7%A8-%D7%9E%D7%A2%D7%95%D7%93%D7%9B%D7%9F-09.23.docx
FILE       80311B https://kerenmakor.org.il/wp-content/uploads/2023/09/פרטים-על-הסרט-לעמוד-באתר-מעודכן-09.23.docx
FILE      317634B https://kerenmakor.org.il/wp-content/uploads/2025/08/XR-Open-Call-Regulations-Jewish-Life-in-Islamic-and-Arab-Countries-08.2025.pdf
FILE      135783B https://kerenmakor.org.il/wp-content/uploads/2022/01/%D7%A4%D7%95%D7%A8%D7%9E%D7%98-%D7%AA%D7%A1%D7%A8%D7%99%D7%98-%D7%A2%D7%9C%D7%99%D7%9C%D7%AA%D7%99.pdf
FILE           0B http://kerenmakor.org.il/wp-content/uploads/2020/05/משבר-הקורונה-הודעה-ליוצרים-ממשרד-התקשורת.pdf
FILE           0B http://kerenmakor.org.il/wp-content/uploads/2020/05/%D7%A7%D7%95%D7%9C-%D7%A7%D7%95%D7%A8%D7%90-%D7%9C%D7%9E%D7%A1%D7%9C%D7%95%D7%9C%D7%99%D7%9D-%D7%94%D7%A9%D7%95%D7%A0%D7%99%D7%9D.pdf
FILE           0B http://kerenmakor.org.il/wp-content/uploads/2020/05/קול-קורא-למסלולים-השונים.pdf
FILE           0B http://kerenmakor.org.il/wp-content/uploads/2020/05/%D7%9E%D7%A9%D7%91%D7%A8-%D7%94%D7%A7%D7%95%D7%A8%D7%95%D7%A0%D7%94-%D7%94%D7%95%D7%93%D7%A2%D7%94-%D7%9C%D7%99%D7%95%D7%A6%D7%A8%D7%99%D7%9D-%D7%9E%D7%9E%D7%A9%D7%A8%D7%93-%D7%94%D7%AA%D7%A7%D7%A9%D7%95%D7%A8%D7%AA.pdf
FILE      135783B https://kerenmakor.org.il/wp-content/uploads/2022/01/פורמט-תסריט-עלילתי.pdf
FILE     1020137B https://kerenmakor.org.il/wp-content/uploads/2024/08/%D7%9E%D7%93%D7%A8%D7%99%D7%9A-%D7%94%D7%92%D7%A9%D7%94-%D7%A7%D7%95%D7%9C-%D7%A7%D7%95%D7%A8%D7%90-%D7%A2%D7%93-10.pdf
FILE     1360223B https://kerenmakor.org.il/wp-content/uploads/2026/01/%D7%9E%D7%93%D7%A8%D7%99%D7%9A-%D7%93%D7%95%D7%A7%D7%95-%D7%A7%D7%A8%D7%9F-%D7%9E%D7%A7%D7%95%D7%A8.pdf
FILE     1020137B https://kerenmakor.org.il/wp-content/uploads/2024/08/מדריך-הגשה-קול-קורא-עד-10.pdf
FILE     1360223B https://kerenmakor.org.il/wp-content/uploads/2026/01/מדריך-דוקו-קרן-מקור.pdf
FILE     3041792B https://kerenmakor.org.il/wp-content/uploads/2024/07/%D7%9E%D7%93%D7%A8%D7%99%D7%9A-%D7%9E%D7%93%D7%99%D7%94-%D7%97%D7%93%D7%A9%D7%94-%D7%A7%D7%A8%D7%9F-%D7%9E%D7%A7%D7%95%D7%A8.pdf
FILE     3041792B https://kerenmakor.org.il/wp-content/uploads/2024/07/מדריך-מדיה-חדשה-קרן-מקור.pdf
FILE      434234B https://kerenmakor.org.il/wp-content/uploads/2024/01/%D7%9E%D7%93%D7%A8%D7%99%D7%9A-%D7%93%D7%95%D7%A7%D7%95-%D7%A7%D7%A8%D7%9F-%D7%9E%D7%A7%D7%95%D7%A8.pdf
FILE      434234B https://kerenmakor.org.il/wp-content/uploads/2024/01/מדריך-דוקו-קרן-מקור.pdf
FILE      215089B https://kerenmakor.org.il/wp-content/uploads/2024/02/%D7%A4%D7%A0%D7%99%D7%94-%D7%9C%D7%99%D7%95%D7%A6%D7%A8%D7%99%D7%9D-%D7%95%D7%90%D7%9E%D7%A0%D7%99%D7%9D-%D7%99%D7%A9%D7%A8%D7%90%D7%9C%D7%99%D7%9D-310124.pdf
FILE      119567B https://kerenmakor.org.il/wp-content/uploads/2023/12/%D7%9E%D7%A1%D7%9E%D7%9B%D7%99%D7%9D-%D7%9E%D7%A9%D7%A4%D7%98%D7%99%D7%99%D7%9D-%D7%9C%D7%9E%D7%99%D7%96%D7%9E%D7%99-%D7%AA%D7%99%D7%A2%D7%95%D7%93-%D7%9C%D7%90%D7%99%D7%A8%D7%95%D7%A2%D7%99-%D7%94%D7%9E%D7%9C%D7%97%D7%9E%D7%94.pdf
FILE      119567B https://kerenmakor.org.il/wp-content/uploads/2023/12/מסמכים-משפטיים-למיזמי-תיעוד-לאירועי-המלחמה.pdf
FILE      405352B https://kerenmakor.org.il/wp-content/uploads/2023/12/%D7%A0%D7%95%D7%9B%D7%97%D7%95%D7%AA-%D7%99%D7%A9%D7%A8%D7%90%D7%9C%D7%99%D7%AA-%D7%91%D7%A4%D7%A1%D7%98%D7%99%D7%91%D7%9C%D7%99-%D7%A7%D7%95%D7%9C%D7%A0%D7%95%D7%A2-%D7%91%D7%99%D7%A0%D7%9C%D7%90%D7%95%D7%9E%D7%99%D7%99%D7%9D_%D7%A1%D7%95%D7%A4%D7%99.pdf
FILE    15390572B https://kerenmakor.org.il/wp-content/uploads/2025/02/Makor-Media-Climate-Crisis-Workshop-2024.pdf
FILE      405352B https://kerenmakor.org.il/wp-content/uploads/2023/12/נוכחות-ישראלית-בפסטיבלי-קולנוע-בינלאומיים_סופי.pdf
FILE    16197745B https://kerenmakor.org.il/wp-content/uploads/2024/04/%D7%97%D7%9E%D7%9E%D7%AA-%D7%A4%D7%99%D7%AA%D7%95%D7%97-%D7%AA%D7%A1%D7%A8%D7%99%D7%98-%D7%9C%D7%A1%D7%93%D7%A8%D7%AA-%D7%90%D7%A0%D7%99%D7%9E%D7%A6%D7%99%D7%94-%D7%9C%D7%A8%D7%A9%D7%AA-2023-%D7%9E%D7%A6%D7%92%D7%AA-%D7%9E%D7%A1%D7%9B%D7%9E%D7%AA-1.pdf
FILE    16197745B https://kerenmakor.org.il/wp-content/uploads/2024/04/חממת-פיתוח-תסריט-לסדרת-אנימציה-לרשת-2023-מצגת-מסכמת-1.pdf
ok        5588ms MISS https://kerenmakor.org.il/%D7%90%D7%95%D7%93%D7%95%D7%AA/
ok        9392ms MISS https://kerenmakor.org.il/films_cat/%d7%a7%d7%a6%d7%a8%d7%99%d7%9d-en/?lang=en
ok       13185ms MISS https://kerenmakor.org.il/<!DOCTYPE%20html>%0A<html%20dir=
ok       17298ms MISS https://kerenmakor.org.il/congratulations-to-the-selected-project-teams-of-the-xr-jewish-life-in-islamic-and-arab-countries-open-call-08-2025-%f0%9f%8e%89/?lang=en
ok       15614ms MISS https://kerenmakor.org.il/<!DOCTYPE
ok       16921ms MISS https://kerenmakor.org.il/declaration/sudents_ai_impact_01-2026/
ok       17970ms MISS https://kerenmakor.org.il/declaration/short_animation-01-2026/
ok       34491ms MISS https://kerenmakor.org.il/declaration/doco-01-2026/
ok       30867ms MISS https://kerenmakor.org.il/?post_type=declaration&p=18105
ok       38516ms MISS https://kerenmakor.org.il/films_cat/%d7%aa%d7%99%d7%a2%d7%95%d7%93%d7%99-en/?lang=en
ok       31374ms MISS https://kerenmakor.org.il/?post_type=declaration&p=17833
ok       15205ms MISS https://kerenmakor.org.il/?post_type=declaration&p=17567
ok       13407ms MISS https://kerenmakor.org.il/?post_type=declaration&p=17557
ok       11688ms MISS https://kerenmakor.org.il/?post_type=declaration&p=15824
ok        4382ms MISS https://kerenmakor.org.il/?post_type=declaration&p=15854
ok        7607ms MISS https://kerenmakor.org.il/?post_type=declaration&p=13211
ok        7408ms MISS https://kerenmakor.org.il/?post_type=declaration&p=11301
ok        8369ms MISS https://kerenmakor.org.il/?post_type=declaration&p=13424
ok       11504ms MISS https://kerenmakor.org.il/?post_type=declaration&p=11249
ok       11576ms MISS https://kerenmakor.org.il/?post_type=declaration&p=10871
ok       11218ms MISS https://kerenmakor.org.il/?post_type=declaration&p=9896
ok        7517ms MISS https://kerenmakor.org.il/?post_type=declaration&p=9778
ok        7695ms MISS https://kerenmakor.org.il/?post_type=declaration&p=9200
ok        7704ms MISS https://kerenmakor.org.il/?post_type=declaration&p=8591
ok        7757ms MISS https://kerenmakor.org.il/?post_type=declaration&p=9796
ok       11188ms MISS https://kerenmakor.org.il/?post_type=declaration&p=8544
ok       10896ms MISS https://kerenmakor.org.il/?post_type=declaration&p=8057
ok       11735ms MISS https://kerenmakor.org.il/?post_type=declaration&p=13421
ok       10994ms MISS https://kerenmakor.org.il/?post_type=declaration&p=7918
ok       11385ms MISS https://kerenmakor.org.il/?post_type=declaration&p=7720
ok       11510ms MISS https://kerenmakor.org.il/?post_type=declaration&p=6854
ok       11395ms MISS https://kerenmakor.org.il/?post_type=declaration&p=6845
ok       14911ms MISS https://kerenmakor.org.il/?post_type=declaration&p=7919
ok        4092ms MISS https://kerenmakor.org.il/?p=17557&post_type=declaration
ok        4295ms MISS https://kerenmakor.org.il/?p=18105&post_type=declaration
ok        4392ms MISS https://kerenmakor.org.il/?p=17833&post_type=declaration
ok        8098ms MISS https://kerenmakor.org.il/?p=15854&post_type=declaration
ok        7705ms MISS https://kerenmakor.org.il/?p=17567&post_type=declaration
ok        4274ms MISS https://kerenmakor.org.il/?p=13421&post_type=declaration
ok        4019ms MISS https://kerenmakor.org.il/?p=13211&post_type=declaration
ok        3692ms MISS https://kerenmakor.org.il/?p=11301&post_type=declaration
ok        3691ms MISS https://kerenmakor.org.il/?p=11249&post_type=declaration
ok        7184ms MISS https://kerenmakor.org.il/?p=13424&post_type=declaration
ok        4096ms MISS https://kerenmakor.org.il/?p=9896&post_type=declaration
ok        3691ms MISS https://kerenmakor.org.il/?p=9796&post_type=declaration
ok        3785ms MISS https://kerenmakor.org.il/?p=9778&post_type=declaration
ok        4462ms MISS https://kerenmakor.org.il/?p=16641&post_type=declaration
ok        8084ms MISS https://kerenmakor.org.il/?p=10871&post_type=declaration
ok       11516ms MISS https://kerenmakor.org.il/?p=9200&post_type=declaration
ok       11582ms MISS https://kerenmakor.org.il/?p=8591&post_type=declaration
ok       12557ms MISS https://kerenmakor.org.il/?p=15824&post_type=declaration
ok       15702ms MISS https://kerenmakor.org.il/?p=8544&post_type=declaration
ok       16054ms MISS https://kerenmakor.org.il/?post_type=declaration&p=16641
ok       19407ms MISS https://kerenmakor.org.il/?p=8057&post_type=declaration
ok       19800ms MISS https://kerenmakor.org.il/?p=7919&post_type=declaration
ok       17899ms MISS https://kerenmakor.org.il/?p=7918&post_type=declaration
ok       17486ms MISS https://kerenmakor.org.il/?p=7720&post_type=declaration
ok       13878ms MISS https://kerenmakor.org.il/?p=6845&post_type=declaration
ok       13302ms MISS https://kerenmakor.org.il/%D7%98%D7%A4%D7%A1%D7%99%D7%9D/
ok       14589ms MISS https://kerenmakor.org.il/%D7%98%D7%95%D7%A4%D7%A1-%D7%94%D7%A8%D7%A9%D7%9E%D7%94/
ok       14722ms MISS https://kerenmakor.org.il/%D7%9E%D7%A2%D7%A8%D7%9B%D7%AA-%D7%9C%D7%A0%D7%99%D7%94%D7%95%D7%9C-%D7%98%D7%A4%D7%A1%D7%99-%D7%AA%D7%9E%D7%99%D7%9B%D7%94-%D7%95%D7%A1%D7%92%D7%99%D7%A8%D7%AA-%D7%A4%D7%A8%D7%95%D7%99%D7%A7%D7%98/
ok       10918ms MISS https://kerenmakor.org.il/%D7%91%D7%93%D7%99%D7%A7%D7%94-%D7%A9%D7%9C-%D7%94%D7%96%D7%9E%D7%9F/
ok       11225ms MISS https://kerenmakor.org.il/%d7%98%d7%a4%d7%a1%d7%99%d7%9d/
ok        8823ms MISS https://kerenmakor.org.il/home/procedures-at-the-foundation/?lang=en#piska-13
ok       13391ms MISS https://kerenmakor.org.il/%D7%A6%D7%95%D7%A8-%D7%A7%D7%A9%D7%A8/
ok       14085ms MISS https://kerenmakor.org.il/home/%d7%a0%d7%94%d7%9c%d7%99-%d7%94%d7%a7%d7%a8%d7%9f/#piska-13
ok       12693ms MISS https://kerenmakor.org.il/home/%D7%A0%D7%94%D7%9C%D7%99-%D7%94%D7%A7%D7%A8%D7%9F/
ok       14383ms MISS https://kerenmakor.org.il/%d7%94%d7%92%d7%a9%d7%aa-%d7%a7%d7%95%d7%9c%d7%95%d7%aa-%d7%a7%d7%95%d7%a8%d7%90%d7%99%d7%9d/
ok       14978ms MISS https://kerenmakor.org.il/?p=6854&post_type=declaration
ok       18160ms MISS https://kerenmakor.org.il/home/%d7%a0%d7%94%d7%9c%d7%99-%d7%94%d7%a7%d7%a8%d7%9f/
ok       18074ms MISS https://kerenmakor.org.il/congratulations-to-the-2025-israel-documentary-forum-awards-winners-%e2%9d%a4%ef%b8%8f%f0%9f%91%8f/?lang=en
ok       18275ms MISS https://kerenmakor.org.il/feature-animation-development-studio-congratulations-to-the-selected-projects-%f0%9f%8c%b8/?lang=en
ok       15996ms MISS https://kerenmakor.org.il/eddie-and-i-%e2%9d%a4%ef%b8%8f/?lang=en
ok       15828ms MISS https://kerenmakor.org.il/congratulations-%e2%9d%a4%ef%b8%8f/?lang=en
ok       15406ms MISS https://kerenmakor.org.il/films/kichka-telling-myself/?lang=en
ok       15485ms MISS https://kerenmakor.org.il/congratulations-%f0%9f%92%90/?lang=en
ok       18562ms MISS https://kerenmakor.org.il/good-luck-to-the-finalist-films-in-the-2025-ophir-awards-competition-%f0%9f%a5%82/?lang=en
ok       19287ms MISS https://kerenmakor.org.il/congratulations-rona-segal-%e2%9d%a4%ef%b8%8f/?lang=en
ok       19113ms MISS https://kerenmakor.org.il/congratulations-to-galia-osmo-%e2%9d%a4%ef%b8%8f/?lang=en
ok       19419ms MISS https://kerenmakor.org.il/%d7%9e%d7%a4%d7%92%d7%a9-%d7%a9%d7%90%d7%9c%d7%95%d7%aa-%d7%95%d7%aa%d7%a9%d7%95%d7%91%d7%95%d7%aa-%d7%9c%d7%a7%d7%95%d7%9c-%d7%a7%d7%95%d7%a8%d7%90-%d7%94%d7%97%d7%93%d7%a9-%d7%9c%d7%a6%d7%99%d7%95/
ok       19395ms MISS https://kerenmakor.org.il/%d7%a7%d7%95%d7%9c-%d7%a7%d7%95%d7%a8%d7%90-%d7%9c%d7%90%d7%a0%d7%aa%d7%95%d7%9c%d7%95%d7%92%d7%99%d7%94-%d7%93%d7%95%d7%a7%d7%95%d7%9e%d7%a0%d7%98%d7%a8%d7%99%d7%aa-%d7%9c%d7%a9%d7%a0%d7%aa-%d7%94-80/
ok       15802ms MISS https://kerenmakor.org.il/%d7%a7%d7%95%d7%9c-%d7%a7%d7%95%d7%a8%d7%90-%d7%9c%d7%92%d7%99%d7%9c%d7%99%d7%95%d7%9f-%d7%94%d7%a7%d7%a6%d7%a8-%d7%a9%d7%9c-%d7%aa%d7%a7%d7%a8%d7%99%d7%91-%d7%9b%d7%aa%d7%91-%d7%a2%d7%aa-%d7%9c/
ok       14005ms MISS https://kerenmakor.org.il/%d7%92%d7%99%d7%9c%d7%99%d7%95%d7%9f-%d7%97%d7%93%d7%a9-%d7%9c%d7%aa%d7%a7%d7%a8%d7%99%d7%91-%d7%9b%d7%aa%d7%91-%d7%a2%d7%aa-%d7%9c%d7%a7%d7%95%d7%9c%d7%a0%d7%95%d7%a2-%d7%93%d7%95%d7%a7%d7%95%d7%9e/
ok       22893ms MISS https://kerenmakor.org.il/films/%d7%90%d7%93%d7%99-%d7%95%d7%90%d7%a0%d7%99/
ok        7583ms MISS https://kerenmakor.org.il/films/%d7%95%d7%95%d7%99%d7%a0%d7%98%d7%a8%d7%90%d7%95%d7%91%d7%a8/
ok        7901ms MISS https://kerenmakor.org.il/%d7%91%d7%a8%d7%9b%d7%95%d7%aa-%d7%9c%d7%99%d7%95%d7%a6%d7%a8%d7%99-%d7%95%d7%95%d7%99%d7%a0%d7%98%d7%a8%d7%90%d7%95%d7%91%d7%a8/
ok        7192ms MISS https://kerenmakor.org.il/%d7%a1%d7%99%d7%9b%d7%95%d7%9d-%d7%a2%d7%a8%d7%91-%d7%97%d7%a9%d7%99%d7%a4%d7%94-%d7%9c%d7%a7%d7%95%d7%9c%d7%a0%d7%95%d7%a2-%d7%91-360-%d7%91%d7%a7%d7%aa%d7%93%d7%a8%d7%94-%d7%91%d7%a8%d7%9e/
ok        5893ms MISS https://kerenmakor.org.il/%d7%a4%d7%a8%d7%a1%d7%99-%d7%94%d7%90%d7%a7%d7%93%d7%9e%d7%99%d7%94-%d7%9c%d7%98%d7%9c%d7%95%d7%95%d7%99%d7%96%d7%99%d7%94-2025/
ok        9102ms MISS https://kerenmakor.org.il/films/%d7%9b%d7%95%d7%95%d7%a8%d7%aa-%d7%a0%d7%aa%d7%aa%d7%99-%d7%9c%d7%94-%d7%97%d7%99%d7%99/
ok       11790ms MISS https://kerenmakor.org.il/%d7%94%d7%90%d7%a8%d7%9b%d7%aa-%d7%9e%d7%95%d7%a2%d7%93-%d7%94%d7%94%d7%92%d7%a9%d7%94-%d7%a7%d7%95%d7%9c-%d7%a7%d7%95%d7%a8%d7%90-%d7%aa%d7%a2%d7%95%d7%93%d7%94-01-2026/
ok       15114ms MISS https://kerenmakor.org.il/%d7%9e%d7%94-%d7%96%d7%94-%d7%a7%d7%95%d7%9c%d7%a0%d7%95%d7%a2-%d7%91-360/
ok       20616ms MISS https://kerenmakor.org.il/films/%d7%a1%d7%99%d7%a0%d7%93%d7%a8%d7%95%d7%9d-%d7%a2%d7%96%d7%94/
ok        3893ms MISS https://kerenmakor.org.il/%d7%91%d7%a8%d7%9b%d7%95%d7%aa-%d7%9c%d7%99%d7%95%d7%a6%d7%a8%d7%99-%d7%94%d7%a1%d7%93%d7%a8%d7%94-%d7%a1%d7%99%d7%a0%d7%93%d7%a8%d7%95%d7%9d-%d7%a2%d7%96%d7%94/
ok        4393ms MISS https://kerenmakor.org.il/%d7%99%d7%95%d7%9d-%d7%aa%d7%a2%d7%a9%d7%99%d7%99%d7%94-%d7%a4%d7%aa%d7%95%d7%97-%d7%a7%d7%95%d7%9c%d7%a0%d7%95%d7%a2-%d7%91%d7%9e%d7%a8%d7%97%d7%91-%d7%94%d7%95%d7%95%d7%99%d7%a8%d7%98%d7%95%d7%90/
ok        3675ms MISS https://kerenmakor.org.il/%d7%99%d7%95%d7%9d-%d7%aa%d7%a2%d7%a9%d7%99%d7%99%d7%94-%d7%a4%d7%aa%d7%95%d7%97-%d7%a2%d7%9c-%d7%a7%d7%95%d7%9c%d7%a0%d7%95%d7%a2-%d7%91%d7%9e%d7%a8%d7%97%d7%91-%d7%94%d7%95%d7%95%d7%99%d7%a8%d7%98-2/
ok        3902ms MISS https://kerenmakor.org.il/%d7%99%d7%95%d7%9d-%d7%aa%d7%a2%d7%a9%d7%99%d7%99%d7%94-%d7%a4%d7%aa%d7%95%d7%97-%d7%a2%d7%9c-%d7%a7%d7%95%d7%9c%d7%a0%d7%95%d7%a2-%d7%91%d7%9e%d7%a8%d7%97%d7%91-%d7%94%d7%95%d7%95%d7%99%d7%a8%d7%98/
ok        4886ms MISS https://kerenmakor.org.il/%d7%a7%d7%a6%d7%a8-%d7%90%d7%a0%d7%99%d7%9e%d7%a6%d7%99%d7%94-2026-%d7%94%d7%90%d7%a8%d7%9b%d7%a0%d7%95-%d7%90%d7%aa-%d7%9e%d7%95%d7%a2%d7%93-%d7%94%d7%94%d7%92%d7%a9%d7%94/
ok        7898ms MISS https://kerenmakor.org.il/%d7%a7%d7%95%d7%9c-%d7%a7%d7%95%d7%a8%d7%90-%d7%aa%d7%a2%d7%95%d7%93%d7%94-01-2026/
ok       10467ms MISS https://kerenmakor.org.il/%d7%91%d7%a8%d7%9b%d7%95%d7%aa-%d7%9c%d7%a6%d7%95%d7%95%d7%aa%d7%99-%d7%94%d7%a4%d7%a8%d7%95%d7%99%d7%a7%d7%98%d7%99%d7%9d-%d7%94%d7%a0%d7%91%d7%97%d7%a8%d7%99%d7%9d-%d7%91%d7%9e%d7%a1%d7%92%d7%a8/
ok       11109ms MISS https://kerenmakor.org.il/%d7%9e%d7%95%d7%a2%d7%9e%d7%93%d7%95%d7%99%d7%95%d7%aa-%d7%9e%d7%a9%d7%9e%d7%97%d7%95%d7%aa-%d7%9c%d7%a4%d7%a8%d7%a1%d7%99-sima-social-impact-media-awards/
ok        4084ms MISS https://kerenmakor.org.il/%d7%a7%d7%95%d7%9c-%d7%a7%d7%95%d7%a8%d7%90-%d7%a7%d7%a6%d7%a8-%d7%90%d7%a0%d7%99%d7%9e%d7%a6%d7%99%d7%94-4/
ok       15599ms MISS https://kerenmakor.org.il/%d7%a6%d7%99%d7%a4%d7%99%d7%95%d7%aa-%d7%9e%d7%95%d7%a2%d7%9e%d7%93-%d7%9c%d7%a4%d7%a8%d7%a1-annie/
ok       14604ms MISS https://kerenmakor.org.il/films/%d7%a6%d7%99%d7%a4%d7%99%d7%95%d7%aa/
ok       17409ms MISS https://kerenmakor.org.il/%d7%91%d7%a8%d7%9b%d7%95%d7%aa-%d7%9c%d7%a1%d7%a8%d7%98%d7%99-%d7%9e%d7%a2%d7%91%d7%93%d7%aa-%d7%a7%d7%a6%d7%a8%d7%99%d7%9d-%d7%9c%d7%a9%d7%9d-%d7%a9%d7%99%d7%a0%d7%95%d7%99/
ok       24440ms MISS https://kerenmakor.org.il/films/%d7%a4%d7%99%d7%a8%d7%95%d7%90/
ok       15477ms MISS https://kerenmakor.org.il/%d7%a7%d7%95%d7%9c-%d7%a7%d7%95%d7%a8%d7%90-%d7%a1%d7%a8%d7%98%d7%99-%d7%92%d7%9e%d7%a8-%d7%a1%d7%98%d7%95%d7%93%d7%a0%d7%98%d7%99%d7%9d-%d7%97%d7%9e%d7%9e%d7%aa-%d7%90%d7%99%d7%9e%d7%a4%d7%a7%d7%98/
ok        5774ms MISS https://kerenmakor.org.il/%d7%91%d7%a8%d7%9b%d7%95%d7%aa-%d7%97%d7%9e%d7%95%d7%aa-%d7%9c%d7%96%d7%95%d7%9b%d7%95%d7%aa-%d7%95%d7%9c%d7%96%d7%95%d7%9b%d7%99%d7%9d-%d7%91%d7%a4%d7%a8%d7%a1%d7%99-%d7%94%d7%a4%d7%95%d7%a8%d7%95/
ok        6537ms MISS https://kerenmakor.org.il/%d7%97%d7%9e%d7%9e%d7%aa-%d7%a1%d7%98%d7%95%d7%93%d7%a0%d7%98%d7%99%d7%9d-%d7%90%d7%99%d7%9e%d7%a4%d7%a7%d7%98-%d7%95-ai-%d7%99%d7%95%d7%a6%d7%90%d7%aa-%d7%9c%d7%93%d7%a8%d7%9a/
ok        8038ms MISS https://kerenmakor.org.il/films/%d7%94%d7%9e%d7%95%d7%a9%d7%9c/
ok        7171ms MISS https://kerenmakor.org.il/films/%d7%92%d7%99%d7%99%d7%9d-%d7%a6%d7%99%d7%99%d7%a0%d7%92%d7%a8/
ok       11580ms MISS https://kerenmakor.org.il/%d7%91%d7%a8%d7%9b%d7%95%d7%aa-%d7%9c%d7%a7%d7%a8%d7%90%d7%aa-%d7%98%d7%a7%d7%a1-%d7%a4%d7%a8%d7%a1%d7%99-%d7%94%d7%a4%d7%95%d7%a8%d7%95%d7%9d-%d7%94%d7%93%d7%95%d7%a7%d7%95%d7%9e%d7%a0%d7%98%d7%a8/
ok       11535ms MISS https://kerenmakor.org.il/films/%d7%a7%d7%99%d7%a9%d7%a7%d7%94-%d7%9e%d7%a1%d7%a4%d7%a8-%d7%90%d7%aa-%d7%a2%d7%a6%d7%9e%d7%99/
ok       13073ms MISS https://kerenmakor.org.il/films/%d7%a9%d7%95%d7%98%d7%99%d7%a0%d7%92/
ok       15882ms MISS https://kerenmakor.org.il/films/%d7%a9%d7%95%d7%9d-%d7%93%d7%91%d7%a8-%d7%9e%d7%99%d7%95%d7%97%d7%93/
ok       19677ms MISS https://kerenmakor.org.il/films/%d7%90%d7%95%d7%a8%d7%a0%d7%94-%d7%95%d7%90%d7%9c%d7%94/
ok       33346ms MISS https://kerenmakor.org.il/films/%d7%95%d7%99%d7%a0%d7%99-%d7%90%d7%99%d7%a4%d7%94-%d7%99%d7%93%d7%99%d7%93%d7%94/
ok       34657ms MISS https://kerenmakor.org.il/%d7%a4%d7%a1%d7%98%d7%99%d7%91%d7%9c-%d7%a1%d7%95%d7%9c%d7%99%d7%93%d7%a8%d7%99%d7%95%d7%aa-%d7%9c%d7%a7%d7%95%d7%9c%d7%a0%d7%95%d7%a2-%d7%95%d7%96%d7%9b%d7%95%d7%99%d7%95%d7%aa-%d7%90%d7%93%d7%9d-20/
ok       22227ms MISS https://kerenmakor.org.il/films/%d7%90%d7%a9%d7%aa%d7%95/
ok       25114ms MISS https://kerenmakor.org.il/films/%d7%a4%d7%99%d7%9c-%d7%91%d7%9e%d7%93%d7%91%d7%a8/
ok       42051ms MISS https://kerenmakor.org.il/films/%d7%9c%d7%95%d7%95%d7%99%d7%aa%d7%9f/
ok       15713ms MISS https://kerenmakor.org.il/%d7%a4%d7%a1%d7%98%d7%99%d7%91%d7%9c-%d7%a7%d7%95%d7%9c%d7%a0%d7%95%d7%a2-%d7%92%d7%9c%d7%99%d7%9c-2025/
ok       18098ms MISS https://kerenmakor.org.il/films/%d7%94%d7%a6%d7%99%d7%a4%d7%95%d7%a8-%d7%a9%d7%a8%d7%a6%d7%aa%d7%94/
ok       13980ms MISS https://kerenmakor.org.il/films/%d7%a8%d7%95%d7%9e%d7%90/
ok       13993ms MISS https://kerenmakor.org.il/films/%d7%94%d7%aa%d7%94-%d7%a9%d7%9c-%d7%93%d7%9c%d7%99%d7%94-%d7%9e%d7%98%d7%99%d7%9c-%d7%a6%d7%9c-%d7%a2%d7%9c-%d7%94%d7%a8-%d7%a4%d7%95%d7%92%d7%99/
ok       21575ms MISS https://kerenmakor.org.il/films/%d7%93%d7%9d-%d7%99%d7%95%d7%a0%d7%99%d7%9d/
ok       13983ms MISS https://kerenmakor.org.il/%d7%9b%d7%a0%d7%a1%d7%99%d7%9d-%d7%95%d7%90%d7%99%d7%a8%d7%95%d7%a2%d7%99%d7%9d-%d7%94%d7%9b%d7%95%d7%9c-%d7%96%d7%9e%d7%99%d7%9f-%d7%9c%d7%a6%d7%a4%d7%99%d7%99%d7%94-%d7%97%d7%95%d7%a4%d7%a9%d7%99/
ok       12810ms MISS https://kerenmakor.org.il/%d7%a4%d7%a1%d7%98%d7%99%d7%91%d7%9c-%d7%93%d7%95%d7%a7%d7%90%d7%91%d7%99%d7%91-%d7%92%d7%9c%d7%99%d7%9c/
ok       10496ms MISS https://kerenmakor.org.il/%d7%97%d7%9e%d7%9e%d7%aa-%d7%9e%d7%a2%d7%91%d7%93%d7%aa-%d7%9e%d7%a7%d7%95%d7%a8-%d7%9e%d7%93%d7%99%d7%94-11-2025/
ok       16521ms MISS https://kerenmakor.org.il/%d7%99%d7%95%d7%9d-%d7%aa%d7%a2%d7%a9%d7%99%d7%99%d7%94-%d7%a4%d7%aa%d7%95%d7%97-%d7%94%d7%a1%d7%99%d7%a4%d7%95%d7%a8-%d7%94%d7%a7%d7%95%d7%9c%d7%a0%d7%95%d7%a2%d7%99-%d7%91%d7%98%d7%9b%d7%a0%d7%95/
ok       22694ms MISS https://kerenmakor.org.il/films/%d7%a2%d7%9e%d7%9c%d7%99%d7%9d/
ok        5716ms MISS https://kerenmakor.org.il/%d7%a1%d7%99%d7%9b%d7%95%d7%9d-%d7%90%d7%99%d7%a8%d7%95%d7%a2-%d7%a4%d7%95%d7%a7%d7%95%d7%a1-vr/
ok        8602ms MISS https://kerenmakor.org.il/%d7%a7%d7%95%d7%9c-%d7%a7%d7%95%d7%a8%d7%90-%d7%93%d7%95%d7%a7%d7%95-%d7%a7%d7%a6%d7%a8-%d7%91%d7%97%d7%99%d7%a8%d7%94-%d7%91%d7%a8%d7%99%d7%97%d7%94-%d7%99%d7%95%d7%a6%d7%90%d7%99%d7%9d-%d7%9c/
ok       12699ms MISS https://kerenmakor.org.il/%d7%a4%d7%a1%d7%98%d7%99%d7%91%d7%9c-%d7%a7%d7%95%d7%9c%d7%a0%d7%95%d7%a2-%d7%a9%d7%95%d7%9e%d7%a8%d7%95%d7%9f-2025/
ok       12290ms MISS https://kerenmakor.org.il/films/%d7%9e%d7%9c%d7%90%d7%9b%d7%99/
ok        9768ms MISS https://kerenmakor.org.il/%d7%a1%d7%98%d7%95%d7%93%d7%99%d7%95-%d7%9c%d7%a4%d7%99%d7%aa%d7%95%d7%97-%d7%a1%d7%a8%d7%98%d7%99-%d7%90%d7%a0%d7%99%d7%9e%d7%a6%d7%99%d7%94-%d7%91%d7%90%d7%95%d7%a8%d7%9a-%d7%9e%d7%9c%d7%90-%d7%91/
ok       10690ms MISS https://kerenmakor.org.il/films/%d7%91%d7%95%d7%97%d7%9f-%d7%9b%d7%9c%d7%99%d7%95%d7%aa/
ok       10212ms MISS https://kerenmakor.org.il/films/%d7%9e%d7%96%d7%9c-%d7%93%d7%92%d7%99%d7%9d/
ok        7984ms MISS https://kerenmakor.org.il/films/%d7%98%d7%a2%d7%9d-%d7%92%d7%9f-%d7%a2%d7%93%d7%9f/
ok       13303ms MISS https://kerenmakor.org.il/%d7%a4%d7%a1%d7%98%d7%99%d7%91%d7%9c-%d7%a7%d7%95%d7%9c%d7%a0%d7%95%d7%a2-%d7%93%d7%a8%d7%95%d7%9d-2025/
ok       19495ms MISS https://kerenmakor.org.il/films/%d7%a1%d7%90%d7%a0%d7%93%d7%99%d7%99/
ok       11896ms MISS https://kerenmakor.org.il/films/%d7%94%d7%9e%d7%91%d7%a8%d7%99%d7%97%d7%99%d7%9d/
ok       11195ms MISS https://kerenmakor.org.il/films/%d7%9b%d7%9e%d7%94-%d7%94%d7%a2%d7%a8%d7%95%d7%aa-%d7%a2%d7%9c-%d7%94%d7%9e%d7%a6%d7%91/
ok       11807ms MISS https://kerenmakor.org.il/films/%d7%90%d7%99%d7%a4%d7%94-%d7%94%d7%99%d7%99%d7%aa-%d7%91%d7%94%d7%aa%d7%a0%d7%aa%d7%a7%d7%95%d7%aa/
ok       18076ms MISS https://kerenmakor.org.il/films/%d7%94%d7%9e%d7%a4%d7%aa%d7%97/
ok       11094ms MISS https://kerenmakor.org.il/films/%d7%90%d7%95%d7%90%d7%96%d7%99%d7%a1/
ok       10602ms MISS https://kerenmakor.org.il/films/%d7%a9%d7%9e%d7%95%d7%a0%d7%99%d7%a1%d7%98%d7%99%d7%9d/
ok       11666ms MISS https://kerenmakor.org.il/%d7%a4%d7%a1%d7%98%d7%99%d7%91%d7%9c-%d7%a1%d7%a8%d7%98%d7%99-%d7%a0%d7%a9%d7%99%d7%9d-%d7%91%d7%99%d7%a8%d7%95%d7%a9%d7%9c%d7%99%d7%9d-2025/
ok       15566ms MISS https://kerenmakor.org.il/anination-%d7%a4%d7%a1%d7%98%d7%99%d7%91%d7%9c-%d7%94%d7%90%d7%a0%d7%99%d7%9e%d7%a6%d7%99%d7%94-%d7%94%d7%91%d7%99%d7%a0%d7%9c%d7%90%d7%95%d7%9e%d7%99-%d7%99%d7%a8%d7%95%d7%a9%d7%9c%d7%99%d7%9d/
ok       16940ms MISS https://kerenmakor.org.il/films/%d7%a9%d7%9b%d7%91%d7%95%d7%aa/
ok        6419ms MISS https://kerenmakor.org.il/films/%d7%93%d7%99%d7%99%d7%98%d7%a8%d7%99%d7%a4/
ok        7880ms MISS https://kerenmakor.org.il/%d7%94%d7%a4%d7%a1%d7%98%d7%99%d7%91%d7%9c-%d7%94%d7%91%d7%99%d7%a0%d7%9c%d7%90%d7%95%d7%9e%d7%99-%d7%9c%d7%a7%d7%95%d7%9c%d7%a0%d7%95%d7%a2-%d7%92%d7%90%d7%94-2025/
ok       10876ms MISS https://kerenmakor.org.il/%d7%93%d7%9d-%d7%99%d7%95%d7%a0%d7%99%d7%9d-%d7%96%d7%95%d7%9b%d7%94-%d7%a4%d7%a8%d7%a1-%d7%94%d7%a2%d7%a8%d7%99%d7%9b%d7%94-jwff/
ok       11099ms MISS https://kerenmakor.org.il/films/%d7%9b%d7%99%d7%a4%d7%95%d7%a8/
ok       12974ms MISS https://kerenmakor.org.il/%d7%9b%d7%9e%d7%94-%d7%94%d7%a2%d7%a8%d7%95%d7%aa-%d7%a2%d7%9c-%d7%94%d7%9e%d7%a6%d7%91-%d7%96%d7%95%d7%9b%d7%94-%d7%a4%d7%a8%d7%a1-%d7%97%d7%91%d7%a8-%d7%94%d7%a9%d7%95%d7%a4%d7%98%d7%99%d7%9d-%d7%91/
ok       12947ms MISS https://kerenmakor.org.il/%d7%99%d7%95%d7%9d-%d7%aa%d7%a2%d7%a9%d7%99%d7%99%d7%94-%d7%a4%d7%aa%d7%95%d7%97-%d7%a2%d7%9c-%d7%94%d7%a1%d7%99%d7%a4%d7%95%d7%a8-%d7%94%d7%a7%d7%95%d7%9c%d7%a0%d7%95%d7%a2%d7%99-%d7%91%d7%98%d7%9b/
ok       14926ms MISS https://kerenmakor.org.il/%d7%a1%d7%99%d7%9b%d7%95%d7%9d-%d7%90%d7%99%d7%a8%d7%95%d7%a2-%d7%94%d7%a4%d7%99%d7%a6%d7%99%d7%a0%d7%92-%d7%a9%d7%9c-%d7%94%d7%97%d7%9e%d7%9e%d7%94-%d7%9c%d7%a4%d7%99%d7%aa%d7%95%d7%97-%d7%93%d7%95/
ok       17693ms MISS https://kerenmakor.org.il/films/%d7%94%d7%9e%d7%9c%d7%97%d7%9e%d7%95%d7%aa-%d7%a9%d7%9c-%d7%92%d7%a0%d7%99/
ok       15196ms MISS https://kerenmakor.org.il/%d7%a4%d7%a1%d7%98%d7%99%d7%91%d7%9c-%d7%94%d7%a1%d7%a8%d7%98%d7%99%d7%9d-%d7%94%d7%91%d7%99%d7%a0%d7%9c%d7%90%d7%95%d7%9e%d7%99-%d7%97%d7%99%d7%a4%d7%94-2025/
ok       11375ms MISS https://kerenmakor.org.il/%d7%a9%d7%a0%d7%94-%d7%98%d7%95%d7%91%d7%94-%f0%9f%8c%b8/
ok       10795ms MISS https://kerenmakor.org.il/%d7%91%d7%a8%d7%9b%d7%95%d7%aa-%d7%9c%d7%96%d7%95%d7%9b%d7%99%d7%9d-%d7%95%d7%aa-%d7%91%d7%a4%d7%a8%d7%a1-%d7%90%d7%95%d7%a4%d7%99%d7%a8-%d7%9c%d7%a9%d7%a0%d7%aa-2025/
ok       10189ms MISS https://kerenmakor.org.il/%d7%a1%d7%98%d7%95%d7%93%d7%99%d7%95-%d7%9c%d7%a4%d7%99%d7%aa%d7%95%d7%97-%d7%a1%d7%a8%d7%98%d7%99-%d7%90%d7%a0%d7%99%d7%9e%d7%a6%d7%99%d7%94-%d7%91%d7%90%d7%95%d7%a8%d7%9a-%d7%9e%d7%9c%d7%90-%d7%94/
ok       13691ms MISS https://kerenmakor.org.il/films/%d7%97%d7%a6%d7%95%d7%99%d7%95%d7%aa-%d7%94%d7%97%d7%99%d7%99%d7%9d-%d7%91%d7%a2%d7%a8%d7%99%d7%9d-%d7%94%d7%9e%d7%a2%d7%95%d7%a8%d7%91%d7%95%d7%aa-%d7%91%d7%99%d7%a9%d7%a8%d7%90%d7%9c/
ok        7922ms MISS https://kerenmakor.org.il/films/%d7%9e%d7%aa%d7%95%d7%9a-%d7%a9%d7%99%d7%a0%d7%94/
ok        7072ms MISS https://kerenmakor.org.il/%d7%aa%d7%96%d7%9b%d7%95%d7%a8%d7%aa-%d7%aa%d7%96%d7%9b%d7%95%d7%a8%d7%aa-%d7%aa%d7%96%d7%9b%d7%95%d7%a8%d7%aa/
ok        7603ms MISS https://kerenmakor.org.il/%d7%a4%d7%a1%d7%98%d7%99%d7%91%d7%9c-%d7%a7%d7%a6%d7%94-2025/
ok        8589ms MISS https://kerenmakor.org.il/films/%d7%94%d7%9c%d7%a7%d7%95%d7%97%d7%94/
ok        7290ms MISS https://kerenmakor.org.il/%d7%9e%d7%97%d7%a8-%d7%91%d7%a2%d7%a8%d7%91-%d7%91%d7%a1%d7%99%d7%a0%d7%9e%d7%98%d7%a7-%d7%a8%d7%90%d7%a9-%d7%a4%d7%99%d7%a0%d7%94-%d7%a2%d7%9e%d7%9c%d7%99%d7%9d-%f0%9f%90%9d/
ok       10732ms MISS https://kerenmakor.org.il/%d7%9c%d7%99%d7%9c-%d7%a1%d7%a8%d7%98%d7%99%d7%9d-%d7%a7%d7%a6%d7%a8%d7%99%d7%9d-%d7%91%d7%9e%d7%9b%d7%95%d7%9f-%d7%94%d7%a6%d7%a8%d7%a4%d7%aa%d7%99/
ok       10491ms MISS https://kerenmakor.org.il/%d7%90%d7%99%d7%a8%d7%95%d7%a2-%d7%a4%d7%99%d7%a6%d7%99%d7%a0%d7%92-%d7%a7%d7%a6%d7%a8-%d7%90%d7%a0%d7%99%d7%9e%d7%a6%d7%99%d7%94/
ok       12510ms MISS https://kerenmakor.org.il/%d7%94%d7%a4%d7%a1%d7%98%d7%99%d7%91%d7%9c-%d7%94%d7%91%d7%99%d7%a0%d7%9c%d7%90%d7%95%d7%9e%d7%99-%d7%9c%d7%a1%d7%a8%d7%98%d7%99-%d7%a1%d7%98%d7%95%d7%93%d7%a0%d7%98%d7%99%d7%95%d7%aa-%d7%95%d7%a1/
ok       13796ms MISS https://kerenmakor.org.il/%d7%91%d7%a8%d7%9b%d7%95%d7%aa-%d7%9c%d7%96%d7%95%d7%9b%d7%99%d7%9d-%d7%95%d7%aa-%d7%91%d7%a4%d7%a1%d7%98%d7%99%d7%91%d7%9c-%d7%94%d7%91%d7%99%d7%a0%d7%9c%d7%90%d7%95%d7%9e%d7%99-%d7%9c%d7%a1%d7%a8/
ok       14809ms MISS https://kerenmakor.org.il/%d7%a4%d7%a1%d7%98%d7%99%d7%91%d7%9c-%d7%93%d7%95%d7%a7%d7%95%d7%98%d7%a7%d7%a1%d7%98-2025/
ok       14630ms MISS https://kerenmakor.org.il/%d7%a9%d7%99%d7%9e%d7%95-%d7%9c%d7%91-%d7%aa%d7%a0%d7%90%d7%99-%d7%94%d7%94%d7%92%d7%a9%d7%94-%d7%94%d7%95%d7%92%d7%9e%d7%a9%d7%95/
ok       12083ms MISS https://kerenmakor.org.il/%d7%94%d7%a9%d7%a7%d7%aa-%d7%94%d7%a7%d7%95%d7%9c-%d7%a7%d7%95%d7%a8%d7%90-%d7%94%d7%97%d7%93%d7%a9-%d7%9c%d7%a4%d7%99%d7%aa%d7%95%d7%97-%d7%a1%d7%a8%d7%98-%d7%90%d7%a0%d7%99%d7%9e%d7%a6%d7%99%d7%94/
ok       11995ms MISS https://kerenmakor.org.il/%d7%91%d7%94%d7%a6%d7%9c%d7%97%d7%94-%d7%9c%d7%a1%d7%a8%d7%98%d7%99-%d7%97%d7%9e%d7%99%d7%a9%d7%99%d7%95%d7%aa-%d7%94%d7%92%d7%9e%d7%a8-%d7%91%d7%aa%d7%97%d7%a8%d7%95%d7%aa-%d7%a4%d7%a8%d7%a1%d7%99/
ok       11976ms MISS https://kerenmakor.org.il/%f0%9f%93%a3-%d7%a7%d7%95%d7%9c-%d7%a7%d7%95%d7%a8%d7%90-xr-%d7%99%d7%94%d7%93%d7%95%d7%aa-%d7%90%d7%a8%d7%a6%d7%95%d7%aa-%d7%a2%d7%a8%d7%91-%d7%95%d7%94%d7%90%d7%a1%d7%9c%d7%90%d7%9d-%f0%9f%93%a3/
ok       11800ms MISS https://kerenmakor.org.il/%d7%91%d7%94%d7%a6%d7%9c%d7%97%d7%94/
ok       11914ms MISS https://kerenmakor.org.il/%d7%90%d7%93%d7%99-%d7%95%d7%90%d7%a0%d7%99-%e2%9d%a4%ef%b8%8f/
ok       12107ms MISS https://kerenmakor.org.il/%d7%94%d7%95%d7%93%d7%a2%d7%94-%d7%91%d7%93%d7%91%d7%a8-%d7%97%d7%99%d7%9c%d7%95%d7%a4%d7%99-%d7%99%d7%95%d7%a8/
ok        8077ms MISS https://kerenmakor.org.il/%d7%a2%d7%95%d7%93-%d7%96%d7%9b%d7%99%d7%95%d7%aa-%d7%9e%d7%a9%d7%9e%d7%97%d7%95%d7%aa-%d7%91%d7%a4%d7%a1%d7%98%d7%99%d7%91%d7%9c-%d7%94%d7%a7%d7%95%d7%9c%d7%a0%d7%95%d7%a2-%d7%99%d7%a8%d7%95%d7%a9/
ok        4432ms MISS https://kerenmakor.org.il/films/%d7%91%d7%a2%d7%99%d7%a0%d7%99-%d7%94%d7%a2%d7%96-%d7%94%d7%9e%d7%aa%d7%91%d7%95%d7%a0%d7%a0%d7%aa/
ok        6176ms MISS https://kerenmakor.org.il/%d7%a7%d7%95%d7%9c-%d7%a7%d7%95%d7%a8%d7%90-%d7%91%d7%97%d7%99%d7%a8%d7%94-%d7%91%d7%a8%d7%99%d7%97%d7%94-%d7%9c%d7%93%d7%95%d7%a7%d7%95-%d7%a7%d7%a6%d7%a8-%d7%91%d7%9e%d7%a1%d7%92%d7%a8%d7%aa/
ok        6891ms MISS https://kerenmakor.org.il/%d7%a9%d7%99%d7%9e%d7%95-%e2%9d%a4%ef%b8%8f/
ok        9257ms MISS https://kerenmakor.org.il/%d7%a1%d7%90%d7%a0%d7%93%d7%99%d7%99-%d7%96%d7%9b%d7%94-%d7%91%d7%a4%d7%a8%d7%a1-%d7%94%d7%a1%d7%a8%d7%98-%d7%94%d7%a2%d7%a6%d7%9e%d7%90%d7%99-%d7%94%d7%a7%d7%a6%d7%a8-%d7%94%d7%98%d7%95%d7%91-%d7%91/
ok        9325ms MISS https://kerenmakor.org.il/%d7%a2%d7%a8%d7%91-%d7%a9%d7%9c-%d7%96%d7%9b%d7%99%d7%95%d7%aa-%d7%91%d7%a4%d7%a1%d7%98%d7%99%d7%91%d7%9c-%d7%94%d7%a7%d7%95%d7%9c%d7%a0%d7%95%d7%a2-%d7%99%d7%a8%d7%95%d7%a9%d7%9c%d7%99%d7%9d/
ok       11778ms MISS https://kerenmakor.org.il/%d7%91%d7%a8%d7%9b%d7%95%d7%aa-%e2%9d%a4%ef%b8%8f-2/
ok       13701ms MISS https://kerenmakor.org.il/%d7%a4%d7%a1%d7%98%d7%99%d7%91%d7%9c-%d7%94%d7%a7%d7%95%d7%9c%d7%a0%d7%95%d7%a2-%d7%91%d7%99%d7%a8%d7%95%d7%a9%d7%9c%d7%99%d7%9d/
ok       13126ms MISS https://kerenmakor.org.il/%d7%aa%d7%97%d7%a8%d7%95%d7%aa-%d7%a4%d7%a8%d7%a1%d7%99-%d7%90%d7%95%d7%a4%d7%99%d7%a8-2025-%d7%99%d7%95%d7%a6%d7%90%d7%aa-%d7%9c%d7%93%d7%a8%d7%9a/
ok       16496ms MISS https://kerenmakor.org.il/films/%d7%94%d7%a4%d7%9c%d7%94-%d7%97%d7%95%d7%a4%d7%a9%d7%99%d7%aa/
ok       14522ms MISS https://kerenmakor.org.il/films/%d7%9e%d7%9b%d7%aa%d7%91-%d7%91%d7%9c%d7%99-%d7%9b%d7%aa%d7%95%d7%91%d7%aa/
ok       18285ms MISS https://kerenmakor.org.il/films/%d7%a6%d7%99%d7%a4%d7%95%d7%a8%d7%99%d7%9d-%d7%9e%d7%a9%d7%95%d7%a0%d7%95%d7%aa/
ok        7101ms MISS https://kerenmakor.org.il/%d7%90%d7%95%d7%9c%d7%99-%d7%aa%d7%a8%d7%a6%d7%95-%d7%9c%d7%a7%d7%97%d7%aa-%d7%a8%d7%92%d7%a2-%d7%a9%d7%9c-%d7%94%d7%a4%d7%95%d7%92%d7%94-%d7%9e%d7%94%d7%9e%d7%a6%d7%91/
ok        5517ms MISS https://kerenmakor.org.il/films/%d7%90%d7%a9%d7%aa-%d7%9c%d7%95%d7%98/
ok       12960ms MISS https://kerenmakor.org.il/films/%d7%a6%d7%a0%d7%95%d7%a2%d7%99%d7%9d/
ok       13569ms MISS https://kerenmakor.org.il/films/%d7%91%d7%95%d7%99%d7%93%d7%a2%d7%9d/
ok       19486ms MISS https://kerenmakor.org.il/films/%d7%91%d7%92%d7%99%d7%9f/
ok       18268ms MISS https://kerenmakor.org.il/%d7%a7%d7%95%d7%9c-%d7%a7%d7%95%d7%a8%d7%90-%d7%9c%d7%9e%d7%a2%d7%a0%d7%a7%d7%99-%d7%94%d7%a4%d7%a7%d7%94-%d7%91%d7%a1%d7%a8%d7%98%d7%99-%d7%92%d7%9e%d7%a8/
ok        8504ms MISS https://kerenmakor.org.il/films/%d7%93%d7%99%d7%a0%d7%94-%d7%9e%d7%9c%d7%95%d7%9c-%d7%a2%d7%95%d7%a9%d7%94-%d7%9e%d7%9c%d7%97%d7%9e%d7%94/
ok       11993ms MISS https://kerenmakor.org.il/films/%d7%94%d7%91%d7%a8-%d7%a9%d7%9c-%d7%9e%d7%95%d7%a8%d7%99%d7%a1/
ok       10394ms MISS https://kerenmakor.org.il/films/%d7%94%d7%97%d7%99%d7%95%d7%aa-%d7%94%d7%a8%d7%a2%d7%95%d7%aa-%d7%a9%d7%9c%d7%9a/
ok       15287ms MISS https://kerenmakor.org.il/films/%d7%92%d7%9c%d7%95%d7%91%d7%a1%d7%98%d7%a8-%d7%91%d7%9b%d7%a0%d7%a8%d7%aa/
ok       17390ms MISS https://kerenmakor.org.il/films/%d7%94%d7%99%d7%99%d7%a0%d7%95-%d7%a4%d7%a6%d7%a6%d7%94-%d7%9e%d7%a4%d7%95%d7%a8%d7%96%d7%aa/
ok        5396ms MISS https://kerenmakor.org.il/films/%d7%95%d7%96%d7%90%d7%aa-%d7%94%d7%a9%d7%90%d7%9c%d7%94/
ok        6213ms MISS https://kerenmakor.org.il/%d7%a6%d7%99%d7%a4%d7%99%d7%95%d7%aa-%d7%91-tisff/
ok       11976ms MISS https://kerenmakor.org.il/films/%d7%94%d7%9e%d7%92%d7%9c%d7%a9%d7%94-%d7%94%d7%a9%d7%97%d7%95%d7%a8%d7%94/
ok       10832ms MISS https://kerenmakor.org.il/films/%d7%9b%d7%90%d7%a9%d7%a8-%d7%94%d7%99%d7%99%d7%aa-%d7%90%d7%99%d7%aa%d7%99/
ok        9185ms MISS https://kerenmakor.org.il/films/%d7%94%d7%a9%d7%91%d7%aa-%d7%94%d7%a9%d7%97%d7%95%d7%a8%d7%94/
ok        9505ms MISS https://kerenmakor.org.il/films/%d7%9b%d7%99%d7%a6%d7%93-%d7%95%d7%9e%d7%93%d7%95%d7%a2-%d7%94%d7%aa%d7%a4%d7%95%d7%92%d7%92-%d7%9e%d7%a8-%d7%99%d7%94%d7%95%d7%a9%d7%95%d7%a2/
ok        9112ms MISS https://kerenmakor.org.il/films/%d7%9e%d7%a9%d7%90%d7%9c%d7%94-%d7%90%d7%97%d7%aa-%d7%90%d7%97%d7%a8%d7%95%d7%a0%d7%94/
ok       10304ms MISS https://kerenmakor.org.il/films/%d7%a1%d7%95%d7%a1-%d7%9e%d7%a7%d7%a8%d7%99%d7%a1%d7%98%d7%9c/
ok        7392ms MISS https://kerenmakor.org.il/films/%d7%a1%d7%9c%d7%9e%d7%90/
ok       11950ms MISS https://kerenmakor.org.il/films/%d7%94%d7%99%d7%a0%d7%95%d7%9e%d7%94/
ok       10213ms MISS https://kerenmakor.org.il/films/%d7%a2%d7%99%d7%9f-%d7%9c%d7%91%d7%a0%d7%94/
ok        7591ms MISS https://kerenmakor.org.il/films/%d7%a4%d7%a1%d7%a7-%d7%96%d7%9e%d7%9f/
ok        7202ms MISS https://kerenmakor.org.il/films/%d7%a4%d7%a8%d7%a4%d7%a8%d7%99%d7%9d/
ok        4596ms MISS https://kerenmakor.org.il/films/%d7%a8%d7%95%d7%a1%d7%95/
ok       11793ms MISS https://kerenmakor.org.il/films/%d7%a4%d7%9c%d7%95%d7%9e%d7%95%d7%aa/
ok        8797ms MISS https://kerenmakor.org.il/films/%d7%a9%d7%94%d7%97%d7%99%d7%99%d7%a0%d7%95/
ok        6686ms MISS https://kerenmakor.org.il/films/%d7%a9%d7%a4%d7%aa-%d7%90%d7%91/
ok        7310ms MISS https://kerenmakor.org.il/films/%d7%a7%d7%a8%d7%99%d7%a1%d7%94/
ok        5510ms MISS https://kerenmakor.org.il/%d7%93%d7%95%d7%a7%d7%90%d7%91%d7%99%d7%91-2025-%d7%91%d7%a8%d7%9b%d7%95%d7%aa-%d7%9c%d7%96%d7%95%d7%9b%d7%99%d7%9d-%d7%95%d7%aa/
ok        4678ms MISS https://kerenmakor.org.il/films/%d7%97%d7%95%d7%a7-%d7%94%d7%90%d7%91%d7%9f/
ok        4878ms MISS https://kerenmakor.org.il/%d7%a6%d7%a4%d7%99%d7%99%d7%94-%d7%97%d7%95%d7%a4%d7%a9%d7%99%d7%aa-%d7%91%d7%90%d7%99%d7%a8%d7%95%d7%a2%d7%99-%d7%94%d7%a7%d7%a8%d7%9f/
ok        7318ms MISS https://kerenmakor.org.il/films/%d7%9c%d7%91%d7%93-%d7%9e%d7%90%d7%97%d7%95%d7%a8/
ok        7794ms MISS https://kerenmakor.org.il/%d7%a4%d7%99%d7%9c-%d7%91%d7%9e%d7%93%d7%91%d7%a8/
ok        8280ms MISS https://kerenmakor.org.il/%d7%93%d7%95%d7%a7%d7%90%d7%91%d7%99%d7%91-2025/
ok       11004ms MISS https://kerenmakor.org.il/%d7%9e%d7%a4%d7%92%d7%a9-%d7%a9%d7%90%d7%9c%d7%95%d7%aa-%d7%95%d7%aa%d7%a9%d7%95%d7%91%d7%95%d7%aa-%d7%9c%d7%a6%d7%a4%d7%99%d7%99%d7%94-%d7%97%d7%95%d7%a4%d7%a9%d7%99%d7%aa/
ok       11166ms MISS https://kerenmakor.org.il/films/%d7%99%d7%a4%d7%94%d7%a4%d7%99%d7%94-%d7%95%d7%9e%d7%95%d7%90%d7%a8%d7%aa/
ok       13687ms MISS https://kerenmakor.org.il/%d7%94%d7%a6%d7%98%d7%a8%d7%a4%d7%95-%d7%90%d7%9c%d7%99%d7%a0%d7%95/
ok       15384ms MISS https://kerenmakor.org.il/%d7%9e%d7%a4%d7%92%d7%a9-%d7%a9%d7%90%d7%9c%d7%95%d7%aa-%d7%95%d7%aa%d7%a9%d7%95%d7%91%d7%95%d7%aa-%d7%a2%d7%9c-%d7%94%d7%a7%d7%95%d7%9c-%d7%a7%d7%95%d7%a8%d7%90-%d7%9c%d7%97%d7%9e%d7%9e%d7%aa-%d7%a4/
ok       15284ms MISS https://kerenmakor.org.il/%d7%99%d7%95%d7%9d-%d7%aa%d7%a2%d7%a9%d7%99%d7%99%d7%94-%d7%a4%d7%aa%d7%95%d7%97-%d7%94%d7%a8%d7%a6%d7%90%d7%95%d7%aa-%d7%96%d7%9e%d7%99%d7%a0%d7%95%d7%aa-%d7%9c%d7%a6%d7%a4%d7%99%d7%99%d7%94-%d7%97/
ok       15400ms MISS https://kerenmakor.org.il/%d7%9b%d7%9e%d7%94-%d7%9e%d7%99%d7%9c%d7%99%d7%9d-%d7%a2%d7%9c-%d7%94%d7%90%d7%99%d7%a8%d7%95%d7%a2-%d7%90%d7%9e%d7%a9/
ok       14989ms MISS https://kerenmakor.org.il/%d7%9b%d7%a0%d7%a1-%d7%90%d7%aa%d7%99%d7%a7%d7%94-%d7%93%d7%95%d7%a7%d7%95-%d7%95-ai-3/
ok       15287ms MISS https://kerenmakor.org.il/%d7%a7%d7%95%d7%9c-%d7%a7%d7%95%d7%a8%d7%90-%d7%9c%d7%97%d7%9e%d7%9e%d7%aa-%d7%a4%d7%99%d7%aa%d7%95%d7%97-%d7%93%d7%95%d7%a7%d7%95-%d7%91%d7%a9%d7%99%d7%9c%d7%95%d7%91-ai/
ok        8896ms MISS https://kerenmakor.org.il/%d7%9e%d7%91%d7%97%d7%a0%d7%99-%d7%94%d7%aa%d7%9e%d7%99%d7%9b%d7%94-%d7%94%d7%97%d7%93%d7%a9%d7%99%d7%9d/
ok        6806ms MISS https://kerenmakor.org.il/%d7%9b%d7%a0%d7%a1-%d7%90%d7%aa%d7%99%d7%a7%d7%94-%d7%93%d7%95%d7%a7%d7%95-%d7%95-ai-2/
ok        6521ms MISS https://kerenmakor.org.il/%d7%aa%d7%a0%d7%97%d7%95%d7%9e%d7%99%d7%9d-%d7%9c%d7%97%d7%91%d7%a8-%d7%94%d7%94%d7%a0%d7%94%d7%9c%d7%94-%d7%90%d7%9c%d7%99-%d7%91%d7%9f-%d7%92%d7%a8%d7%90/
ok        9680ms MISS https://kerenmakor.org.il/%d7%99%d7%95%d7%9d-%d7%aa%d7%a2%d7%a9%d7%99%d7%99%d7%94-%d7%a4%d7%aa%d7%95%d7%97-%d7%95%d7%a7%d7%95%d7%9c-%d7%a7%d7%95%d7%a8%d7%90-%d7%97%d7%93%d7%a9-%d7%9c%d7%99%d7%a6%d7%99%d7%a8%d7%95%d7%aa-%d7%90/
ok       10294ms MISS https://kerenmakor.org.il/%d7%9b%d7%a0%d7%a1-%d7%90%d7%aa%d7%99%d7%a7%d7%94-%d7%93%d7%95%d7%a7%d7%95-%d7%95-ai/
ok       12068ms MISS https://kerenmakor.org.il/%d7%91%d7%a8%d7%9b%d7%95%d7%aa-%d7%95%d7%91%d7%94%d7%a6%d7%9c%d7%97%d7%94-%e2%9d%a4%ef%b8%8f%f0%9f%99%82/
ok       13998ms MISS https://kerenmakor.org.il/%d7%97%d7%95%d7%93%d7%a9-%d7%94%d7%90%d7%99%d7%a9%d7%94-%d7%94%d7%91%d7%99%d7%a0%d7%9c%d7%90%d7%95%d7%9e%d7%99-2025/
ok        7704ms MISS https://kerenmakor.org.il/%d7%91%d7%a8%d7%9b%d7%95%d7%aa-%d7%9c%d7%a4%d7%a8%d7%95%d7%99%d7%a7%d7%98%d7%99%d7%9d-%d7%94%d7%a0%d7%91%d7%97%d7%a8%d7%99%d7%9d-%d7%91%d7%a7%d7%95%d7%9c-%d7%a7%d7%95%d7%a8%d7%90-%d7%90%d7%a0%d7%99/
ok        4681ms MISS https://kerenmakor.org.il/%d7%91%d7%99%d7%90%d7%a0%d7%9c%d7%94-2025/
ok        6716ms MISS https://kerenmakor.org.il/%d7%91%d7%a8%d7%9b%d7%95%d7%aa-%d7%9c%d7%96%d7%95%d7%9b%d7%95%d7%aa-%d7%94%d7%9e%d7%95%d7%9b%d7%a9%d7%a8%d7%95%d7%aa/
ok        6196ms MISS https://kerenmakor.org.il/%d7%a7%d7%95%d7%9c-%d7%a7%d7%95%d7%a8%d7%90-%d7%9c%d7%a1%d7%93%d7%a8%d7%95%d7%aa-%d7%95%d7%a1%d7%a8%d7%98%d7%99-%d7%aa%d7%a2%d7%95%d7%93%d7%94-%d7%94%d7%92%d7%99%d7%a9%d7%95/
ok        4214ms MISS https://kerenmakor.org.il/%d7%a4%d7%a8%d7%a7-%d7%97%d7%93%d7%a9-%d7%a9%d7%9c-%d7%aa%d7%99%d7%91%d7%aa-%d7%aa%d7%a2%d7%95%d7%93%d7%94/
ok        5690ms MISS https://kerenmakor.org.il/%d7%90%d7%98%d7%a1%d7%99%d7%91-%d7%a4%d7%a1%d7%98%d7%99%d7%91%d7%9c-%d7%94%d7%a7%d7%95%d7%9c%d7%a0%d7%95%d7%a2-%d7%94%d7%90%d7%a4%d7%a8%d7%99%d7%a7%d7%90%d7%99-5/
ok       16012ms MISS https://kerenmakor.org.il/films/%d7%9c%d7%99%d7%9e%d7%91%d7%95/
ok       11099ms MISS https://kerenmakor.org.il/%d7%a6%d7%a0%d7%95%d7%a2%d7%99%d7%9d-%d7%91%d7%a9%d7%91%d7%95%d7%a2-%d7%94%d7%a7%d7%95%d7%9c%d7%a0%d7%95%d7%a2-%d7%94%d7%99%d7%94%d7%95%d7%93%d7%99/
ok       14101ms MISS https://kerenmakor.org.il/%d7%a4%d7%a1%d7%98%d7%99%d7%91%d7%9c-%d7%94%d7%a7%d7%95%d7%9c%d7%a0%d7%95%d7%a2-%d7%91%d7%9e%d7%a6%d7%a4%d7%94-%d7%a8%d7%9e%d7%95%d7%9f/
ok        5308ms MISS https://kerenmakor.org.il/%d7%91%d7%a8%d7%9b%d7%95%d7%aa-%d7%9c%d7%9b%d7%9c%d7%99%d7%9c-%d7%9b%d7%95%d7%91%d7%a9/
ok        3983ms MISS https://kerenmakor.org.il/%d7%a4%d7%95%d7%a7%d7%95%d7%a1-%d7%9e%d7%9c%d7%97%d7%9e%d7%94-%d7%91%d7%9e%d7%a1%d7%92%d7%a8%d7%aa-%d7%a4%d7%a1%d7%98%d7%99%d7%91%d7%9c-%d7%a1%d7%a8%d7%98-%d7%a0%d7%a9%d7%99%d7%9d-%d7%99%d7%a8%d7%95/
ok        5313ms MISS https://kerenmakor.org.il/more-tax/%d7%91%d7%93%d7%99%d7%a7%d7%aa-%d7%93%d7%95%d7%a4%d7%a7/
ok        4268ms MISS https://kerenmakor.org.il/%d7%99%d7%95%d7%9d-%d7%aa%d7%a2%d7%a9%d7%99%d7%99%d7%94-%d7%a2%d7%9c-%d7%90%d7%a0%d7%a8%d7%99%d7%9c-%d7%96%d7%9e%d7%99%d7%9f-%d7%9c%d7%a6%d7%a4%d7%99%d7%99%d7%94-%d7%97%d7%95%d7%a4%d7%a9%d7%99%d7%aa/
ok        5358ms MISS https://kerenmakor.org.il/%d7%91%d7%a8%d7%9b%d7%95%d7%aa-%d7%9c%d7%99%d7%95%d7%a6%d7%a8%d7%95%d7%aa-%d7%a9%d7%99%d7%a6%d7%95%d7%a8%d7%99%d7%aa%d7%99%d7%94%d7%9f-%d7%a0%d7%91%d7%97%d7%a8%d7%95-%d7%9c%d7%94%d7%a9%d7%aa%d7%aa/
ok        8506ms MISS https://kerenmakor.org.il/%d7%91%d7%a8%d7%9b%d7%95%d7%aa-%d7%9c%d7%96%d7%95%d7%9b%d7%95%d7%aa-%d7%95%d7%9c%d7%96%d7%95%d7%9b%d7%99%d7%9d-%d7%91%d7%98%d7%a7%d7%a1-%d7%a4%d7%a8%d7%a1%d7%99-%d7%94%d7%a4%d7%95%d7%a8%d7%95%d7%9d/
ok        9984ms MISS https://kerenmakor.org.il/%d7%a4%d7%a1%d7%98%d7%99%d7%91%d7%9c-%d7%94%d7%a1%d7%95%d7%9c%d7%99%d7%93%d7%a8%d7%99%d7%95%d7%aa-%d7%9c%d7%a7%d7%95%d7%9c%d7%a0%d7%95%d7%a2-%d7%95%d7%96%d7%9b%d7%95%d7%99%d7%95%d7%aa-%d7%90%d7%93/
ok        6274ms MISS https://kerenmakor.org.il/%d7%9e%d7%96%d7%9c-%d7%93%d7%92%d7%99%d7%9d-%d7%95%d7%a9%d7%9b%d7%91%d7%95%d7%aa-%d7%91%d7%a4%d7%a1%d7%98%d7%99%d7%91%d7%9c-%d7%94%d7%a1%d7%a8%d7%98%d7%99%d7%9d-%d7%91%d7%a2%d7%a8%d7%91%d7%94/
ok       10742ms MISS https://kerenmakor.org.il/%d7%a7%d7%95%d7%9c-%d7%a7%d7%95%d7%a8%d7%90-%d7%a7%d7%a6%d7%a8-%d7%90%d7%a0%d7%99%d7%9e%d7%a6%d7%99%d7%94-3/
ok        8115ms MISS https://kerenmakor.org.il/%d7%a4%d7%a8%d7%a7-%d7%97%d7%93%d7%a9-%d7%91%d7%aa%d7%99%d7%91%d7%aa-%d7%aa%d7%a2%d7%95%d7%93%d7%94/
ok       11295ms MISS https://kerenmakor.org.il/%d7%a0%d7%aa%d7%a8%d7%90%d7%94-%d7%91%d7%98%d7%a7%d7%a1-%d7%a4%d7%a8%d7%a1%d7%99-%d7%94%d7%a4%d7%95%d7%a8%d7%95%d7%9d-%e2%9c%a8%f0%9f%a5%82/
ok        8416ms MISS https://kerenmakor.org.il/%d7%a4%d7%a8%d7%95%d7%99%d7%a7%d7%98-2-%d7%93%d7%a7%d7%95%d7%aa-%d7%91%d7%93%d7%99%d7%a7%d7%aa-%d7%93%d7%95%d7%a4%d7%a7-%d7%91%d7%90%d7%a0%d7%95-%d7%9e%d7%95%d7%96%d7%99%d7%90%d7%95%d7%9f/
ok       11303ms MISS https://kerenmakor.org.il/%d7%a1%d7%99%d7%9b%d7%95%d7%9d-%d7%97%d7%9e%d7%9e%d7%aa-%d7%94-xr-%d7%9c%d7%a9%d7%a0%d7%aa-2024/
ok        8492ms MISS https://kerenmakor.org.il/%d7%a4%d7%a8%d7%a1%d7%99-%d7%90%d7%95%d7%a4%d7%99%d7%a8-2024/
ok       11083ms MISS https://kerenmakor.org.il/%d7%91%d7%a8%d7%9b%d7%95%d7%aa-%d7%9c%d7%9c%d7%99-%d7%93%d7%a8%d7%95%d7%a8-%d7%95%d7%90%d7%a4%d7%a8%d7%aa-%d7%91%d7%a8%d7%92%d7%a8/
ok        4602ms MISS https://kerenmakor.org.il/%d7%91%d7%a8%d7%9b%d7%95%d7%aa-%f0%9f%92%90/
ok       12295ms MISS https://kerenmakor.org.il/%d7%a7%d7%95%d7%9c-%d7%a7%d7%95%d7%a8%d7%90-%d7%a2%d7%93-10-%d7%9e%d7%93%d7%a8%d7%99%d7%9a-%d7%94%d7%92%d7%a9%d7%94/
ok       16513ms MISS https://kerenmakor.org.il/%d7%9c%d7%9b%d7%aa%d7%95%d7%91-%d7%90%d7%a0%d7%99%d7%9e%d7%a6%d7%99%d7%94-2024/
ok       17069ms MISS https://kerenmakor.org.il/%d7%91%d7%a8%d7%9b%d7%95%d7%aa-%e2%9d%a4%ef%b8%8f/
ok       14089ms MISS https://kerenmakor.org.il/%d7%96%d7%95%d7%9b%d7%95%d7%aa-%d7%91%d7%a1%d7%a8%d7%98%d7%99-%d7%a4%d7%a1%d7%98%d7%99%d7%91%d7%9c-%d7%99%d7%a8%d7%95%d7%a9%d7%9c%d7%99%d7%9d-2024/
ok        6694ms MISS https://kerenmakor.org.il/%d7%a7%d7%95%d7%9c-%d7%a7%d7%95%d7%a8%d7%90-%d7%9c%d7%99%d7%a6%d7%99%d7%a8%d7%95%d7%aa-%d7%91%d7%9e%d7%93%d7%99%d7%94-%d7%97%d7%93%d7%a9%d7%94-%d7%9e%d7%93%d7%a8%d7%99%d7%9a-%d7%94%d7%92%d7%a9%d7%94/
ok        7192ms MISS https://kerenmakor.org.il/%d7%a4%d7%a8%d7%a7-7-%d7%9e%d7%9b%d7%95%d7%a0%d7%aa-%d7%94%d7%90%d7%9e%d7%a4%d7%aa%d7%99%d7%94/
ok       11198ms MISS https://kerenmakor.org.il/more/%d7%9e%d7%a7%d7%95%d7%a8-%d7%9e%d7%93%d7%99%d7%94/
ok        6910ms MISS https://kerenmakor.org.il/i-see-you-%d7%a7%d7%95%d7%9c-%d7%a7%d7%95%d7%a8%d7%90-%d7%a4%d7%aa%d7%95%d7%97-%d7%9c%d7%94%d7%92%d7%a9%d7%95%d7%aa/
ok        6808ms MISS https://kerenmakor.org.il/%d7%99%d7%95%d7%a6%d7%a8%d7%95%d7%aa-%d7%95%d7%99%d7%95%d7%a6%d7%a8%d7%99-%d7%a7%d7%95%d7%9c%d7%a0%d7%95%d7%a2-%d7%90%d7%9e%d7%a0%d7%99-%d7%95%d7%90%d7%95%d7%9e%d7%a0%d7%99%d7%95%d7%aa-%d7%98%d7%9b/
ok        6386ms MISS https://kerenmakor.org.il/%d7%93%d7%95%d7%a7%d7%90%d7%91%d7%99%d7%91-2024-%d7%96%d7%9b%d7%99%d7%95%d7%aa-%d7%9e%d7%a9%d7%9e%d7%97%d7%95%d7%aa/
ok        4698ms MISS https://kerenmakor.org.il/%d7%99%d7%95%d7%9d-%d7%aa%d7%a2%d7%a9%d7%99%d7%99%d7%94-%d7%9c%d7%94%d7%a9%d7%a7%d7%aa-%d7%94%d7%a7%d7%95%d7%9c-%d7%a7%d7%95%d7%a8%d7%90-i-see-you-%d7%96%d7%9e%d7%9f-%d7%9c%d7%94%d7%92%d7%99%d7%93/
ok        8096ms MISS https://kerenmakor.org.il/%d7%94%d7%94%d7%a9%d7%a8%d7%90%d7%94-%d7%a9%d7%9e%d7%90%d7%97%d7%95%d7%a8%d7%99-%d7%a1%d7%a8%d7%98%d7%99-2-%d7%93%d7%a7%d7%95%d7%aa-%d7%91%d7%93%d7%99%d7%a7%d7%aa-%d7%93%d7%95%d7%a4%d7%a7-2/
ok        5296ms MISS https://kerenmakor.org.il/%d7%94%d7%a1%d7%99%d7%a4%d7%95%d7%a8%d7%99%d7%9d-%d7%a9%d7%9e%d7%90%d7%97%d7%95%d7%a8%d7%99-%d7%a1%d7%a8%d7%98%d7%99-2-%d7%93%d7%a7%d7%95%d7%aa-%d7%91%d7%93%d7%99%d7%a7%d7%aa-%d7%93%d7%95%d7%a4/
ok        6184ms MISS https://kerenmakor.org.il/%d7%94%d7%94%d7%a9%d7%a8%d7%90%d7%94-%d7%a9%d7%9e%d7%90%d7%97%d7%95%d7%a8%d7%99-%d7%a1%d7%a8%d7%98%d7%99-2-%d7%93%d7%a7%d7%95%d7%aa-%d7%91%d7%93%d7%99%d7%a7%d7%aa-%d7%93%d7%95%d7%a4%d7%a7/
ok        6902ms MISS https://kerenmakor.org.il/%d7%94%d7%a1%d7%99%d7%a4%d7%95%d7%a8%d7%99%d7%9d-%d7%a9%d7%9e%d7%90%d7%97%d7%95%d7%a8%d7%99-%d7%94%d7%a1%d7%a8%d7%98%d7%99%d7%9d-%d7%a9%d7%9c-%d7%a1%d7%a8%d7%98%d7%99-2-%d7%93%d7%a7%d7%95%d7%aa/
ok        7349ms MISS https://kerenmakor.org.il/%d7%94%d7%90%d7%a8%d7%9b%d7%aa-%d7%94%d7%a7%d7%95%d7%9c-%d7%a7%d7%95%d7%a8%d7%90-i-see-you/
ok       11778ms MISS https://kerenmakor.org.il/%d7%93%d7%95%d7%a7%d7%90%d7%91%d7%99%d7%91-%d7%91%d7%a4%d7%aa%d7%97/
ok       12723ms MISS https://kerenmakor.org.il/%d7%90%d7%99%d7%a8%d7%95%d7%a2-%d7%94%d7%94%d7%a9%d7%a7%d7%94-%d7%a9%d7%9c-%d7%a1%d7%a8%d7%98%d7%99-2-%d7%93%d7%a7%d7%95%d7%aa-%d7%91%d7%93%d7%99%d7%a7%d7%aa-%d7%93%d7%95%d7%a4%d7%a7/
ok       14514ms MISS https://kerenmakor.org.il/%d7%98%d7%99%d7%99%d7%9d-%d7%90%d7%90%d7%95%d7%98-%d7%a4%d7%a8%d7%92%d7%a0%d7%95-%d7%9c%d7%a0%d7%95-%e2%9d%a4%ef%b8%8f/
ok       18162ms MISS https://kerenmakor.org.il/%d7%a7%d7%95%d7%9c-%d7%a7%d7%95%d7%a8%d7%90-%d7%9c%d7%a1%d7%a8%d7%98%d7%99-%d7%aa%d7%a2%d7%95%d7%93%d7%94/
ok        3796ms MISS https://kerenmakor.org.il/%d7%90%d7%95%d7%98%d7%95%d7%98%d7%95-%d7%99%d7%99%d7%a2%d7%a8%d7%9a-%d7%90%d7%99%d7%a8%d7%95%d7%a2-%d7%94%d7%a4%d7%99%d7%a6%d7%99%d7%a0%d7%92-%d7%94%d7%92%d7%93%d7%95%d7%9c-%d7%a9%d7%9c-%d7%94%d7%97/
ok        7769ms MISS https://kerenmakor.org.il/%d7%90%d7%99%d7%a8%d7%95%d7%a2-%d7%94%d7%a9%d7%a7%d7%94-%d7%9c%d7%a1%d7%a8%d7%98%d7%99-2-%d7%93%d7%a7%d7%95%d7%aa-%d7%91%d7%93%d7%99%d7%a7%d7%aa-%d7%93%d7%95%d7%a4%d7%a7/
ok        6622ms MISS https://kerenmakor.org.il/%d7%91%d7%a8%d7%9b%d7%95%d7%aa-%d7%9c%d7%96%d7%95%d7%9b%d7%95%d7%aa-%d7%95%d7%9c%d7%96%d7%95%d7%9b%d7%99%d7%9d-%d7%90%d7%9e%d7%a9-%d7%91%d7%98%d7%a7%d7%a1-%d7%a4%d7%a8%d7%a1%d7%99-%d7%94%d7%a4%d7%95/
ok        7259ms MISS https://kerenmakor.org.il/%d7%94%d7%a4%d7%a8%d7%95%d7%99%d7%a7%d7%98%d7%99%d7%9d-%d7%94%d7%a0%d7%91%d7%97%d7%a8%d7%99%d7%9d-%d7%91%d7%9e%d7%a1%d7%92%d7%a8%d7%aa-%d7%97%d7%9e%d7%9e%d7%aa-%d7%94-xr-%d7%91%d7%a0%d7%95%d7%a9/
ok       10001ms MISS https://kerenmakor.org.il/%d7%aa%d7%97%d7%a8%d7%95%d7%aa-%d7%a4%d7%a8%d7%a1%d7%99-%d7%94%d7%a4%d7%95%d7%a8%d7%95%d7%9d-%d7%94%d7%93%d7%95%d7%a7%d7%95%d7%9e%d7%a0%d7%98%d7%a8%d7%99-2023/
ok       11587ms MISS https://kerenmakor.org.il/%d7%a7%d7%95%d7%9c-%d7%a7%d7%95%d7%a8%d7%90-%d7%aa%d7%a2%d7%95%d7%93%d7%94-%d7%9e%d7%93%d7%a8%d7%99%d7%9a-%d7%94%d7%92%d7%a9%d7%94/
ok       14965ms MISS https://kerenmakor.org.il/%d7%a2%d7%93-10-2023-%d7%91%d7%a8%d7%9b%d7%95%d7%aa-%d7%9c%d7%96%d7%95%d7%9b%d7%95%d7%aa-%d7%95%d7%9c%d7%96%d7%95%d7%9b%d7%99%d7%9d/
ok       14697ms MISS https://kerenmakor.org.il/%d7%99%d7%95%d7%9d-%d7%aa%d7%a2%d7%a9%d7%99%d7%99%d7%94-%d7%a4%d7%aa%d7%95%d7%97-%d7%91%d7%aa%d7%97%d7%95%d7%9d-%d7%94%d7%9e%d7%93%d7%99%d7%94-%d7%94%d7%97%d7%93%d7%a9%d7%94/
ok       12321ms MISS https://kerenmakor.org.il/%d7%9b%d7%aa%d7%9e%d7%99%d7%9d-%d7%a9%d7%9c-%d7%90%d7%95%d7%a8-%d7%96%d7%95%d7%9b%d7%94-smart-award-fipadoc-2024/
ok        8879ms MISS https://kerenmakor.org.il/%d7%9e%d7%a4%d7%92%d7%a9-%d7%97%d7%9e%d7%9e%d7%94-%d7%a9%d7%a7%d7%99%d7%99%d7%9e%d7%a0%d7%95-%d7%94%d7%a9%d7%91%d7%95%d7%a2-%d7%91%d7%9e%d7%9b%d7%95%d7%9f-%d7%94%d7%a6%d7%a8%d7%a4%d7%aa%d7%99/
ok        8393ms MISS https://kerenmakor.org.il/%d7%aa%d7%99%d7%91%d7%aa-%d7%aa%d7%a2%d7%95%d7%93%d7%94-%d7%a4%d7%a8%d7%a7-%d7%97%d7%93%d7%a9/
ok        8786ms MISS https://kerenmakor.org.il/%d7%a4%d7%aa%d7%99%d7%97%d7%aa-%d7%97%d7%9e%d7%9e%d7%aa-xr-%d7%91%d7%a0%d7%95%d7%a9%d7%90-%d7%9e%d7%a9%d7%91%d7%a8-%d7%94%d7%90%d7%a7%d7%9c%d7%99%d7%9d/
ok        8434ms MISS https://kerenmakor.org.il/%d7%a7%d7%95%d7%9c-%d7%a7%d7%95%d7%a8%d7%90-%d7%9c%d7%a1%d7%93%d7%a8%d7%95%d7%aa-%d7%95%d7%a1%d7%a8%d7%98%d7%99-%d7%aa%d7%a2%d7%95%d7%93%d7%94/
ok       11092ms MISS https://kerenmakor.org.il/%d7%a1%d7%99%d7%9b%d7%95%d7%9d-%d7%90%d7%99%d7%a8%d7%95%d7%a2-%d7%94%d7%a4%d7%99%d7%a6%d7%99%d7%a0%d7%92-%d7%a9%d7%9c-%d7%97%d7%9e%d7%9e%d7%aa-%d7%94%d7%90%d7%a0%d7%99%d7%9e%d7%a6%d7%99%d7%94/
ok       14085ms MISS https://kerenmakor.org.il/%d7%a7%d7%95%d7%9c-%d7%a7%d7%95%d7%a8%d7%90-%d7%aa%d7%a2%d7%95%d7%93%d7%94-07-2023-%d7%91%d7%a8%d7%9b%d7%95%d7%aa-%d7%9c%d7%99%d7%95%d7%a6%d7%a8%d7%95%d7%aa-%d7%95%d7%9c%d7%99%d7%95%d7%a6/
ok       13895ms MISS https://kerenmakor.org.il/%d7%a7%d7%95%d7%9c-%d7%a7%d7%95%d7%a8%d7%90-%d7%a7%d7%a6%d7%a8-%d7%90%d7%a0%d7%99%d7%9e%d7%a6%d7%99%d7%94-2/
ok       11389ms MISS https://kerenmakor.org.il/%d7%91%d7%a8%d7%9b%d7%95%d7%aa-%d7%9c%d7%a8%d7%95%d7%a0%d7%94-%d7%a1%d7%92%d7%9c-%e2%9d%a4%ef%b8%8f/
ok        8278ms MISS https://kerenmakor.org.il/%d7%91%d7%a8%d7%9b%d7%95%d7%aa-%d7%9c%d7%a0%d7%95%d7%a8-%d7%a4%d7%99%d7%91%d7%a7-%d7%94%d7%a1%d7%a8%d7%98-%d7%94%d7%a8%d7%a3-%d7%94%d7%aa%d7%97%d7%aa%d7%95%d7%9f-%d7%91%d7%99%d7%95%d7%aa%d7%a8/
ok        4598ms MISS https://kerenmakor.org.il/%d7%a4%d7%a1%d7%98%d7%99%d7%91%d7%9c-%d7%a1%d7%a8%d7%98%d7%99-%d7%a0%d7%a9%d7%99%d7%9d-%d7%91%d7%99%d7%a8%d7%95%d7%a9%d7%9c%d7%99%d7%9d/
ok        3809ms MISS https://kerenmakor.org.il/%d7%a7%d7%95%d7%9c-%d7%a7%d7%95%d7%a8%d7%90-%d7%9c%d7%94%d7%92%d7%a9%d7%aa-%d7%a1%d7%a8%d7%98%d7%99%d7%9d-%d7%a7%d7%a6%d7%a8%d7%99%d7%9d-%d7%91%d7%a0%d7%95%d7%a9%d7%90%d7%99-%d7%aa%d7%a8%d7%91%d7%95/
ok        4488ms MISS https://kerenmakor.org.il/%d7%a2%d7%a8%d7%91-%d7%94%d7%a7%d7%a8%d7%a0%d7%aa-%d7%a1%d7%a8%d7%98%d7%99-%d7%a2%d7%9c%d7%99%d7%9c%d7%94/
ok        7076ms MISS https://kerenmakor.org.il/%d7%9e%d7%a1%d7%9e%d7%9b%d7%99%d7%9d-%d7%9e%d7%a9%d7%a4%d7%98%d7%99%d7%99%d7%9d-%d7%9c%d7%9e%d7%99%d7%96%d7%9e%d7%99-%d7%aa%d7%99%d7%a2%d7%95%d7%93-%d7%9c%d7%90%d7%99%d7%a8%d7%95%d7%a2%d7%99-%d7%94/
ok        4593ms MISS https://kerenmakor.org.il/%d7%a7%d7%95%d7%9c-%d7%a7%d7%95%d7%a8%d7%90-%d7%9e%d7%a4%d7%a2%d7%9c-%d7%94%d7%a4%d7%99%d7%a1/
ok        6203ms MISS https://kerenmakor.org.il/%d7%97%d7%9e%d7%9e%d7%94-%d7%9c%d7%a4%d7%99%d7%aa%d7%95%d7%97-%d7%aa%d7%a1%d7%a8%d7%99%d7%98-%d7%9c%d7%a1%d7%93%d7%a8%d7%aa-%d7%90%d7%a0%d7%99%d7%9e%d7%a6%d7%99%d7%94/
ok        6217ms MISS https://kerenmakor.org.il/%d7%a7%d7%95%d7%9c-%d7%a7%d7%95%d7%a8%d7%90-%d7%91%d7%93%d7%99%d7%a7%d7%aa-%d7%93%d7%95%d7%a4%d7%a7-10-2023/
ok        9784ms MISS https://kerenmakor.org.il/%d7%94%d7%a7%d7%a8%d7%a0%d7%95%d7%aa-%d7%91%d7%9b%d7%95%d7%a8%d7%94-%d7%91%d7%a4%d7%a1%d7%98%d7%99%d7%91%d7%9c-%d7%94%d7%a1%d7%95%d7%9c%d7%99%d7%93%d7%a8%d7%99%d7%95%d7%aa/
ok        8313ms MISS https://kerenmakor.org.il/%d7%93%d7%97%d7%99%d7%99%d7%aa-%d7%97%d7%9e%d7%9e%d7%aa-%d7%94-xr-%d7%91%d7%a0%d7%95%d7%a9%d7%90-%d7%9e%d7%a9%d7%91%d7%a8-%d7%94%d7%90%d7%a7%d7%9c%d7%99%d7%9d/
ok       10374ms MISS https://kerenmakor.org.il/%d7%a6%d7%a4%d7%99%d7%99%d7%94-%d7%97%d7%95%d7%a4%d7%a9%d7%99%d7%aa-%d7%91%d7%a1%d7%a8%d7%98%d7%99%d7%9d-%d7%a7%d7%a6%d7%a8%d7%99%d7%9d/
ok       10909ms MISS https://kerenmakor.org.il/films/%d7%90%d7%a0%d7%90-%d7%94%d7%9e%d7%aa%d7%9f-%d7%9c%d7%a0%d7%a6%d7%99%d7%92/
ok       11206ms MISS https://kerenmakor.org.il/films/%d7%91%d7%95%d7%98%d7%99%d7%a7-%d7%97%d7%91%d7%9c/
ok        7564ms MISS https://kerenmakor.org.il/%d7%a1%d7%a8%d7%98%d7%99%d7%9d-%d7%a7%d7%a6%d7%a8%d7%99%d7%9d-%d7%9e%d7%a6%d7%95%d7%99%d7%a0%d7%99%d7%9d-%d7%91-jwff-%d7%94%d7%a9%d7%91%d7%95%d7%a2/
ok       17669ms MISS https://kerenmakor.org.il/%d7%91%d7%a8%d7%9b%d7%95%d7%aa-%d7%9c%d7%93%d7%95%d7%93-%d7%98%d7%90%d7%95%d7%91%d7%a8/
ok       10695ms MISS https://kerenmakor.org.il/films/%d7%9c%d7%94%d7%aa%d7%90%d7%94%d7%91-%d7%91%d7%a8%d7%a7%d7%a1/
ok        4766ms MISS https://kerenmakor.org.il/%d7%91%d7%a8%d7%9b%d7%95%d7%aa-%d7%97%d7%9e%d7%95%d7%aa-%d7%9c%d7%92%d7%9c%d7%99%d7%94-%d7%a2%d7%95%d7%96%d7%9e%d7%95-%e2%9d%a4%ef%b8%8f/
ok        6482ms MISS https://kerenmakor.org.il/films/%d7%94%d7%a7%d7%a8%d7%95%d7%95%d7%90%d7%9f-%d7%94%d7%90%d7%97%d7%a8%d7%95%d7%9f/
ok        5335ms MISS https://kerenmakor.org.il/%d7%a4%d7%a1%d7%a7-%d7%96%d7%9e%d7%9f-%d7%91%d7%a4%d7%a1%d7%98%d7%99%d7%91%d7%9c-%d7%94%d7%a1%d7%a8%d7%98%d7%99%d7%9d-%d7%91%d7%97%d7%99%d7%a4%d7%94/
ok        7403ms MISS https://kerenmakor.org.il/%d7%a7%d7%a8%d7%99%d7%a1%d7%94-%d7%91%d7%a4%d7%a1%d7%98%d7%99%d7%91%d7%9c-%d7%94%d7%a1%d7%a8%d7%98%d7%99%d7%9d-%d7%91%d7%97%d7%99%d7%a4%d7%94/
ok        6761ms MISS https://kerenmakor.org.il/%d7%91%d7%99%d7%98%d7%95%d7%9c-%d7%99%d7%95%d7%9d-%d7%94%d7%a2%d7%99%d7%95%d7%9f-%d7%91%d7%a0%d7%95%d7%a9%d7%90-xr-%d7%9e%d7%93%d7%99%d7%94-%d7%97%d7%93%d7%a9%d7%94-%d7%91-22-9/
ok       11070ms MISS https://kerenmakor.org.il/films/%d7%9c%d7%a9%d7%97%d7%a7-%d7%97%d7%95%d7%9c%d7%a9%d7%94/
ok       12578ms MISS https://kerenmakor.org.il/films/%d7%9e%d7%a2%d7%9c%d7%94-%d7%a2%d7%a7%d7%a8%d7%91%d7%99%d7%9d/
ok       11720ms MISS https://kerenmakor.org.il/%d7%a4%d7%a8%d7%a1%d7%99%d7%9d-%d7%91%d7%aa%d7%97%d7%95%d7%9e%d7%99-%d7%90%d7%9e%d7%a0%d7%95%d7%aa-%d7%94%d7%a7%d7%95%d7%9c%d7%a0%d7%95%d7%a2-2023/
ok        9004ms MISS https://kerenmakor.org.il/%d7%91%d7%a8%d7%9b%d7%95%d7%aa-%d7%9c%d7%a0%d7%95%d7%a8-%d7%a4%d7%99%d7%91%d7%a7/
ok        9052ms MISS https://kerenmakor.org.il/%d7%a9%d7%a7%d7%a8%d7%99%d7%9d-%d7%a1%d7%99%d7%a4%d7%a8%d7%aa%d7%99-%d7%9c%d7%a2%d7%a6%d7%9e%d7%99-%d7%a9%d7%9c%d7%9c-%d7%94%d7%a7%d7%a8%d7%a0%d7%95%d7%aa-%d7%91%d7%97%d7%95%d7%93%d7%a9/
ok       13366ms MISS https://kerenmakor.org.il/films/%d7%94%d7%a0%d7%9b%d7%9d-%d7%9e%d7%95%d7%96%d7%9e%d7%a0%d7%99%d7%9d/
ok       13685ms MISS https://kerenmakor.org.il/%d7%a4%d7%a1%d7%a7-%d7%96%d7%9e%d7%9f-%d7%a9%d7%9c-%d7%a8%d7%99%d7%98%d7%94-%d7%91%d7%a8%d7%95%d7%93%d7%99%d7%90%d7%a0%d7%a1%d7%a7%d7%99-%d7%92%d7%9d-%d7%9e%d7%95%d7%a2%d7%9e%d7%93-%d7%9c%d7%a4/
ok       11508ms MISS https://kerenmakor.org.il/%d7%a4%d7%a1%d7%98%d7%99%d7%91%d7%9c-%d7%90%d7%a0%d7%99%d7%9e%d7%99%d7%a7%d7%a1-2023/
ok       13322ms MISS https://kerenmakor.org.il/%d7%9e%d7%97%d7%a9%d7%91%d7%95%d7%aa-%d7%9e%d7%a2%d7%95%d7%a4%d7%a4%d7%95%d7%aa-%d7%91%d7%9e%d7%a7%d7%95%d7%9d-%d7%94%d7%a9%d7%a0%d7%99-%d7%91%d7%a4%d7%a1%d7%98%d7%99%d7%91%d7%9c-%d7%90%d7%a0/
ok       10500ms MISS https://kerenmakor.org.il/%d7%94%d7%91%d7%a8-%d7%a9%d7%9c-%d7%9e%d7%95%d7%a8%d7%99%d7%a1-%d7%91%d7%9e%d7%a7%d7%95%d7%9d-%d7%94%d7%a8%d7%90%d7%a9%d7%95%d7%9f-%d7%91%d7%aa%d7%97%d7%a8%d7%95%d7%aa-%d7%90%d7%a1%d7%99%d7%a3/
ok       11391ms MISS https://kerenmakor.org.il/%d7%a4%d7%95%d7%93%d7%a7%d7%90%d7%a1%d7%98-%d7%b4%d7%aa%d7%99%d7%91%d7%aa-%d7%aa%d7%a2%d7%95%d7%93%d7%94%d7%b4-%d7%a4%d7%a8%d7%a7-5/
ok       13002ms MISS https://kerenmakor.org.il/%d7%91%d7%a8%d7%9b%d7%95%d7%aa-%d7%9c%d7%9b%d7%aa%d7%9e%d7%99%d7%9d-%d7%a9%d7%9c-%d7%90%d7%95%d7%a8/
ok       14086ms MISS https://kerenmakor.org.il/%d7%a7%d7%95%d7%9c-%d7%a7%d7%95%d7%a8%d7%90-%d7%97%d7%9e%d7%9e%d7%94-%d7%9c%d7%a4%d7%99%d7%aa%d7%95%d7%97-%d7%aa%d7%a1%d7%a8%d7%99%d7%98%d7%99%d7%9d-%d7%9c%d7%a1%d7%93%d7%a8%d7%95%d7%aa-%d7%90%d7%a0/
ok       11609ms MISS https://kerenmakor.org.il/%d7%91%d7%a8%d7%9b%d7%95%d7%aa-%d7%97%d7%9e%d7%95%d7%aa-%d7%9c%d7%94%d7%a0%d7%99%d7%94-%d7%91%d7%a8%d7%95%d7%93%d7%91%d7%a7%d7%a8-%d7%95%d7%90%d7%a1%d7%a3-%d7%9c%d7%a4%d7%99%d7%93/
ok       11403ms MISS https://kerenmakor.org.il/%d7%91%d7%a8%d7%9b%d7%95%d7%aa-%d7%9c%d7%a8%d7%95%d7%aa%d7%9d-%d7%a7%d7%a4%d7%9c%d7%99%d7%a0%d7%a1%d7%a7%d7%99/
ok        8690ms MISS https://kerenmakor.org.il/%d7%94%d7%96%d7%9e%d7%a0%d7%aa-%d7%9b%d7%a8%d7%98%d7%99%d7%a1%d7%99%d7%9d-%d7%9c%d7%a1%d7%a8%d7%98-%d7%94%d7%91%d7%99%d7%aa-%d7%91%d7%a7%d7%a8%d7%99%d7%99%d7%aa-%d7%a9%d7%9e%d7%95%d7%a0%d7%94/
ok       12966ms MISS https://kerenmakor.org.il/%d7%a9%d7%a0%d7%94-%d7%98%d7%95%d7%91%d7%94-2/
ok       15281ms MISS https://kerenmakor.org.il/%d7%a7%d7%95%d7%9c-%d7%a7%d7%95%d7%a8%d7%90-%d7%a2%d7%93-10-%d7%a4%d7%aa%d7%95%d7%97-%d7%9c%d7%94%d7%92%d7%a9%d7%94-%d7%a2%d7%9b%d7%a9%d7%99%d7%95/
ok       12397ms MISS https://kerenmakor.org.il/%d7%91%d7%a8%d7%9b%d7%95%d7%aa/
ok       14693ms MISS https://kerenmakor.org.il/%d7%90%d7%99%d7%a8%d7%95%d7%a2-%d7%a4%d7%99%d7%a6%d7%99%d7%a0%d7%92-%d7%91%d7%a1%d7%99%d7%a0%d7%99%d7%9e%d7%98%d7%a7/
ok       12498ms MISS https://kerenmakor.org.il/%d7%94%d7%a4%d7%a1%d7%98%d7%99%d7%91%d7%9c-%d7%94%d7%aa%d7%97%d7%99%d7%9c-%d7%95%d7%94%d7%94%d7%aa%d7%a8%d7%92%d7%a9%d7%95%d7%aa-%d7%91%d7%a9%d7%99%d7%90%d7%94/
ok       10700ms MISS https://kerenmakor.org.il/%d7%a7%d7%95%d7%9c-%d7%a7%d7%95%d7%a8%d7%90-%d7%97%d7%93%d7%a9-%d7%9c%d7%99%d7%a6%d7%99%d7%a8%d7%95%d7%aa-xr-%d7%91%d7%a0%d7%95%d7%a9%d7%90-%d7%9e%d7%a9%d7%91%d7%a8-%d7%94%d7%90%d7%a7%d7%9c%d7%99/
ok       11097ms MISS https://kerenmakor.org.il/%d7%9c%d7%90-%d7%9c%d7%a4%d7%a1%d7%a4%d7%a1/
ok        8513ms MISS https://kerenmakor.org.il/%d7%aa%d7%99%d7%91%d7%aa-%d7%aa%d7%a2%d7%95%d7%93%d7%94-%d7%a4%d7%a8%d7%a7-3/
ok        4470ms MISS https://kerenmakor.org.il/%d7%94%d7%a7%d7%a8%d7%a0%d7%aa-%d7%91%d7%9b%d7%95%d7%a8%d7%94-%d7%9c%d7%a1%d7%a8%d7%98%d7%95-%d7%a9%d7%9c-%d7%90%d7%91%d7%99%d7%93%d7%a2-%d7%9c%d7%91%d7%a0%d7%99-%d7%99%d7%95%d7%a1%d7%99-%d7%a9/
ok        4749ms MISS https://kerenmakor.org.il/%d7%a2%d7%99%d7%9f-%d7%9c%d7%91%d7%a0%d7%94-%d7%91%d7%a4%d7%a1%d7%98%d7%99%d7%91%d7%9c-%d7%92%d7%95%d7%9c%d7%94/
ok        6602ms MISS https://kerenmakor.org.il/%d7%90%d7%99%d7%a9%d7%94-%d7%a2%d7%9d-%d7%9e%d7%a6%d7%9c%d7%9e%d7%94-%d7%91%d7%94%d7%a7%d7%a8%d7%a0%d7%aa-%d7%91%d7%9b%d7%95%d7%a8%d7%94/
ok        4996ms MISS https://kerenmakor.org.il/%d7%94%d7%a1%d7%a8%d7%98-%d7%a9%d7%99%d7%97%d7%94-%d7%a0%d7%9b%d7%a0%d7%a1%d7%aa-%d7%91%d7%94%d7%a7%d7%a8%d7%a0%d7%aa-%d7%91%d7%9b%d7%95%d7%a8%d7%94/
ok        9626ms MISS https://kerenmakor.org.il/%d7%94%d7%a8%d7%a3-%d7%94%d7%aa%d7%97%d7%aa%d7%95%d7%9f-%d7%91%d7%99%d7%95%d7%aa%d7%a8-%d7%91%d7%94%d7%a7%d7%a8%d7%a0%d7%aa-%d7%91%d7%9b%d7%95%d7%a8%d7%94/
ok        7194ms MISS https://kerenmakor.org.il/%d7%94%d7%9e%d7%9c%d7%a6%d7%94-%d7%9c%d7%94%d7%92%d7%99%d7%a9-%d7%9c%d7%90-%d7%9c%d7%a4%d7%a1%d7%a4%d7%a1-%d7%94%d7%96%d7%93%d7%9e%d7%a0%d7%95%d7%aa-venice-gap-financing-market/
ok        9695ms MISS https://kerenmakor.org.il/%d7%94%d7%a1%d7%a8%d7%98-%d7%a9%d7%a7%d7%a8%d7%99%d7%9d-%d7%a9%d7%a1%d7%99%d7%a4%d7%a8%d7%aa%d7%99-%d7%9c%d7%a2%d7%a6%d7%9e%d7%99-%d7%91%d7%a4%d7%a1%d7%98%d7%99%d7%91%d7%9c-%d7%93%d7%95%d7%a7/
ok       12098ms MISS https://kerenmakor.org.il/%d7%94%d7%a1%d7%a8%d7%98-%d7%b440-%d7%a6%d7%a2%d7%93%d7%99%d7%9d%d7%b4-%d7%99%d7%a9%d7%95%d7%93%d7%a8-%d7%91%d7%a7%d7%a8%d7%95%d7%91-%d7%91-bbc/
ok       10698ms MISS https://kerenmakor.org.il/%d7%99%d7%95%d7%a6%d7%a8%d7%95%d7%aa-%d7%95%d7%99%d7%95%d7%a6%d7%a8%d7%99%d7%9d-%d7%91%d7%aa%d7%97%d7%95%d7%9e%d7%99-%d7%94-xr-%d7%94%d7%96%d7%93%d7%9e%d7%a0%d7%95%d7%aa-%d7%9e%d7%99%d7%95%d7%97/
ok       15109ms MISS https://kerenmakor.org.il/%d7%a7%d7%a8%d7%9f-%d7%9e%d7%a7%d7%95%d7%a8-%d7%9e%d7%91%d7%a8%d7%9b%d7%aa-%d7%a2%d7%9c-%d7%94%d7%9e%d7%a9%d7%9a-%d7%94%d7%9e%d7%a1%d7%a2-%d7%a7%d7%95%d7%98%d7%a3-%d7%94%d7%a4%d7%a8%d7%a1%d7%99%d7%9d/
ok       10405ms MISS https://kerenmakor.org.il/%d7%91%d7%a8%d7%9b%d7%95%d7%aa-%d7%9c%d7%a2%d7%93%d7%95-%d7%9e%d7%96%d7%a8%d7%97%d7%99-%d7%95%d7%a0%d7%99%d7%a8-%d7%a1%d7%a2%d7%a8-%d7%a2%d7%9c-%d7%94%d7%a9%d7%aa%d7%aa%d7%a4%d7%95%d7%aa-%d7%a1%d7%a8/
ok       14417ms MISS https://kerenmakor.org.il/%d7%a4%d7%a1%d7%98%d7%99%d7%91%d7%9c-newimages-%d7%91%d7%a4%d7%a8%d7%99%d7%96-2023/
ok       16099ms MISS https://kerenmakor.org.il/%d7%96%d7%95%d7%99%d7%94-%d7%a6%d7%a8%d7%a7%d7%a1%d7%a7%d7%99-%d7%97%d7%99%d7%99%d7%9d-%d7%a1%d7%95%d7%91%d7%99%d7%99%d7%98%d7%99%d7%9d-%d7%96%d7%9b%d7%94-%d7%91%d7%a4%d7%a8%d7%a1-%d7%94%d7%a1/
ok       11592ms MISS https://kerenmakor.org.il/40-%d7%a6%d7%a2%d7%93%d7%99%d7%9d-%d7%9e%d7%95%d7%a2%d7%9e%d7%93%d7%95%d7%aa-%d7%91%d7%a7%d7%98%d7%92%d7%95%d7%a8%d7%99%d7%99%d7%aa-%d7%a1%d7%a8%d7%98-%d7%94%d7%93%d7%95%d7%a7%d7%95-%d7%91%d7%98/
ok        8771ms MISS https://kerenmakor.org.il/%d7%a7%d7%95%d7%9c-%d7%a7%d7%95%d7%a8%d7%90-%d7%9c%d7%a1%d7%a8%d7%98%d7%99-%d7%aa%d7%a2%d7%95%d7%93%d7%94-%d7%a7%d7%a6%d7%a8%d7%99%d7%9d-%d7%a1%d7%93%d7%a8%d7%95%d7%aa-%d7%95%d7%90%d7%a8%d7%95%d7%9b/
ok        3797ms MISS https://kerenmakor.org.il/%d7%94%d7%a7%d7%a8%d7%a0%d7%aa-%d7%94%d7%a1%d7%a8%d7%98-%d7%91%d7%99%d7%a2%d7%a8%d7%95%d7%aa-%d7%94%d7%90%d7%9c%d7%95-%d7%91%d7%90%d7%99%d7%a8%d7%95%d7%a2-%d7%94%d7%90%d7%95%d7%a0%d7%9c%d7%99/
ok        4965ms MISS https://kerenmakor.org.il/%d7%a7%d7%95%d7%9c-%d7%a7%d7%95%d7%a8%d7%90-%d7%aa%d7%a2%d7%95%d7%93%d7%94-07-2023/
ok        7325ms MISS https://kerenmakor.org.il/%d7%a4%d7%a8%d7%a1-%d7%94%d7%a4%d7%95%d7%a8%d7%95%d7%9d-%d7%94%d7%93%d7%95%d7%a7%d7%95%d7%9e%d7%a0%d7%98%d7%a8%d7%99-%d7%9c%d7%a1%d7%a8%d7%98-%d7%aa%d7%a2%d7%95%d7%93%d7%94-%d7%a7%d7%a6%d7%a8-%d7%b4/
ok        7791ms MISS https://kerenmakor.org.il/%d7%a7%d7%95%d7%9c-%d7%a7%d7%95%d7%a8%d7%90-%d7%9c%d7%a1%d7%a8%d7%98%d7%99-%d7%90%d7%a0%d7%99%d7%9e%d7%a6%d7%99%d7%94-%d7%a7%d7%a6%d7%a8%d7%99%d7%9d-%d7%a0%d7%a4%d7%aa%d7%97-%d7%9111-1-23/
ok        4988ms MISS https://kerenmakor.org.il/%d7%91%d7%a8%d7%9b%d7%95%d7%aa-%d7%9c%d7%99%d7%95%d7%a6%d7%a8%d7%95%d7%aa-%d7%95%d7%94%d7%99%d7%95%d7%a6%d7%a8%d7%99%d7%9d-%d7%a9%d7%a1%d7%a8%d7%98%d7%99%d7%94%d7%9d-%d7%96%d7%9b%d7%95-%d7%9c%d7%aa/
ok        6488ms MISS https://kerenmakor.org.il/%d7%99%d7%95%d7%9d-%d7%aa%d7%a2%d7%a9%d7%99%d7%94-%d7%a4%d7%aa%d7%95%d7%97-%d7%91%d7%9e%d7%a1%d7%92%d7%a8%d7%aa-%d7%97%d7%9e%d7%9e%d7%aa-xr-%d7%9e%d7%93%d7%99%d7%94-%d7%97%d7%93%d7%a9%d7%94/
ok        9799ms MISS https://kerenmakor.org.il/%d7%91%d7%a8%d7%9b%d7%95%d7%aa-%d7%9c%d7%9b%d7%9c-%d7%94%d7%99%d7%95%d7%a6%d7%a8%d7%99%d7%9d-%d7%95%d7%94%d7%99%d7%95%d7%a6%d7%a8%d7%95%d7%aa-%d7%a9%d7%a1%d7%a8%d7%98%d7%99%d7%94%d7%9d-%d7%96%d7%9b/
ok        6899ms MISS https://kerenmakor.org.il/%d7%91%d7%a8%d7%9b%d7%95%d7%aa-%d7%a2%d7%9c-%d7%96%d7%9b%d7%99%d7%99%d7%aa-%d7%a1%d7%9c%d7%9e%d7%94-%d7%91%d7%a4%d7%a8%d7%a1-%d7%94%d7%a1%d7%a8%d7%98-%d7%94%d7%a2%d7%9c%d7%99%d7%9c%d7%aa%d7%99/
ok        5488ms MISS https://kerenmakor.org.il/%d7%a7%d7%a8%d7%9f-%d7%9e%d7%a7%d7%95%d7%a8-%d7%9e%d7%91%d7%a8%d7%9b%d7%aa-%d7%90%d7%aa-%d7%90%d7%a1%d7%a3-%d7%9c%d7%a4%d7%99%d7%93-%d7%95%d7%90%d7%aa-%d7%97%d7%91%d7%a8%d7%aa-%d7%94%d7%94%d7%a4%d7%a7/
ok        9212ms MISS https://kerenmakor.org.il/%d7%93%d7%95%d7%a7%d7%90%d7%91%d7%99%d7%91-%d7%9e%d7%96%d7%9e%d7%99%d7%9f-%d7%90%d7%aa-%d7%99%d7%95%d7%a6%d7%a8%d7%95%d7%aa-%d7%95%d7%99%d7%95%d7%a6%d7%a8%d7%99-%d7%94%d7%a1%d7%a8%d7%98%d7%99%d7%9d/
ok       10480ms MISS https://kerenmakor.org.il/%d7%99%d7%95%d7%9d-%d7%aa%d7%a2%d7%a9%d7%99%d7%99%d7%94-%d7%a4%d7%aa%d7%95%d7%97-%d7%91%d7%9e%d7%a1%d7%92%d7%a8%d7%aa-%d7%97%d7%9e%d7%9e%d7%aa-xr-%d7%9e%d7%93%d7%99%d7%94-%d7%97%d7%93%d7%a9%d7%94/
ok       14197ms MISS https://kerenmakor.org.il/%d7%97%d7%92-%d7%a9%d7%9e%d7%97-%d7%95%d7%91%d7%94%d7%a6%d7%9c%d7%97%d7%94-%d7%9c%d7%9e%d7%a9%d7%aa%d7%aa%d7%a4%d7%99-%d7%a4%d7%a1%d7%98%d7%99%d7%91%d7%9c-%d7%94%d7%a1%d7%a8%d7%98%d7%99%d7%9d-%d7%97/
ok       12198ms MISS https://kerenmakor.org.il/%d7%91%d7%9e%d7%95%d7%a6%d7%a9-%d7%94%d7%a7%d7%a8%d7%95%d7%91-%d7%94-1-10-%d7%94%d7%a7%d7%a8%d7%a0%d7%aa-%d7%91%d7%9b%d7%95%d7%a8%d7%94-%d7%a9%d7%9c-%d7%94%d7%a1%d7%a8%d7%98-%d7%94%d7%9e%d7%98/
ok       12856ms MISS https://kerenmakor.org.il/%d7%91%d7%a8%d7%9b%d7%95%d7%aa-%d7%9c%d7%99%d7%95%d7%a6%d7%a8%d7%95%d7%aa-%d7%95%d7%94%d7%99%d7%95%d7%a6%d7%a8%d7%99%d7%9d-%d7%a9%d7%a0%d7%91%d7%97%d7%a8%d7%95-%d7%91%d7%a7%d7%95%d7%9c-%d7%a7%d7%95/
ok       15090ms MISS https://kerenmakor.org.il/%d7%a9%d7%a0%d7%94-%d7%98%d7%95%d7%91%d7%94/
ok        9798ms MISS https://kerenmakor.org.il/%d7%a4%d7%a8%d7%a1-%d7%a1%d7%a8%d7%98-%d7%94%d7%90%d7%a0%d7%99%d7%9e%d7%a6%d7%99%d7%94-%d7%94%d7%98%d7%95%d7%91-%d7%91%d7%99%d7%95%d7%aa%d7%a8-%d7%91%d7%a4%d7%a1%d7%98%d7%99%d7%91%d7%9c-vasteras-fil/
ok        6400ms MISS https://kerenmakor.org.il/%d7%9e%d7%95%d7%a2%d7%9e%d7%93%d7%95%d7%aa-%d7%a9%d7%9c-%d7%a8%d7%95%d7%a1%d7%95-%d7%91%d7%aa%d7%97%d7%a8%d7%95%d7%aa-%d7%a1%d7%a8%d7%98%d7%99%d7%9d-%d7%a7%d7%a6%d7%a8%d7%99%d7%9d-%d7%a2%d7%93-4/
ok        8596ms MISS https://kerenmakor.org.il/%d7%9e%d7%95%d7%a2%d7%9e%d7%93%d7%95%d7%aa-%d7%a9%d7%9c-%d7%90%d7%a0%d7%90-%d7%94%d7%9e%d7%aa%d7%9f-%d7%9c%d7%a0%d7%a6%d7%99%d7%92-%d7%91%d7%aa%d7%97%d7%a8%d7%95%d7%aa-%d7%a1%d7%a8%d7%98%d7%99/
ok       11495ms MISS https://kerenmakor.org.il/%d7%9e%d7%95%d7%a2%d7%9e%d7%93%d7%95%d7%aa-%d7%a9%d7%9c-%d7%90%d7%a9%d7%aa-%d7%97%d7%99%d7%9c-%d7%91%d7%aa%d7%97%d7%a8%d7%95%d7%aa-%d7%a1%d7%a8%d7%98%d7%99%d7%9d-%d7%aa%d7%99%d7%a2%d7%95%d7%93/
ok       15072ms MISS https://kerenmakor.org.il/%d7%90%d7%99%d7%a8%d7%95%d7%a2-%d7%97%d7%95%d7%91%d7%94-%d7%9c%d7%9b%d7%95%d7%9c-%d7%9e%d7%99-%d7%a9%d7%9e%d7%aa%d7%a2%d7%a0%d7%99%d7%99%d7%9f-%d7%91%d7%aa%d7%97%d7%95%d7%9d-%d7%94-xr/
ok       13690ms MISS https://kerenmakor.org.il/%d7%9e%d7%95%d7%a2%d7%9e%d7%93%d7%95%d7%aa-%d7%a9%d7%9c-%d7%94%d7%a2%d7%99%d7%a8-%d7%94%d7%90%d7%97%d7%a8%d7%aa-%d7%91%d7%aa%d7%97%d7%a8%d7%95%d7%aa-%d7%a1%d7%a8%d7%98%d7%99%d7%9d-%d7%aa%d7%99/
ok       16414ms MISS https://kerenmakor.org.il/%d7%a7%d7%95%d7%9c-%d7%a7%d7%95%d7%a8%d7%90-xr-%d7%9e%d7%93%d7%99%d7%94-%d7%97%d7%93%d7%a9%d7%94-08-2022/
ok       15184ms MISS https://kerenmakor.org.il/%d7%97%d7%99%d7%99%d7%9d-%d7%91%d7%a6%d7%9c-%d7%94%d7%9e%d7%95%d7%95%d7%aa-%d7%91%d7%a4%d7%a1%d7%98%d7%99%d7%91%d7%9c-%d7%94%d7%a7%d7%95%d7%9c%d7%a0%d7%95%d7%a2-%d7%99%d7%a8%d7%95%d7%a9%d7%9c/
ok       12906ms MISS https://kerenmakor.org.il/%d7%a7%d7%95%d7%9c-%d7%a7%d7%95%d7%a8%d7%90-%d7%a2%d7%93-10-07-2022/
ok       15393ms MISS https://kerenmakor.org.il/%d7%9e%d7%95%d7%a2%d7%9e%d7%93%d7%95%d7%aa-%d7%a9%d7%9c-%d7%97%d7%95%d7%a8%d7%99%d7%9d-%d7%91%d7%aa%d7%97%d7%a8%d7%95%d7%aa-%d7%a1%d7%a8%d7%98%d7%99%d7%9d-%d7%aa%d7%99%d7%a2%d7%95%d7%93%d7%99/
ok       13493ms MISS https://kerenmakor.org.il/%d7%9e%d7%95%d7%a2%d7%9e%d7%93%d7%95%d7%aa-%d7%94%d7%9c%d7%90%d7%a4-%d7%93%d7%90%d7%a0%d7%a1-%d7%94%d7%90%d7%97%d7%a8%d7%95%d7%9f-%d7%91%d7%aa%d7%97%d7%a8%d7%95%d7%aa-%d7%a1%d7%a8%d7%98%d7%99/
ok       12290ms MISS https://kerenmakor.org.il/%d7%9e%d7%95%d7%a2%d7%93-%d7%94%d7%94%d7%92%d7%a9%d7%94-%d7%94%d7%90%d7%97%d7%a8%d7%95%d7%9f-%d7%a9%d7%9c-%d7%a7%d7%95%d7%9c-%d7%a7%d7%95%d7%a8%d7%90-%d7%9c%d7%9e%d7%93%d7%99%d7%94-%d7%97%d7%93%d7%a9/
ok       14195ms MISS https://kerenmakor.org.il/%d7%90%d7%99%d7%a8%d7%95%d7%a2-%d7%a4%d7%a8%d7%96%d7%a0%d7%98%d7%a6%d7%99%d7%95%d7%aa-%d7%a9%d7%9c-%d7%9e%d7%95%d7%a2%d7%93-%d7%a7%d7%a6%d7%a8-%d7%90%d7%a0%d7%99%d7%9e%d7%a6%d7%99%d7%94/
ok       13535ms MISS https://kerenmakor.org.il/%d7%96%d7%9b%d7%99%d7%95%d7%aa-%d7%a9%d7%9c-%d7%a1%d7%a8%d7%98%d7%99-%d7%94%d7%a7%d7%a8%d7%9f-%d7%91%d7%a4%d7%a1%d7%98%d7%99%d7%91%d7%9c-%d7%94%d7%91%d7%99%d7%a0%d7%9c%d7%90%d7%95%d7%9e%d7%99-%d7%9c/
ok       15396ms MISS https://kerenmakor.org.il/%d7%94%d7%a7%d7%a8%d7%a0%d7%94-%d7%9e%d7%99%d7%95%d7%97%d7%93%d7%aa-%d7%a9%d7%9c-%d7%92%d7%a8%d7%95%d7%a1%d7%9e%d7%9f-%d7%91%d7%a4%d7%a1%d7%98%d7%99%d7%91%d7%9c-biografilm/
ok       15972ms MISS https://kerenmakor.org.il/%d7%91%d7%a8%d7%9b%d7%95%d7%aa-%d7%9c%d7%92%d7%9c%d7%99%d7%94-%d7%a2%d7%95%d7%96%d7%9e%d7%95-%d7%a2%d7%9c-%d7%96%d7%9b%d7%99%d7%99%d7%aa-%d7%a1%d7%a8%d7%98%d7%94-%d7%9e%d7%a9%d7%90%d7%9c%d7%94/
ok       16091ms MISS https://kerenmakor.org.il/%d7%a7%d7%95%d7%9c-%d7%a7%d7%95%d7%a8%d7%90-%d7%a1%d7%a8%d7%98%d7%99-%d7%aa%d7%a2%d7%95%d7%93%d7%94-07-2022/
ok       18421ms MISS https://kerenmakor.org.il/%d7%a4%d7%a1%d7%98%d7%99%d7%91%d7%9c-newimages/
ok       18560ms MISS https://kerenmakor.org.il/%d7%92%d7%90%d7%99%d7%9d-%d7%95%d7%a0%d7%a8%d7%92%d7%a9%d7%99%d7%9d-%d7%9c%d7%a7%d7%97%d7%aa-%d7%97%d7%9c%d7%a7-%d7%91%d7%a1%d7%a8%d7%98%d7%99%d7%9d-%d7%94%d7%96%d7%95%d7%9b%d7%99%d7%9d-%d7%91%d7%a4/
ok       14428ms MISS https://kerenmakor.org.il/%d7%94%d7%a7%d7%a8%d7%a0%d7%aa-%d7%a1%d7%a8%d7%98%d7%99-%d7%a7%d7%a8%d7%9f-%d7%9e%d7%a7%d7%95%d7%a8-%d7%91%d7%a1%d7%93%d7%a8%d7%94-%d7%9e%d7%95%d7%96%d7%95%d7%aa-%d7%94%d7%97%d7%9c-%d7%9e%d7%94-27/
ok       15821ms MISS https://kerenmakor.org.il/%d7%a1%d7%a8%d7%98%d7%99-%d7%90%d7%a0%d7%99%d7%9e%d7%a6%d7%99%d7%94-%d7%a9%d7%9c-%d7%a7%d7%a8%d7%9f-%d7%9e%d7%a7%d7%95%d7%a8-%d7%a2%d7%95%d7%a9%d7%99%d7%9d-%d7%a0%d7%97%d7%a9%d7%a4%d7%99%d7%9d-%d7%9c/
ok       18584ms MISS https://kerenmakor.org.il/%d7%a2%d7%99%d7%9f-%d7%9c%d7%91%d7%a0%d7%94-%d7%a0%d7%95%d7%a9%d7%90%d7%aa-%d7%9e%d7%91%d7%98%d7%94-%d7%90%d7%9c-%d7%94%d7%90%d7%95%d7%a1%d7%a7%d7%a8-25-4-2021/
ok       18993ms MISS https://kerenmakor.org.il/%d7%a4%d7%a0%d7%a1%d7%98%d7%a1%d7%98%d7%99-%d7%9b%d7%90%d7%9f-%d7%a2%d7%9c-%d7%94%d7%9e%d7%90%d7%99%d7%99%d7%a8-%d7%93%d7%95%d7%93-%d7%a4%d7%95%d7%9c%d7%95%d7%a0%d7%a1%d7%a7%d7%99-%d7%a1%d7%a8/
ok       16691ms MISS https://kerenmakor.org.il/%d7%a7%d7%95%d7%9c-%d7%a7%d7%95%d7%a8%d7%90-%d7%9c%d7%a1%d7%a8%d7%98%d7%99-%d7%aa%d7%a2%d7%95%d7%93%d7%94-08-2020/
ok       16689ms MISS https://kerenmakor.org.il/%d7%91%d7%95%d7%90%d7%95-%d7%9c%d7%94%d7%9b%d7%99%d7%a8-%d7%90%d7%aa-%d7%97%d7%91%d7%a8%d7%aa-wildbrain/
ok       14316ms MISS https://kerenmakor.org.il/%d7%9c%d7%94%d7%aa%d7%90%d7%94%d7%91-%d7%91%d7%a8%d7%a7%d7%a1-%d7%96%d7%9b%d7%94-%d7%91%d7%a4%d7%a8%d7%a1-%d7%a1%d7%a8%d7%98-%d7%94%d7%99%d7%9c%d7%93%d7%99%d7%9d-%d7%94%d7%98%d7%95%d7%91-%d7%91/
ok       17807ms MISS https://kerenmakor.org.il/%d7%a7%d7%95%d7%9c-%d7%a7%d7%95%d7%a8%d7%90-%d7%9c%d7%a1%d7%a8%d7%98%d7%99%d7%9d-%d7%a7%d7%a6%d7%a8%d7%99%d7%9d-08-2020/
ok       17384ms MISS https://kerenmakor.org.il/%d7%a1%d7%95%d7%a4%d7%a8-%d7%91%d7%95%d7%a8%d7%97-%d7%9e%d7%a1%d7%a8%d7%98-%d7%9e%d7%90%d7%97%d7%95%d7%a8%d7%99-%d7%94%d7%a7%d7%9c%d7%a2%d7%99%d7%9d/
ok       20108ms MISS https://kerenmakor.org.il/%d7%a4%d7%a1%d7%98%d7%99%d7%91%d7%9c-%d7%94%d7%a1%d7%a8%d7%98%d7%99%d7%9d-%d7%94%d7%91%d7%99%d7%a0%d7%9c%d7%90%d7%95%d7%9e%d7%99-%d7%97%d7%99%d7%a4%d7%94-2020-%d7%a4%d7%aa%d7%99%d7%97%d7%aa-%d7%94/
ok       20183ms MISS https://kerenmakor.org.il/%d7%a7%d7%95%d7%9c-%d7%a7%d7%95%d7%a8%d7%90-%d7%aa%d7%a2%d7%95%d7%93%d7%94-2020-%d7%a2%d7%93%d7%9b%d7%95%d7%9f-%d7%9c%d7%95%d7%96-%e2%8f%b1/
ok       19768ms MISS https://kerenmakor.org.il/%d7%9e%d7%a9%d7%91%d7%a8-%d7%94%d7%a7%d7%95%d7%a8%d7%95%d7%a0%d7%94-%d7%a2%d7%93%d7%9b%d7%95%d7%9f-%d7%9e%d7%9e%d7%95%d7%a2%d7%a6%d7%aa-%d7%94%d7%a7%d7%95%d7%9c%d7%a0%d7%95%d7%a2-%d7%9c%d7%99%d7%95/
ok       21112ms MISS https://kerenmakor.org.il/%d7%aa%d7%a7%d7%95%d7%95%d7%94-%d7%aa%d7%a2%d7%95%d7%93%d7%94-%d7%a7%d7%a6%d7%a8-%d7%94%d7%9e%d7%99%d7%96%d7%9e%d7%99%d7%9d-%d7%94%d7%a0%d7%91%d7%97%d7%a8%d7%99%d7%9d-%d7%9c%d7%94%d7%a9%d7%a7/
ok       22092ms MISS https://kerenmakor.org.il/%d7%a7%d7%95%d7%9c-%d7%a7%d7%95%d7%a8%d7%90-%d7%a7%d7%a6%d7%a8-%d7%90%d7%a0%d7%99%d7%9e%d7%a6%d7%99%d7%94/
ok       21852ms MISS https://kerenmakor.org.il/%d7%94%d7%a7%d7%a8%d7%9f-%d7%91%d7%9e%d7%94%d7%9c%d7%9a-%d7%9e%d7%a9%d7%91%d7%a8-%d7%94%d7%a7%d7%95%d7%a8%d7%95%d7%a0%d7%94/
ok       21800ms MISS https://kerenmakor.org.il/%d7%9e%d7%99%d7%96%d7%9d-%d7%b4%d7%a2%d7%93-10%d7%b4-2019-%d7%99%d7%9e%d7%99-%d7%a2%d7%91%d7%95%d7%93%d7%94-%d7%91%d7%aa%d7%9c-%d7%90%d7%91%d7%99%d7%91/
ok       21629ms MISS https://kerenmakor.org.il/%d7%a9%d7%a4%d7%90%d7%a8-%d7%91%d7%93%d7%a8%d7%9a-%d7%9c%d7%94%d7%95%d7%9c%d7%99%d7%95%d7%95%d7%93-%d7%99%d7%95%d7%a7%d7%a8%d7%9f-%d7%91%d7%9e%d7%a1%d7%92%d7%a8%d7%aa-%d7%94%d7%9e%d7%99%d7%95/
ok       20773ms MISS https://kerenmakor.org.il/%d7%a7%d7%95%d7%9c-%d7%a7%d7%95%d7%a8%d7%90-%d7%90%d7%a7%d7%95%d7%9c%d7%95g-%d7%92%d7%9c%d7%99%d7%9c/
ok       18735ms MISS https://kerenmakor.org.il/%d7%a4%d7%a8%d7%a1-grand-prix-%d7%91%d7%a4%d7%a1%d7%98%d7%99%d7%91%d7%9c-fipadoc-%d7%9c%d7%a1%d7%a8%d7%98%d7%94-%d7%a9%d7%9c-%d7%96%d7%94%d7%a8-%d7%95%d7%92%d7%a0%d7%a8-21-%d7%99%d7%95%d7%9d-%d7%95/
ok       18810ms MISS https://kerenmakor.org.il/%d7%93%d7%95%d7%a7%d7%95-%d7%99%d7%a9%d7%a8%d7%90%d7%9c%d7%99-%d7%a7%d7%95%d7%9c-%d7%a7%d7%95%d7%a8%d7%90-%d7%a7%d7%95%d7%9c-%d7%a7%d7%95%d7%a8%d7%90-%d7%9c%d7%a1%d7%a8%d7%98%d7%99-%d7%95%d7%a1/
ok       18896ms MISS https://kerenmakor.org.il/%d7%a2%d7%93-10-2019-%d7%94%d7%96%d7%95%d7%9b%d7%99%d7%9d-%d7%91%d7%94%d7%a9%d7%a7%d7%a2%d7%aa-%d7%94%d7%a4%d7%a7%d7%94/
ok       19014ms MISS https://kerenmakor.org.il/%d7%98%d7%90%d7%a6-%d7%96%d7%9b%d7%94-%d7%91%d7%a4%d7%a8%d7%a1-%d7%94%d7%a1%d7%a8%d7%98-%d7%94%d7%98%d7%95%d7%91-%d7%91%d7%99%d7%95%d7%aa%d7%a8-%d7%91%d7%a4%d7%a1%d7%98%d7%99%d7%91%d7%9c-moscow-shor/
ok       19205ms MISS https://kerenmakor.org.il/%d7%9e%d7%95%d7%99%d7%99%d7%a1%d7%a8%d7%99%d7%9d-%d7%96%d7%9b%d7%94-%d7%91%d7%a4%d7%a8%d7%a1-%d7%94%d7%92%d7%93%d7%95%d7%9c-%d7%91%d7%a4%d7%a1%d7%98%d7%99%d7%91%d7%9c-primed-%d7%91%d7%9e%d7%a8/
ok       11823ms MISS https://kerenmakor.org.il/%d7%90%d7%99%d7%a8%d7%95%d7%a2%d7%99-%d7%a7%d7%a8%d7%9f-%d7%9e%d7%a7%d7%95%d7%a8-%d7%91%d7%a4%d7%a1%d7%98%d7%99%d7%91%d7%9c-%d7%94%d7%a7%d7%95%d7%9c%d7%a0%d7%95%d7%a2-%d7%97%d7%99%d7%a4%d7%94-2019/
ok       12661ms MISS https://kerenmakor.org.il/%d7%a1%d7%a8%d7%98%d7%99-%d7%a7%d7%a8%d7%9f-%d7%9e%d7%a7%d7%95%d7%a8-%d7%94%d7%9e%d7%95%d7%a7%d7%a8%d7%a0%d7%99%d7%9d-%d7%91%d7%91%d7%9b%d7%95%d7%a8%d7%94-%d7%95%d7%9e%d7%a9%d7%aa%d7%aa%d7%a4%d7%99/
ok        7993ms MISS https://kerenmakor.org.il/%d7%a2%d7%93-10-2019-%d7%94%d7%a1%d7%a8%d7%98%d7%99%d7%9d-%d7%a9%d7%a2%d7%9c%d7%95-%d7%9c%d7%a9%d7%9c%d7%91-%d7%94%d7%a4%d7%99%d7%a6%d7%99%d7%a0%d7%92/
ok       11876ms MISS https://kerenmakor.org.il/%d7%9e%d7%a9%d7%a4%d7%97%d7%94-%d7%91%d7%98%d7%a8%d7%a0%d7%a1-%d7%96%d7%9b%d7%94-%d7%91%d7%a6%d7%99%d7%95%d7%9f-%d7%9c%d7%a9%d7%91%d7%97-%d7%91%d7%a4%d7%a1%d7%98%d7%99%d7%91%d7%9c-%d7%94%d7%a1%d7%a8/
ok        9904ms MISS https://kerenmakor.org.il/%d7%a9%d7%99%d7%a8-%d7%9e%d7%9c%d7%97%d7%9e%d7%94-%d7%94%d7%aa%d7%a7%d7%91%d7%9c-%d7%9c%d7%aa%d7%97%d7%a8%d7%95%d7%aa-%d7%94%d7%a8%d7%a9%d7%9e%d7%99%d7%aa-%d7%a9%d7%9c-%d7%a4%d7%a1%d7%98%d7%99/
ok       11511ms MISS https://kerenmakor.org.il/%d7%a4%d7%a1%d7%98%d7%99%d7%91%d7%9c-%d7%94%d7%a7%d7%95%d7%9c%d7%a0%d7%95%d7%a2-%d7%99%d7%a8%d7%95%d7%a9%d7%9c%d7%99%d7%9d-2019-%d7%a1%d7%a8%d7%98%d7%99%d7%9d-%d7%91%d7%aa%d7%9e%d7%99%d7%9b%d7%aa/
ok       11079ms MISS https://kerenmakor.org.il/%d7%a4%d7%a8%d7%a1-%d7%a0%d7%90%d7%a0%d7%95%d7%a7-%d7%94%d7%9b%d7%a1%d7%a3-%d7%9c%d7%a1%d7%a8%d7%98-%d7%98%d7%95%d7%a7%d7%9c%d7%95%d7%9e%d7%98%d7%99/
ok       15487ms MISS https://kerenmakor.org.il/%d7%a4%d7%a8%d7%a1%d7%99-%d7%90%d7%95%d7%a4%d7%99%d7%a8-2019-%d7%a1%d7%a8%d7%98%d7%99-%d7%94%d7%a7%d7%a8%d7%9f-%d7%a9%d7%a2%d7%9c%d7%95-%d7%9c%d7%a9%d7%9c%d7%91-%d7%94%d7%9e%d7%95%d7%a2%d7%9e%d7%93/
ok       17406ms MISS https://kerenmakor.org.il/%d7%93%d7%95%d7%97-%d7%9e%d7%a6%d7%91-%d7%94%d7%a9%d7%a7%d7%a2%d7%95%d7%aa-%d7%a7%d7%a8%d7%9f-%d7%9e%d7%a7%d7%95%d7%a8-2019/
ok       11112ms MISS https://kerenmakor.org.il/%d7%aa%d7%97%d7%a8%d7%95%d7%aa-%d7%94%d7%a4%d7%95%d7%a8%d7%95%d7%9d-%d7%94%d7%93%d7%95%d7%a7%d7%95%d7%9e%d7%a0%d7%98%d7%a8%d7%99-%d7%91%d7%99%d7%a9%d7%a8%d7%90%d7%9c-%d7%9c%d7%90%d7%94-%d7%a6/
ok       13395ms MISS https://kerenmakor.org.il/%d7%a4%d7%a1%d7%98%d7%99%d7%91%d7%9c-%d7%a7%d7%95%d7%9c%d7%a0%d7%95%d7%a2-%d7%93%d7%a8%d7%95%d7%9d-%d7%9e%d7%a2%d7%a0%d7%a7%d7%99-%d7%a4%d7%99%d7%aa%d7%95%d7%97-%d7%a9%d7%9c-%d7%94%d7%a7%d7%a8%d7%9f/
ok       10991ms MISS https://kerenmakor.org.il/%d7%a4%d7%a1%d7%98%d7%99%d7%91%d7%9c-%d7%94%d7%a1%d7%98%d7%95%d7%93%d7%a0%d7%98%d7%99%d7%9d-%d7%94%d7%91%d7%99%d7%a0%d7%9c%d7%90%d7%95%d7%9e%d7%99-2019-%d7%99%d7%95%d7%9d-%d7%a8%d7%92%d7%99%d7%9c/
ok       12517ms MISS https://kerenmakor.org.il/%d7%a7%d7%95%d7%9c-%d7%a7%d7%95%d7%a8%d7%90-%d7%93%d7%95%d7%a7%d7%95-%d7%a1%d7%a4%d7%95%d7%a8%d7%98-%d7%94%d7%96%d7%95%d7%9b%d7%99%d7%9d-%d7%91%d7%9e%d7%a2%d7%a0%d7%a7-%d7%a4%d7%99%d7%aa%d7%95%d7%97/
ok       15473ms MISS https://kerenmakor.org.il/%d7%a4%d7%a1%d7%98%d7%99%d7%91%d7%9c-%d7%94%d7%a1%d7%98%d7%95%d7%93%d7%a0%d7%98%d7%99%d7%9d-%d7%94%d7%91%d7%99%d7%a0%d7%9c%d7%90%d7%95%d7%9e%d7%99-2019-%d7%94%d7%96%d7%95%d7%9b%d7%99%d7%9d-%d7%91/
ok       16689ms MISS https://kerenmakor.org.il/%d7%a4%d7%92%d7%95%d7%aa-%d7%aa%d7%95%d7%a7%d7%a3-%d7%a4%d7%a8%d7%a1-%d7%99%d7%95%d7%a1%d7%99-%d7%a7%d7%90%d7%95%d7%a4%d7%9e%d7%9f-%d7%9c%d7%91%d7%99%d7%9e%d7%95%d7%99-%d7%93%d7%95%d7%a7%d7%90/
ok       11306ms MISS https://kerenmakor.org.il/%d7%94%d7%99%d7%94-%d7%94%d7%99%d7%94-%d7%99%d7%9c%d7%93-%d7%a4%d7%a8%d7%a1-%d7%97%d7%91%d7%a8-%d7%94%d7%a9%d7%95%d7%a4%d7%98%d7%99%d7%9d-%d7%91%d7%aa%d7%97%d7%a8%d7%95%d7%aa-%d7%94%d7%99%d7%a9/
ok        6601ms MISS https://kerenmakor.org.il/%d7%a7%d7%95%d7%9c-%d7%a7%d7%95%d7%a8%d7%90-%d7%a2%d7%93-10/
ok        8756ms MISS https://kerenmakor.org.il/%d7%9c%d7%90%d7%94-%d7%a6%d7%9e%d7%9c-%d7%a2%d7%95%d7%a8%d7%9b%d7%aa-%d7%93%d7%99%d7%9f-%d7%94%d7%a1%d7%a8%d7%98-%d7%94%d7%98%d7%95%d7%91-%d7%91%d7%99%d7%95%d7%aa%d7%a8-%d7%91%d7%aa%d7%97%d7%a8/
ok       12779ms MISS https://kerenmakor.org.il/%d7%91%d7%a8%d7%9b%d7%95%d7%aa-%d7%9c%d7%a8%d7%97%d7%9c-%d7%9c%d7%90%d7%94-%d7%92%d7%95%d7%a0%d7%a1-%d7%95%d7%a4%d7%99%d7%9c%d7%99%d7%a4-%d7%91%d7%9c%d7%90%d7%99%d7%a9/
ok        8686ms MISS https://kerenmakor.org.il/%d7%91%d7%a8%d7%9b%d7%94-%d7%9c%d7%99%d7%95%d7%a6%d7%a8%d7%99-%d7%94%d7%a1%d7%a8%d7%98%d7%99%d7%9d-%d7%94%d7%9e%d7%a9%d7%aa%d7%aa%d7%a4%d7%99%d7%9d-%d7%91%d7%93%d7%95%d7%a7%d7%90%d7%91%d7%99%d7%91-201/
ok       12891ms MISS https://kerenmakor.org.il/%d7%a7%d7%95%d7%9c-%d7%a7%d7%95%d7%a8%d7%90-%d7%93%d7%95%d7%a7%d7%95-%d7%a7%d7%a6%d7%a8-07-2025-%d7%91%d7%97%d7%99%d7%a8%d7%94-%d7%91%d7%a8%d7%99%d7%97%d7%94-%d7%9e%d7%95%d7%a2%d7%93-%d7%94%d7%92/
ok        4625ms MISS https://kerenmakor.org.il/%d7%a2%d7%93-10-%d7%94%d7%96%d7%95%d7%9b%d7%99%d7%9d-%d7%91%d7%94%d7%a9%d7%a7%d7%a2%d7%aa-%d7%94%d7%a4%d7%a7%d7%94/
ok       10825ms MISS https://kerenmakor.org.il/%d7%a7%d7%95%d7%9c-%d7%a7%d7%95%d7%a8%d7%90-%d7%9c%d7%97%d7%95%d7%95%d7%99%d7%95%d7%aa-xr-%d7%91%d7%a0%d7%95%d7%a9%d7%90-%d7%9e%d7%a9%d7%91%d7%a8-%d7%94%d7%90%d7%a7%d7%9c%d7%99%d7%9d/
ok       14759ms MISS https://kerenmakor.org.il/%d7%9c%d7%90%d7%94-%d7%a6%d7%9e%d7%9c-%d7%a2%d7%95%d7%a8%d7%9b%d7%aa-%d7%93%d7%99%d7%9f-%d7%a4%d7%a8%d7%a1-%d7%94%d7%a1%d7%a8%d7%98-%d7%94%d7%aa%d7%99%d7%a2%d7%95%d7%93%d7%99-%d7%94%d7%98%d7%95/
ok       14094ms MISS https://kerenmakor.org.il/%D7%A0%D7%94%D7%9C%D7%99-%D7%94%D7%92%D7%A9%D7%95%D7%AA/
ok       15488ms MISS https://kerenmakor.org.il/%D7%A7%D7%95%D7%9C-%D7%A7%D7%95%D7%A8%D7%90-%D7%9C%D7%99%D7%95%D7%A6%D7%A8%D7%95%D7%AA-%D7%A8%D7%99%D7%9D-%D7%9C%D7%9E%D7%A2%D7%91%D7%93%D7%94-%D7%9C%D7%A4%D7%99%D7%AA%D7%95%D7%97-%D7%A4%D7%A8%D7%95/
ok       15182ms MISS https://kerenmakor.org.il/lostpassword/
ok       19097ms MISS https://kerenmakor.org.il/%d7%a7%d7%95%d7%9c-%d7%a7%d7%95%d7%a8%d7%90-%d7%94%d7%a1%d7%98%d7%95%d7%93%d7%99%d7%95-%d7%9c%d7%a4%d7%99%d7%aa%d7%95%d7%97-%d7%a1%d7%a8%d7%98%d7%99-%d7%90%d7%a0%d7%99%d7%9e%d7%a6%d7%99%d7%94-%d7%91/
ok       12379ms MISS https://kerenmakor.org.il/active-declaration/fast-track/%D7%98%D7%95%D7%A4%D7%A1-%D7%94%D7%92%D7%A9%D7%94-%D7%A1%D7%A8%D7%98%D7%99-%D7%95%D7%A1%D7%93%D7%A8%D7%95%D7%AA-%D7%AA%D7%A2%D7%95%D7%93%D7%94/
ok       11189ms MISS https://kerenmakor.org.il/%D7%90%D7%99%D7%A9%D7%95%D7%A8%D7%99-%D7%94%D7%A0%D7%94%D7%9C%D7%94-%D7%9B%D7%9C%D7%9C%D7%99%D7%99%D7%9D/
ok       11089ms MISS https://kerenmakor.org.il/login/?redirect_to=https%3A%2F%2Fkerenmakor.org.il%2Factive-declaration%2F&reauth=1
ok       24722ms MISS https://kerenmakor.org.il/more/%D7%9E%D7%9C%D7%97%D7%9E%D7%94-%D7%9C%D7%A4%D7%A0%D7%99-%D7%94%D7%A9%D7%99%D7%A0%D7%94-%D7%AA%D7%94%D7%99%D7%9C%D7%94-%D7%9C%D7%A4%D7%99%D7%93%D7%95%D7%AA/
ok       27607ms MISS https://kerenmakor.org.il/home/%D7%A1%D7%A8%D7%98%D7%99%D7%9D/
ok       28219ms MISS https://kerenmakor.org.il/more/%D7%91%D7%A8%D7%9B%D7%95%D7%AA-%D7%9C%D7%99%D7%95%D7%A6%D7%A8%D7%99-%D7%95%D7%95%D7%99%D7%A0%D7%98%D7%A8%D7%90%D7%95%D7%91%D7%A8/
ok       13069ms MISS https://kerenmakor.org.il/more/%D7%92%D7%99%D7%99%D7%9D-%D7%A6%D7%99%D7%99%D7%A0%D7%92%D7%A8-%D7%94%D7%9E%D7%9C%D7%A6%D7%AA-%D7%A6%D7%A4%D7%99%D7%99%D7%94/
ok       13787ms MISS https://kerenmakor.org.il/more/%D7%9E%D7%94-%D7%96%D7%94-%D7%A7%D7%95%D7%9C%D7%A0%D7%95%D7%A2-%D7%91-360/
ok       17368ms MISS https://kerenmakor.org.il/login/?redirect_to=https%3A%2F%2Fkerenmakor.org.il%2Flast-notifications%2F&reauth=1
ok       14109ms MISS https://kerenmakor.org.il/more/%D7%A1%D7%99%D7%A0%D7%93%D7%A8%D7%95%D7%9D-%D7%A2%D7%96%D7%94-%D7%9E%D7%A6%D7%9C%D7%99%D7%97%D7%94-%D7%91%D7%A2%D7%A0%D7%A7/
ok       14098ms MISS https://kerenmakor.org.il/more/%D7%90%D7%95%D7%A8%D7%A0%D7%94-%D7%95%D7%90%D7%9C%D7%94-%D7%94%D7%99%D7%A9%D7%92-%D7%97%D7%A1%D7%A8-%D7%AA%D7%A7%D7%93%D7%99%D7%9D-%D7%9C%D7%A7%D7%95%D7%9C%D7%A0%D7%95%D7%A2-%D7%AA%D7%99%D7%A2%D7%95/
ok       14215ms MISS https://kerenmakor.org.il/more/congratulations-to-the-selected-project-teams-of-the-xr-jewish-life-in-islamic-and-arab-countries-open-call-08-2025-%F0%9F%8E%89/?lang=en
ok       14179ms MISS https://kerenmakor.org.il/more/%D7%91%D7%A8%D7%9B%D7%95%D7%AA-%D7%9C%D7%A6%D7%95%D7%95%D7%AA%D7%99-%D7%94%D7%A4%D7%A8%D7%95%D7%99%D7%A7%D7%98%D7%99%D7%9D-%D7%94%D7%A0%D7%91%D7%97%D7%A8%D7%99%D7%9D-%D7%91%D7%9E%D7%A1%D7%92%D7%A8/
ok       15879ms MISS https://kerenmakor.org.il/more/%D7%99%D7%95%D7%9D-%D7%AA%D7%A2%D7%A9%D7%99%D7%99%D7%94-%D7%A4%D7%AA%D7%95%D7%97-%D7%A2%D7%9C-%D7%A7%D7%95%D7%9C%D7%A0%D7%95%D7%A2-%D7%91%D7%9E%D7%A8%D7%97%D7%91-%D7%94%D7%95%D7%95%D7%99%D7%A8%D7%98-2/
ok       16029ms MISS https://kerenmakor.org.il/more/%D7%99%D7%95%D7%9D-%D7%AA%D7%A2%D7%A9%D7%99%D7%99%D7%94-%D7%A4%D7%AA%D7%95%D7%97-%D7%A2%D7%9C-%D7%A7%D7%95%D7%9C%D7%A0%D7%95%D7%A2-%D7%91%D7%9E%D7%A8%D7%97%D7%91-%D7%94%D7%95%D7%95%D7%99%D7%A8%D7%98/
ok        8108ms MISS https://kerenmakor.org.il/more/%D7%A7%D7%95%D7%9C-%D7%A7%D7%95%D7%A8%D7%90-%D7%AA%D7%A2%D7%95%D7%93%D7%94-%D7%9E%D7%93%D7%A8%D7%99%D7%9A-%D7%94%D7%92%D7%A9%D7%94/
ok        7873ms MISS https://kerenmakor.org.il/more/%D7%A8%D7%90%D7%99%D7%95%D7%9F-%D7%A2%D7%9D-%D7%90%D7%9C%D7%99%D7%94-%D7%A9%D7%95%D7%95%D7%A8%D7%A5-%D7%91%D7%99%D7%9E%D7%90%D7%99%D7%AA-%D7%94%D7%A1%D7%A8%D7%98-%D7%9C%D7%95%D7%95%D7%99%D7%AA%D7%9F/
ok        8754ms MISS https://kerenmakor.org.il/more/feature-animation-development-studio-congratulations-to-the-selected-projects-%F0%9F%8C%B8/?lang=en
ok       17285ms MISS https://kerenmakor.org.il/films/%d7%a7%d7%95%d7%9c%d7%95-%d7%a9%d7%9c-%d7%90%d7%97%d7%9e%d7%93/
ok       15351ms MISS https://kerenmakor.org.il/more/%D7%99%D7%95%D7%9D-%D7%AA%D7%A2%D7%A9%D7%99%D7%99%D7%94-%D7%A4%D7%AA%D7%95%D7%97-%D7%A7%D7%95%D7%9C%D7%A0%D7%95%D7%A2-%D7%91%D7%9E%D7%A8%D7%97%D7%91-%D7%94%D7%95%D7%95%D7%99%D7%A8%D7%98%D7%95%D7%90/
ok       15617ms MISS https://kerenmakor.org.il/films/%d7%9e%d7%a2%d7%a9%d7%94-%d7%91%d7%a9%d7%aa%d7%99-%d7%9e%d7%92%d7%a4%d7%95%d7%aa/
ok       20100ms MISS https://kerenmakor.org.il/films/%d7%94%d7%90%d7%95%d7%a9%d7%a8-%d7%94%d7%9e%d7%95%d7%a9%d7%9c%d7%9d/
ok       11922ms MISS https://kerenmakor.org.il/films/%d7%9e%d7%91%d7%95%d7%93%d7%93%d7%99%d7%9d/
ok       11172ms MISS https://kerenmakor.org.il/films/%d7%aa%d7%95%d7%a6%d7%a8%d7%aa-%d7%97%d7%95%d7%a5/
ok        9097ms MISS https://kerenmakor.org.il/films/%d7%94%d7%9e%d7%a0%d7%99%d7%a2/
ok        5373ms MISS https://kerenmakor.org.il/more/%D7%A8%D7%99%D7%90%D7%99%D7%95%D7%9F-%D7%A2%D7%9D-%D7%A8%D7%95%D7%A2%D7%99-%D7%A7%D7%9E%D7%97%D7%99-%D7%91%D7%9E%D7%90%D7%99-%D7%94%D7%A1%D7%A8%D7%98-%D7%A4%D7%99%D7%A8%D7%95%D7%90/
ok       15271ms MISS https://kerenmakor.org.il/films/%d7%91%d7%99%d7%a2%d7%a8%d7%95%d7%aa-%d7%94%d7%90%d7%9c%d7%95/
ok       18542ms MISS https://kerenmakor.org.il/films/%d7%99%d7%95%d7%9e%d7%a0%d7%99-%d7%94%d7%9e%d7%92%d7%a4%d7%94/
ok       27285ms MISS https://kerenmakor.org.il/films/%d7%92%d7%a8%d7%95%d7%a1%d7%9e%d7%9f/
ok       13974ms MISS https://kerenmakor.org.il/films/%d7%a9%d7%95%d7%a7%d7%9f-%d7%a2%d7%9c-%d7%92%d7%91%d7%95%d7%9c-%d7%94%d7%a7%d7%95%d7%a0%d7%a6%d7%a0%d7%96%d7%95%d7%a1/
ok       28510ms MISS https://kerenmakor.org.il/films/%d7%92%d7%95%d7%a9-%d7%97%d7%99%d7%9e%d7%a8/
ok       29996ms MISS https://kerenmakor.org.il/films/%d7%a7%d7%95%d7%99%d7%94-%d7%a0%d7%95%d7%99/
ok       28972ms MISS https://kerenmakor.org.il/films/%d7%9e%d7%95%d7%99%d7%99%d7%a1%d7%a8%d7%99%d7%9d/
ok       23004ms MISS https://kerenmakor.org.il/films/%d7%92%d7%9d-%d7%95%d7%a8%d7%99%d7%99/
ok       24316ms MISS https://kerenmakor.org.il/more/%D7%9E%D7%A7%D7%91%D7%A5-%D7%A1%D7%A8%D7%98%D7%99-%D7%AA%D7%A2%D7%95%D7%93%D7%94-2/
ok       31611ms MISS https://kerenmakor.org.il/films/%d7%99%d7%9c%d7%93%d7%99%d7%9d-%d7%a2%d7%9c-%d7%aa%d7%a0%d7%90%d7%99/
ok       20908ms MISS https://kerenmakor.org.il/films/%d7%9e%d7%97%d7%a9%d7%91%d7%95%d7%aa-%d7%9e%d7%a2%d7%95%d7%a4%d7%a4%d7%95%d7%aa/
ok       25579ms MISS https://kerenmakor.org.il/films/%d7%a9%d7%a8%d7%99%d7%9c/
ok        8882ms MISS https://kerenmakor.org.il/films/%d7%9e%d7%9b%d7%aa%d7%91-%d7%a4%d7%a8%d7%99%d7%93%d7%94/
ok        7391ms MISS https://kerenmakor.org.il/films/%d7%a9%d7%a7%d7%a8-%d7%9c%d7%91%d7%9f/
ok        7785ms MISS https://kerenmakor.org.il/more/%D7%9E%D7%A7%D7%91%D7%A5-%D7%A1%D7%A8%D7%98%D7%99-%D7%90%D7%A0%D7%99%D7%9E%D7%A6%D7%99%D7%94-%D7%A7%D7%A6%D7%A8%D7%99%D7%9D/
ok       11726ms MISS https://kerenmakor.org.il/more/%D7%9E%D7%A7%D7%91%D7%A5-%D7%A1%D7%A8%D7%98%D7%99-%D7%A2%D7%9C%D7%99%D7%9C%D7%94-1/
ok       16197ms MISS https://kerenmakor.org.il/films/%d7%93%d7%91%d7%a7/
ok       12779ms MISS https://kerenmakor.org.il/films/%d7%a8%d7%95%d7%a7%d7%a4%d7%95%d7%a8-%d7%9e%d7%9b%d7%95%d7%a0%d7%aa-%d7%94%d7%96%d7%9e%d7%9f/
ok       11495ms MISS https://kerenmakor.org.il/films/%d7%9e%d7%a1%d7%95%d7%a8%d7%91%d7%95%d7%aa/
ok       14502ms MISS https://kerenmakor.org.il/films/%d7%92%d7%a9%d7%9d-%d7%91%d7%a2%d7%99%d7%a0%d7%99%d7%99%d7%9d/
ok        9541ms MISS https://kerenmakor.org.il/films/%d7%94%d7%99%d7%95%d7%9d-%d7%94%d7%9b%d7%99-%d7%99%d7%a4%d7%94-%d7%91%d7%a9%d7%a0%d7%94/
ok       18048ms MISS https://kerenmakor.org.il/films/%d7%9c%d7%91%d7%a0%d7%95%d7%9f-%d7%92%d7%91%d7%95%d7%9c%d7%95%d7%aa-%d7%94%d7%93%d7%9d/
ok       25016ms MISS https://kerenmakor.org.il/films/%d7%9e%d7%a2%d7%91%d7%a8%d7%99%d7%9d/
ok       24679ms MISS https://kerenmakor.org.il/films/%d7%94%d7%99%d7%94-%d7%94%d7%99%d7%94-%d7%99%d7%9c%d7%93/
ok       19106ms MISS https://kerenmakor.org.il/films/%d7%97%d7%95%d7%a8%d7%99%d7%9d/
ok       16691ms MISS https://kerenmakor.org.il/films/%d7%94%d7%9e%d7%99%d7%98%d7%95%d7%aa-%d7%a9%d7%9c%d7%a0%d7%95-%d7%91%d7%95%d7%a2%d7%a8%d7%95%d7%aa/
ok       28924ms MISS https://kerenmakor.org.il/films/%d7%90%d7%94%d7%95%d7%91%d7%94-%d7%a2%d7%95%d7%96%d7%a8%d7%99-%d7%a6%d7%9c%d7%a6%d7%95%d7%9c%d7%99-%d7%a4%d7%a2%d7%9e%d7%95%d7%a0%d7%99%d7%9d/
ok       15198ms MISS https://kerenmakor.org.il/films/%d7%93%d7%9d-%d7%97%d7%9d/
ok       24882ms MISS https://kerenmakor.org.il/films/%d7%a6%d7%90%d7%a0%d7%a1%d7%9c%d7%94-%d7%94%d7%a9%d7%97%d7%95%d7%a8-%d7%94%d7%97%d7%93%d7%a9/
ok       17372ms MISS https://kerenmakor.org.il/films/%d7%a7%d7%9c%d7%a3-%d7%9e%d7%9c%d7%95%d7%9b%d7%9c%d7%9a/
ok       16675ms MISS https://kerenmakor.org.il/films/%d7%91%d7%95%d7%91%d7%94/
ok       11015ms MISS https://kerenmakor.org.il/films/%d7%94%d7%92%d7%9e%d7%97-%d7%a9%d7%9c-%d7%a8%d7%95%d7%97%d7%9c%d7%94/
ok       13411ms MISS https://kerenmakor.org.il/films/%d7%98%d7%90%d7%a6/
ok       19491ms MISS https://kerenmakor.org.il/films/%d7%90%d7%a9%d7%aa-%d7%97%d7%99%d7%9c/
ok       19406ms MISS https://kerenmakor.org.il/films/%d7%99%d7%95%d7%a0%d7%94-%d7%a0%d7%9e%d7%a8-%d7%a2%d7%99%d7%a8%d7%90/
ok       16005ms MISS https://kerenmakor.org.il/films/%d7%9b%d7%9c%d7%91/
ok       18587ms MISS https://kerenmakor.org.il/films/%d7%9e%d7%92%d7%a8%d7%a9-%d7%91%d7%99%d7%aa%d7%99/
ok       11500ms MISS https://kerenmakor.org.il/films/%d7%9e%d7%95%d7%aa%d7%95-%d7%a9%d7%9c-%d7%96%d7%94/
ok        9707ms MISS https://kerenmakor.org.il/films/%d7%a2%d7%9b%d7%a9%d7%99%d7%95-%d7%9b%d7%91%d7%a8-%d7%9c%d7%90-%d7%9b%d7%9c-%d7%9b%d7%9a-%d7%90%d7%9b%d7%a4%d7%aa-%d7%9c%d7%99/
ok        6686ms MISS https://kerenmakor.org.il/more/%D7%94%D7%9E%D7%9C%D7%A6%D7%AA-%D7%A6%D7%A4%D7%99%D7%99%D7%94-%D7%91%D7%90%D7%95%D7%A8%D7%A0%D7%94-%D7%95%D7%90%D7%9C%D7%94-%D7%91%D7%99%D7%93%D7%99%D7%A2%D7%95%D7%AA-%D7%90%D7%97%D7%A8%D7%95%D7%A0/
ok       10308ms MISS https://kerenmakor.org.il/films/%d7%a4%d7%95%d7%a8%d7%99%d7%9d-%d7%a9%d7%9e%d7%97/
ok        7876ms MISS https://kerenmakor.org.il/films/%d7%a2%d7%93-%d7%a9%d7%99%d7%9b%d7%90%d7%91/
ok        8787ms MISS https://kerenmakor.org.il/more/%D7%99%D7%95%D7%9D-%D7%AA%D7%A2%D7%A9%D7%99%D7%99%D7%94-%D7%A4%D7%AA%D7%95%D7%97-%D7%A2%D7%9C-%D7%94%D7%A1%D7%99%D7%A4%D7%95%D7%A8-%D7%94%D7%A7%D7%95%D7%9C%D7%A0%D7%95%D7%A2%D7%99-%D7%91%D7%98%D7%9B/
ok        7829ms MISS https://kerenmakor.org.il/more/%D7%94%D7%9E%D7%9C%D7%A6%D7%AA-%D7%A6%D7%A4%D7%99%D7%99%D7%94-%D7%91%D7%9C%D7%95%D7%95%D7%99%D7%AA%D7%9F-%D7%91%D7%A4%D7%95%D7%A8%D7%98%D7%9C-%D7%94%D7%A1%D7%A8%D7%98%D7%99%D7%9D-%D7%94%D7%99%D7%A9/
ok       10899ms MISS https://kerenmakor.org.il/more/%D7%9E%D7%A7%D7%91%D7%A5-%D7%A1%D7%A8%D7%98%D7%99-%D7%A2%D7%9C%D7%99%D7%9C%D7%94-2/
ok        8910ms MISS https://kerenmakor.org.il/films/%D7%91%D7%95%D7%99%D7%93%D7%A2%D7%9D/
ok       10861ms MISS https://kerenmakor.org.il/more/%D7%A1%D7%99%D7%9B%D7%95%D7%9D-%D7%90%D7%99%D7%A8%D7%95%D7%A2-%D7%A4%D7%95%D7%A7%D7%95%D7%A1-vr-%D7%91%D7%A4%D7%A1%D7%98%D7%99%D7%91%D7%9C-%D7%A7%D7%95%D7%9C%D7%A0%D7%95%D7%A2-%D7%93%D7%A8%D7%95%D7%9D/
ok        6593ms MISS https://kerenmakor.org.il/more/%D7%A1%D7%98%D7%95%D7%93%D7%99%D7%95-%D7%9C%D7%A4%D7%99%D7%AA%D7%95%D7%97-%D7%A1%D7%A8%D7%98%D7%99-%D7%90%D7%A0%D7%99%D7%9E%D7%A6%D7%99%D7%94-%D7%91%D7%90%D7%95%D7%A8%D7%9A-%D7%9E%D7%9C%D7%90-%D7%91/
ok        5897ms MISS https://kerenmakor.org.il/more/%D7%97%D7%9E%D7%9E%D7%AA-%D7%9E%D7%A2%D7%91%D7%93%D7%AA-%D7%9E%D7%A7%D7%95%D7%A8-%D7%9E%D7%93%D7%99%D7%94-11-2025/
ok        8299ms MISS https://kerenmakor.org.il/more/%D7%9E%D7%A7%D7%95%D7%A8-%D7%9E%D7%93%D7%99%D7%94/
ok        5600ms MISS https://kerenmakor.org.il/more/%D7%99%D7%A2%D7%9C-%D7%A0%D7%99%D7%91%D7%A8%D7%95%D7%9F-%D7%A2%D7%9C-%D7%A4%D7%99%D7%9C-%D7%91%D7%9E%D7%93%D7%91%D7%A8-2/
ok        6521ms MISS https://kerenmakor.org.il/more/%D7%9E%D7%A7%D7%91%D7%A5-%D7%A1%D7%A8%D7%98%D7%99-%D7%AA%D7%A2%D7%95%D7%93%D7%94-1/
ok        7793ms MISS https://kerenmakor.org.il/more/%D7%91%D7%9E%D7%92%D7%96%D7%99%D7%9F-%D7%A1%D7%98%D7%95%D7%A4-%D7%9E%D7%95%D7%A9%D7%9F-%D7%9B%D7%AA%D7%91%D7%95-%D7%A2%D7%9C-%D7%A1%D7%90%D7%A0%D7%93%D7%99%D7%99/
ok        4087ms MISS https://kerenmakor.org.il/more/%D7%A2%D7%95%D7%A8%D7%A3-%D7%A2%D7%95%D7%96-%D7%A6%D7%99%D7%A8%D7%9C%D7%99%D7%9F/
ok        5797ms MISS https://kerenmakor.org.il/more/%D7%93%D7%9D-%D7%99%D7%95%D7%A0%D7%99%D7%9D-%D7%96%D7%95%D7%9B%D7%94-%D7%A4%D7%A8%D7%A1-%D7%94%D7%A2%D7%A8%D7%99%D7%9B%D7%94-jwff/
ok        6374ms MISS https://kerenmakor.org.il/more/%D7%94%D7%9E%D7%9C%D7%A6%D7%AA-%D7%A6%D7%A4%D7%99%D7%99%D7%94-%D7%91%D7%A9%D7%95%D7%9D-%D7%93%D7%91%D7%A8-%D7%9E%D7%99%D7%95%D7%97%D7%93/
ok        6301ms MISS https://kerenmakor.org.il/more/%D7%94%D7%A6%D7%99%D7%A4%D7%95%D7%A8-%D7%A9%D7%A8%D7%A6%D7%AA%D7%94-%D7%96%D7%95%D7%9B%D7%94-%D7%91%D7%A4%D7%A8%D7%A1-%D7%90%D7%95%D7%A4%D7%99%D7%A8-2025/
ok       14460ms MISS https://kerenmakor.org.il/films/%D7%A4%D7%99%D7%9C-%D7%91%D7%9E%D7%93%D7%91%D7%A8/
ok       12552ms MISS https://kerenmakor.org.il/more/%D7%94%D7%9E%D7%9C%D7%A6%D7%AA-%D7%A6%D7%A4%D7%99%D7%99%D7%94-%D7%91%D7%92%D7%A8%D7%95%D7%A1%D7%9E%D7%9F-%D7%91%D7%9E%D7%A1%D7%92%D7%A8%D7%AA-%D7%93%D7%95%D7%A7%D7%90%D7%91%D7%99%D7%91-2021/
ok       17505ms MISS https://kerenmakor.org.il/more/%D7%AA%D7%95%D7%9E%D7%A8-%D7%A9%D7%95%D7%A9%D7%9F-%D7%A8%D7%92%D7%A2-%D7%9C%D7%A4%D7%A0%D7%99-%D7%A9%D7%94%D7%95%D7%90-%D7%9E%D7%AA%D7%97%D7%A8%D7%94-%D7%A2%D7%9C-%D7%94%D7%90%D7%95%D7%A1%D7%A7%D7%A8/
ok       15492ms MISS https://kerenmakor.org.il/more/%D7%90%D7%99%D7%A9%D7%95%D7%9F-%D7%9C%D7%99%D7%9C%D7%94-%D7%A2%D7%93%D7%99-%D7%A9%D7%A0%D7%A2%D7%A8/
ok        9595ms MISS https://kerenmakor.org.il/more/%D7%94%D7%9E%D7%9C%D7%A6%D7%AA-%D7%A6%D7%A4%D7%99%D7%99%D7%94-%D7%91%D7%94%D7%99%D7%94-%D7%94%D7%99%D7%94-%D7%99%D7%9C%D7%93/
ok        7101ms MISS https://kerenmakor.org.il/more/%D7%94%D7%9E%D7%9C%D7%A6%D7%AA-%D7%A6%D7%A4%D7%99%D7%99%D7%94-%D7%91-1341-%D7%A4%D7%A8%D7%99%D7%99%D7%9E%D7%99%D7%9D-%D7%9E%D7%94%D7%9E%D7%A6%D7%9C%D7%9E%D7%94-%D7%A9%D7%9C-%D7%9E%D7%99%D7%9B%D7%94/
ok       11826ms MISS https://kerenmakor.org.il/films/%d7%94%d7%a8%d7%a3-%d7%94%d7%aa%d7%97%d7%aa%d7%95%d7%9f-%d7%91%d7%99%d7%95%d7%aa%d7%a8/
ok       12201ms MISS https://kerenmakor.org.il/films/%d7%a9%d7%a7%d7%a8%d7%99%d7%9d-%d7%a9%d7%a1%d7%99%d7%a4%d7%a8%d7%aa%d7%99-%d7%9c%d7%a2%d7%a6%d7%9e%d7%99/
ok       12093ms MISS https://kerenmakor.org.il/more/%D7%94%D7%9E%D7%9C%D7%A6%D7%AA-%D7%A6%D7%A4%D7%99%D7%99%D7%94-%D7%91%D7%94%D7%A2%D7%99%D7%A8-%D7%94%D7%90%D7%97%D7%A8%D7%AA-%D7%91%D7%9E%D7%A1%D7%92%D7%A8%D7%AA-%D7%93%D7%95%D7%A7%D7%90%D7%91/
ok       15500ms MISS https://kerenmakor.org.il/more/%D7%94%D7%9E%D7%9C%D7%A6%D7%AA-%D7%A6%D7%A4%D7%99%D7%99%D7%94-%D7%93%D7%95%D7%A7%D7%90%D7%91%D7%99%D7%91-2023/
ok       17405ms MISS https://kerenmakor.org.il/films/%d7%94%d7%a2%d7%99%d7%a8-%d7%94%d7%90%d7%97%d7%a8%d7%aa/
ok       13481ms MISS https://kerenmakor.org.il/films/%d7%a0%d7%95%d7%a8%d7%99%d7%aa-%d7%90%d7%91%d7%99%d7%91-%d7%90%d7%99%d7%a9%d7%94-%d7%a2%d7%9d-%d7%9e%d7%a6%d7%9c%d7%9e%d7%94/
ok       11097ms MISS https://kerenmakor.org.il/more/%D7%94%D7%9E%D7%9C%D7%A6%D7%AA-%D7%9E%D7%A2%D7%A8%D7%9B%D7%AA-%D7%98%D7%99%D7%99%D7%9D-%D7%90%D7%90%D7%95%D7%98-%D7%A2%D7%9C-%D7%A4%D7%A8%D7%95%D7%99%D7%A7%D7%98-2-%D7%93%D7%A7%D7%95%D7%AA-%D7%91/
ok       11064ms MISS https://kerenmakor.org.il/films/%d7%9e%d7%95%d7%95%d7%aa-%d7%91%d7%90%d7%95%d7%9d-%d7%90%d7%9c-%d7%97%d7%99%d7%a8%d7%90%d7%9f/
ok       16463ms MISS https://kerenmakor.org.il/more/%D7%A6%D7%99%D7%A4%D7%99%D7%95%D7%AA-%D7%91-tisff/
ok       15221ms MISS https://kerenmakor.org.il/more/%D7%94%D7%9E%D7%9C%D7%A6%D7%AA-%D7%A6%D7%A4%D7%99%D7%99%D7%94-%D7%93%D7%95%D7%A7%D7%90%D7%91%D7%99%D7%91-2024/
ok       22606ms MISS https://kerenmakor.org.il/films/%d7%9e%d7%91%d7%95%d7%a7%d7%a9-%d7%a8%d7%95%d7%a0%d7%99-%d7%a7%d7%9c%d7%93%d7%a8%d7%95%d7%9f/
ok       13792ms MISS https://kerenmakor.org.il/films/%d7%94%d7%93%d7%95%d7%a0%d7%9d-%d7%a9%d7%9c-%d7%a1%d7%91%d7%aa%d7%90/
ok       17999ms MISS https://kerenmakor.org.il/more/%D7%94%D7%9E%D7%9C%D7%A6%D7%AA-%D7%A6%D7%A4%D7%99%D7%99%D7%94-%D7%91%D7%93%D7%95%D7%A0%D7%9D-%D7%A9%D7%9C-%D7%A1%D7%91%D7%AA%D7%90/
ok        8799ms MISS https://kerenmakor.org.il/more/%D7%94%D7%9E%D7%9C%D7%A6%D7%AA-%D7%A6%D7%A4%D7%99%D7%99%D7%94-%D7%91%D7%9E%D7%9C%D7%90%D7%9B%D7%99-%D7%91%D7%9E%D7%A1%D7%92%D7%A8%D7%AA-%D7%A4%D7%A1%D7%98%D7%99%D7%91%D7%9C-%D7%99%D7%A8%D7%95%D7%A9/
ok       11288ms MISS https://kerenmakor.org.il/more/%D7%9B%D7%AA%D7%91%D7%94-%D7%A2%D7%9C-%D7%9B%D7%A0%D7%A1-%D7%94%D7%90%D7%AA%D7%99%D7%A7%D7%94-%D7%93%D7%95%D7%A7%D7%95-%D7%95-ai/
ok       13477ms MISS https://kerenmakor.org.il/more/%D7%99%D7%A2%D7%9C-%D7%A0%D7%99%D7%91%D7%A8%D7%95%D7%9F-%D7%A2%D7%9C-%D7%A4%D7%99%D7%9C-%D7%91%D7%9E%D7%93%D7%91%D7%A8/
ok       17798ms MISS https://kerenmakor.org.il/more/%d7%9c%d7%94%d7%aa%d7%a0%d7%aa%d7%a7-%d7%9c%d7%99-%d7%91%d7%93%d7%a8-%d7%9c%d7%99%d7%a8%d7%99-%d7%a0%d7%91%d7%95%d7%9f/
ok       14498ms MISS https://kerenmakor.org.il/more/%D7%9C%D7%99%D7%A8%D7%99-%D7%A0%D7%91%D7%95%D7%9F-%D7%A2%D7%9C-%D7%9C%D7%94%D7%AA%D7%A0%D7%AA%D7%A7/
ok       13500ms MISS https://kerenmakor.org.il/more/%D7%90%D7%99%D7%9F-%D7%9C%D7%90%D7%9F-%D7%9C%D7%9C%D7%9B%D7%AA-%D7%95%D7%90%D7%99%D7%9F-%D7%9C%D7%90%D7%9F-%D7%9C%D7%97%D7%96%D7%95%D7%A8-%D7%90%D7%99%D7%AA%D7%9F-%D7%94%D7%A8%D7%9E%D7%9F/
ok       14583ms MISS https://kerenmakor.org.il/more/%D7%9C%D7%94%D7%AA%D7%A0%D7%AA%D7%A7-%D7%9C%D7%99-%D7%91%D7%93%D7%A8-%D7%9C%D7%99%D7%A8%D7%99-%D7%A0%D7%91%D7%95%D7%9F/
ok       11421ms MISS https://kerenmakor.org.il/more/%D7%90%D7%9D-%D7%99%D7%A9-%D7%99%D7%9C%D7%93-%D7%92%D7%9C%D7%99%D7%94-%D7%91%D7%A8%D7%95%D7%9F-%D7%99%D7%A4%D7%A8%D7%97/
ok       13624ms MISS https://kerenmakor.org.il/more/%D7%A7%D7%95%D7%9C-%D7%A7%D7%95%D7%A8%D7%90-%D7%A7%D7%A6%D7%A8-%D7%90%D7%A0%D7%99%D7%9E%D7%A6%D7%99%D7%94/
ok       14283ms MISS https://kerenmakor.org.il/more/%D7%92%D7%9F-%D7%93%D7%94-%D7%9C%D7%A0%D7%92%D7%94-%D7%A2%D7%9C-%D7%94%D7%A6%D7%99%D7%A4%D7%95%D7%A8-%D7%A9%D7%A8%D7%A6%D7%AA%D7%94/
ok       12405ms MISS https://kerenmakor.org.il/more/%D7%A7%D7%95%D7%9C-%D7%A7%D7%95%D7%A8%D7%90-%D7%94%D7%A1%D7%98%D7%95%D7%93%D7%99%D7%95-%D7%9C%D7%A4%D7%99%D7%AA%D7%95%D7%97-%D7%A1%D7%A8%D7%98%D7%99-%D7%90%D7%A0%D7%99%D7%9E%D7%A6%D7%99%D7%94-%D7%91/
ok       12692ms MISS https://kerenmakor.org.il/more/%F0%9F%93%A3-%D7%A7%D7%95%D7%9C-%D7%A7%D7%95%D7%A8%D7%90-xr-%D7%99%D7%94%D7%93%D7%95%D7%AA-%D7%90%D7%A8%D7%A6%D7%95%D7%AA-%D7%A2%D7%A8%D7%91-%D7%95%D7%94%D7%90%D7%A1%D7%9C%D7%90%D7%9D-%F0%9F%93%A3/
ok        6976ms MISS https://kerenmakor.org.il/more/%D7%A1%D7%90%D7%A0%D7%93%D7%99%D7%99-%D7%96%D7%9B%D7%94-%D7%91%D7%A4%D7%A8%D7%A1-%D7%94%D7%A1%D7%A8%D7%98-%D7%94%D7%A2%D7%A6%D7%9E%D7%90%D7%99-%D7%94%D7%A7%D7%A6%D7%A8-%D7%94%D7%98%D7%95%D7%91-%D7%91/
ok        8891ms MISS https://kerenmakor.org.il/more/%D7%91%D7%A8%D7%9B%D7%95%D7%AA-%E2%9D%A4%EF%B8%8F/
ok        9295ms MISS https://kerenmakor.org.il/more/congratulations-%E2%9D%A4%EF%B8%8F/?lang=en
ok        9513ms MISS https://kerenmakor.org.il/more/%D7%99%D7%95%D7%9D-%D7%AA%D7%A2%D7%A9%D7%99%D7%99%D7%94-%D7%A4%D7%AA%D7%95%D7%97-15-11-2022/
ok        9398ms MISS https://kerenmakor.org.il/more/%D7%90%D7%93%D7%99-%D7%95%D7%90%D7%A0%D7%99-%E2%9D%A4%EF%B8%8F/
ok       13188ms MISS https://kerenmakor.org.il/more/%D7%99%D7%95%D7%9D-%D7%A2%D7%99%D7%95%D7%9F-xr-%D7%91%D7%A9%D7%A2%D7%A8%D7%99-%D7%94%D7%99%D7%A6%D7%99%D7%A8%D7%94-09-2022/
ok       14500ms MISS https://kerenmakor.org.il/more/eddie-and-i-%E2%9D%A4%EF%B8%8F/?lang=en
ok       15927ms MISS https://kerenmakor.org.il/more/%D7%90%D7%99%D7%A8%D7%95%D7%A2-%D7%AA%D7%A2%D7%A9%D7%99%D7%99%D7%94-xr-%D7%93%D7%95%D7%A7%D7%90%D7%91%D7%99%D7%91/
ok       15899ms MISS https://kerenmakor.org.il/more/%D7%99%D7%95%D7%9D-%D7%AA%D7%A2%D7%A9%D7%99%D7%99%D7%94-%D7%A4%D7%AA%D7%95%D7%97-%D7%95%D7%94%D7%A9%D7%A7%D7%AA-%D7%A7%D7%95%D7%9C-%D7%A7%D7%95%D7%A8%D7%90-i-see-you/
ok       15661ms MISS https://kerenmakor.org.il/more/%D7%99%D7%95%D7%9D-%D7%AA%D7%A2%D7%A9%D7%99%D7%99%D7%94-%D7%A2%D7%9C-%D7%90%D7%A0%D7%A8%D7%99%D7%9C-%D7%91%D7%9E%D7%93%D7%99%D7%94-%D7%94%D7%97%D7%93%D7%A9%D7%94-%D7%95%D7%91%D7%99%D7%A6%D7%99%D7%A8/
ok       15797ms MISS https://kerenmakor.org.il/more/%D7%9B%D7%A0%D7%A1-%D7%90%D7%AA%D7%99%D7%A7%D7%94-%D7%93%D7%95%D7%A7%D7%95-%D7%95-ai/
ok       15696ms MISS https://kerenmakor.org.il/more/%D7%99%D7%95%D7%9D-%D7%AA%D7%A2%D7%A9%D7%99%D7%99%D7%94-%D7%A4%D7%AA%D7%95%D7%97-%D7%95%D7%A7%D7%95%D7%9C-%D7%A7%D7%95%D7%A8%D7%90-%D7%97%D7%93%D7%A9-%D7%9C%D7%99%D7%A6%D7%99%D7%A8%D7%95%D7%AA-%D7%90/
ok       15664ms MISS https://kerenmakor.org.il/more/%D7%9E%D7%A7%D7%95%D7%A8-%D7%9E%D7%93%D7%99%D7%94-%D7%A1%D7%99%D7%9B%D7%95%D7%9D-%D7%A9%D7%A0%D7%AA-%D7%A4%D7%A2%D7%99%D7%9C%D7%95%D7%AA-2023-24-%D7%91%D7%A0%D7%95%D7%A9%D7%90-%D7%9E%D7%A9%D7%91/
ok       15498ms MISS https://kerenmakor.org.il/more/%D7%90%D7%A9%D7%9C%D7%99%D7%94-%D7%A9%D7%9C-%D7%AA%D7%A0%D7%95%D7%A2%D7%94-%D7%99%D7%A2%D7%9C-%D7%91%D7%95%D7%A0%D7%94/
ok       15822ms MISS https://kerenmakor.org.il/more/%D7%92%D7%A9%D7%9D-%D7%A7%D7%99%D7%A5-%D7%A2%D7%95%D7%9E%D7%A8-%D7%A8%D7%95%D7%96%D7%A0%D7%91%D7%A8%D7%92/
ok       13104ms MISS https://kerenmakor.org.il/more/%D7%A4%D7%A8%D7%A4%D7%A8%D7%99%D7%9D-%D7%A0%D7%98%D7%A2-%D7%A9%D7%A0%D7%99%D7%A6%D7%A8/
ok       13903ms MISS https://kerenmakor.org.il/more/%D7%9E%D7%9B%D7%AA%D7%91-%D7%9C%D7%91%D7%9F-%D7%A2%D7%9E%D7%99%D7%AA-%D7%90%D7%A8%D7%90%D7%9C/
ok        7693ms MISS https://kerenmakor.org.il/films_cat/%d7%90%d7%a0%d7%99%d7%9e%d7%a6%d7%99%d7%94/
ok       19087ms MISS https://kerenmakor.org.il/more/%D7%98%D7%95%D7%A7-%D7%98%D7%95%D7%A7-%D7%A0%D7%95%D7%A2%D7%9D-%D7%9B%D7%A8%D7%9E%D7%9C%D7%99-%D7%A9%D7%99%D7%A8%D7%9F-%D7%91%D7%95%D7%97%D7%A0%D7%99%D7%A7/
ok       19486ms MISS https://kerenmakor.org.il/more/%D7%A7%D7%95%D7%9C-%D7%A7%D7%95%D7%A8%D7%90-%D7%A2%D7%93-10-%D7%9E%D7%93%D7%A8%D7%99%D7%9A-%D7%94%D7%92%D7%A9%D7%94/
ok        4700ms MISS https://kerenmakor.org.il/more/%D7%9C%D7%9B%D7%AA%D7%95%D7%91-%D7%90%D7%A0%D7%99%D7%9E%D7%A6%D7%99%D7%94-2024/
ok        6790ms MISS https://kerenmakor.org.il/more/%D7%A2%D7%A8%D7%91-%D7%94%D7%A7%D7%A8%D7%A0%D7%AA-%D7%A1%D7%A8%D7%98%D7%99-%D7%90%D7%A0%D7%99%D7%9E%D7%A6%D7%99%D7%94-%D7%A7%D7%A6%D7%A8%D7%99%D7%9D-%D7%91%D7%9E%D7%9B%D7%95%D7%9F-%D7%94%D7%A6%D7%A8/
ok        6816ms MISS https://kerenmakor.org.il/more/%D7%A7%D7%95%D7%9C-%D7%A7%D7%95%D7%A8%D7%90-%D7%9C%D7%99%D7%A6%D7%99%D7%A8%D7%95%D7%AA-%D7%91%D7%9E%D7%93%D7%99%D7%94-%D7%97%D7%93%D7%A9%D7%94-%D7%9E%D7%93%D7%A8%D7%99%D7%9A-%D7%94%D7%92%D7%A9%D7%94/
ok       10561ms MISS https://kerenmakor.org.il/more/%D7%A1%D7%A8%D7%98%D7%99-%D7%90%D7%A0%D7%99%D7%9E%D7%A6%D7%99%D7%94-%D7%91%D7%AA%D7%9E%D7%99%D7%9B%D7%AA-%D7%A7%D7%A8%D7%9F-%D7%9E%D7%A7%D7%95%D7%A8/
ok        8524ms MISS https://kerenmakor.org.il/more/%D7%97%D7%9E%D7%9E%D7%94-%D7%9C%D7%A4%D7%99%D7%AA%D7%95%D7%97-%D7%AA%D7%A1%D7%A8%D7%99%D7%98-%D7%9C%D7%A1%D7%93%D7%A8%D7%AA-%D7%90%D7%A0%D7%99%D7%9E%D7%A6%D7%99%D7%94-%D7%91%D7%A8%D7%A9%D7%AA/
ok       12092ms MISS https://kerenmakor.org.il/more/%d7%97%d7%9e%d7%9e%d7%94-%d7%9c%d7%a4%d7%99%d7%aa%d7%95%d7%97-%d7%aa%d7%a1%d7%a8%d7%99%d7%98-%d7%9c%d7%a1%d7%93%d7%a8%d7%aa-%d7%90%d7%a0%d7%99%d7%9e%d7%a6%d7%99%d7%94-%d7%91%d7%a8%d7%a9%d7%aa/
ok       13790ms MISS https://kerenmakor.org.il/more/%D7%94%D7%95%D7%AA%D7%99%D7%A8-%D7%90%D7%97%D7%A8%D7%99%D7%95-%D7%A2%D7%95%D7%9E%D7%A8-%D7%94%D7%A8%D7%90%D7%9C-%D7%90%D7%A8%D7%99%D7%90%D7%9C-%D7%A7%D7%95%D7%94%D7%9C%D7%99/
ok       13624ms MISS https://kerenmakor.org.il/more/%D7%94%D7%AA%D7%A7%D7%95%D7%95%D7%94-%D7%A2%D7%95%D7%9E%D7%A8-%D7%91%D7%A8%D7%A7/
ok       14089ms MISS https://kerenmakor.org.il/more/%D7%A1%D7%A8%D7%98%D7%99%D7%9D-%D7%A7%D7%A6%D7%A8%D7%99%D7%9D-%D7%91%D7%93%D7%99%D7%A7%D7%AA-%D7%93%D7%95%D7%A4%D7%A7/
ok       10800ms MISS https://kerenmakor.org.il/more/130-%D7%99%D7%A2%D7%9C-%D7%A7%D7%A1%D7%98%D7%9C-%D7%9E%D7%A2%D7%99%D7%9F-%D7%90%D7%95%D7%A8/
ok       10485ms MISS https://kerenmakor.org.il/more/%D7%90%D7%99%D7%9A-%D7%9C%D7%90%D7%91%D7%93-%D7%9E%D7%A9%D7%A4%D7%97%D7%94-%D7%91%D7%A9%D7%99%D7%A9%D7%99%D7%9D-%D7%A9%D7%A0%D7%99%D7%95%D7%AA-%D7%91%D7%9F-%D7%A7%D7%95%D7%98%D7%99/
ok       11999ms MISS https://kerenmakor.org.il/more/%D7%90%D7%A8%D7%95%D7%97%D7%AA-%D7%91%D7%95%D7%A7%D7%A8-%D7%A0%D7%99%D7%A6%D7%9F-%D7%9B%D7%94%D7%9F/
ok       10695ms MISS https://kerenmakor.org.il/more/iron-swords-mom-%D7%90%D7%95%D7%A8%D7%9C%D7%99-%D7%91%D7%95%D7%99%D7%95%D7%9D/
ok        8091ms MISS https://kerenmakor.org.il/more/%D7%94%D7%A8%D7%A9%D7%99%D7%9E%D7%94-%D7%9E%D7%95%D7%9C%D7%99-%D7%9C%D7%A0%D7%93%D7%A1%D7%9E%D7%9F/
ok        8588ms MISS https://kerenmakor.org.il/more/%D7%96%D7%9E%D7%9F-%D7%90%D7%97%D7%A8-%D7%99%D7%95%D7%91%D7%9C-%D7%A0%D7%99%D7%A6%D7%9F/
ok        7579ms MISS https://kerenmakor.org.il/more/%D7%94%D7%A1%D7%99%D7%A4%D7%95%D7%A8-%D7%A9%D7%9C-%D7%A9%D7%99-%D7%9C%D7%99-%D7%A2%D7%93%D7%9F-%D7%A4%D7%95%D7%A7%D7%A1%D7%99%D7%A0%D7%99%D7%90%D7%A0%D7%95-%D7%99%D7%95%D7%91%D7%9C-%D7%94%D7%A7/
ok       10691ms MISS https://kerenmakor.org.il/more/%D7%96%D7%9E%D7%9F-%D7%9C%D7%94%D7%A7%D7%A9%D7%99%D7%91-%D7%9C%D7%90%D7%99%D7%9E%D7%94%D7%95%D7%AA-%D7%AA%D7%95%D7%9D-%D7%91%D7%A8%D7%A0%D7%A2/
ok       10685ms MISS https://kerenmakor.org.il/more/%D7%94%D7%A8%D7%94%D7%95%D7%A8%D7%99%D7%9D-%D7%A2%D7%9C-%D7%9E%D7%9C%D7%97%D7%9E%D7%94-%D7%90%D7%91%D7%99-%D7%9E%D7%90%D7%95%D7%A8-%D7%9E%D7%A8%D7%96%D7%95%D7%A7/
ok        8608ms MISS https://kerenmakor.org.il/more/%D7%97%D7%96%D7%99%D7%A8-%D7%A8%D7%95%D7%9F-%D7%99%D7%95%D7%A1%D7%98%D7%95%D7%A1-%D7%A1%D7%92%D7%9C/
ok       10052ms MISS https://kerenmakor.org.il/more/%D7%A8%D7%90%D7%99%D7%99%D7%AA-%D7%9E%D7%A0%D7%94%D7%A8%D7%94-%D7%A8%D7%A0%D7%99-%D7%90%D7%91%D7%99%D7%93%D7%9F/
ok       11890ms MISS https://kerenmakor.org.il/more/%D7%97%D7%99%D7%95%D7%9B%D7%99%D7%9D-%D7%A7%D7%A8%D7%9F-%D7%A1%D7%95%D7%A4%D7%A8/
ok       11024ms MISS https://kerenmakor.org.il/more/%D7%97%D7%A6%D7%99-%D7%94%D7%AA%D7%95%D7%A8%D7%9F-%D7%99%D7%95%D7%A0%D7%99-%D7%92%D7%95%D7%93%D7%9E%D7%9F/
ok        9492ms MISS https://kerenmakor.org.il/more/%D7%97%D7%95%D7%A5-%D7%A2%D7%96%D7%94-%D7%A1%D7%95%D7%A3-%D7%A9%D7%99%D7%A8%D7%90%D7%9C-%D7%93%D7%99%D7%9C%D7%A8-%D7%99%D7%95%D7%A0%D7%AA%D7%9F-%D7%91%D7%A8%D7%A1%D7%A7%D7%99/
ok       11404ms MISS https://kerenmakor.org.il/more/%D7%9B%D7%9C%D7%95%D7%91-%D7%96%D7%94%D7%91-%D7%9C%D7%99%D7%94%D7%99-%D7%A1%D7%91%D7%92-%D7%A9%D7%99%D7%A8%D7%94-%D7%91%D7%99%D7%9C%D7%99%D7%92/
ok       13221ms MISS https://kerenmakor.org.il/more/%D7%9C%D7%9E%D7%A2%D7%A8%D7%9A-%D7%94%D7%94%D7%A1%D7%91%D7%A8%D7%94-%D7%A2%D7%99%D7%93%D7%9F-%D7%96%D7%A8%D7%9E%D7%95%D7%9F-%D7%A2%D7%93%D7%9F-%D7%90%D7%A7%D7%A9%D7%95%D7%98%D7%99/
ok        8897ms MISS https://kerenmakor.org.il/more/%D7%A4%D7%A2%D7%9D-%D7%90%D7%97%D7%A8%D7%95%D7%A0%D7%94-%D7%9E%D7%A8%D7%A7%D7%95-%D7%9B%D7%A8%D7%9E%D7%9C/
ok       11891ms MISS https://kerenmakor.org.il/more/%D7%9B%D7%9C-%D7%94%D7%A2%D7%95%D7%9C%D7%9D-%D7%9B%D7%95%D7%9C%D7%95-%D7%92%D7%99%D7%9C%D7%99-%D7%93%D7%A0%D7%95%D7%9F/
ok       14706ms MISS https://kerenmakor.org.il/more/%D7%94%D7%A0%D7%97%D7%99%D7%95%D7%AA-%D7%9C%D7%9B%D7%AA%D7%99%D7%91%D7%AA-%D7%AA%D7%A1%D7%A8%D7%99%D7%98-%D7%A2%D7%9C%D7%99%D7%9C%D7%AA%D7%99-%D7%90%D7%A0%D7%99%D7%9E%D7%A6%D7%99%D7%94/
ok       13892ms MISS https://kerenmakor.org.il/%D7%A7%D7%95%D7%9C-%D7%A7%D7%95%D7%A8%D7%90-%D7%9C%D7%97%D7%95%D7%95%D7%99%D7%95%D7%AA-xr-%D7%91%D7%A0%D7%95%D7%A9%D7%90-%D7%9E%D7%A9%D7%91%D7%A8-%D7%94%D7%90%D7%A7%D7%9C%D7%99%D7%9D/
ok       16290ms MISS https://kerenmakor.org.il/%D7%9E%D7%A4%D7%92%D7%A9-%D7%A9%D7%90%D7%9C%D7%95%D7%AA-%D7%95%D7%AA%D7%A9%D7%95%D7%91%D7%95%D7%AA-%D7%9C%D7%A7%D7%95%D7%9C-%D7%A7%D7%95%D7%A8%D7%90-%D7%94%D7%97%D7%93%D7%A9-%D7%9C%D7%A6%D7%99%D7%95/
ok       14394ms MISS https://kerenmakor.org.il/%D7%A7%D7%95%D7%9C-%D7%A7%D7%95%D7%A8%D7%90-%D7%9C%D7%90%D7%A0%D7%AA%D7%95%D7%9C%D7%95%D7%92%D7%99%D7%94-%D7%93%D7%95%D7%A7%D7%95%D7%9E%D7%A0%D7%98%D7%A8%D7%99%D7%AA-%D7%9C%D7%A9%D7%A0%D7%AA-%D7%94-80/
ok       14877ms MISS https://kerenmakor.org.il/%D7%97%D7%9E%D7%9E%D7%AA-%D7%A1%D7%98%D7%95%D7%93%D7%A0%D7%98%D7%99%D7%9D-%D7%90%D7%99%D7%9E%D7%A4%D7%A7%D7%98-%D7%95-ai-%D7%99%D7%95%D7%A6%D7%90%D7%AA-%D7%9C%D7%93%D7%A8%D7%9A/
ok       13877ms MISS https://kerenmakor.org.il/%D7%A7%D7%95%D7%9C-%D7%A7%D7%95%D7%A8%D7%90-%D7%9C%D7%92%D7%99%D7%9C%D7%99%D7%95%D7%9F-%D7%94%D7%A7%D7%A6%D7%A8-%D7%A9%D7%9C-%D7%AA%D7%A7%D7%A8%D7%99%D7%91-%D7%9B%D7%AA%D7%91-%D7%A2%D7%AA-%D7%9C/
ok       11197ms MISS https://kerenmakor.org.il/%D7%92%D7%99%D7%9C%D7%99%D7%95%D7%9F-%D7%97%D7%93%D7%A9-%D7%9C%D7%AA%D7%A7%D7%A8%D7%99%D7%91-%D7%9B%D7%AA%D7%91-%D7%A2%D7%AA-%D7%9C%D7%A7%D7%95%D7%9C%D7%A0%D7%95%D7%A2-%D7%93%D7%95%D7%A7%D7%95%D7%9E/
ok       13782ms MISS https://kerenmakor.org.il/%D7%91%D7%A8%D7%9B%D7%95%D7%AA-%D7%9C%D7%99%D7%95%D7%A6%D7%A8%D7%99-%D7%95%D7%95%D7%99%D7%A0%D7%98%D7%A8%D7%90%D7%95%D7%91%D7%A8/
ok       10822ms MISS https://kerenmakor.org.il/%D7%94%D7%90%D7%A8%D7%9B%D7%AA-%D7%9E%D7%95%D7%A2%D7%93-%D7%94%D7%94%D7%92%D7%A9%D7%94-%D7%A7%D7%95%D7%9C-%D7%A7%D7%95%D7%A8%D7%90-%D7%AA%D7%A2%D7%95%D7%93%D7%94-01-2026/
ok       12019ms MISS https://kerenmakor.org.il/%D7%A1%D7%99%D7%9B%D7%95%D7%9D-%D7%A2%D7%A8%D7%91-%D7%97%D7%A9%D7%99%D7%A4%D7%94-%D7%9C%D7%A7%D7%95%D7%9C%D7%A0%D7%95%D7%A2-%D7%91-360-%D7%91%D7%A7%D7%AA%D7%93%D7%A8%D7%94-%D7%91%D7%A8%D7%9E/
ok       14585ms MISS https://kerenmakor.org.il/%D7%A4%D7%A8%D7%A1%D7%99-%D7%94%D7%90%D7%A7%D7%93%D7%9E%D7%99%D7%94-%D7%9C%D7%98%D7%9C%D7%95%D7%95%D7%99%D7%96%D7%99%D7%94-2025/
ok       13737ms MISS https://kerenmakor.org.il/more/%D7%A0%D7%95-%D7%9E%D7%A9%D7%97%D7%A7%D7%99%D7%9D-%D7%A7%D7%A9%D7%AA-%D7%92%D7%93%D7%99%D7%A9/
ok       17612ms MISS https://kerenmakor.org.il/%D7%9E%D7%94-%D7%96%D7%94-%D7%A7%D7%95%D7%9C%D7%A0%D7%95%D7%A2-%D7%91-360/
ok       15400ms MISS https://kerenmakor.org.il/%D7%A7%D7%A6%D7%A8-%D7%90%D7%A0%D7%99%D7%9E%D7%A6%D7%99%D7%94-2026-%D7%94%D7%90%D7%A8%D7%9B%D7%A0%D7%95-%D7%90%D7%AA-%D7%9E%D7%95%D7%A2%D7%93-%D7%94%D7%94%D7%92%D7%A9%D7%94/
ok       12617ms MISS https://kerenmakor.org.il/%D7%91%D7%A8%D7%9B%D7%95%D7%AA-%D7%9C%D7%99%D7%95%D7%A6%D7%A8%D7%99-%D7%94%D7%A1%D7%93%D7%A8%D7%94-%D7%A1%D7%99%D7%A0%D7%93%D7%A8%D7%95%D7%9D-%D7%A2%D7%96%D7%94/
ok       14107ms MISS https://kerenmakor.org.il/congratulations-to-the-selected-project-teams-of-the-xr-jewish-life-in-islamic-and-arab-countries-open-call-08-2025-%F0%9F%8E%89/?lang=en
ok       12786ms MISS https://kerenmakor.org.il/%D7%99%D7%95%D7%9D-%D7%AA%D7%A2%D7%A9%D7%99%D7%99%D7%94-%D7%A4%D7%AA%D7%95%D7%97-%D7%A7%D7%95%D7%9C%D7%A0%D7%95%D7%A2-%D7%91%D7%9E%D7%A8%D7%97%D7%91-%D7%94%D7%95%D7%95%D7%99%D7%A8%D7%98%D7%95%D7%90/
ok       13083ms MISS https://kerenmakor.org.il/%D7%99%D7%95%D7%9D-%D7%AA%D7%A2%D7%A9%D7%99%D7%99%D7%94-%D7%A4%D7%AA%D7%95%D7%97-%D7%A2%D7%9C-%D7%A7%D7%95%D7%9C%D7%A0%D7%95%D7%A2-%D7%91%D7%9E%D7%A8%D7%97%D7%91-%D7%94%D7%95%D7%95%D7%99%D7%A8%D7%98-2/
ok       13609ms MISS https://kerenmakor.org.il/%D7%99%D7%95%D7%9D-%D7%AA%D7%A2%D7%A9%D7%99%D7%99%D7%94-%D7%A4%D7%AA%D7%95%D7%97-%D7%A2%D7%9C-%D7%A7%D7%95%D7%9C%D7%A0%D7%95%D7%A2-%D7%91%D7%9E%D7%A8%D7%97%D7%91-%D7%94%D7%95%D7%95%D7%99%D7%A8%D7%98/
ok       13192ms MISS https://kerenmakor.org.il/feature-animation-development-studio-congratulations-to-the-selected-projects-%F0%9F%8C%B8/?lang=en
ok       13395ms MISS https://kerenmakor.org.il/%D7%A7%D7%95%D7%9C-%D7%A7%D7%95%D7%A8%D7%90-%D7%AA%D7%A2%D7%95%D7%93%D7%94-01-2026/
ok       13291ms MISS https://kerenmakor.org.il/%D7%9E%D7%95%D7%A2%D7%9E%D7%93%D7%95%D7%99%D7%95%D7%AA-%D7%9E%D7%A9%D7%9E%D7%97%D7%95%D7%AA-%D7%9C%D7%A4%D7%A8%D7%A1%D7%99-sima-social-impact-media-awards/
ok       12676ms MISS https://kerenmakor.org.il/%D7%A7%D7%95%D7%9C-%D7%A7%D7%95%D7%A8%D7%90-%D7%A7%D7%A6%D7%A8-%D7%90%D7%A0%D7%99%D7%9E%D7%A6%D7%99%D7%94-4/
ok       10123ms MISS https://kerenmakor.org.il/%D7%91%D7%A8%D7%9B%D7%95%D7%AA-%D7%97%D7%9E%D7%95%D7%AA-%D7%9C%D7%96%D7%95%D7%9B%D7%95%D7%AA-%D7%95%D7%9C%D7%96%D7%95%D7%9B%D7%99%D7%9D-%D7%91%D7%A4%D7%A8%D7%A1%D7%99-%D7%94%D7%A4%D7%95%D7%A8%D7%95/
ok        9313ms MISS https://kerenmakor.org.il/congratulations-to-the-2025-israel-documentary-forum-awards-winners-%E2%9D%A4%EF%B8%8F%F0%9F%91%8F/?lang=en
ok       11726ms MISS https://kerenmakor.org.il/%D7%91%D7%A8%D7%9B%D7%95%D7%AA-%D7%9C%D7%A1%D7%A8%D7%98%D7%99-%D7%9E%D7%A2%D7%91%D7%93%D7%AA-%D7%A7%D7%A6%D7%A8%D7%99%D7%9D-%D7%9C%D7%A9%D7%9D-%D7%A9%D7%99%D7%A0%D7%95%D7%99/
ok       12145ms MISS https://kerenmakor.org.il/%D7%91%D7%A8%D7%9B%D7%95%D7%AA-%D7%9C%D7%A7%D7%A8%D7%90%D7%AA-%D7%98%D7%A7%D7%A1-%D7%A4%D7%A8%D7%A1%D7%99-%D7%94%D7%A4%D7%95%D7%A8%D7%95%D7%9D-%D7%94%D7%93%D7%95%D7%A7%D7%95%D7%9E%D7%A0%D7%98%D7%A8/
ok       11390ms MISS https://kerenmakor.org.il/%D7%A7%D7%95%D7%9C-%D7%A7%D7%95%D7%A8%D7%90-%D7%A1%D7%A8%D7%98%D7%99-%D7%92%D7%9E%D7%A8-%D7%A1%D7%98%D7%95%D7%93%D7%A0%D7%98%D7%99%D7%9D-%D7%97%D7%9E%D7%9E%D7%AA-%D7%90%D7%99%D7%9E%D7%A4%D7%A7%D7%98/
ok       14880ms MISS https://kerenmakor.org.il/%D7%A4%D7%A1%D7%98%D7%99%D7%91%D7%9C-%D7%A1%D7%95%D7%9C%D7%99%D7%93%D7%A8%D7%99%D7%95%D7%AA-%D7%9C%D7%A7%D7%95%D7%9C%D7%A0%D7%95%D7%A2-%D7%95%D7%96%D7%9B%D7%95%D7%99%D7%95%D7%AA-%D7%90%D7%93%D7%9D-20/
ok       13777ms MISS https://kerenmakor.org.il/%D7%A4%D7%A1%D7%98%D7%99%D7%91%D7%9C-%D7%A7%D7%95%D7%9C%D7%A0%D7%95%D7%A2-%D7%92%D7%9C%D7%99%D7%9C-2025/
ok       12302ms MISS https://kerenmakor.org.il/more-tax/%d7%9b%d7%a0%d7%a1%d7%99%d7%9d-%d7%95%d7%90%d7%99%d7%a8%d7%95%d7%a2%d7%99%d7%9d/
ok        4803ms MISS https://kerenmakor.org.il/%D7%99%D7%95%D7%9D-%D7%AA%D7%A2%D7%A9%D7%99%D7%99%D7%94-%D7%A4%D7%AA%D7%95%D7%97-%D7%94%D7%A1%D7%99%D7%A4%D7%95%D7%A8-%D7%94%D7%A7%D7%95%D7%9C%D7%A0%D7%95%D7%A2%D7%99-%D7%91%D7%98%D7%9B%D7%A0%D7%95/
ok       16106ms MISS https://kerenmakor.org.il/%D7%9B%D7%A0%D7%A1%D7%99%D7%9D-%D7%95%D7%90%D7%99%D7%A8%D7%95%D7%A2%D7%99%D7%9D-%D7%94%D7%9B%D7%95%D7%9C-%D7%96%D7%9E%D7%99%D7%9F-%D7%9C%D7%A6%D7%A4%D7%99%D7%99%D7%94-%D7%97%D7%95%D7%A4%D7%A9%D7%99/
ok       15620ms MISS https://kerenmakor.org.il/%D7%A1%D7%98%D7%95%D7%93%D7%99%D7%95-%D7%9C%D7%A4%D7%99%D7%AA%D7%95%D7%97-%D7%A1%D7%A8%D7%98%D7%99-%D7%90%D7%A0%D7%99%D7%9E%D7%A6%D7%99%D7%94-%D7%91%D7%90%D7%95%D7%A8%D7%9A-%D7%9E%D7%9C%D7%90-%D7%91/
ok       14596ms MISS https://kerenmakor.org.il/%D7%97%D7%9E%D7%9E%D7%AA-%D7%9E%D7%A2%D7%91%D7%93%D7%AA-%D7%9E%D7%A7%D7%95%D7%A8-%D7%9E%D7%93%D7%99%D7%94-11-2025/
ok       14816ms MISS https://kerenmakor.org.il/%D7%A4%D7%A1%D7%98%D7%99%D7%91%D7%9C-%D7%93%D7%95%D7%A7%D7%90%D7%91%D7%99%D7%91-%D7%92%D7%9C%D7%99%D7%9C/
ok       15295ms MISS https://kerenmakor.org.il/%D7%99%D7%95%D7%9D-%D7%AA%D7%A2%D7%A9%D7%99%D7%99%D7%94-%D7%A4%D7%AA%D7%95%D7%97-%D7%A2%D7%9C-%D7%94%D7%A1%D7%99%D7%A4%D7%95%D7%A8-%D7%94%D7%A7%D7%95%D7%9C%D7%A0%D7%95%D7%A2%D7%99-%D7%91%D7%98%D7%9B/
ok       13771ms MISS https://kerenmakor.org.il/%D7%A1%D7%99%D7%9B%D7%95%D7%9D-%D7%90%D7%99%D7%A8%D7%95%D7%A2-%D7%A4%D7%95%D7%A7%D7%95%D7%A1-vr/
ok       13503ms MISS https://kerenmakor.org.il/%D7%A7%D7%95%D7%9C-%D7%A7%D7%95%D7%A8%D7%90-%D7%93%D7%95%D7%A7%D7%95-%D7%A7%D7%A6%D7%A8-%D7%91%D7%97%D7%99%D7%A8%D7%94-%D7%91%D7%A8%D7%99%D7%97%D7%94-%D7%99%D7%95%D7%A6%D7%90%D7%99%D7%9D-%D7%9C/
ok        6308ms MISS https://kerenmakor.org.il/%D7%A4%D7%A1%D7%98%D7%99%D7%91%D7%9C-%D7%A7%D7%95%D7%9C%D7%A0%D7%95%D7%A2-%D7%93%D7%A8%D7%95%D7%9D-2025/
ok        6794ms MISS https://kerenmakor.org.il/%D7%93%D7%9D-%D7%99%D7%95%D7%A0%D7%99%D7%9D-%D7%96%D7%95%D7%9B%D7%94-%D7%A4%D7%A8%D7%A1-%D7%94%D7%A2%D7%A8%D7%99%D7%9B%D7%94-jwff/
ok        6428ms MISS https://kerenmakor.org.il/%D7%A4%D7%A1%D7%98%D7%99%D7%91%D7%9C-%D7%A1%D7%A8%D7%98%D7%99-%D7%A0%D7%A9%D7%99%D7%9D-%D7%91%D7%99%D7%A8%D7%95%D7%A9%D7%9C%D7%99%D7%9D-2025/
ok       10223ms MISS https://kerenmakor.org.il/%D7%91%D7%A8%D7%9B%D7%95%D7%AA-%D7%9C%D7%A6%D7%95%D7%95%D7%AA%D7%99-%D7%94%D7%A4%D7%A8%D7%95%D7%99%D7%A7%D7%98%D7%99%D7%9D-%D7%94%D7%A0%D7%91%D7%97%D7%A8%D7%99%D7%9D-%D7%91%D7%9E%D7%A1%D7%92%D7%A8/
ok       10979ms MISS https://kerenmakor.org.il/anination-%D7%A4%D7%A1%D7%98%D7%99%D7%91%D7%9C-%D7%94%D7%90%D7%A0%D7%99%D7%9E%D7%A6%D7%99%D7%94-%D7%94%D7%91%D7%99%D7%A0%D7%9C%D7%90%D7%95%D7%9E%D7%99-%D7%99%D7%A8%D7%95%D7%A9%D7%9C%D7%99%D7%9D/
ok       10872ms MISS https://kerenmakor.org.il/%D7%A4%D7%A1%D7%98%D7%99%D7%91%D7%9C-%D7%A7%D7%95%D7%9C%D7%A0%D7%95%D7%A2-%D7%A9%D7%95%D7%9E%D7%A8%D7%95%D7%9F-2025/
ok       12584ms MISS https://kerenmakor.org.il/%D7%9B%D7%9E%D7%94-%D7%94%D7%A2%D7%A8%D7%95%D7%AA-%D7%A2%D7%9C-%D7%94%D7%9E%D7%A6%D7%91-%D7%96%D7%95%D7%9B%D7%94-%D7%A4%D7%A8%D7%A1-%D7%97%D7%91%D7%A8-%D7%94%D7%A9%D7%95%D7%A4%D7%98%D7%99%D7%9D-%D7%91/
ok       10269ms MISS https://kerenmakor.org.il/%D7%9C%D7%99%D7%9C-%D7%A1%D7%A8%D7%98%D7%99%D7%9D-%D7%A7%D7%A6%D7%A8%D7%99%D7%9D-%D7%91%D7%9E%D7%9B%D7%95%D7%9F-%D7%94%D7%A6%D7%A8%D7%A4%D7%AA%D7%99/
ok       10189ms MISS https://kerenmakor.org.il/%D7%A4%D7%A1%D7%98%D7%99%D7%91%D7%9C-%D7%94%D7%A1%D7%A8%D7%98%D7%99%D7%9D-%D7%94%D7%91%D7%99%D7%A0%D7%9C%D7%90%D7%95%D7%9E%D7%99-%D7%97%D7%99%D7%A4%D7%94-2025/
ok       11285ms MISS https://kerenmakor.org.il/%D7%A9%D7%A0%D7%94-%D7%98%D7%95%D7%91%D7%94-%F0%9F%8C%B8/
ok        9134ms MISS https://kerenmakor.org.il/%D7%91%D7%A8%D7%9B%D7%95%D7%AA-%D7%9C%D7%96%D7%95%D7%9B%D7%99%D7%9D-%D7%95%D7%AA-%D7%91%D7%A4%D7%A8%D7%A1-%D7%90%D7%95%D7%A4%D7%99%D7%A8-%D7%9C%D7%A9%D7%A0%D7%AA-2025/
ok       12977ms MISS https://kerenmakor.org.il/%D7%A1%D7%99%D7%9B%D7%95%D7%9D-%D7%90%D7%99%D7%A8%D7%95%D7%A2-%D7%94%D7%A4%D7%99%D7%A6%D7%99%D7%A0%D7%92-%D7%A9%D7%9C-%D7%94%D7%97%D7%9E%D7%9E%D7%94-%D7%9C%D7%A4%D7%99%D7%AA%D7%95%D7%97-%D7%93%D7%95/
ok       13106ms MISS https://kerenmakor.org.il/%D7%A1%D7%98%D7%95%D7%93%D7%99%D7%95-%D7%9C%D7%A4%D7%99%D7%AA%D7%95%D7%97-%D7%A1%D7%A8%D7%98%D7%99-%D7%90%D7%A0%D7%99%D7%9E%D7%A6%D7%99%D7%94-%D7%91%D7%90%D7%95%D7%A8%D7%9A-%D7%9E%D7%9C%D7%90-%D7%94/
ok       10903ms MISS https://kerenmakor.org.il/%D7%A4%D7%A1%D7%98%D7%99%D7%91%D7%9C-%D7%A7%D7%A6%D7%94-2025/
ok        6708ms MISS https://kerenmakor.org.il/%D7%A7%D7%95%D7%9C-%D7%A7%D7%95%D7%A8%D7%90-%D7%93%D7%95%D7%A7%D7%95-%D7%A7%D7%A6%D7%A8-07-2025-%D7%91%D7%97%D7%99%D7%A8%D7%94-%D7%91%D7%A8%D7%99%D7%97%D7%94-%D7%9E%D7%95%D7%A2%D7%93-%D7%94%D7%92/
ok        8108ms MISS https://kerenmakor.org.il/%D7%91%D7%A8%D7%9B%D7%95%D7%AA-%D7%9C%D7%96%D7%95%D7%9B%D7%99%D7%9D-%D7%95%D7%AA-%D7%91%D7%A4%D7%A1%D7%98%D7%99%D7%91%D7%9C-%D7%94%D7%91%D7%99%D7%A0%D7%9C%D7%90%D7%95%D7%9E%D7%99-%D7%9C%D7%A1%D7%A8/
ok        8900ms MISS https://kerenmakor.org.il/%D7%91%D7%95%D7%90%D7%95-%D7%9C%D7%94%D7%9B%D7%99%D7%A8-%D7%90%D7%AA-%D7%97%D7%91%D7%A8%D7%AA-wildbrain/
ok        8293ms MISS https://kerenmakor.org.il/%D7%A7%D7%95%D7%9C-%D7%A7%D7%95%D7%A8%D7%90-%D7%9C%D7%A1%D7%A8%D7%98%D7%99%D7%9D-%D7%A7%D7%A6%D7%A8%D7%99%D7%9D-08-2020/
ok       11471ms MISS https://kerenmakor.org.il/%D7%AA%D7%96%D7%9B%D7%95%D7%A8%D7%AA-%D7%AA%D7%96%D7%9B%D7%95%D7%A8%D7%AA-%D7%AA%D7%96%D7%9B%D7%95%D7%A8%D7%AA/
ok       21463ms MISS https://kerenmakor.org.il/%D7%94%D7%A4%D7%A1%D7%98%D7%99%D7%91%D7%9C-%D7%94%D7%91%D7%99%D7%A0%D7%9C%D7%90%D7%95%D7%9E%D7%99-%D7%9C%D7%A7%D7%95%D7%9C%D7%A0%D7%95%D7%A2-%D7%92%D7%90%D7%94-2025/
ok       50310ms MISS https://kerenmakor.org.il/%D7%9E%D7%A9%D7%A4%D7%97%D7%94-%D7%91%D7%98%D7%A8%D7%A0%D7%A1-%D7%96%D7%9B%D7%94-%D7%91%D7%A6%D7%99%D7%95%D7%9F-%D7%9C%D7%A9%D7%91%D7%97-%D7%91%D7%A4%D7%A1%D7%98%D7%99%D7%91%D7%9C-%D7%94%D7%A1%D7%A8/
ok       49286ms MISS https://kerenmakor.org.il/%D7%94%D7%99%D7%94-%D7%94%D7%99%D7%94-%D7%99%D7%9C%D7%93-%D7%A4%D7%A8%D7%A1-%D7%97%D7%91%D7%A8-%D7%94%D7%A9%D7%95%D7%A4%D7%98%D7%99%D7%9D-%D7%91%D7%AA%D7%97%D7%A8%D7%95%D7%AA-%D7%94%D7%99%D7%A9/
ok       46912ms MISS https://kerenmakor.org.il/%D7%AA%D7%97%D7%A8%D7%95%D7%AA-%D7%94%D7%A4%D7%95%D7%A8%D7%95%D7%9D-%D7%94%D7%93%D7%95%D7%A7%D7%95%D7%9E%D7%A0%D7%98%D7%A8%D7%99-%D7%91%D7%99%D7%A9%D7%A8%D7%90%D7%9C-%D7%9C%D7%90%D7%94-%D7%A6/
ok       46305ms MISS https://kerenmakor.org.il/%D7%A7%D7%95%D7%9C-%D7%A7%D7%95%D7%A8%D7%90-%D7%9C%D7%A1%D7%A8%D7%98%D7%99-%D7%AA%D7%A2%D7%95%D7%93%D7%94-08-2020/
ok       40692ms MISS https://kerenmakor.org.il/%D7%94%D7%A7%D7%A8%D7%9F-%D7%91%D7%9E%D7%94%D7%9C%D7%9A-%D7%9E%D7%A9%D7%91%D7%A8-%D7%94%D7%A7%D7%95%D7%A8%D7%95%D7%A0%D7%94/
ok       14875ms MISS https://kerenmakor.org.il/%D7%A4%D7%A0%D7%A1%D7%98%D7%A1%D7%98%D7%99-%D7%9B%D7%90%D7%9F-%D7%A2%D7%9C-%D7%94%D7%9E%D7%90%D7%99%D7%99%D7%A8-%D7%93%D7%95%D7%93-%D7%A4%D7%95%D7%9C%D7%95%D7%A0%D7%A1%D7%A7%D7%99-%D7%A1%D7%A8/
ok       21099ms MISS https://kerenmakor.org.il/%D7%A2%D7%99%D7%9F-%D7%9C%D7%91%D7%A0%D7%94-%D7%A0%D7%95%D7%A9%D7%90%D7%AA-%D7%9E%D7%91%D7%98%D7%94-%D7%90%D7%9C-%D7%94%D7%90%D7%95%D7%A1%D7%A7%D7%A8-25-4-2021/
ok       15960ms MISS https://kerenmakor.org.il/%D7%92%D7%90%D7%99%D7%9D-%D7%95%D7%A0%D7%A8%D7%92%D7%A9%D7%99%D7%9D-%D7%9C%D7%A7%D7%97%D7%AA-%D7%97%D7%9C%D7%A7-%D7%91%D7%A1%D7%A8%D7%98%D7%99%D7%9D-%D7%94%D7%96%D7%95%D7%9B%D7%99%D7%9D-%D7%91%D7%A4/
ok       10093ms MISS https://kerenmakor.org.il/%D7%94%D7%A7%D7%A8%D7%A0%D7%AA-%D7%A1%D7%A8%D7%98%D7%99-%D7%A7%D7%A8%D7%9F-%D7%9E%D7%A7%D7%95%D7%A8-%D7%91%D7%A1%D7%93%D7%A8%D7%94-%D7%9E%D7%95%D7%96%D7%95%D7%AA-%D7%94%D7%97%D7%9C-%D7%9E%D7%94-27/
ok       11495ms MISS https://kerenmakor.org.il/%D7%96%D7%9B%D7%99%D7%95%D7%AA-%D7%A9%D7%9C-%D7%A1%D7%A8%D7%98%D7%99-%D7%94%D7%A7%D7%A8%D7%9F-%D7%91%D7%A4%D7%A1%D7%98%D7%99%D7%91%D7%9C-%D7%94%D7%91%D7%99%D7%A0%D7%9C%D7%90%D7%95%D7%9E%D7%99-%D7%9C/
ok        8714ms MISS https://kerenmakor.org.il/%D7%90%D7%99%D7%A8%D7%95%D7%A2-%D7%A4%D7%A8%D7%96%D7%A0%D7%98%D7%A6%D7%99%D7%95%D7%AA-%D7%A9%D7%9C-%D7%9E%D7%95%D7%A2%D7%93-%D7%A7%D7%A6%D7%A8-%D7%90%D7%A0%D7%99%D7%9E%D7%A6%D7%99%D7%94/
ok       11793ms MISS https://kerenmakor.org.il/%D7%91%D7%A8%D7%9B%D7%95%D7%AA-%D7%9C%D7%92%D7%9C%D7%99%D7%94-%D7%A2%D7%95%D7%96%D7%9E%D7%95-%D7%A2%D7%9C-%D7%96%D7%9B%D7%99%D7%99%D7%AA-%D7%A1%D7%A8%D7%98%D7%94-%D7%9E%D7%A9%D7%90%D7%9C%D7%94/
ok       12804ms MISS https://kerenmakor.org.il/%D7%97%D7%99%D7%99%D7%9D-%D7%91%D7%A6%D7%9C-%D7%94%D7%9E%D7%95%D7%95%D7%AA-%D7%91%D7%A4%D7%A1%D7%98%D7%99%D7%91%D7%9C-%D7%94%D7%A7%D7%95%D7%9C%D7%A0%D7%95%D7%A2-%D7%99%D7%A8%D7%95%D7%A9%D7%9C/
ok        9990ms MISS https://kerenmakor.org.il/%D7%94%D7%A7%D7%A8%D7%A0%D7%94-%D7%9E%D7%99%D7%95%D7%97%D7%93%D7%AA-%D7%A9%D7%9C-%D7%92%D7%A8%D7%95%D7%A1%D7%9E%D7%9F-%D7%91%D7%A4%D7%A1%D7%98%D7%99%D7%91%D7%9C-biografilm/
ok        8515ms MISS https://kerenmakor.org.il/%D7%9E%D7%97%D7%A8-%D7%91%D7%A2%D7%A8%D7%91-%D7%91%D7%A1%D7%99%D7%A0%D7%9E%D7%98%D7%A7-%D7%A8%D7%90%D7%A9-%D7%A4%D7%99%D7%A0%D7%94-%D7%A2%D7%9E%D7%9C%D7%99%D7%9D-%F0%9F%90%9D/
ok        6485ms MISS https://kerenmakor.org.il/declaration/short-doco-07-2025/
ok        6005ms MISS https://kerenmakor.org.il/%D7%A9%D7%99%D7%9E%D7%95-%D7%9C%D7%91-%D7%AA%D7%A0%D7%90%D7%99-%D7%94%D7%94%D7%92%D7%A9%D7%94-%D7%94%D7%95%D7%92%D7%9E%D7%A9%D7%95/
ok        9860ms MISS https://kerenmakor.org.il/%D7%A7%D7%95%D7%9C-%D7%A7%D7%95%D7%A8%D7%90-%D7%94%D7%A1%D7%98%D7%95%D7%93%D7%99%D7%95-%D7%9C%D7%A4%D7%99%D7%AA%D7%95%D7%97-%D7%A1%D7%A8%D7%98%D7%99-%D7%90%D7%A0%D7%99%D7%9E%D7%A6%D7%99%D7%94-%D7%91/
ok       10675ms MISS https://kerenmakor.org.il/%D7%A6%D7%99%D7%A4%D7%99%D7%95%D7%AA-%D7%91-tisff/
ok       12596ms MISS https://kerenmakor.org.il/%D7%93%D7%95%D7%A7%D7%90%D7%91%D7%99%D7%91-2025-%D7%91%D7%A8%D7%9B%D7%95%D7%AA-%D7%9C%D7%96%D7%95%D7%9B%D7%99%D7%9D-%D7%95%D7%AA/
ok       15390ms MISS https://kerenmakor.org.il/%D7%A1%D7%90%D7%A0%D7%93%D7%99%D7%99-%D7%96%D7%9B%D7%94-%D7%91%D7%A4%D7%A8%D7%A1-%D7%94%D7%A1%D7%A8%D7%98-%D7%94%D7%A2%D7%A6%D7%9E%D7%90%D7%99-%D7%94%D7%A7%D7%A6%D7%A8-%D7%94%D7%98%D7%95%D7%91-%D7%91/
ok       15383ms MISS https://kerenmakor.org.il/%D7%A4%D7%A1%D7%98%D7%99%D7%91%D7%9C-%D7%93%D7%95%D7%A7%D7%95%D7%98%D7%A7%D7%A1%D7%98-2025/
ok       17417ms MISS https://kerenmakor.org.il/%D7%94%D7%A9%D7%A7%D7%AA-%D7%94%D7%A7%D7%95%D7%9C-%D7%A7%D7%95%D7%A8%D7%90-%D7%94%D7%97%D7%93%D7%A9-%D7%9C%D7%A4%D7%99%D7%AA%D7%95%D7%97-%D7%A1%D7%A8%D7%98-%D7%90%D7%A0%D7%99%D7%9E%D7%A6%D7%99%D7%94/
ok        4093ms MISS https://kerenmakor.org.il/%F0%9F%93%A3-%D7%A7%D7%95%D7%9C-%D7%A7%D7%95%D7%A8%D7%90-xr-%D7%99%D7%94%D7%93%D7%95%D7%AA-%D7%90%D7%A8%D7%A6%D7%95%D7%AA-%D7%A2%D7%A8%D7%91-%D7%95%D7%94%D7%90%D7%A1%D7%9C%D7%90%D7%9D-%F0%9F%93%A3/
ok        4100ms MISS https://kerenmakor.org.il/%D7%91%D7%94%D7%A6%D7%9C%D7%97%D7%94/
ok        7504ms MISS https://kerenmakor.org.il/%D7%94%D7%A4%D7%A1%D7%98%D7%99%D7%91%D7%9C-%D7%94%D7%91%D7%99%D7%A0%D7%9C%D7%90%D7%95%D7%9E%D7%99-%D7%9C%D7%A1%D7%A8%D7%98%D7%99-%D7%A1%D7%98%D7%95%D7%93%D7%A0%D7%98%D7%99%D7%95%D7%AA-%D7%95%D7%A1/
ok        6883ms MISS https://kerenmakor.org.il/eddie-and-i-%E2%9D%A4%EF%B8%8F/?lang=en
ok        6795ms MISS https://kerenmakor.org.il/good-luck-to-the-finalist-films-in-the-2025-ophir-awards-competition-%F0%9F%A5%82/?lang=en
ok        8591ms MISS https://kerenmakor.org.il/%D7%91%D7%94%D7%A6%D7%9C%D7%97%D7%94-%D7%9C%D7%A1%D7%A8%D7%98%D7%99-%D7%97%D7%9E%D7%99%D7%A9%D7%99%D7%95%D7%AA-%D7%94%D7%92%D7%9E%D7%A8-%D7%91%D7%AA%D7%97%D7%A8%D7%95%D7%AA-%D7%A4%D7%A8%D7%A1%D7%99/
ok       10299ms MISS https://kerenmakor.org.il/%D7%90%D7%93%D7%99-%D7%95%D7%90%D7%A0%D7%99-%E2%9D%A4%EF%B8%8F/
ok       11000ms MISS https://kerenmakor.org.il/%D7%94%D7%95%D7%93%D7%A2%D7%94-%D7%91%D7%93%D7%91%D7%A8-%D7%97%D7%99%D7%9C%D7%95%D7%A4%D7%99-%D7%99%D7%95%D7%A8/
ok       15283ms MISS https://kerenmakor.org.il/%D7%A7%D7%95%D7%9C-%D7%A7%D7%95%D7%A8%D7%90-%D7%91%D7%97%D7%99%D7%A8%D7%94-%D7%91%D7%A8%D7%99%D7%97%D7%94-%D7%9C%D7%93%D7%95%D7%A7%D7%95-%D7%A7%D7%A6%D7%A8-%D7%91%D7%9E%D7%A1%D7%92%D7%A8%D7%AA/
ok       13580ms MISS https://kerenmakor.org.il/%D7%A2%D7%95%D7%93-%D7%96%D7%9B%D7%99%D7%95%D7%AA-%D7%9E%D7%A9%D7%9E%D7%97%D7%95%D7%AA-%D7%91%D7%A4%D7%A1%D7%98%D7%99%D7%91%D7%9C-%D7%94%D7%A7%D7%95%D7%9C%D7%A0%D7%95%D7%A2-%D7%99%D7%A8%D7%95%D7%A9/
ok        9227ms MISS https://kerenmakor.org.il/%D7%91%D7%A8%D7%9B%D7%95%D7%AA-%E2%9D%A4%EF%B8%8F-2/
ok        4172ms MISS https://kerenmakor.org.il/%D7%94%D7%A1%D7%A8%D7%98-%D7%B440-%D7%A6%D7%A2%D7%93%D7%99%D7%9D%D7%B4-%D7%99%D7%A9%D7%95%D7%93%D7%A8-%D7%91%D7%A7%D7%A8%D7%95%D7%91-%D7%91-bbc/
ok        4475ms MISS https://kerenmakor.org.il/congratulations-%E2%9D%A4%EF%B8%8F/?lang=en
ok        5915ms MISS https://kerenmakor.org.il/%D7%9C%D7%90-%D7%9C%D7%A4%D7%A1%D7%A4%D7%A1/
ok        4387ms MISS https://kerenmakor.org.il/%D7%A7%D7%95%D7%9C-%D7%A7%D7%95%D7%A8%D7%90-%D7%9C%D7%9E%D7%A2%D7%A0%D7%A7%D7%99-%D7%94%D7%A4%D7%A7%D7%94-%D7%91%D7%A1%D7%A8%D7%98%D7%99-%D7%92%D7%9E%D7%A8/
ok        7167ms MISS https://kerenmakor.org.il/%D7%A9%D7%99%D7%9E%D7%95-%E2%9D%A4%EF%B8%8F/
ok        6523ms MISS https://kerenmakor.org.il/%D7%A2%D7%A8%D7%91-%D7%A9%D7%9C-%D7%96%D7%9B%D7%99%D7%95%D7%AA-%D7%91%D7%A4%D7%A1%D7%98%D7%99%D7%91%D7%9C-%D7%94%D7%A7%D7%95%D7%9C%D7%A0%D7%95%D7%A2-%D7%99%D7%A8%D7%95%D7%A9%D7%9C%D7%99%D7%9D/
ok        6814ms MISS https://kerenmakor.org.il/%D7%A6%D7%A4%D7%99%D7%99%D7%94-%D7%97%D7%95%D7%A4%D7%A9%D7%99%D7%AA-%D7%91%D7%90%D7%99%D7%A8%D7%95%D7%A2%D7%99-%D7%94%D7%A7%D7%A8%D7%9F/
ok        8892ms MISS https://kerenmakor.org.il/%D7%93%D7%95%D7%A7%D7%90%D7%91%D7%99%D7%91-2025/
ok        7379ms MISS https://kerenmakor.org.il/%D7%AA%D7%97%D7%A8%D7%95%D7%AA-%D7%A4%D7%A8%D7%A1%D7%99-%D7%90%D7%95%D7%A4%D7%99%D7%A8-2025-%D7%99%D7%95%D7%A6%D7%90%D7%AA-%D7%9C%D7%93%D7%A8%D7%9A/
ok        4399ms MISS https://kerenmakor.org.il/%D7%9B%D7%A0%D7%A1-%D7%90%D7%AA%D7%99%D7%A7%D7%94-%D7%93%D7%95%D7%A7%D7%95-%D7%95-ai-3/
ok        7816ms MISS https://kerenmakor.org.il/%D7%9E%D7%A4%D7%92%D7%A9-%D7%A9%D7%90%D7%9C%D7%95%D7%AA-%D7%95%D7%AA%D7%A9%D7%95%D7%91%D7%95%D7%AA-%D7%9C%D7%A6%D7%A4%D7%99%D7%99%D7%94-%D7%97%D7%95%D7%A4%D7%A9%D7%99%D7%AA/
ok        8402ms MISS https://kerenmakor.org.il/%D7%90%D7%95%D7%9C%D7%99-%D7%AA%D7%A8%D7%A6%D7%95-%D7%9C%D7%A7%D7%97%D7%AA-%D7%A8%D7%92%D7%A2-%D7%A9%D7%9C-%D7%94%D7%A4%D7%95%D7%92%D7%94-%D7%9E%D7%94%D7%9E%D7%A6%D7%91/
ok        9477ms MISS https://kerenmakor.org.il/%D7%94%D7%A6%D7%98%D7%A8%D7%A4%D7%95-%D7%90%D7%9C%D7%99%D7%A0%D7%95/
ok        4865ms MISS https://kerenmakor.org.il/%D7%90%D7%99%D7%A8%D7%95%D7%A2-%D7%A4%D7%99%D7%A6%D7%99%D7%A0%D7%92-%D7%A7%D7%A6%D7%A8-%D7%90%D7%A0%D7%99%D7%9E%D7%A6%D7%99%D7%94/
ok        9778ms MISS https://kerenmakor.org.il/%D7%A4%D7%99%D7%9C-%D7%91%D7%9E%D7%93%D7%91%D7%A8/
ok        9701ms MISS https://kerenmakor.org.il/%D7%9B%D7%9E%D7%94-%D7%9E%D7%99%D7%9C%D7%99%D7%9D-%D7%A2%D7%9C-%D7%94%D7%90%D7%99%D7%A8%D7%95%D7%A2-%D7%90%D7%9E%D7%A9/
ok        9387ms MISS https://kerenmakor.org.il/%D7%A7%D7%95%D7%9C-%D7%A7%D7%95%D7%A8%D7%90-%D7%9C%D7%97%D7%9E%D7%9E%D7%AA-%D7%A4%D7%99%D7%AA%D7%95%D7%97-%D7%93%D7%95%D7%A7%D7%95-%D7%91%D7%A9%D7%99%D7%9C%D7%95%D7%91-ai/
ok        9606ms MISS https://kerenmakor.org.il/%D7%99%D7%95%D7%9D-%D7%AA%D7%A2%D7%A9%D7%99%D7%99%D7%94-%D7%A4%D7%AA%D7%95%D7%97-%D7%95%D7%A7%D7%95%D7%9C-%D7%A7%D7%95%D7%A8%D7%90-%D7%97%D7%93%D7%A9-%D7%9C%D7%99%D7%A6%D7%99%D7%A8%D7%95%D7%AA-%D7%90/
ok        9275ms MISS https://kerenmakor.org.il/%D7%9E%D7%A4%D7%92%D7%A9-%D7%A9%D7%90%D7%9C%D7%95%D7%AA-%D7%95%D7%AA%D7%A9%D7%95%D7%91%D7%95%D7%AA-%D7%A2%D7%9C-%D7%94%D7%A7%D7%95%D7%9C-%D7%A7%D7%95%D7%A8%D7%90-%D7%9C%D7%97%D7%9E%D7%9E%D7%AA-%D7%A4/
ok       13097ms MISS https://kerenmakor.org.il/%D7%91%D7%A8%D7%9B%D7%95%D7%AA-%D7%9C%D7%9B%D7%9C%D7%99%D7%9C-%D7%9B%D7%95%D7%91%D7%A9/
ok       15869ms MISS https://kerenmakor.org.il/%D7%99%D7%95%D7%9D-%D7%AA%D7%A2%D7%A9%D7%99%D7%99%D7%94-%D7%A4%D7%AA%D7%95%D7%97-%D7%94%D7%A8%D7%A6%D7%90%D7%95%D7%AA-%D7%96%D7%9E%D7%99%D7%A0%D7%95%D7%AA-%D7%9C%D7%A6%D7%A4%D7%99%D7%99%D7%94-%D7%97/
ok        7187ms MISS https://kerenmakor.org.il/%D7%AA%D7%A0%D7%97%D7%95%D7%9E%D7%99%D7%9D-%D7%9C%D7%97%D7%91%D7%A8-%D7%94%D7%94%D7%A0%D7%94%D7%9C%D7%94-%D7%90%D7%9C%D7%99-%D7%91%D7%9F-%D7%92%D7%A8%D7%90/
ok       19090ms MISS https://kerenmakor.org.il/%D7%9E%D7%91%D7%97%D7%A0%D7%99-%D7%94%D7%AA%D7%9E%D7%99%D7%9B%D7%94-%D7%94%D7%97%D7%93%D7%A9%D7%99%D7%9D/
ok        8711ms MISS https://kerenmakor.org.il/%D7%9B%D7%A0%D7%A1-%D7%90%D7%AA%D7%99%D7%A7%D7%94-%D7%93%D7%95%D7%A7%D7%95-%D7%95-ai/
ok        6427ms MISS https://kerenmakor.org.il/%D7%91%D7%A8%D7%9B%D7%95%D7%AA-%D7%9C%D7%A4%D7%A8%D7%95%D7%99%D7%A7%D7%98%D7%99%D7%9D-%D7%94%D7%A0%D7%91%D7%97%D7%A8%D7%99%D7%9D-%D7%91%D7%A7%D7%95%D7%9C-%D7%A7%D7%95%D7%A8%D7%90-%D7%90%D7%A0%D7%99/
ok        9490ms MISS https://kerenmakor.org.il/%D7%97%D7%95%D7%93%D7%A9-%D7%94%D7%90%D7%99%D7%A9%D7%94-%D7%94%D7%91%D7%99%D7%A0%D7%9C%D7%90%D7%95%D7%9E%D7%99-2025/
ok       11793ms MISS https://kerenmakor.org.il/%D7%9B%D7%A0%D7%A1-%D7%90%D7%AA%D7%99%D7%A7%D7%94-%D7%93%D7%95%D7%A7%D7%95-%D7%95-ai-2/
ok       12193ms MISS https://kerenmakor.org.il/%D7%91%D7%99%D7%90%D7%A0%D7%9C%D7%94-2025/
ok       25780ms MISS https://kerenmakor.org.il/%D7%91%D7%A8%D7%9B%D7%95%D7%AA-%E2%9D%A4%EF%B8%8F/
ok        4755ms MISS https://kerenmakor.org.il/declaration/%d7%aa%d7%a2%d7%95%d7%93%d7%94-1-2025/
ok       27982ms MISS https://kerenmakor.org.il/%D7%91%D7%A8%D7%9B%D7%95%D7%AA-%D7%9C%D7%96%D7%95%D7%9B%D7%95%D7%AA-%D7%94%D7%9E%D7%95%D7%9B%D7%A9%D7%A8%D7%95%D7%AA/
ok       28292ms MISS https://kerenmakor.org.il/%D7%91%D7%A8%D7%9B%D7%95%D7%AA-%D7%95%D7%91%D7%94%D7%A6%D7%9C%D7%97%D7%94-%E2%9D%A4%EF%B8%8F%F0%9F%99%82/
ok       28501ms MISS https://kerenmakor.org.il/%D7%A7%D7%95%D7%9C-%D7%A7%D7%95%D7%A8%D7%90-%D7%9C%D7%A1%D7%93%D7%A8%D7%95%D7%AA-%D7%95%D7%A1%D7%A8%D7%98%D7%99-%D7%AA%D7%A2%D7%95%D7%93%D7%94-%D7%94%D7%92%D7%99%D7%A9%D7%95/
ok       14900ms MISS https://kerenmakor.org.il/declaration/%d7%a7%d7%a6%d7%a8-%d7%90%d7%a0%d7%99%d7%9e%d7%a6%d7%99%d7%94-01-2025/
ok       17617ms MISS https://kerenmakor.org.il/%D7%A7%D7%95%D7%9C-%D7%A7%D7%95%D7%A8%D7%90-%D7%A7%D7%A6%D7%A8-%D7%90%D7%A0%D7%99%D7%9E%D7%A6%D7%99%D7%94-3/
ok       15420ms MISS https://kerenmakor.org.il/%D7%90%D7%98%D7%A1%D7%99%D7%91-%D7%A4%D7%A1%D7%98%D7%99%D7%91%D7%9C-%D7%94%D7%A7%D7%95%D7%9C%D7%A0%D7%95%D7%A2-%D7%94%D7%90%D7%A4%D7%A8%D7%99%D7%A7%D7%90%D7%99-5/
ok       15301ms MISS https://kerenmakor.org.il/%D7%A4%D7%A8%D7%A7-%D7%97%D7%93%D7%A9-%D7%A9%D7%9C-%D7%AA%D7%99%D7%91%D7%AA-%D7%AA%D7%A2%D7%95%D7%93%D7%94/
ok       15195ms MISS https://kerenmakor.org.il/%D7%A6%D7%A0%D7%95%D7%A2%D7%99%D7%9D-%D7%91%D7%A9%D7%91%D7%95%D7%A2-%D7%94%D7%A7%D7%95%D7%9C%D7%A0%D7%95%D7%A2-%D7%94%D7%99%D7%94%D7%95%D7%93%D7%99/
ok       15606ms MISS https://kerenmakor.org.il/%D7%A4%D7%A1%D7%98%D7%99%D7%91%D7%9C-%D7%94%D7%A7%D7%95%D7%9C%D7%A0%D7%95%D7%A2-%D7%91%D7%9E%D7%A6%D7%A4%D7%94-%D7%A8%D7%9E%D7%95%D7%9F/
ok       15201ms MISS https://kerenmakor.org.il/%D7%91%D7%A8%D7%9B%D7%95%D7%AA-%D7%9C%D7%96%D7%95%D7%9B%D7%95%D7%AA-%D7%95%D7%9C%D7%96%D7%95%D7%9B%D7%99%D7%9D-%D7%91%D7%98%D7%A7%D7%A1-%D7%A4%D7%A8%D7%A1%D7%99-%D7%94%D7%A4%D7%95%D7%A8%D7%95%D7%9D/
ok       15396ms MISS https://kerenmakor.org.il/%D7%91%D7%A8%D7%9B%D7%95%D7%AA-%D7%9C%D7%99%D7%95%D7%A6%D7%A8%D7%95%D7%AA-%D7%A9%D7%99%D7%A6%D7%95%D7%A8%D7%99%D7%AA%D7%99%D7%94%D7%9F-%D7%A0%D7%91%D7%97%D7%A8%D7%95-%D7%9C%D7%94%D7%A9%D7%AA%D7%AA/
ok       15486ms MISS https://kerenmakor.org.il/%D7%A4%D7%95%D7%A7%D7%95%D7%A1-%D7%9E%D7%9C%D7%97%D7%9E%D7%94-%D7%91%D7%9E%D7%A1%D7%92%D7%A8%D7%AA-%D7%A4%D7%A1%D7%98%D7%99%D7%91%D7%9C-%D7%A1%D7%A8%D7%98-%D7%A0%D7%A9%D7%99%D7%9D-%D7%99%D7%A8%D7%95/
ok       15185ms MISS https://kerenmakor.org.il/%D7%99%D7%95%D7%9D-%D7%AA%D7%A2%D7%A9%D7%99%D7%99%D7%94-%D7%A2%D7%9C-%D7%90%D7%A0%D7%A8%D7%99%D7%9C-%D7%96%D7%9E%D7%99%D7%9F-%D7%9C%D7%A6%D7%A4%D7%99%D7%99%D7%94-%D7%97%D7%95%D7%A4%D7%A9%D7%99%D7%AA/
ok       17193ms MISS https://kerenmakor.org.il/%D7%A4%D7%A1%D7%98%D7%99%D7%91%D7%9C-%D7%94%D7%A1%D7%95%D7%9C%D7%99%D7%93%D7%A8%D7%99%D7%95%D7%AA-%D7%9C%D7%A7%D7%95%D7%9C%D7%A0%D7%95%D7%A2-%D7%95%D7%96%D7%9B%D7%95%D7%99%D7%95%D7%AA-%D7%90%D7%93/
ok       14979ms MISS https://kerenmakor.org.il/%D7%A1%D7%99%D7%9B%D7%95%D7%9D-%D7%97%D7%9E%D7%9E%D7%AA-%D7%94-xr-%D7%9C%D7%A9%D7%A0%D7%AA-2024/
ok       17484ms MISS https://kerenmakor.org.il/%D7%A4%D7%A8%D7%A7-%D7%97%D7%93%D7%A9-%D7%91%D7%AA%D7%99%D7%91%D7%AA-%D7%AA%D7%A2%D7%95%D7%93%D7%94/
ok       15232ms MISS https://kerenmakor.org.il/%D7%9E%D7%96%D7%9C-%D7%93%D7%92%D7%99%D7%9D-%D7%95%D7%A9%D7%9B%D7%91%D7%95%D7%AA-%D7%91%D7%A4%D7%A1%D7%98%D7%99%D7%91%D7%9C-%D7%94%D7%A1%D7%A8%D7%98%D7%99%D7%9D-%D7%91%D7%A2%D7%A8%D7%91%D7%94/
ok       13192ms MISS https://kerenmakor.org.il/%D7%A4%D7%A8%D7%95%D7%99%D7%A7%D7%98-2-%D7%93%D7%A7%D7%95%D7%AA-%D7%91%D7%93%D7%99%D7%A7%D7%AA-%D7%93%D7%95%D7%A4%D7%A7-%D7%91%D7%90%D7%A0%D7%95-%D7%9E%D7%95%D7%96%D7%99%D7%90%D7%95%D7%9F/
ok        5122ms MISS https://kerenmakor.org.il/%D7%A0%D7%AA%D7%A8%D7%90%D7%94-%D7%91%D7%98%D7%A7%D7%A1-%D7%A4%D7%A8%D7%A1%D7%99-%D7%94%D7%A4%D7%95%D7%A8%D7%95%D7%9D-%E2%9C%A8%F0%9F%A5%82/
ok       16396ms MISS https://kerenmakor.org.il/congratulations-%F0%9F%92%90/?lang=en
ok       13598ms MISS https://kerenmakor.org.il/%D7%A4%D7%A8%D7%A1%D7%99-%D7%90%D7%95%D7%A4%D7%99%D7%A8-2024/
ok       10756ms MISS https://kerenmakor.org.il/%D7%A7%D7%95%D7%9C-%D7%A7%D7%95%D7%A8%D7%90-%D7%A2%D7%93-10-%D7%9E%D7%93%D7%A8%D7%99%D7%9A-%D7%94%D7%92%D7%A9%D7%94/
ok        7393ms MISS https://kerenmakor.org.il/%D7%91%D7%A8%D7%9B%D7%95%D7%AA-%F0%9F%92%90/
ok       10974ms MISS https://kerenmakor.org.il/%D7%96%D7%95%D7%9B%D7%95%D7%AA-%D7%91%D7%A1%D7%A8%D7%98%D7%99-%D7%A4%D7%A1%D7%98%D7%99%D7%91%D7%9C-%D7%99%D7%A8%D7%95%D7%A9%D7%9C%D7%99%D7%9D-2024/
ok        9615ms MISS https://kerenmakor.org.il/%D7%94%D7%90%D7%A8%D7%9B%D7%AA-%D7%94%D7%A7%D7%95%D7%9C-%D7%A7%D7%95%D7%A8%D7%90-i-see-you/
ok       11099ms MISS https://kerenmakor.org.il/%D7%91%D7%A8%D7%9B%D7%95%D7%AA-%D7%9C%D7%9C%D7%99-%D7%93%D7%A8%D7%95%D7%A8-%D7%95%D7%90%D7%A4%D7%A8%D7%AA-%D7%91%D7%A8%D7%92%D7%A8/
ok       11597ms MISS https://kerenmakor.org.il/%D7%A7%D7%95%D7%9C-%D7%A7%D7%95%D7%A8%D7%90-%D7%9C%D7%A1%D7%A8%D7%98%D7%99-%D7%AA%D7%A2%D7%95%D7%93%D7%94/
ok       12709ms MISS https://kerenmakor.org.il/%D7%9C%D7%9B%D7%AA%D7%95%D7%91-%D7%90%D7%A0%D7%99%D7%9E%D7%A6%D7%99%D7%94-2024/
ok       11401ms MISS https://kerenmakor.org.il/declaration/short_07_2024/
ok        7979ms MISS https://kerenmakor.org.il/declaration/doco-07-2024
ok       10686ms MISS https://kerenmakor.org.il/%D7%A7%D7%95%D7%9C-%D7%A7%D7%95%D7%A8%D7%90-%D7%9C%D7%99%D7%A6%D7%99%D7%A8%D7%95%D7%AA-%D7%91%D7%9E%D7%93%D7%99%D7%94-%D7%97%D7%93%D7%A9%D7%94-%D7%9E%D7%93%D7%A8%D7%99%D7%9A-%D7%94%D7%92%D7%A9%D7%94/
ok       10686ms MISS https://kerenmakor.org.il/%D7%A4%D7%A8%D7%A7-7-%D7%9E%D7%9B%D7%95%D7%A0%D7%AA-%D7%94%D7%90%D7%9E%D7%A4%D7%AA%D7%99%D7%94/
ok       13801ms MISS https://kerenmakor.org.il/declaration/xr-i_see_you-06-2024/
ok       12297ms MISS https://kerenmakor.org.il/%D7%99%D7%95%D7%9D-%D7%AA%D7%A2%D7%A9%D7%99%D7%99%D7%94-%D7%9C%D7%94%D7%A9%D7%A7%D7%AA-%D7%94%D7%A7%D7%95%D7%9C-%D7%A7%D7%95%D7%A8%D7%90-i-see-you-%D7%96%D7%9E%D7%9F-%D7%9C%D7%94%D7%92%D7%99%D7%93/
ok       14272ms MISS https://kerenmakor.org.il/more/%d7%a7%d7%95%d7%9c-%d7%a7%d7%95%d7%a8%d7%90-%d7%9c%d7%99%d7%a6%d7%99%d7%a8%d7%95%d7%aa-%d7%91%d7%9e%d7%93%d7%99%d7%94-%d7%97%d7%93%d7%a9%d7%94-%d7%9e%d7%93%d7%a8%d7%99%d7%9a-%d7%94%d7%92%d7%a9%d7%94/
ok       16010ms MISS https://kerenmakor.org.il/i-see-you-%D7%A7%D7%95%D7%9C-%D7%A7%D7%95%D7%A8%D7%90-%D7%A4%D7%AA%D7%95%D7%97-%D7%9C%D7%94%D7%92%D7%A9%D7%95%D7%AA/
ok       17807ms MISS https://kerenmakor.org.il/%D7%99%D7%95%D7%A6%D7%A8%D7%95%D7%AA-%D7%95%D7%99%D7%95%D7%A6%D7%A8%D7%99-%D7%A7%D7%95%D7%9C%D7%A0%D7%95%D7%A2-%D7%90%D7%9E%D7%A0%D7%99-%D7%95%D7%90%D7%95%D7%9E%D7%A0%D7%99%D7%95%D7%AA-%D7%98%D7%9B/
ok       16498ms MISS https://kerenmakor.org.il/%D7%93%D7%95%D7%A7%D7%90%D7%91%D7%99%D7%91-2024-%D7%96%D7%9B%D7%99%D7%95%D7%AA-%D7%9E%D7%A9%D7%9E%D7%97%D7%95%D7%AA/
ok        5087ms MISS https://kerenmakor.org.il/%D7%94%D7%94%D7%A9%D7%A8%D7%90%D7%94-%D7%A9%D7%9E%D7%90%D7%97%D7%95%D7%A8%D7%99-%D7%A1%D7%A8%D7%98%D7%99-2-%D7%93%D7%A7%D7%95%D7%AA-%D7%91%D7%93%D7%99%D7%A7%D7%AA-%D7%93%D7%95%D7%A4%D7%A7/
ok        3910ms MISS https://kerenmakor.org.il/%D7%90%D7%99%D7%A8%D7%95%D7%A2-%D7%94%D7%94%D7%A9%D7%A7%D7%94-%D7%A9%D7%9C-%D7%A1%D7%A8%D7%98%D7%99-2-%D7%93%D7%A7%D7%95%D7%AA-%D7%91%D7%93%D7%99%D7%A7%D7%AA-%D7%93%D7%95%D7%A4%D7%A7/
ok        4683ms MISS https://kerenmakor.org.il/%D7%94%D7%94%D7%A9%D7%A8%D7%90%D7%94-%D7%A9%D7%9E%D7%90%D7%97%D7%95%D7%A8%D7%99-%D7%A1%D7%A8%D7%98%D7%99-2-%D7%93%D7%A7%D7%95%D7%AA-%D7%91%D7%93%D7%99%D7%A7%D7%AA-%D7%93%D7%95%D7%A4%D7%A7-2/
ok        6817ms MISS https://kerenmakor.org.il/%D7%98%D7%99%D7%99%D7%9D-%D7%90%D7%90%D7%95%D7%98-%D7%A4%D7%A8%D7%92%D7%A0%D7%95-%D7%9C%D7%A0%D7%95-%E2%9D%A4%EF%B8%8F/
ok        8879ms MISS https://kerenmakor.org.il/%D7%94%D7%A1%D7%99%D7%A4%D7%95%D7%A8%D7%99%D7%9D-%D7%A9%D7%9E%D7%90%D7%97%D7%95%D7%A8%D7%99-%D7%A1%D7%A8%D7%98%D7%99-2-%D7%93%D7%A7%D7%95%D7%AA-%D7%91%D7%93%D7%99%D7%A7%D7%AA-%D7%93%D7%95%D7%A4/
ok       11197ms MISS https://kerenmakor.org.il/%D7%90%D7%99%D7%A8%D7%95%D7%A2-%D7%94%D7%A9%D7%A7%D7%94-%D7%9C%D7%A1%D7%A8%D7%98%D7%99-2-%D7%93%D7%A7%D7%95%D7%AA-%D7%91%D7%93%D7%99%D7%A7%D7%AA-%D7%93%D7%95%D7%A4%D7%A7/
ok        9162ms MISS https://kerenmakor.org.il/%D7%A6%D7%A4%D7%99%D7%99%D7%94-%D7%97%D7%95%D7%A4%D7%A9%D7%99%D7%AA-%D7%91%D7%A1%D7%A8%D7%98%D7%99%D7%9D-%D7%A7%D7%A6%D7%A8%D7%99%D7%9D/
ok        8708ms MISS https://kerenmakor.org.il/%D7%94%D7%A4%D7%A8%D7%95%D7%99%D7%A7%D7%98%D7%99%D7%9D-%D7%94%D7%A0%D7%91%D7%97%D7%A8%D7%99%D7%9D-%D7%91%D7%9E%D7%A1%D7%92%D7%A8%D7%AA-%D7%97%D7%9E%D7%9E%D7%AA-%D7%94-xr-%D7%91%D7%A0%D7%95%D7%A9/
ok        7129ms MISS https://kerenmakor.org.il/%D7%A1%D7%99%D7%9B%D7%95%D7%9D-%D7%90%D7%99%D7%A8%D7%95%D7%A2-%D7%94%D7%A4%D7%99%D7%A6%D7%99%D7%A0%D7%92-%D7%A9%D7%9C-%D7%97%D7%9E%D7%9E%D7%AA-%D7%94%D7%90%D7%A0%D7%99%D7%9E%D7%A6%D7%99%D7%94/
ok       11098ms MISS https://kerenmakor.org.il/%D7%A2%D7%93-10-2023-%D7%91%D7%A8%D7%9B%D7%95%D7%AA-%D7%9C%D7%96%D7%95%D7%9B%D7%95%D7%AA-%D7%95%D7%9C%D7%96%D7%95%D7%9B%D7%99%D7%9D/
ok        8614ms MISS https://kerenmakor.org.il/%D7%90%D7%95%D7%98%D7%95%D7%98%D7%95-%D7%99%D7%99%D7%A2%D7%A8%D7%9A-%D7%90%D7%99%D7%A8%D7%95%D7%A2-%D7%94%D7%A4%D7%99%D7%A6%D7%99%D7%A0%D7%92-%D7%94%D7%92%D7%93%D7%95%D7%9C-%D7%A9%D7%9C-%D7%94%D7%97/
ok        8283ms MISS https://kerenmakor.org.il/%D7%93%D7%95%D7%A7%D7%90%D7%91%D7%99%D7%91-%D7%91%D7%A4%D7%AA%D7%97/
ok        6689ms MISS https://kerenmakor.org.il/%D7%A7%D7%95%D7%9C-%D7%A7%D7%95%D7%A8%D7%90-%D7%AA%D7%A2%D7%95%D7%93%D7%94-%D7%9E%D7%93%D7%A8%D7%99%D7%9A-%D7%94%D7%92%D7%A9%D7%94/
ok        6778ms MISS https://kerenmakor.org.il/%D7%99%D7%95%D7%9D-%D7%AA%D7%A2%D7%A9%D7%99%D7%99%D7%94-%D7%A4%D7%AA%D7%95%D7%97-%D7%91%D7%AA%D7%97%D7%95%D7%9D-%D7%94%D7%9E%D7%93%D7%99%D7%94-%D7%94%D7%97%D7%93%D7%A9%D7%94/
ok        8399ms MISS https://kerenmakor.org.il/%D7%9B%D7%AA%D7%9E%D7%99%D7%9D-%D7%A9%D7%9C-%D7%90%D7%95%D7%A8-%D7%96%D7%95%D7%9B%D7%94-smart-award-fipadoc-2024/
ok        6589ms MISS https://kerenmakor.org.il/%D7%91%D7%A8%D7%9B%D7%95%D7%AA-%D7%9C%D7%96%D7%95%D7%9B%D7%95%D7%AA-%D7%95%D7%9C%D7%96%D7%95%D7%9B%D7%99%D7%9D-%D7%90%D7%9E%D7%A9-%D7%91%D7%98%D7%A7%D7%A1-%D7%A4%D7%A8%D7%A1%D7%99-%D7%94%D7%A4%D7%95/
ok        6498ms MISS https://kerenmakor.org.il/%D7%AA%D7%97%D7%A8%D7%95%D7%AA-%D7%A4%D7%A8%D7%A1%D7%99-%D7%94%D7%A4%D7%95%D7%A8%D7%95%D7%9D-%D7%94%D7%93%D7%95%D7%A7%D7%95%D7%9E%D7%A0%D7%98%D7%A8%D7%99-2023/
ok        6598ms MISS https://kerenmakor.org.il/%D7%9E%D7%A4%D7%92%D7%A9-%D7%97%D7%9E%D7%9E%D7%94-%D7%A9%D7%A7%D7%99%D7%99%D7%9E%D7%A0%D7%95-%D7%94%D7%A9%D7%91%D7%95%D7%A2-%D7%91%D7%9E%D7%9B%D7%95%D7%9F-%D7%94%D7%A6%D7%A8%D7%A4%D7%AA%D7%99/
ok        6397ms MISS https://kerenmakor.org.il/%D7%A4%D7%AA%D7%99%D7%97%D7%AA-%D7%97%D7%9E%D7%9E%D7%AA-xr-%D7%91%D7%A0%D7%95%D7%A9%D7%90-%D7%9E%D7%A9%D7%91%D7%A8-%D7%94%D7%90%D7%A7%D7%9C%D7%99%D7%9D/
ok        6787ms MISS https://kerenmakor.org.il/declaration/doco_01-2024/
ok        4522ms MISS https://kerenmakor.org.il/%D7%A7%D7%95%D7%9C-%D7%A7%D7%95%D7%A8%D7%90-%D7%9C%D7%A1%D7%93%D7%A8%D7%95%D7%AA-%D7%95%D7%A1%D7%A8%D7%98%D7%99-%D7%AA%D7%A2%D7%95%D7%93%D7%94/
ok        8110ms MISS https://kerenmakor.org.il/%D7%A7%D7%95%D7%9C-%D7%A7%D7%95%D7%A8%D7%90-%D7%AA%D7%A2%D7%95%D7%93%D7%94-07-2023-%D7%91%D7%A8%D7%9B%D7%95%D7%AA-%D7%9C%D7%99%D7%95%D7%A6%D7%A8%D7%95%D7%AA-%D7%95%D7%9C%D7%99%D7%95%D7%A6/
ok        8592ms MISS https://kerenmakor.org.il/%D7%91%D7%A8%D7%9B%D7%95%D7%AA-%D7%9C%D7%A0%D7%95%D7%A8-%D7%A4%D7%99%D7%91%D7%A7-%D7%94%D7%A1%D7%A8%D7%98-%D7%94%D7%A8%D7%A3-%D7%94%D7%AA%D7%97%D7%AA%D7%95%D7%9F-%D7%91%D7%99%D7%95%D7%AA%D7%A8/
ok       11253ms MISS https://kerenmakor.org.il/%D7%AA%D7%99%D7%91%D7%AA-%D7%AA%D7%A2%D7%95%D7%93%D7%94-%D7%A4%D7%A8%D7%A7-%D7%97%D7%93%D7%A9/
ok        9112ms MISS https://kerenmakor.org.il/%D7%A7%D7%95%D7%9C-%D7%A7%D7%95%D7%A8%D7%90-%D7%A7%D7%A6%D7%A8-%D7%90%D7%A0%D7%99%D7%9E%D7%A6%D7%99%D7%94-2/
ok       13519ms MISS https://kerenmakor.org.il/%D7%91%D7%A8%D7%9B%D7%95%D7%AA-%D7%9C%D7%93%D7%95%D7%93-%D7%98%D7%90%D7%95%D7%91%D7%A8/
ok        6650ms MISS https://kerenmakor.org.il/declaration/short_animation_01-2024/
ok       10921ms MISS https://kerenmakor.org.il/congratulations-rona-segal-%E2%9D%A4%EF%B8%8F/?lang=en
ok       13278ms MISS https://kerenmakor.org.il/%D7%91%D7%A8%D7%9B%D7%95%D7%AA-%D7%9C%D7%A8%D7%95%D7%A0%D7%94-%D7%A1%D7%92%D7%9C-%E2%9D%A4%EF%B8%8F/
ok        9289ms MISS https://kerenmakor.org.il/%D7%9E%D7%A1%D7%9E%D7%9B%D7%99%D7%9D-%D7%9E%D7%A9%D7%A4%D7%98%D7%99%D7%99%D7%9D-%D7%9C%D7%9E%D7%99%D7%96%D7%9E%D7%99-%D7%AA%D7%99%D7%A2%D7%95%D7%93-%D7%9C%D7%90%D7%99%D7%A8%D7%95%D7%A2%D7%99-%D7%94/
ok        9194ms MISS https://kerenmakor.org.il/%D7%A4%D7%A1%D7%98%D7%99%D7%91%D7%9C-%D7%A1%D7%A8%D7%98%D7%99-%D7%A0%D7%A9%D7%99%D7%9D-%D7%91%D7%99%D7%A8%D7%95%D7%A9%D7%9C%D7%99%D7%9D/
ok       11228ms MISS https://kerenmakor.org.il/%D7%94%D7%A1%D7%99%D7%A4%D7%95%D7%A8%D7%99%D7%9D-%D7%A9%D7%9E%D7%90%D7%97%D7%95%D7%A8%D7%99-%D7%94%D7%A1%D7%A8%D7%98%D7%99%D7%9D-%D7%A9%D7%9C-%D7%A1%D7%A8%D7%98%D7%99-2-%D7%93%D7%A7%D7%95%D7%AA/
ok       11802ms MISS https://kerenmakor.org.il/%D7%94%D7%A7%D7%A8%D7%A0%D7%95%D7%AA-%D7%91%D7%9B%D7%95%D7%A8%D7%94-%D7%91%D7%A4%D7%A1%D7%98%D7%99%D7%91%D7%9C-%D7%94%D7%A1%D7%95%D7%9C%D7%99%D7%93%D7%A8%D7%99%D7%95%D7%AA/
ok       10994ms MISS https://kerenmakor.org.il/%D7%A7%D7%95%D7%9C-%D7%A7%D7%95%D7%A8%D7%90-%D7%9C%D7%94%D7%92%D7%A9%D7%AA-%D7%A1%D7%A8%D7%98%D7%99%D7%9D-%D7%A7%D7%A6%D7%A8%D7%99%D7%9D-%D7%91%D7%A0%D7%95%D7%A9%D7%90%D7%99-%D7%AA%D7%A8%D7%91%D7%95/
ok       13373ms MISS https://kerenmakor.org.il/%D7%A7%D7%95%D7%9C-%D7%A7%D7%95%D7%A8%D7%90-%D7%91%D7%93%D7%99%D7%A7%D7%AA-%D7%93%D7%95%D7%A4%D7%A7-10-2023/
ok       11388ms MISS https://kerenmakor.org.il/%D7%A2%D7%A8%D7%91-%D7%94%D7%A7%D7%A8%D7%A0%D7%AA-%D7%A1%D7%A8%D7%98%D7%99-%D7%A2%D7%9C%D7%99%D7%9C%D7%94/
ok       12722ms MISS https://kerenmakor.org.il/%D7%A1%D7%A8%D7%98%D7%99%D7%9D-%D7%A7%D7%A6%D7%A8%D7%99%D7%9D-%D7%9E%D7%A6%D7%95%D7%99%D7%A0%D7%99%D7%9D-%D7%91-jwff-%D7%94%D7%A9%D7%91%D7%95%D7%A2/
ok       15387ms MISS https://kerenmakor.org.il/%D7%A7%D7%95%D7%9C-%D7%A7%D7%95%D7%A8%D7%90-%D7%9E%D7%A4%D7%A2%D7%9C-%D7%94%D7%A4%D7%99%D7%A1/
ok       11809ms MISS https://kerenmakor.org.il/%D7%93%D7%97%D7%99%D7%99%D7%AA-%D7%97%D7%9E%D7%9E%D7%AA-%D7%94-xr-%D7%91%D7%A0%D7%95%D7%A9%D7%90-%D7%9E%D7%A9%D7%91%D7%A8-%D7%94%D7%90%D7%A7%D7%9C%D7%99%D7%9D/
ok       11005ms MISS https://kerenmakor.org.il/congratulations-to-galia-osmo-%E2%9D%A4%EF%B8%8F/?lang=en
ok       15984ms MISS https://kerenmakor.org.il/films/%d7%94%d7%a8%d7%a3-%d7%94%d7%aa%d7%97%d7%aa%d7%95%d7%9f-%d7%91%d7%99%d7%95%d7%aa%d7%a8/?lang=en
ok       13789ms MISS https://kerenmakor.org.il/%D7%91%D7%A8%D7%9B%D7%95%D7%AA-%D7%97%D7%9E%D7%95%D7%AA-%D7%9C%D7%92%D7%9C%D7%99%D7%94-%D7%A2%D7%95%D7%96%D7%9E%D7%95-%E2%9D%A4%EF%B8%8F/
ok       12988ms MISS https://kerenmakor.org.il/%D7%97%D7%9E%D7%9E%D7%94-%D7%9C%D7%A4%D7%99%D7%AA%D7%95%D7%97-%D7%AA%D7%A1%D7%A8%D7%99%D7%98-%D7%9C%D7%A1%D7%93%D7%A8%D7%AA-%D7%90%D7%A0%D7%99%D7%9E%D7%A6%D7%99%D7%94/
ok       16288ms MISS https://kerenmakor.org.il/%D7%91%D7%99%D7%98%D7%95%D7%9C-%D7%99%D7%95%D7%9D-%D7%94%D7%A2%D7%99%D7%95%D7%9F-%D7%91%D7%A0%D7%95%D7%A9%D7%90-xr-%D7%9E%D7%93%D7%99%D7%94-%D7%97%D7%93%D7%A9%D7%94-%D7%91-22-9/
ok        9497ms MISS https://kerenmakor.org.il/%D7%A7%D7%A8%D7%99%D7%A1%D7%94-%D7%91%D7%A4%D7%A1%D7%98%D7%99%D7%91%D7%9C-%D7%94%D7%A1%D7%A8%D7%98%D7%99%D7%9D-%D7%91%D7%97%D7%99%D7%A4%D7%94/
ok       10898ms MISS https://kerenmakor.org.il/%D7%A4%D7%A8%D7%A1%D7%99%D7%9D-%D7%91%D7%AA%D7%97%D7%95%D7%9E%D7%99-%D7%90%D7%9E%D7%A0%D7%95%D7%AA-%D7%94%D7%A7%D7%95%D7%9C%D7%A0%D7%95%D7%A2-2023/
ok        8823ms MISS https://kerenmakor.org.il/%D7%91%D7%A8%D7%9B%D7%95%D7%AA-%D7%9C%D7%A0%D7%95%D7%A8-%D7%A4%D7%99%D7%91%D7%A7/
ok       10681ms MISS https://kerenmakor.org.il/%D7%A9%D7%A7%D7%A8%D7%99%D7%9D-%D7%A1%D7%99%D7%A4%D7%A8%D7%AA%D7%99-%D7%9C%D7%A2%D7%A6%D7%9E%D7%99-%D7%A9%D7%9C%D7%9C-%D7%94%D7%A7%D7%A8%D7%A0%D7%95%D7%AA-%D7%91%D7%97%D7%95%D7%93%D7%A9/
ok       16787ms MISS https://kerenmakor.org.il/%D7%A4%D7%A1%D7%A7-%D7%96%D7%9E%D7%9F-%D7%A9%D7%9C-%D7%A8%D7%99%D7%98%D7%94-%D7%91%D7%A8%D7%95%D7%93%D7%99%D7%90%D7%A0%D7%A1%D7%A7%D7%99-%D7%92%D7%9D-%D7%9E%D7%95%D7%A2%D7%9E%D7%93-%D7%9C%D7%A4/
ok       16173ms MISS https://kerenmakor.org.il/%D7%A4%D7%A1%D7%98%D7%99%D7%91%D7%9C-%D7%90%D7%A0%D7%99%D7%9E%D7%99%D7%A7%D7%A1-2023/
ok       12570ms MISS https://kerenmakor.org.il/%D7%9E%D7%97%D7%A9%D7%91%D7%95%D7%AA-%D7%9E%D7%A2%D7%95%D7%A4%D7%A4%D7%95%D7%AA-%D7%91%D7%9E%D7%A7%D7%95%D7%9D-%D7%94%D7%A9%D7%A0%D7%99-%D7%91%D7%A4%D7%A1%D7%98%D7%99%D7%91%D7%9C-%D7%90%D7%A0/
ok       11209ms MISS https://kerenmakor.org.il/%D7%94%D7%91%D7%A8-%D7%A9%D7%9C-%D7%9E%D7%95%D7%A8%D7%99%D7%A1-%D7%91%D7%9E%D7%A7%D7%95%D7%9D-%D7%94%D7%A8%D7%90%D7%A9%D7%95%D7%9F-%D7%91%D7%AA%D7%97%D7%A8%D7%95%D7%AA-%D7%90%D7%A1%D7%99%D7%A3/
ok        9345ms MISS https://kerenmakor.org.il/%D7%91%D7%A8%D7%9B%D7%95%D7%AA-%D7%9C%D7%9B%D7%AA%D7%9E%D7%99%D7%9D-%D7%A9%D7%9C-%D7%90%D7%95%D7%A8/
ok       10409ms MISS https://kerenmakor.org.il/%D7%A4%D7%95%D7%93%D7%A7%D7%90%D7%A1%D7%98-%D7%B4%D7%AA%D7%99%D7%91%D7%AA-%D7%AA%D7%A2%D7%95%D7%93%D7%94%D7%B4-%D7%A4%D7%A8%D7%A7-5/
ok        5201ms MISS https://kerenmakor.org.il/%D7%A7%D7%95%D7%9C-%D7%A7%D7%95%D7%A8%D7%90-%D7%97%D7%9E%D7%9E%D7%94-%D7%9C%D7%A4%D7%99%D7%AA%D7%95%D7%97-%D7%AA%D7%A1%D7%A8%D7%99%D7%98%D7%99%D7%9D-%D7%9C%D7%A1%D7%93%D7%A8%D7%95%D7%AA-%D7%90%D7%A0/
ok        9501ms MISS https://kerenmakor.org.il/%D7%91%D7%A8%D7%9B%D7%95%D7%AA-%D7%97%D7%9E%D7%95%D7%AA-%D7%9C%D7%94%D7%A0%D7%99%D7%94-%D7%91%D7%A8%D7%95%D7%93%D7%91%D7%A7%D7%A8-%D7%95%D7%90%D7%A1%D7%A3-%D7%9C%D7%A4%D7%99%D7%93/
ok       11600ms MISS https://kerenmakor.org.il/%D7%A7%D7%95%D7%9C-%D7%A7%D7%95%D7%A8%D7%90-%D7%AA%D7%A2%D7%95%D7%93%D7%94-07-2023/
ok        9691ms MISS https://kerenmakor.org.il/%D7%94%D7%96%D7%9E%D7%A0%D7%AA-%D7%9B%D7%A8%D7%98%D7%99%D7%A1%D7%99%D7%9D-%D7%9C%D7%A1%D7%A8%D7%98-%D7%94%D7%91%D7%99%D7%AA-%D7%91%D7%A7%D7%A8%D7%99%D7%99%D7%AA-%D7%A9%D7%9E%D7%95%D7%A0%D7%94/
ok        8190ms MISS https://kerenmakor.org.il/declaration/short-07-2023/
ok        4892ms MISS https://kerenmakor.org.il/%D7%90%D7%99%D7%A8%D7%95%D7%A2-%D7%A4%D7%99%D7%A6%D7%99%D7%A0%D7%92-%D7%91%D7%A1%D7%99%D7%A0%D7%99%D7%9E%D7%98%D7%A7/
ok        5186ms MISS https://kerenmakor.org.il/%D7%91%D7%A8%D7%9B%D7%95%D7%AA-%D7%9C%D7%A8%D7%95%D7%AA%D7%9D-%D7%A7%D7%A4%D7%9C%D7%99%D7%A0%D7%A1%D7%A7%D7%99/
ok        6619ms MISS https://kerenmakor.org.il/%D7%94%D7%A8%D7%A3-%D7%94%D7%AA%D7%97%D7%AA%D7%95%D7%9F-%D7%91%D7%99%D7%95%D7%AA%D7%A8-%D7%91%D7%94%D7%A7%D7%A8%D7%A0%D7%AA-%D7%91%D7%9B%D7%95%D7%A8%D7%94/
ok        6688ms MISS https://kerenmakor.org.il/%D7%AA%D7%99%D7%91%D7%AA-%D7%AA%D7%A2%D7%95%D7%93%D7%94-%D7%A4%D7%A8%D7%A7-3/
ok        8685ms MISS https://kerenmakor.org.il/%D7%A7%D7%95%D7%9C-%D7%A7%D7%95%D7%A8%D7%90-%D7%A2%D7%93-10-%D7%A4%D7%AA%D7%95%D7%97-%D7%9C%D7%94%D7%92%D7%A9%D7%94-%D7%A2%D7%9B%D7%A9%D7%99%D7%95/
ok        6308ms MISS https://kerenmakor.org.il/%D7%94%D7%A4%D7%A1%D7%98%D7%99%D7%91%D7%9C-%D7%94%D7%AA%D7%97%D7%99%D7%9C-%D7%95%D7%94%D7%94%D7%AA%D7%A8%D7%92%D7%A9%D7%95%D7%AA-%D7%91%D7%A9%D7%99%D7%90%D7%94/
ok        6602ms MISS https://kerenmakor.org.il/%D7%91%D7%A8%D7%9B%D7%95%D7%AA/
ok        8660ms MISS https://kerenmakor.org.il/%D7%A4%D7%A1%D7%A7-%D7%96%D7%9E%D7%9F-%D7%91%D7%A4%D7%A1%D7%98%D7%99%D7%91%D7%9C-%D7%94%D7%A1%D7%A8%D7%98%D7%99%D7%9D-%D7%91%D7%97%D7%99%D7%A4%D7%94/
ok        9571ms MISS https://kerenmakor.org.il/%D7%A2%D7%99%D7%9F-%D7%9C%D7%91%D7%A0%D7%94-%D7%91%D7%A4%D7%A1%D7%98%D7%99%D7%91%D7%9C-%D7%92%D7%95%D7%9C%D7%94/
ok        9294ms MISS https://kerenmakor.org.il/%D7%94%D7%A1%D7%A8%D7%98-%D7%A9%D7%99%D7%97%D7%94-%D7%A0%D7%9B%D7%A0%D7%A1%D7%AA-%D7%91%D7%94%D7%A7%D7%A8%D7%A0%D7%AA-%D7%91%D7%9B%D7%95%D7%A8%D7%94/
ok       11781ms MISS https://kerenmakor.org.il/%D7%A7%D7%95%D7%9C-%D7%A7%D7%95%D7%A8%D7%90-%D7%97%D7%93%D7%A9-%D7%9C%D7%99%D7%A6%D7%99%D7%A8%D7%95%D7%AA-xr-%D7%91%D7%A0%D7%95%D7%A9%D7%90-%D7%9E%D7%A9%D7%91%D7%A8-%D7%94%D7%90%D7%A7%D7%9C%D7%99/
ok       11307ms MISS https://kerenmakor.org.il/%D7%94%D7%A1%D7%A8%D7%98-%D7%A9%D7%A7%D7%A8%D7%99%D7%9D-%D7%A9%D7%A1%D7%99%D7%A4%D7%A8%D7%AA%D7%99-%D7%9C%D7%A2%D7%A6%D7%9E%D7%99-%D7%91%D7%A4%D7%A1%D7%98%D7%99%D7%91%D7%9C-%D7%93%D7%95%D7%A7/
ok       14950ms MISS https://kerenmakor.org.il/%D7%A9%D7%A0%D7%94-%D7%98%D7%95%D7%91%D7%94-2/
ok       13795ms MISS https://kerenmakor.org.il/%D7%90%D7%99%D7%A9%D7%94-%D7%A2%D7%9D-%D7%9E%D7%A6%D7%9C%D7%9E%D7%94-%D7%91%D7%94%D7%A7%D7%A8%D7%A0%D7%AA-%D7%91%D7%9B%D7%95%D7%A8%D7%94/
ok       11108ms MISS https://kerenmakor.org.il/%D7%94%D7%9E%D7%9C%D7%A6%D7%94-%D7%9C%D7%94%D7%92%D7%99%D7%A9-%D7%9C%D7%90-%D7%9C%D7%A4%D7%A1%D7%A4%D7%A1-%D7%94%D7%96%D7%93%D7%9E%D7%A0%D7%95%D7%AA-venice-gap-financing-market/
ok       13892ms MISS https://kerenmakor.org.il/%D7%99%D7%95%D7%A6%D7%A8%D7%95%D7%AA-%D7%95%D7%99%D7%95%D7%A6%D7%A8%D7%99%D7%9D-%D7%91%D7%AA%D7%97%D7%95%D7%9E%D7%99-%D7%94-xr-%D7%94%D7%96%D7%93%D7%9E%D7%A0%D7%95%D7%AA-%D7%9E%D7%99%D7%95%D7%97/
ok       11919ms MISS https://kerenmakor.org.il/%D7%A7%D7%A8%D7%9F-%D7%9E%D7%A7%D7%95%D7%A8-%D7%9E%D7%91%D7%A8%D7%9B%D7%AA-%D7%A2%D7%9C-%D7%94%D7%9E%D7%A9%D7%9A-%D7%94%D7%9E%D7%A1%D7%A2-%D7%A7%D7%95%D7%98%D7%A3-%D7%94%D7%A4%D7%A8%D7%A1%D7%99%D7%9D/
ok       14308ms MISS https://kerenmakor.org.il/%D7%94%D7%A7%D7%A8%D7%A0%D7%AA-%D7%91%D7%9B%D7%95%D7%A8%D7%94-%D7%9C%D7%A1%D7%A8%D7%98%D7%95-%D7%A9%D7%9C-%D7%90%D7%91%D7%99%D7%93%D7%A2-%D7%9C%D7%91%D7%A0%D7%99-%D7%99%D7%95%D7%A1%D7%99-%D7%A9/
ok       16203ms MISS https://kerenmakor.org.il/%D7%A4%D7%A1%D7%98%D7%99%D7%91%D7%9C-newimages-%D7%91%D7%A4%D7%A8%D7%99%D7%96-2023/
ok       11777ms MISS https://kerenmakor.org.il/40-%D7%A6%D7%A2%D7%93%D7%99%D7%9D-%D7%9E%D7%95%D7%A2%D7%9E%D7%93%D7%95%D7%AA-%D7%91%D7%A7%D7%98%D7%92%D7%95%D7%A8%D7%99%D7%99%D7%AA-%D7%A1%D7%A8%D7%98-%D7%94%D7%93%D7%95%D7%A7%D7%95-%D7%91%D7%98/
ok        9086ms MISS https://kerenmakor.org.il/%D7%A7%D7%95%D7%9C-%D7%A7%D7%95%D7%A8%D7%90-%D7%9C%D7%A1%D7%A8%D7%98%D7%99-%D7%90%D7%A0%D7%99%D7%9E%D7%A6%D7%99%D7%94-%D7%A7%D7%A6%D7%A8%D7%99%D7%9D-%D7%A0%D7%A4%D7%AA%D7%97-%D7%9111-1-23/
ok       10179ms MISS https://kerenmakor.org.il/%D7%91%D7%A8%D7%9B%D7%95%D7%AA-%D7%9C%D7%A2%D7%93%D7%95-%D7%9E%D7%96%D7%A8%D7%97%D7%99-%D7%95%D7%A0%D7%99%D7%A8-%D7%A1%D7%A2%D7%A8-%D7%A2%D7%9C-%D7%94%D7%A9%D7%AA%D7%AA%D7%A4%D7%95%D7%AA-%D7%A1%D7%A8/
ok        8998ms MISS https://kerenmakor.org.il/%D7%91%D7%A8%D7%9B%D7%95%D7%AA-%D7%9C%D7%9B%D7%9C-%D7%94%D7%99%D7%95%D7%A6%D7%A8%D7%99%D7%9D-%D7%95%D7%94%D7%99%D7%95%D7%A6%D7%A8%D7%95%D7%AA-%D7%A9%D7%A1%D7%A8%D7%98%D7%99%D7%94%D7%9D-%D7%96%D7%9B/
ok        7311ms MISS https://kerenmakor.org.il/%D7%94%D7%A7%D7%A8%D7%A0%D7%AA-%D7%94%D7%A1%D7%A8%D7%98-%D7%91%D7%99%D7%A2%D7%A8%D7%95%D7%AA-%D7%94%D7%90%D7%9C%D7%95-%D7%91%D7%90%D7%99%D7%A8%D7%95%D7%A2-%D7%94%D7%90%D7%95%D7%A0%D7%9C%D7%99/
ok        5480ms MISS https://kerenmakor.org.il/%D7%A7%D7%95%D7%9C-%D7%A7%D7%95%D7%A8%D7%90-%D7%9C%D7%A1%D7%A8%D7%98%D7%99-%D7%AA%D7%A2%D7%95%D7%93%D7%94-%D7%A7%D7%A6%D7%A8%D7%99%D7%9D-%D7%A1%D7%93%D7%A8%D7%95%D7%AA-%D7%95%D7%90%D7%A8%D7%95%D7%9B/
ok        5306ms MISS https://kerenmakor.org.il/%D7%91%D7%A8%D7%9B%D7%95%D7%AA-%D7%9C%D7%99%D7%95%D7%A6%D7%A8%D7%95%D7%AA-%D7%95%D7%94%D7%99%D7%95%D7%A6%D7%A8%D7%99%D7%9D-%D7%A9%D7%A1%D7%A8%D7%98%D7%99%D7%94%D7%9D-%D7%96%D7%9B%D7%95-%D7%9C%D7%AA/
ok        7401ms MISS https://kerenmakor.org.il/%D7%99%D7%95%D7%9D-%D7%AA%D7%A2%D7%A9%D7%99%D7%99%D7%94-%D7%A4%D7%AA%D7%95%D7%97-%D7%91%D7%9E%D7%A1%D7%92%D7%A8%D7%AA-%D7%97%D7%9E%D7%9E%D7%AA-xr-%D7%9E%D7%93%D7%99%D7%94-%D7%97%D7%93%D7%A9%D7%94/
ok        4611ms MISS https://kerenmakor.org.il/%D7%99%D7%95%D7%9D-%D7%AA%D7%A2%D7%A9%D7%99%D7%94-%D7%A4%D7%AA%D7%95%D7%97-%D7%91%D7%9E%D7%A1%D7%92%D7%A8%D7%AA-%D7%97%D7%9E%D7%9E%D7%AA-xr-%D7%9E%D7%93%D7%99%D7%94-%D7%97%D7%93%D7%A9%D7%94/
ok        6696ms MISS https://kerenmakor.org.il/%D7%91%D7%A8%D7%9B%D7%95%D7%AA-%D7%9C%D7%99%D7%95%D7%A6%D7%A8%D7%95%D7%AA-%D7%95%D7%94%D7%99%D7%95%D7%A6%D7%A8%D7%99%D7%9D-%D7%A9%D7%A0%D7%91%D7%97%D7%A8%D7%95-%D7%91%D7%A7%D7%95%D7%9C-%D7%A7%D7%95/
ok       12183ms MISS https://kerenmakor.org.il/%D7%91%D7%A8%D7%9B%D7%95%D7%AA-%D7%A2%D7%9C-%D7%96%D7%9B%D7%99%D7%99%D7%AA-%D7%A1%D7%9C%D7%9E%D7%94-%D7%91%D7%A4%D7%A8%D7%A1-%D7%94%D7%A1%D7%A8%D7%98-%D7%94%D7%A2%D7%9C%D7%99%D7%9C%D7%AA%D7%99/
ok       11703ms MISS https://kerenmakor.org.il/%D7%A4%D7%A8%D7%A1-%D7%94%D7%A4%D7%95%D7%A8%D7%95%D7%9D-%D7%94%D7%93%D7%95%D7%A7%D7%95%D7%9E%D7%A0%D7%98%D7%A8%D7%99-%D7%9C%D7%A1%D7%A8%D7%98-%D7%AA%D7%A2%D7%95%D7%93%D7%94-%D7%A7%D7%A6%D7%A8-%D7%B4/
ok       10289ms MISS https://kerenmakor.org.il/%D7%A7%D7%A8%D7%9F-%D7%9E%D7%A7%D7%95%D7%A8-%D7%9E%D7%91%D7%A8%D7%9B%D7%AA-%D7%90%D7%AA-%D7%90%D7%A1%D7%A3-%D7%9C%D7%A4%D7%99%D7%93-%D7%95%D7%90%D7%AA-%D7%97%D7%91%D7%A8%D7%AA-%D7%94%D7%94%D7%A4%D7%A7/
ok       13713ms MISS https://kerenmakor.org.il/%D7%93%D7%95%D7%A7%D7%90%D7%91%D7%99%D7%91-%D7%9E%D7%96%D7%9E%D7%99%D7%9F-%D7%90%D7%AA-%D7%99%D7%95%D7%A6%D7%A8%D7%95%D7%AA-%D7%95%D7%99%D7%95%D7%A6%D7%A8%D7%99-%D7%94%D7%A1%D7%A8%D7%98%D7%99%D7%9D/
ok       14801ms MISS https://kerenmakor.org.il/%D7%91%D7%9E%D7%95%D7%A6%D7%A9-%D7%94%D7%A7%D7%A8%D7%95%D7%91-%D7%94-1-10-%D7%94%D7%A7%D7%A8%D7%A0%D7%AA-%D7%91%D7%9B%D7%95%D7%A8%D7%94-%D7%A9%D7%9C-%D7%94%D7%A1%D7%A8%D7%98-%D7%94%D7%9E%D7%98/
ok       15966ms MISS https://kerenmakor.org.il/%D7%A9%D7%A0%D7%94-%D7%98%D7%95%D7%91%D7%94/
ok       12672ms MISS https://kerenmakor.org.il/%D7%9E%D7%95%D7%A2%D7%93-%D7%94%D7%94%D7%92%D7%A9%D7%94-%D7%94%D7%90%D7%97%D7%A8%D7%95%D7%9F-%D7%A9%D7%9C-%D7%A7%D7%95%D7%9C-%D7%A7%D7%95%D7%A8%D7%90-%D7%9C%D7%9E%D7%93%D7%99%D7%94-%D7%97%D7%93%D7%A9/
ok       12380ms MISS https://kerenmakor.org.il/%D7%90%D7%99%D7%A8%D7%95%D7%A2-%D7%97%D7%95%D7%91%D7%94-%D7%9C%D7%9B%D7%95%D7%9C-%D7%9E%D7%99-%D7%A9%D7%9E%D7%AA%D7%A2%D7%A0%D7%99%D7%99%D7%9F-%D7%91%D7%AA%D7%97%D7%95%D7%9D-%D7%94-xr/
ok       12200ms MISS https://kerenmakor.org.il/%D7%A4%D7%A8%D7%A1-%D7%A1%D7%A8%D7%98-%D7%94%D7%90%D7%A0%D7%99%D7%9E%D7%A6%D7%99%D7%94-%D7%94%D7%98%D7%95%D7%91-%D7%91%D7%99%D7%95%D7%AA%D7%A8-%D7%91%D7%A4%D7%A1%D7%98%D7%99%D7%91%D7%9C-vasteras-fil/
ok       11107ms MISS https://kerenmakor.org.il/%D7%A7%D7%95%D7%9C-%D7%A7%D7%95%D7%A8%D7%90-xr-%D7%9E%D7%93%D7%99%D7%94-%D7%97%D7%93%D7%A9%D7%94-08-2022/
ok        6420ms MISS https://kerenmakor.org.il/%D7%9E%D7%95%D7%A2%D7%9E%D7%93%D7%95%D7%AA-%D7%A9%D7%9C-%D7%90%D7%A0%D7%90-%D7%94%D7%9E%D7%AA%D7%9F-%D7%9C%D7%A0%D7%A6%D7%99%D7%92-%D7%91%D7%AA%D7%97%D7%A8%D7%95%D7%AA-%D7%A1%D7%A8%D7%98%D7%99/
ok        4576ms MISS https://kerenmakor.org.il/%D7%9E%D7%95%D7%A2%D7%9E%D7%93%D7%95%D7%AA-%D7%A9%D7%9C-%D7%94%D7%A2%D7%99%D7%A8-%D7%94%D7%90%D7%97%D7%A8%D7%AA-%D7%91%D7%AA%D7%97%D7%A8%D7%95%D7%AA-%D7%A1%D7%A8%D7%98%D7%99%D7%9D-%D7%AA%D7%99/
ok        4758ms MISS https://kerenmakor.org.il/%D7%96%D7%95%D7%99%D7%94-%D7%A6%D7%A8%D7%A7%D7%A1%D7%A7%D7%99-%D7%97%D7%99%D7%99%D7%9D-%D7%A1%D7%95%D7%91%D7%99%D7%99%D7%98%D7%99%D7%9D-%D7%96%D7%9B%D7%94-%D7%91%D7%A4%D7%A8%D7%A1-%D7%94%D7%A1/
ok        4716ms MISS https://kerenmakor.org.il/%D7%A7%D7%95%D7%9C-%D7%A7%D7%95%D7%A8%D7%90-%D7%A2%D7%93-10-07-2022/
ok        7510ms MISS https://kerenmakor.org.il/%D7%9E%D7%95%D7%A2%D7%9E%D7%93%D7%95%D7%AA-%D7%A9%D7%9C-%D7%A8%D7%95%D7%A1%D7%95-%D7%91%D7%AA%D7%97%D7%A8%D7%95%D7%AA-%D7%A1%D7%A8%D7%98%D7%99%D7%9D-%D7%A7%D7%A6%D7%A8%D7%99%D7%9D-%D7%A2%D7%93-4/
ok        7063ms MISS https://kerenmakor.org.il/%D7%97%D7%92-%D7%A9%D7%9E%D7%97-%D7%95%D7%91%D7%94%D7%A6%D7%9C%D7%97%D7%94-%D7%9C%D7%9E%D7%A9%D7%AA%D7%AA%D7%A4%D7%99-%D7%A4%D7%A1%D7%98%D7%99%D7%91%D7%9C-%D7%94%D7%A1%D7%A8%D7%98%D7%99%D7%9D-%D7%97/
ok       14893ms MISS https://kerenmakor.org.il/%D7%9E%D7%95%D7%A2%D7%9E%D7%93%D7%95%D7%AA-%D7%94%D7%9C%D7%90%D7%A4-%D7%93%D7%90%D7%A0%D7%A1-%D7%94%D7%90%D7%97%D7%A8%D7%95%D7%9F-%D7%91%D7%AA%D7%97%D7%A8%D7%95%D7%AA-%D7%A1%D7%A8%D7%98%D7%99/
ok       16496ms MISS https://kerenmakor.org.il/%D7%9E%D7%95%D7%A2%D7%9E%D7%93%D7%95%D7%AA-%D7%A9%D7%9C-%D7%90%D7%A9%D7%AA-%D7%97%D7%99%D7%9C-%D7%91%D7%AA%D7%97%D7%A8%D7%95%D7%AA-%D7%A1%D7%A8%D7%98%D7%99%D7%9D-%D7%AA%D7%99%D7%A2%D7%95%D7%93/
ok       16290ms MISS https://kerenmakor.org.il/%D7%A4%D7%A1%D7%98%D7%99%D7%91%D7%9C-newimages/
ok       18393ms MISS https://kerenmakor.org.il/%D7%A7%D7%95%D7%9C-%D7%A7%D7%95%D7%A8%D7%90-%D7%A1%D7%A8%D7%98%D7%99-%D7%AA%D7%A2%D7%95%D7%93%D7%94-07-2022/
ok       14594ms MISS https://kerenmakor.org.il/%D7%9E%D7%95%D7%A2%D7%9E%D7%93%D7%95%D7%AA-%D7%A9%D7%9C-%D7%97%D7%95%D7%A8%D7%99%D7%9D-%D7%91%D7%AA%D7%97%D7%A8%D7%95%D7%AA-%D7%A1%D7%A8%D7%98%D7%99%D7%9D-%D7%AA%D7%99%D7%A2%D7%95%D7%93%D7%99/
ok       14813ms MISS https://kerenmakor.org.il/%D7%A1%D7%A8%D7%98%D7%99-%D7%90%D7%A0%D7%99%D7%9E%D7%A6%D7%99%D7%94-%D7%A9%D7%9C-%D7%A7%D7%A8%D7%9F-%D7%9E%D7%A7%D7%95%D7%A8-%D7%A2%D7%95%D7%A9%D7%99%D7%9D-%D7%A0%D7%97%D7%A9%D7%A4%D7%99%D7%9D-%D7%9C/
ok       18185ms MISS https://kerenmakor.org.il/%D7%9C%D7%94%D7%AA%D7%90%D7%94%D7%91-%D7%91%D7%A8%D7%A7%D7%A1-%D7%96%D7%9B%D7%94-%D7%91%D7%A4%D7%A8%D7%A1-%D7%A1%D7%A8%D7%98-%D7%94%D7%99%D7%9C%D7%93%D7%99%D7%9D-%D7%94%D7%98%D7%95%D7%91-%D7%91/
ok       13701ms MISS https://kerenmakor.org.il/%D7%A1%D7%95%D7%A4%D7%A8-%D7%91%D7%95%D7%A8%D7%97-%D7%9E%D7%A1%D7%A8%D7%98-%D7%9E%D7%90%D7%97%D7%95%D7%A8%D7%99-%D7%94%D7%A7%D7%9C%D7%A2%D7%99%D7%9D/
ok       18190ms MISS https://kerenmakor.org.il/%D7%A4%D7%A1%D7%98%D7%99%D7%91%D7%9C-%D7%94%D7%A1%D7%A8%D7%98%D7%99%D7%9D-%D7%94%D7%91%D7%99%D7%A0%D7%9C%D7%90%D7%95%D7%9E%D7%99-%D7%97%D7%99%D7%A4%D7%94-2020-%D7%A4%D7%AA%D7%99%D7%97%D7%AA-%D7%94/
ok       15867ms MISS https://kerenmakor.org.il/%D7%A7%D7%95%D7%9C-%D7%A7%D7%95%D7%A8%D7%90-%D7%AA%D7%A2%D7%95%D7%93%D7%94-2020-%D7%A2%D7%93%D7%9B%D7%95%D7%9F-%D7%9C%D7%95%D7%96-%E2%8F%B1/
ok       18178ms MISS https://kerenmakor.org.il/%D7%9E%D7%A9%D7%91%D7%A8-%D7%94%D7%A7%D7%95%D7%A8%D7%95%D7%A0%D7%94-%D7%A2%D7%93%D7%9B%D7%95%D7%9F-%D7%9E%D7%9E%D7%95%D7%A2%D7%A6%D7%AA-%D7%94%D7%A7%D7%95%D7%9C%D7%A0%D7%95%D7%A2-%D7%9C%D7%99%D7%95/
ok       14977ms MISS https://kerenmakor.org.il/%D7%A7%D7%95%D7%9C-%D7%A7%D7%95%D7%A8%D7%90-%D7%A7%D7%A6%D7%A8-%D7%90%D7%A0%D7%99%D7%9E%D7%A6%D7%99%D7%94/
ok       14791ms MISS https://kerenmakor.org.il/%D7%9E%D7%99%D7%96%D7%9D-%D7%B4%D7%A2%D7%93-10%D7%B4-2019-%D7%99%D7%9E%D7%99-%D7%A2%D7%91%D7%95%D7%93%D7%94-%D7%91%D7%AA%D7%9C-%D7%90%D7%91%D7%99%D7%91/
ok       14625ms MISS https://kerenmakor.org.il/%D7%A9%D7%A4%D7%90%D7%A8-%D7%91%D7%93%D7%A8%D7%9A-%D7%9C%D7%94%D7%95%D7%9C%D7%99%D7%95%D7%95%D7%93-%D7%99%D7%95%D7%A7%D7%A8%D7%9F-%D7%91%D7%9E%D7%A1%D7%92%D7%A8%D7%AA-%D7%94%D7%9E%D7%99%D7%95/
ok       14496ms MISS https://kerenmakor.org.il/%D7%A7%D7%95%D7%9C-%D7%A7%D7%95%D7%A8%D7%90-%D7%90%D7%A7%D7%95%D7%9C%D7%95g-%D7%92%D7%9C%D7%99%D7%9C/
ok       17498ms MISS https://kerenmakor.org.il/%D7%A4%D7%A8%D7%A1-grand-prix-%D7%91%D7%A4%D7%A1%D7%98%D7%99%D7%91%D7%9C-fipadoc-%D7%9C%D7%A1%D7%A8%D7%98%D7%94-%D7%A9%D7%9C-%D7%96%D7%94%D7%A8-%D7%95%D7%92%D7%A0%D7%A8-21-%D7%99%D7%95%D7%9D-%D7%95/
ok       20309ms MISS https://kerenmakor.org.il/%D7%AA%D7%A7%D7%95%D7%95%D7%94-%D7%AA%D7%A2%D7%95%D7%93%D7%94-%D7%A7%D7%A6%D7%A8-%D7%94%D7%9E%D7%99%D7%96%D7%9E%D7%99%D7%9D-%D7%94%D7%A0%D7%91%D7%97%D7%A8%D7%99%D7%9D-%D7%9C%D7%94%D7%A9%D7%A7/
ok       20117ms MISS https://kerenmakor.org.il/%D7%A2%D7%93-10-2019-%D7%94%D7%96%D7%95%D7%9B%D7%99%D7%9D-%D7%91%D7%94%D7%A9%D7%A7%D7%A2%D7%AA-%D7%94%D7%A4%D7%A7%D7%94/
ok       15418ms MISS https://kerenmakor.org.il/%D7%98%D7%90%D7%A6-%D7%96%D7%9B%D7%94-%D7%91%D7%A4%D7%A8%D7%A1-%D7%94%D7%A1%D7%A8%D7%98-%D7%94%D7%98%D7%95%D7%91-%D7%91%D7%99%D7%95%D7%AA%D7%A8-%D7%91%D7%A4%D7%A1%D7%98%D7%99%D7%91%D7%9C-moscow-shor/
ok        9535ms MISS https://kerenmakor.org.il/%D7%9E%D7%95%D7%99%D7%99%D7%A1%D7%A8%D7%99%D7%9D-%D7%96%D7%9B%D7%94-%D7%91%D7%A4%D7%A8%D7%A1-%D7%94%D7%92%D7%93%D7%95%D7%9C-%D7%91%D7%A4%D7%A1%D7%98%D7%99%D7%91%D7%9C-primed-%D7%91%D7%9E%D7%A8/
ok       13183ms MISS https://kerenmakor.org.il/%D7%A2%D7%93-10-2019-%D7%94%D7%A1%D7%A8%D7%98%D7%99%D7%9D-%D7%A9%D7%A2%D7%9C%D7%95-%D7%9C%D7%A9%D7%9C%D7%91-%D7%94%D7%A4%D7%99%D7%A6%D7%99%D7%A0%D7%92/
ok       11886ms MISS https://kerenmakor.org.il/%D7%93%D7%95%D7%A7%D7%95-%D7%99%D7%A9%D7%A8%D7%90%D7%9C%D7%99-%D7%A7%D7%95%D7%9C-%D7%A7%D7%95%D7%A8%D7%90-%D7%A7%D7%95%D7%9C-%D7%A7%D7%95%D7%A8%D7%90-%D7%9C%D7%A1%D7%A8%D7%98%D7%99-%D7%95%D7%A1/
ok       14089ms MISS https://kerenmakor.org.il/%D7%A1%D7%A8%D7%98%D7%99-%D7%A7%D7%A8%D7%9F-%D7%9E%D7%A7%D7%95%D7%A8-%D7%94%D7%9E%D7%95%D7%A7%D7%A8%D7%A0%D7%99%D7%9D-%D7%91%D7%91%D7%9B%D7%95%D7%A8%D7%94-%D7%95%D7%9E%D7%A9%D7%AA%D7%AA%D7%A4%D7%99/
ok       14606ms MISS https://kerenmakor.org.il/%D7%90%D7%99%D7%A8%D7%95%D7%A2%D7%99-%D7%A7%D7%A8%D7%9F-%D7%9E%D7%A7%D7%95%D7%A8-%D7%91%D7%A4%D7%A1%D7%98%D7%99%D7%91%D7%9C-%D7%94%D7%A7%D7%95%D7%9C%D7%A0%D7%95%D7%A2-%D7%97%D7%99%D7%A4%D7%94-2019/
ok       18478ms MISS https://kerenmakor.org.il/%D7%A4%D7%A8%D7%A1-%D7%A0%D7%90%D7%A0%D7%95%D7%A7-%D7%94%D7%9B%D7%A1%D7%A3-%D7%9C%D7%A1%D7%A8%D7%98-%D7%98%D7%95%D7%A7%D7%9C%D7%95%D7%9E%D7%98%D7%99/
ok       15825ms MISS https://kerenmakor.org.il/%D7%A9%D7%99%D7%A8-%D7%9E%D7%9C%D7%97%D7%9E%D7%94-%D7%94%D7%AA%D7%A7%D7%91%D7%9C-%D7%9C%D7%AA%D7%97%D7%A8%D7%95%D7%AA-%D7%94%D7%A8%D7%A9%D7%9E%D7%99%D7%AA-%D7%A9%D7%9C-%D7%A4%D7%A1%D7%98%D7%99/
ok       14379ms MISS https://kerenmakor.org.il/%D7%93%D7%95%D7%97-%D7%9E%D7%A6%D7%91-%D7%94%D7%A9%D7%A7%D7%A2%D7%95%D7%AA-%D7%A7%D7%A8%D7%9F-%D7%9E%D7%A7%D7%95%D7%A8-2019/
ok       13576ms MISS https://kerenmakor.org.il/%D7%A4%D7%A1%D7%98%D7%99%D7%91%D7%9C-%D7%94%D7%A1%D7%98%D7%95%D7%93%D7%A0%D7%98%D7%99%D7%9D-%D7%94%D7%91%D7%99%D7%A0%D7%9C%D7%90%D7%95%D7%9E%D7%99-2019-%D7%99%D7%95%D7%9D-%D7%A8%D7%92%D7%99%D7%9C/
ok       13576ms MISS https://kerenmakor.org.il/%D7%A4%D7%A1%D7%98%D7%99%D7%91%D7%9C-%D7%94%D7%A1%D7%98%D7%95%D7%93%D7%A0%D7%98%D7%99%D7%9D-%D7%94%D7%91%D7%99%D7%A0%D7%9C%D7%90%D7%95%D7%9E%D7%99-2019-%D7%94%D7%96%D7%95%D7%9B%D7%99%D7%9D-%D7%91/
ok       14174ms MISS https://kerenmakor.org.il/%D7%A4%D7%A1%D7%98%D7%99%D7%91%D7%9C-%D7%A7%D7%95%D7%9C%D7%A0%D7%95%D7%A2-%D7%93%D7%A8%D7%95%D7%9D-%D7%9E%D7%A2%D7%A0%D7%A7%D7%99-%D7%A4%D7%99%D7%AA%D7%95%D7%97-%D7%A9%D7%9C-%D7%94%D7%A7%D7%A8%D7%9F/
ok       17489ms MISS https://kerenmakor.org.il/%D7%A4%D7%A1%D7%98%D7%99%D7%91%D7%9C-%D7%94%D7%A7%D7%95%D7%9C%D7%A0%D7%95%D7%A2-%D7%99%D7%A8%D7%95%D7%A9%D7%9C%D7%99%D7%9D-2019-%D7%A1%D7%A8%D7%98%D7%99%D7%9D-%D7%91%D7%AA%D7%9E%D7%99%D7%9B%D7%AA/
ok       14904ms MISS https://kerenmakor.org.il/%D7%9C%D7%90%D7%94-%D7%A6%D7%9E%D7%9C-%D7%A2%D7%95%D7%A8%D7%9B%D7%AA-%D7%93%D7%99%D7%9F-%D7%A4%D7%A8%D7%A1-%D7%94%D7%A1%D7%A8%D7%98-%D7%94%D7%AA%D7%99%D7%A2%D7%95%D7%93%D7%99-%D7%94%D7%98%D7%95/
ok       17897ms MISS https://kerenmakor.org.il/%D7%A7%D7%95%D7%9C-%D7%A7%D7%95%D7%A8%D7%90-%D7%93%D7%95%D7%A7%D7%95-%D7%A1%D7%A4%D7%95%D7%A8%D7%98-%D7%94%D7%96%D7%95%D7%9B%D7%99%D7%9D-%D7%91%D7%9E%D7%A2%D7%A0%D7%A7-%D7%A4%D7%99%D7%AA%D7%95%D7%97/
ok       15420ms MISS https://kerenmakor.org.il/%D7%A4%D7%92%D7%95%D7%AA-%D7%AA%D7%95%D7%A7%D7%A3-%D7%A4%D7%A8%D7%A1-%D7%99%D7%95%D7%A1%D7%99-%D7%A7%D7%90%D7%95%D7%A4%D7%9E%D7%9F-%D7%9C%D7%91%D7%99%D7%9E%D7%95%D7%99-%D7%93%D7%95%D7%A7%D7%90/
ok       17384ms MISS https://kerenmakor.org.il/%D7%9C%D7%90%D7%94-%D7%A6%D7%9E%D7%9C-%D7%A2%D7%95%D7%A8%D7%9B%D7%AA-%D7%93%D7%99%D7%9F-%D7%94%D7%A1%D7%A8%D7%98-%D7%94%D7%98%D7%95%D7%91-%D7%91%D7%99%D7%95%D7%AA%D7%A8-%D7%91%D7%AA%D7%97%D7%A8/
ok       14097ms MISS https://kerenmakor.org.il/%D7%91%D7%A8%D7%9B%D7%95%D7%AA-%D7%9C%D7%A8%D7%97%D7%9C-%D7%9C%D7%90%D7%94-%D7%92%D7%95%D7%A0%D7%A1-%D7%95%D7%A4%D7%99%D7%9C%D7%99%D7%A4-%D7%91%D7%9C%D7%90%D7%99%D7%A9/
ok       19088ms MISS https://kerenmakor.org.il/%D7%A2%D7%93-10-%D7%94%D7%96%D7%95%D7%9B%D7%99%D7%9D-%D7%91%D7%94%D7%A9%D7%A7%D7%A2%D7%AA-%D7%94%D7%A4%D7%A7%D7%94/
ok       16411ms MISS https://kerenmakor.org.il/more/%d7%a4%d7%a1%d7%98%d7%99%d7%91%d7%9c-%d7%a0%d7%99%d7%90%d7%95%d7%99%d7%9e%d7%92%d7%96-2026/
ok       15763ms MISS https://kerenmakor.org.il/%D7%91%D7%A8%D7%9B%D7%94-%D7%9C%D7%99%D7%95%D7%A6%D7%A8%D7%99-%D7%94%D7%A1%D7%A8%D7%98%D7%99%D7%9D-%D7%94%D7%9E%D7%A9%D7%AA%D7%AA%D7%A4%D7%99%D7%9D-%D7%91%D7%93%D7%95%D7%A7%D7%90%D7%91%D7%99%D7%91-201/
ok       14801ms MISS https://kerenmakor.org.il/more/%d7%91%d7%a8%d7%9b%d7%95%d7%aa-%d7%9c%d7%99%d7%95%d7%a6%d7%a8%d7%99-%d7%95%d7%95%d7%99%d7%a0%d7%98%d7%a8%d7%90%d7%95%d7%91%d7%a8/
ok        9704ms MISS https://kerenmakor.org.il/more/%d7%92%d7%99%d7%99%d7%9d-%d7%a6%d7%99%d7%99%d7%a0%d7%92%d7%a8-%d7%94%d7%9e%d7%9c%d7%a6%d7%aa-%d7%a6%d7%a4%d7%99%d7%99%d7%94/
ok        6282ms MISS https://kerenmakor.org.il/more/%d7%a1%d7%99%d7%a0%d7%93%d7%a8%d7%95%d7%9d-%d7%a2%d7%96%d7%94-%d7%9e%d7%a6%d7%9c%d7%99%d7%97%d7%94-%d7%91%d7%a2%d7%a0%d7%a7/
ok        7880ms MISS https://kerenmakor.org.il/more/%d7%90%d7%95%d7%a8%d7%a0%d7%94-%d7%95%d7%90%d7%9c%d7%94-%d7%94%d7%99%d7%a9%d7%92-%d7%97%d7%a1%d7%a8-%d7%aa%d7%a7%d7%93%d7%99%d7%9d-%d7%9c%d7%a7%d7%95%d7%9c%d7%a0%d7%95%d7%a2-%d7%aa%d7%99%d7%a2%d7%95/
ok        5126ms MISS https://kerenmakor.org.il/more/%d7%91%d7%a8%d7%9b%d7%95%d7%aa-%d7%9c%d7%a6%d7%95%d7%95%d7%aa%d7%99-%d7%94%d7%a4%d7%a8%d7%95%d7%99%d7%a7%d7%98%d7%99%d7%9d-%d7%94%d7%a0%d7%91%d7%97%d7%a8%d7%99%d7%9d-%d7%91%d7%9e%d7%a1%d7%92%d7%a8/
ok        8482ms MISS https://kerenmakor.org.il/more/%d7%9e%d7%94-%d7%96%d7%94-%d7%a7%d7%95%d7%9c%d7%a0%d7%95%d7%a2-%d7%91-360/
ok        9500ms MISS https://kerenmakor.org.il/more/%d7%99%d7%95%d7%9d-%d7%aa%d7%a2%d7%a9%d7%99%d7%99%d7%94-%d7%a4%d7%aa%d7%95%d7%97-%d7%a2%d7%9c-%d7%a7%d7%95%d7%9c%d7%a0%d7%95%d7%a2-%d7%91%d7%9e%d7%a8%d7%97%d7%91-%d7%94%d7%95%d7%95%d7%99%d7%a8%d7%98-2/
ok        8886ms MISS https://kerenmakor.org.il/more/%d7%99%d7%95%d7%9d-%d7%aa%d7%a2%d7%a9%d7%99%d7%99%d7%94-%d7%a4%d7%aa%d7%95%d7%97-%d7%a2%d7%9c-%d7%a7%d7%95%d7%9c%d7%a0%d7%95%d7%a2-%d7%91%d7%9e%d7%a8%d7%97%d7%91-%d7%94%d7%95%d7%95%d7%99%d7%a8%d7%98/
ok       13167ms MISS https://kerenmakor.org.il/%D7%A7%D7%95%D7%9C-%D7%A7%D7%95%D7%A8%D7%90-%D7%A2%D7%93-10/
ok       10411ms MISS https://kerenmakor.org.il/more/%d7%a8%d7%99%d7%90%d7%99%d7%95%d7%9f-%d7%a2%d7%9d-%d7%a8%d7%95%d7%a2%d7%99-%d7%a7%d7%9e%d7%97%d7%99-%d7%91%d7%9e%d7%90%d7%99-%d7%94%d7%a1%d7%a8%d7%98-%d7%a4%d7%99%d7%a8%d7%95%d7%90/
ok       10306ms MISS https://kerenmakor.org.il/more/%d7%a8%d7%90%d7%99%d7%95%d7%9f-%d7%a2%d7%9d-%d7%90%d7%9c%d7%99%d7%94-%d7%a9%d7%95%d7%95%d7%a8%d7%a5-%d7%91%d7%99%d7%9e%d7%90%d7%99%d7%aa-%d7%94%d7%a1%d7%a8%d7%98-%d7%9c%d7%95%d7%95%d7%99%d7%aa%d7%9f/
ok       14213ms MISS https://kerenmakor.org.il/more/%d7%9e%d7%a7%d7%91%d7%a5-%d7%a1%d7%a8%d7%98%d7%99-%d7%aa%d7%a2%d7%95%d7%93%d7%94-2/
ok       18796ms MISS https://kerenmakor.org.il/more/%d7%9e%d7%a7%d7%91%d7%a5-%d7%a1%d7%a8%d7%98%d7%99-%d7%a2%d7%9c%d7%99%d7%9c%d7%94-2/
ok       11486ms MISS https://kerenmakor.org.il/more/%d7%99%d7%a2%d7%9c-%d7%a0%d7%99%d7%91%d7%a8%d7%95%d7%9f-%d7%a2%d7%9c-%d7%a4%d7%99%d7%9c-%d7%91%d7%9e%d7%93%d7%91%d7%a8-2/
ok        6090ms MISS https://kerenmakor.org.il/more/%d7%99%d7%95%d7%9d-%d7%aa%d7%a2%d7%a9%d7%99%d7%99%d7%94-%d7%a4%d7%aa%d7%95%d7%97-%d7%a7%d7%95%d7%9c%d7%a0%d7%95%d7%a2-%d7%91%d7%9e%d7%a8%d7%97%d7%91-%d7%94%d7%95%d7%95%d7%99%d7%a8%d7%98%d7%95%d7%90/
ok        8160ms MISS https://kerenmakor.org.il/more/%d7%94%d7%9e%d7%9c%d7%a6%d7%aa-%d7%a6%d7%a4%d7%99%d7%99%d7%94-%d7%91%d7%90%d7%95%d7%a8%d7%a0%d7%94-%d7%95%d7%90%d7%9c%d7%94-%d7%91%d7%99%d7%93%d7%99%d7%a2%d7%95%d7%aa-%d7%90%d7%97%d7%a8%d7%95%d7%a0/
ok       10886ms MISS https://kerenmakor.org.il/more/%d7%99%d7%95%d7%9d-%d7%aa%d7%a2%d7%a9%d7%99%d7%99%d7%94-%d7%a4%d7%aa%d7%95%d7%97-%d7%94%d7%a1%d7%99%d7%a4%d7%95%d7%a8-%d7%94%d7%a7%d7%95%d7%9c%d7%a0%d7%95%d7%a2%d7%99-%d7%91%d7%98%d7%9b%d7%a0%d7%95/
ok       12064ms MISS https://kerenmakor.org.il/more/%d7%a1%d7%98%d7%95%d7%93%d7%99%d7%95-%d7%9c%d7%a4%d7%99%d7%aa%d7%95%d7%97-%d7%a1%d7%a8%d7%98%d7%99-%d7%90%d7%a0%d7%99%d7%9e%d7%a6%d7%99%d7%94-%d7%91%d7%90%d7%95%d7%a8%d7%9a-%d7%9e%d7%9c%d7%90-%d7%91/
ok       12781ms MISS https://kerenmakor.org.il/more/%d7%97%d7%9e%d7%9e%d7%aa-%d7%9e%d7%a2%d7%91%d7%93%d7%aa-%d7%9e%d7%a7%d7%95%d7%a8-%d7%9e%d7%93%d7%99%d7%94-11-2025/
ok        8616ms MISS https://kerenmakor.org.il/more/%d7%a1%d7%99%d7%9b%d7%95%d7%9d-%d7%90%d7%99%d7%a8%d7%95%d7%a2-%d7%a4%d7%95%d7%a7%d7%95%d7%a1-vr-%d7%91%d7%a4%d7%a1%d7%98%d7%99%d7%91%d7%9c-%d7%a7%d7%95%d7%9c%d7%a0%d7%95%d7%a2-%d7%93%d7%a8%d7%95%d7%9d/
ok        6512ms MISS https://kerenmakor.org.il/more/%d7%93%d7%9d-%d7%99%d7%95%d7%a0%d7%99%d7%9d-%d7%96%d7%95%d7%9b%d7%94-%d7%a4%d7%a8%d7%a1-%d7%94%d7%a2%d7%a8%d7%99%d7%9b%d7%94-jwff/
ok        6307ms MISS https://kerenmakor.org.il/more/%d7%94%d7%a6%d7%99%d7%a4%d7%95%d7%a8-%d7%a9%d7%a8%d7%a6%d7%aa%d7%94-%d7%96%d7%95%d7%9b%d7%94-%d7%91%d7%a4%d7%a8%d7%a1-%d7%90%d7%95%d7%a4%d7%99%d7%a8-2025/
ok        6608ms MISS https://kerenmakor.org.il/more/%d7%9c%d7%99-%d7%93%d7%a8%d7%95%d7%a8-%d7%a2%d7%9c-%d7%9e%d7%96%d7%9c-%d7%93%d7%92%d7%99%d7%9d/
ok       38003ms MISS https://kerenmakor.org.il/more/%d7%99%d7%95%d7%9d-%d7%aa%d7%a2%d7%a9%d7%99%d7%99%d7%94-%d7%a4%d7%aa%d7%95%d7%97-%d7%a2%d7%9c-%d7%94%d7%a1%d7%99%d7%a4%d7%95%d7%a8-%d7%94%d7%a7%d7%95%d7%9c%d7%a0%d7%95%d7%a2%d7%99-%d7%91%d7%98%d7%9b/
ok       40486ms MISS https://kerenmakor.org.il/more/%d7%a6%d7%99%d7%a4%d7%99%d7%95%d7%aa-%d7%91-tisff/
ok       41995ms MISS https://kerenmakor.org.il/more/%d7%94%d7%9e%d7%9c%d7%a6%d7%aa-%d7%a6%d7%a4%d7%99%d7%99%d7%94-%d7%91%d7%a9%d7%95%d7%9d-%d7%93%d7%91%d7%a8-%d7%9e%d7%99%d7%95%d7%97%d7%93/
ok       40116ms MISS https://kerenmakor.org.il/more/%d7%91%d7%9e%d7%92%d7%96%d7%99%d7%9f-%d7%a1%d7%98%d7%95%d7%a4-%d7%9e%d7%95%d7%a9%d7%9f-%d7%9b%d7%aa%d7%91%d7%95-%d7%a2%d7%9c-%d7%a1%d7%90%d7%a0%d7%93%d7%99%d7%99/
ok       44064ms MISS https://kerenmakor.org.il/more/%d7%94%d7%9e%d7%9c%d7%a6%d7%aa-%d7%a6%d7%a4%d7%99%d7%99%d7%94-%d7%91%d7%9c%d7%95%d7%95%d7%99%d7%aa%d7%9f-%d7%91%d7%a4%d7%95%d7%a8%d7%98%d7%9c-%d7%94%d7%a1%d7%a8%d7%98%d7%99%d7%9d-%d7%94%d7%99%d7%a9/
ok       14017ms MISS https://kerenmakor.org.il/more/%d7%a1%d7%90%d7%a0%d7%93%d7%99%d7%99-%d7%96%d7%9b%d7%94-%d7%91%d7%a4%d7%a8%d7%a1-%d7%94%d7%a1%d7%a8%d7%98-%d7%94%d7%a2%d7%a6%d7%9e%d7%90%d7%99-%d7%94%d7%a7%d7%a6%d7%a8-%d7%94%d7%98%d7%95%d7%91-%d7%91/
ok       13009ms MISS https://kerenmakor.org.il/more/%d7%a7%d7%95%d7%9c-%d7%a7%d7%95%d7%a8%d7%90-%d7%94%d7%a1%d7%98%d7%95%d7%93%d7%99%d7%95-%d7%9c%d7%a4%d7%99%d7%aa%d7%95%d7%97-%d7%a1%d7%a8%d7%98%d7%99-%d7%90%d7%a0%d7%99%d7%9e%d7%a6%d7%99%d7%94-%d7%91/
ok       14689ms MISS https://kerenmakor.org.il/more/%f0%9f%93%a3-%d7%a7%d7%95%d7%9c-%d7%a7%d7%95%d7%a8%d7%90-xr-%d7%99%d7%94%d7%93%d7%95%d7%aa-%d7%90%d7%a8%d7%a6%d7%95%d7%aa-%d7%a2%d7%a8%d7%91-%d7%95%d7%94%d7%90%d7%a1%d7%9c%d7%90%d7%9d-%f0%9f%93%a3/
ok        8599ms MISS https://kerenmakor.org.il/more/%d7%91%d7%a8%d7%9b%d7%95%d7%aa-%e2%9d%a4%ef%b8%8f/
ok        4189ms MISS https://kerenmakor.org.il/more/%d7%92%d7%9f-%d7%93%d7%94-%d7%9c%d7%a0%d7%92%d7%94-%d7%a2%d7%9c-%d7%94%d7%a6%d7%99%d7%a4%d7%95%d7%a8-%d7%a9%d7%a8%d7%a6%d7%aa%d7%94/
ok       11186ms MISS https://kerenmakor.org.il/more/%d7%94%d7%9e%d7%9c%d7%a6%d7%aa-%d7%a6%d7%a4%d7%99%d7%99%d7%94-%d7%91%d7%9e%d7%9c%d7%90%d7%9b%d7%99-%d7%91%d7%9e%d7%a1%d7%92%d7%a8%d7%aa-%d7%a4%d7%a1%d7%98%d7%99%d7%91%d7%9c-%d7%99%d7%a8%d7%95%d7%a9/
ok       11182ms MISS https://kerenmakor.org.il/more/%d7%99%d7%a2%d7%9c-%d7%a0%d7%99%d7%91%d7%a8%d7%95%d7%9f-%d7%a2%d7%9c-%d7%a4%d7%99%d7%9c-%d7%91%d7%9e%d7%93%d7%91%d7%a8/
ok        7568ms MISS https://kerenmakor.org.il/more/%d7%9b%d7%aa%d7%91%d7%94-%d7%a2%d7%9c-%d7%9b%d7%a0%d7%a1-%d7%94%d7%90%d7%aa%d7%99%d7%a7%d7%94-%d7%93%d7%95%d7%a7%d7%95-%d7%95-ai/
ok        8305ms MISS https://kerenmakor.org.il/more/%d7%9b%d7%a0%d7%a1-%d7%90%d7%aa%d7%99%d7%a7%d7%94-%d7%93%d7%95%d7%a7%d7%95-%d7%95-ai/
ok       10984ms MISS https://kerenmakor.org.il/more/%d7%99%d7%95%d7%9d-%d7%aa%d7%a2%d7%a9%d7%99%d7%99%d7%94-%d7%a4%d7%aa%d7%95%d7%97-%d7%95%d7%a7%d7%95%d7%9c-%d7%a7%d7%95%d7%a8%d7%90-%d7%97%d7%93%d7%a9-%d7%9c%d7%99%d7%a6%d7%99%d7%a8%d7%95%d7%aa-%d7%90/
ok        8702ms MISS https://kerenmakor.org.il/more/%d7%a7%d7%95%d7%9c-%d7%a7%d7%95%d7%a8%d7%90-%d7%a7%d7%a6%d7%a8-%d7%90%d7%a0%d7%99%d7%9e%d7%a6%d7%99%d7%94/
ok       11361ms MISS https://kerenmakor.org.il/more/%d7%9e%d7%a7%d7%91%d7%a5-%d7%a1%d7%a8%d7%98%d7%99-%d7%90%d7%a0%d7%99%d7%9e%d7%a6%d7%99%d7%94-%d7%a7%d7%a6%d7%a8%d7%99%d7%9d/
ok       10950ms MISS https://kerenmakor.org.il/more/%d7%90%d7%93%d7%99-%d7%95%d7%90%d7%a0%d7%99-%e2%9d%a4%ef%b8%8f/
ok       13301ms MISS https://kerenmakor.org.il/more/%d7%9c%d7%99%d7%a8%d7%99-%d7%a0%d7%91%d7%95%d7%9f-%d7%a2%d7%9c-%d7%9c%d7%94%d7%aa%d7%a0%d7%aa%d7%a7/
ok        8809ms MISS https://kerenmakor.org.il/more/%d7%91%d7%a8%d7%9b%d7%95%d7%aa-%d7%9c%d7%96%d7%95%d7%9b%d7%95%d7%aa-%d7%91%d7%a4%d7%a1%d7%98%d7%99%d7%91%d7%9c-%d7%90%d7%a0%d7%99%d7%9e%d7%99%d7%a7%d7%a1-2024/
ok       11301ms MISS https://kerenmakor.org.il/more/%d7%a7%d7%95%d7%9c-%d7%a7%d7%95%d7%a8%d7%90-%d7%a2%d7%93-10-%d7%9e%d7%93%d7%a8%d7%99%d7%9a-%d7%94%d7%92%d7%a9%d7%94/
ok        5097ms MISS https://kerenmakor.org.il/more/%d7%99%d7%95%d7%9d-%d7%aa%d7%a2%d7%a9%d7%99%d7%99%d7%94-%d7%a2%d7%9c-%d7%90%d7%a0%d7%a8%d7%99%d7%9c-%d7%91%d7%9e%d7%93%d7%99%d7%94-%d7%94%d7%97%d7%93%d7%a9%d7%94-%d7%95%d7%91%d7%99%d7%a6%d7%99%d7%a8/
ok       10789ms MISS https://kerenmakor.org.il/more/%d7%9c%d7%9b%d7%aa%d7%95%d7%91-%d7%90%d7%a0%d7%99%d7%9e%d7%a6%d7%99%d7%94-2024/
ok        8275ms MISS https://kerenmakor.org.il/more/%d7%99%d7%95%d7%9d-%d7%aa%d7%a2%d7%a9%d7%99%d7%99%d7%94-%d7%a4%d7%aa%d7%95%d7%97-%d7%95%d7%94%d7%a9%d7%a7%d7%aa-%d7%a7%d7%95%d7%9c-%d7%a7%d7%95%d7%a8%d7%90-i-see-you/
ok       43513ms MISS https://kerenmakor.org.il/more/%d7%9e%d7%a7%d7%95%d7%a8-%d7%9e%d7%93%d7%99%d7%94-%d7%a1%d7%99%d7%9b%d7%95%d7%9d-%d7%a9%d7%a0%d7%aa-%d7%a4%d7%a2%d7%99%d7%9c%d7%95%d7%aa-2023-24-%d7%91%d7%a0%d7%95%d7%a9%d7%90-%d7%9e%d7%a9%d7%91/
ok       38709ms MISS https://kerenmakor.org.il/more/%d7%94%d7%9e%d7%9c%d7%a6%d7%aa-%d7%a6%d7%a4%d7%99%d7%99%d7%94-%d7%91%d7%93%d7%95%d7%a0%d7%9d-%d7%a9%d7%9c-%d7%a1%d7%91%d7%aa%d7%90/
ok       41573ms MISS https://kerenmakor.org.il/more/%d7%a1%d7%a8%d7%98%d7%99-%d7%90%d7%a0%d7%99%d7%9e%d7%a6%d7%99%d7%94-%d7%91%d7%aa%d7%9e%d7%99%d7%9b%d7%aa-%d7%a7%d7%a8%d7%9f-%d7%9e%d7%a7%d7%95%d7%a8/
ok       43043ms MISS https://kerenmakor.org.il/more/%d7%9e%d7%90%d7%99%d7%94-%d7%a9%d7%a7%d7%9c-%d7%a2%d7%9c-%d7%90%d7%93%d7%99-%d7%95%d7%90%d7%a0%d7%99/
ok       30397ms MISS https://kerenmakor.org.il/more/%d7%9e%d7%a7%d7%91%d7%a5-%d7%a1%d7%a8%d7%98%d7%99-%d7%a2%d7%9c%d7%99%d7%9c%d7%94-1/
ok       14293ms MISS https://kerenmakor.org.il/more/%d7%94%d7%9e%d7%9c%d7%a6%d7%aa-%d7%a6%d7%a4%d7%99%d7%99%d7%94-%d7%93%d7%95%d7%a7%d7%90%d7%91%d7%99%d7%91-2024/
ok       10996ms MISS https://kerenmakor.org.il/more/%d7%90%d7%99%d7%9f-%d7%9c%d7%90%d7%9f-%d7%9c%d7%9c%d7%9b%d7%aa-%d7%95%d7%90%d7%99%d7%9f-%d7%9c%d7%90%d7%9f-%d7%9c%d7%97%d7%96%d7%95%d7%a8-%d7%90%d7%99%d7%aa%d7%9f-%d7%94%d7%a8%d7%9e%d7%9f/
ok        9006ms MISS https://kerenmakor.org.il/more/%d7%90%d7%99%d7%a9%d7%95%d7%9f-%d7%9c%d7%99%d7%9c%d7%94-%d7%a2%d7%93%d7%99-%d7%a9%d7%a0%d7%a2%d7%a8/
ok       11691ms MISS https://kerenmakor.org.il/more/%d7%90%d7%9d-%d7%99%d7%a9-%d7%99%d7%9c%d7%93-%d7%92%d7%9c%d7%99%d7%94-%d7%91%d7%a8%d7%95%d7%9f-%d7%99%d7%a4%d7%a8%d7%97/
ok       11608ms MISS https://kerenmakor.org.il/more/130-%d7%99%d7%a2%d7%9c-%d7%a7%d7%a1%d7%98%d7%9c-%d7%9e%d7%a2%d7%99%d7%9f-%d7%90%d7%95%d7%a8/
ok       11307ms MISS https://kerenmakor.org.il/more/%d7%90%d7%99%d7%9a-%d7%9c%d7%90%d7%91%d7%93-%d7%9e%d7%a9%d7%a4%d7%97%d7%94-%d7%91%d7%a9%d7%99%d7%a9%d7%99%d7%9d-%d7%a9%d7%a0%d7%99%d7%95%d7%aa-%d7%91%d7%9f-%d7%a7%d7%95%d7%98%d7%99/
ok        8817ms MISS https://kerenmakor.org.il/more/%d7%a1%d7%a8%d7%98%d7%99%d7%9d-%d7%a7%d7%a6%d7%a8%d7%99%d7%9d-%d7%91%d7%93%d7%99%d7%a7%d7%aa-%d7%93%d7%95%d7%a4%d7%a7/
ok       12066ms MISS https://kerenmakor.org.il/more/%d7%92%d7%a9%d7%9d-%d7%a7%d7%99%d7%a5-%d7%a2%d7%95%d7%9e%d7%a8-%d7%a8%d7%95%d7%96%d7%a0%d7%91%d7%a8%d7%92/
ok        4865ms MISS https://kerenmakor.org.il/more/%d7%90%d7%a9%d7%9c%d7%99%d7%94-%d7%a9%d7%9c-%d7%aa%d7%a0%d7%95%d7%a2%d7%94-%d7%99%d7%a2%d7%9c-%d7%91%d7%95%d7%a0%d7%94/
ok       13184ms MISS https://kerenmakor.org.il/more/%d7%94%d7%95%d7%aa%d7%99%d7%a8-%d7%90%d7%97%d7%a8%d7%99%d7%95-%d7%a2%d7%95%d7%9e%d7%a8-%d7%94%d7%a8%d7%90%d7%9c-%d7%90%d7%a8%d7%99%d7%90%d7%9c-%d7%a7%d7%95%d7%94%d7%9c%d7%99/
ok       14807ms MISS https://kerenmakor.org.il/more/%d7%90%d7%a8%d7%95%d7%97%d7%aa-%d7%91%d7%95%d7%a7%d7%a8-%d7%a0%d7%99%d7%a6%d7%9f-%d7%9b%d7%94%d7%9f/
ok       15276ms MISS https://kerenmakor.org.il/more/%d7%94%d7%a1%d7%99%d7%a4%d7%95%d7%a8-%d7%a9%d7%9c-%d7%a9%d7%99-%d7%9c%d7%99-%d7%a2%d7%93%d7%9f-%d7%a4%d7%95%d7%a7%d7%a1%d7%99%d7%a0%d7%99%d7%90%d7%a0%d7%95-%d7%99%d7%95%d7%91%d7%9c-%d7%94%d7%a7/
ok       14405ms MISS https://kerenmakor.org.il/more/%d7%94%d7%a8%d7%94%d7%95%d7%a8%d7%99%d7%9d-%d7%a2%d7%9c-%d7%9e%d7%9c%d7%97%d7%9e%d7%94-%d7%90%d7%91%d7%99-%d7%9e%d7%90%d7%95%d7%a8-%d7%9e%d7%a8%d7%96%d7%95%d7%a7/
ok       11020ms MISS https://kerenmakor.org.il/more/%d7%94%d7%aa%d7%a7%d7%95%d7%95%d7%94-%d7%a2%d7%95%d7%9e%d7%a8-%d7%91%d7%a8%d7%a7/
ok       11512ms MISS https://kerenmakor.org.il/more/%d7%96%d7%9e%d7%9f-%d7%9c%d7%94%d7%a7%d7%a9%d7%99%d7%91-%d7%9c%d7%90%d7%99%d7%9e%d7%94%d7%95%d7%aa-%d7%aa%d7%95%d7%9d-%d7%91%d7%a8%d7%a0%d7%a2/
ok        6400ms MISS https://kerenmakor.org.il/more/%d7%97%d7%96%d7%99%d7%a8-%d7%a8%d7%95%d7%9f-%d7%99%d7%95%d7%a1%d7%98%d7%95%d7%a1-%d7%a1%d7%92%d7%9c/
ok        4391ms MISS https://kerenmakor.org.il/more/%d7%97%d7%a6%d7%99-%d7%94%d7%aa%d7%95%d7%a8%d7%9f-%d7%99%d7%95%d7%a0%d7%99-%d7%92%d7%95%d7%93%d7%9e%d7%9f/
ok        6617ms MISS https://kerenmakor.org.il/more/%d7%96%d7%9e%d7%9f-%d7%90%d7%97%d7%a8-%d7%99%d7%95%d7%91%d7%9c-%d7%a0%d7%99%d7%a6%d7%9f/
ok        6882ms MISS https://kerenmakor.org.il/more/%d7%98%d7%95%d7%a7-%d7%98%d7%95%d7%a7-%d7%a0%d7%95%d7%a2%d7%9d-%d7%9b%d7%a8%d7%9e%d7%9c%d7%99-%d7%a9%d7%99%d7%a8%d7%9f-%d7%91%d7%95%d7%97%d7%a0%d7%99%d7%a7/
ok        6885ms MISS https://kerenmakor.org.il/more/%d7%97%d7%95%d7%a5-%d7%a2%d7%96%d7%94-%d7%a1%d7%95%d7%a3-%d7%a9%d7%99%d7%a8%d7%90%d7%9c-%d7%93%d7%99%d7%9c%d7%a8-%d7%99%d7%95%d7%a0%d7%aa%d7%9f-%d7%91%d7%a8%d7%a1%d7%a7%d7%99/
ok       10060ms MISS https://kerenmakor.org.il/more/%d7%9b%d7%9c-%d7%94%d7%a2%d7%95%d7%9c%d7%9d-%d7%9b%d7%95%d7%9c%d7%95-%d7%92%d7%99%d7%9c%d7%99-%d7%93%d7%a0%d7%95%d7%9f/
ok        9996ms MISS https://kerenmakor.org.il/more/%d7%9b%d7%9c%d7%95%d7%91-%d7%96%d7%94%d7%91-%d7%9c%d7%99%d7%94%d7%99-%d7%a1%d7%91%d7%92-%d7%a9%d7%99%d7%a8%d7%94-%d7%91%d7%99%d7%9c%d7%99%d7%92/
ok       10889ms MISS https://kerenmakor.org.il/more/%d7%9c%d7%9e%d7%a2%d7%a8%d7%9a-%d7%94%d7%94%d7%a1%d7%91%d7%a8%d7%94-%d7%a2%d7%99%d7%93%d7%9f-%d7%96%d7%a8%d7%9e%d7%95%d7%9f-%d7%a2%d7%93%d7%9f-%d7%90%d7%a7%d7%a9%d7%95%d7%98%d7%99/
ok       12393ms MISS https://kerenmakor.org.il/more/%d7%97%d7%99%d7%95%d7%9b%d7%99%d7%9d-%d7%a7%d7%a8%d7%9f-%d7%a1%d7%95%d7%a4%d7%a8/
ok       13201ms MISS https://kerenmakor.org.il/more/%d7%9e%d7%9b%d7%aa%d7%91-%d7%9c%d7%91%d7%9f-%d7%a2%d7%9e%d7%99%d7%aa-%d7%90%d7%a8%d7%90%d7%9c/
ok       12397ms MISS https://kerenmakor.org.il/more/%d7%9e%d7%9c%d7%97%d7%9e%d7%94-%d7%9c%d7%a4%d7%a0%d7%99-%d7%94%d7%a9%d7%99%d7%a0%d7%94-%d7%aa%d7%94%d7%99%d7%9c%d7%94-%d7%9c%d7%a4%d7%99%d7%93%d7%95%d7%aa/
ok       11990ms MISS https://kerenmakor.org.il/more/%d7%94%d7%a8%d7%a9%d7%99%d7%9e%d7%94-%d7%9e%d7%95%d7%9c%d7%99-%d7%9c%d7%a0%d7%93%d7%a1%d7%9e%d7%9f/
ok        9187ms MISS https://kerenmakor.org.il/more/%d7%a4%d7%a2%d7%9d-%d7%90%d7%97%d7%a8%d7%95%d7%a0%d7%94-%d7%9e%d7%a8%d7%a7%d7%95-%d7%9b%d7%a8%d7%9e%d7%9c/
ok        8997ms MISS https://kerenmakor.org.il/more/%d7%a4%d7%a8%d7%a4%d7%a8%d7%99%d7%9d-%d7%a0%d7%98%d7%a2-%d7%a9%d7%a0%d7%99%d7%a6%d7%a8/
ok       11807ms MISS https://kerenmakor.org.il/more/%d7%a8%d7%90%d7%99%d7%99%d7%aa-%d7%9e%d7%a0%d7%94%d7%a8%d7%94-%d7%a8%d7%a0%d7%99-%d7%90%d7%91%d7%99%d7%93%d7%9f/
ok        7919ms MISS https://kerenmakor.org.il/more/%d7%a0%d7%95-%d7%9e%d7%a9%d7%97%d7%a7%d7%99%d7%9d-%d7%a7%d7%a9%d7%aa-%d7%92%d7%93%d7%99%d7%a9/
ok       12120ms MISS https://kerenmakor.org.il/more/iron-swords-mom-%d7%90%d7%95%d7%a8%d7%9c%d7%99-%d7%91%d7%95%d7%99%d7%95%d7%9d/
ok       12784ms MISS https://kerenmakor.org.il/more/%d7%a2%d7%95%d7%a8%d7%a3-%d7%a2%d7%95%d7%96-%d7%a6%d7%99%d7%a8%d7%9c%d7%99%d7%9f/
ok       15412ms MISS https://kerenmakor.org.il/more/%d7%94%d7%9e%d7%9c%d7%a6%d7%aa-%d7%9e%d7%a2%d7%a8%d7%9b%d7%aa-%d7%98%d7%99%d7%99%d7%9d-%d7%90%d7%90%d7%95%d7%98-%d7%a2%d7%9c-%d7%a4%d7%a8%d7%95%d7%99%d7%a7%d7%98-2-%d7%93%d7%a7%d7%95%d7%aa-%d7%91/
ok       17577ms MISS https://kerenmakor.org.il/more/%d7%94%d7%a0%d7%97%d7%99%d7%95%d7%aa-%d7%9c%d7%9b%d7%aa%d7%99%d7%91%d7%aa-%d7%aa%d7%a1%d7%a8%d7%99%d7%98-%d7%a2%d7%9c%d7%99%d7%9c%d7%aa%d7%99-%d7%90%d7%a0%d7%99%d7%9e%d7%a6%d7%99%d7%94/
ok       18990ms MISS https://kerenmakor.org.il/more/%d7%a7%d7%95%d7%9c-%d7%a7%d7%95%d7%a8%d7%90-%d7%aa%d7%a2%d7%95%d7%93%d7%94-%d7%9e%d7%93%d7%a8%d7%99%d7%9a-%d7%94%d7%92%d7%a9%d7%94/
ok       15379ms MISS https://kerenmakor.org.il/more/%d7%9e%d7%a7%d7%91%d7%a5-%d7%a1%d7%a8%d7%98%d7%99-%d7%aa%d7%a2%d7%95%d7%93%d7%94-1/
ok       20593ms MISS https://kerenmakor.org.il/more/%d7%a2%d7%a8%d7%91-%d7%94%d7%a7%d7%a8%d7%a0%d7%aa-%d7%a1%d7%a8%d7%98%d7%99-%d7%90%d7%a0%d7%99%d7%9e%d7%a6%d7%99%d7%94-%d7%a7%d7%a6%d7%a8%d7%99%d7%9d-%d7%91%d7%9e%d7%9b%d7%95%d7%9f-%d7%94%d7%a6%d7%a8/
ok       18082ms MISS https://kerenmakor.org.il/more/%d7%90%d7%99%d7%a8%d7%95%d7%a2-%d7%aa%d7%a2%d7%a9%d7%99%d7%99%d7%94-xr-%d7%93%d7%95%d7%a7%d7%90%d7%91%d7%99%d7%91/
ok       12805ms MISS https://kerenmakor.org.il/more/%d7%94%d7%9e%d7%9c%d7%a6%d7%aa-%d7%a6%d7%a4%d7%99%d7%99%d7%94-%d7%93%d7%95%d7%a7%d7%90%d7%91%d7%99%d7%91-2023/
ok       17909ms MISS https://kerenmakor.org.il/more/%d7%99%d7%95%d7%9d-%d7%aa%d7%a2%d7%a9%d7%99%d7%99%d7%94-%d7%a4%d7%aa%d7%95%d7%97-15-11-2022/
ok       12792ms MISS https://kerenmakor.org.il/films/%d7%97%d7%99%d7%99-%d7%a9%d7%a8%d7%94/
ok       11919ms MISS https://kerenmakor.org.il/films/%d7%94%d7%93%d7%91%d7%a8-%d7%94%d7%99%d7%94-%d7%9b%d7%9b%d7%94/
ok       19985ms MISS https://kerenmakor.org.il/films/%d7%94%d7%a1%d7%95%d7%93%d7%95%d7%aa-%d7%a9%d7%9c-%d7%9c%d7%90%d7%a9%d7%94/
ok       15272ms MISS https://kerenmakor.org.il/films/%d7%99%d7%94%d7%99%d7%94-%d7%90%d7%a9%d7%a8-%d7%99%d7%94%d7%99%d7%94/
ok       13212ms MISS https://kerenmakor.org.il/films/%d7%90%d7%97%d7%9e%d7%93-%d7%9b%d7%95%d7%9b%d7%91-%d7%a7%d7%95%d7%9c%d7%a0%d7%95%d7%a2/
ok       13791ms MISS https://kerenmakor.org.il/films/%d7%94%d7%a0%d7%a2%d7%a8%d7%94-%d7%94%d7%96%d7%90%d7%aa/
ok       25991ms MISS https://kerenmakor.org.il/films/%d7%95%d6%b0%d7%90%d6%b5%d7%99%d7%9f-%d7%94%d6%b7%d7%a7%d6%bc%d7%95%d6%b9%d7%9c-%d7%a0%d6%b4%d7%a9%d6%b0%d7%81%d7%9e%d6%b7%d7%a2/
ok       14199ms MISS https://kerenmakor.org.il/films/%d7%94%d7%90%d7%a8%d7%92%d7%96/
ok       15163ms MISS https://kerenmakor.org.il/more/%d7%99%d7%95%d7%9d-%d7%a2%d7%99%d7%95%d7%9f-xr-%d7%91%d7%a9%d7%a2%d7%a8%d7%99-%d7%94%d7%99%d7%a6%d7%99%d7%a8%d7%94-09-2022/
ok       14105ms MISS https://kerenmakor.org.il/films/%d7%93%d7%91%d7%a8-%d7%90%d7%97%d7%93-%d7%91%d7%98%d7%95%d7%97/
ok       15507ms MISS https://kerenmakor.org.il/films/%d7%95%d7%99%d7%94%d7%99-%d7%90%d7%95%d7%a8/
ok       25017ms MISS https://kerenmakor.org.il/films/%d7%a8%d7%a6%d7%97-%d7%91%d7%90%d7%97%d7%95%d7%96%d7%aa-%d7%91%d7%99%d7%aa/
ok       15408ms MISS https://kerenmakor.org.il/films/%d7%97%d7%95%d7%a3-%d7%94%d7%9b%d7%9c%d7%91%d7%99%d7%9d/
ok       18498ms MISS https://kerenmakor.org.il/films/%d7%9c%d7%a0%d7%a9%d7%95%d7%9d/
ok       32111ms MISS https://kerenmakor.org.il/films/%d7%a4%d7%95%d7%92%d7%99%d7%9d/
ok       19287ms MISS https://kerenmakor.org.il/films/%d7%a9%d7%97%d7%95%d7%a8%d7%94/
ok       16201ms MISS https://kerenmakor.org.il/films/%d7%90%d7%92%d7%95%d7%93%d7%95%d7%aa-%d7%94%d7%9b%d7%a4%d7%a8%d7%99%d7%9d/
ok       19476ms MISS https://kerenmakor.org.il/films/%d7%94%d7%a8%d7%91-%d7%a2%d7%95%d7%91%d7%93%d7%99%d7%94-%d7%99%d7%95%d7%a1%d7%a3-%d7%9e%d7%9c%d7%9a-%d7%94%d7%a1%d7%a4%d7%a8%d7%93%d7%99%d7%9d/
ok       23506ms MISS https://kerenmakor.org.il/films/%d7%94%d7%90%d7%92%d7%93%d7%94-%d7%a2%d7%9c-%d7%92%d7%9c%d7%95%d7%92-%d7%95%d7%91%d7%9c%d7%95%d7%91/
ok       24907ms MISS https://kerenmakor.org.il/films/%d7%aa%d7%9e%d7%99%d7%9b%d7%94-%d7%9e%d7%9c%d7%90%d7%94/
ok       20907ms MISS https://kerenmakor.org.il/films/%d7%94%d7%a4%d7%a8%d7%99%d7%93%d7%94-%d7%94%d7%90%d7%a8%d7%95%d7%9b%d7%94-%d7%9e%d7%9b%d7%95%d7%9c%d7%9f/
ok       33270ms MISS https://kerenmakor.org.il/films/%d7%a1%d7%99%d7%9e%d7%a0%d7%99%d7%9d-%d7%a9%d7%9c-%d7%90%d7%9c%d7%99%d7%9e%d7%95%d7%aa/
ok       29365ms MISS https://kerenmakor.org.il/films/%d7%a0%d7%a7%d7%95%d7%93%d7%95%d7%aa-%d7%a9%d7%9c-%d7%90%d7%95%d7%a8/
ok       53906ms MISS https://kerenmakor.org.il/films/%d7%96%d7%99%d7%9b%d7%a8%d7%95%d7%9f-%d7%a9%d7%9c-%d7%9e%d7%a1%d7%98%d7%99%d7%a7/
ok       62681ms MISS https://kerenmakor.org.il/films/%d7%a9%d7%9c%d7%95%d7%a9%d7%aa%d7%a0%d7%95/
ok       67184ms MISS https://kerenmakor.org.il/films/%d7%a7%d7%a4%d7%a7%d7%90-%d7%9c%d7%99%d7%9c%d7%93%d7%99%d7%9d/
ok       60212ms MISS https://kerenmakor.org.il/films/%d7%a1%d7%99%d7%a0%d7%93%d7%a8%d7%95%d7%9d-%d7%a4%d7%99%d7%99%d7%a0%d7%92%d7%95%d7%9c%d7%93/
ok       70004ms MISS https://kerenmakor.org.il/films/%d7%94%d7%91%d7%99%d7%aa-%d7%91%d7%a7%d7%a8%d7%99%d7%aa-%d7%a9%d7%9e%d7%95%d7%a0%d7%94/
ok       35959ms MISS https://kerenmakor.org.il/films/%d7%a6%d7%99%d7%95%d7%a8-%d7%9e%d7%95%d7%9c%d7%93%d7%aa-%d8%b5%d8%a8%d8%b1-%d7%a6%d7%91%d7%a8/
ok       12703ms MISS https://kerenmakor.org.il/films/44-%d7%a9%d7%a2%d7%95%d7%aa/
ok       10597ms MISS https://kerenmakor.org.il/films/%d7%90%d7%92%d7%a0%d7%a1-%d7%a7%d7%9c%d7%98%d7%99-%d7%9c%d7%a0%d7%a6%d7%97-%d7%90%d7%aa-%d7%94%d7%96%d7%9e%d7%9f/
ok       16094ms MISS https://kerenmakor.org.il/films/%d7%a7%d7%99%d7%a7%d7%99/
ok       20575ms MISS https://kerenmakor.org.il/films/%d7%9e%d7%99%d7%a0%d7%9b%d7%9f-72/
ok       21899ms MISS https://kerenmakor.org.il/films/%d7%94%d7%9e%d7%95%d7%97%d7%a8%d7%9d/
ok       26157ms MISS https://kerenmakor.org.il/films/%d7%99%d7%95%d7%a1%d7%99-%d7%a9%d7%a8%d7%99%d7%93/
ok       32898ms MISS https://kerenmakor.org.il/films_cat/%d7%9e%d7%93%d7%99%d7%94-%d7%97%d7%93%d7%a9%d7%94/
ok       38797ms MISS https://kerenmakor.org.il/films_cat/%d7%a7%d7%a6%d7%a8%d7%99%d7%9d/
ok       48502ms MISS https://kerenmakor.org.il/films_cat/%d7%aa%d7%99%d7%a2%d7%95%d7%93%d7%99/
ok       37794ms MISS https://kerenmakor.org.il/films_cat/%d7%a1%d7%a8%d7%98%d7%99-%d7%a1%d7%98%d7%95%d7%93%d7%a0%d7%98%d7%99%d7%9d/
ok       19505ms MISS https://kerenmakor.org.il/films_cat/%D7%9E%D7%93%D7%99%D7%94-%D7%97%D7%93%D7%A9%D7%94/
ok       17497ms MISS https://kerenmakor.org.il/films_cat/%D7%AA%D7%99%D7%A2%D7%95%D7%93%D7%99-en/?lang=en
ok       16189ms MISS https://kerenmakor.org.il/films_cat/%D7%90%D7%A0%D7%99%D7%9E%D7%A6%D7%99%D7%94/
ok       11368ms MISS https://kerenmakor.org.il/films_cat/%D7%A1%D7%A8%D7%98%D7%99-%D7%A1%D7%98%D7%95%D7%93%D7%A0%D7%98%D7%99%D7%9D/
ok        4728ms MISS https://kerenmakor.org.il/more/eddie-and-i-%e2%9d%a4%ef%b8%8f/?lang=en
ok        3968ms MISS https://kerenmakor.org.il/more/congratulations-%e2%9d%a4%ef%b8%8f/?lang=en
ok       14981ms MISS https://kerenmakor.org.il/films_cat/%D7%AA%D7%99%D7%A2%D7%95%D7%93%D7%99/
ok       20467ms MISS https://kerenmakor.org.il/films_cat/%D7%A7%D7%A6%D7%A8%D7%99%D7%9D/
ok       30607ms MISS https://kerenmakor.org.il/more-tax/%D7%9E%D7%93%D7%A8%D7%99%D7%9B%D7%99%D7%9D/
ok       10398ms MISS https://kerenmakor.org.il/films_cat/%D7%A7%D7%A6%D7%A8%D7%99%D7%9D-en/?lang=en
ok       33796ms MISS https://kerenmakor.org.il/more/congratulations-to-the-selected-project-teams-of-the-xr-jewish-life-in-islamic-and-arab-countries-open-call-08-2025-%f0%9f%8e%89/?lang=en
ok       30302ms MISS https://kerenmakor.org.il/more-tax/%D7%91%D7%93%D7%99%D7%A7%D7%AA-%D7%93%D7%95%D7%A4%D7%A7/
ok       24231ms MISS https://kerenmakor.org.il/more-tax/%D7%90%D7%A0%D7%99%D7%9E%D7%A6%D7%99%D7%94/
ok       11099ms MISS https://kerenmakor.org.il/more-tax/%D7%9B%D7%A0%D7%A1%D7%99%D7%9D-%D7%95%D7%90%D7%99%D7%A8%D7%95%D7%A2%D7%99%D7%9D/
ok       13870ms MISS https://kerenmakor.org.il/more/%d7%94%d7%9e%d7%9c%d7%a6%d7%aa-%d7%a6%d7%a4%d7%99%d7%99%d7%94-%d7%91-1341-%d7%a4%d7%a8%d7%99%d7%99%d7%9e%d7%99%d7%9d-%d7%9e%d7%94%d7%9e%d7%a6%d7%9c%d7%9e%d7%94-%d7%a9%d7%9c-%d7%9e%d7%99%d7%9b%d7%94/
ok       13577ms MISS https://kerenmakor.org.il/more/%d7%94%d7%9e%d7%9c%d7%a6%d7%aa-%d7%a6%d7%a4%d7%99%d7%99%d7%94-%d7%91%d7%94%d7%a2%d7%99%d7%a8-%d7%94%d7%90%d7%97%d7%a8%d7%aa-%d7%91%d7%9e%d7%a1%d7%92%d7%a8%d7%aa-%d7%93%d7%95%d7%a7%d7%90%d7%91/
ok       11699ms MISS https://kerenmakor.org.il/more/%d7%94%d7%9e%d7%9c%d7%a6%d7%aa-%d7%a6%d7%a4%d7%99%d7%99%d7%94-%d7%91%d7%94%d7%99%d7%94-%d7%94%d7%99%d7%94-%d7%99%d7%9c%d7%93/
ok       34965ms MISS https://kerenmakor.org.il/more/%d7%94%d7%9e%d7%9c%d7%a6%d7%aa-%d7%a6%d7%a4%d7%99%d7%99%d7%94-%d7%91%d7%92%d7%a8%d7%95%d7%a1%d7%9e%d7%9f-%d7%91%d7%9e%d7%a1%d7%92%d7%a8%d7%aa-%d7%93%d7%95%d7%a7%d7%90%d7%91%d7%99%d7%91-2021/
ok       39678ms MISS https://kerenmakor.org.il/more/%d7%aa%d7%95%d7%9e%d7%a8-%d7%a9%d7%95%d7%a9%d7%9f-%d7%a8%d7%92%d7%a2-%d7%9c%d7%a4%d7%a0%d7%99-%d7%a9%d7%94%d7%95%d7%90-%d7%9e%d7%aa%d7%97%d7%a8%d7%94-%d7%a2%d7%9c-%d7%94%d7%90%d7%95%d7%a1%d7%a7%d7%a8/
ok       44080ms MISS https://kerenmakor.org.il/more-tax/%D7%9E%D7%9F-%D7%94%D7%A2%D7%99%D7%AA%D7%95%D7%A0%D7%95%D7%AA/
ok       41807ms MISS https://kerenmakor.org.il/more/feature-animation-development-studio-congratulations-to-the-selected-projects-%f0%9f%8c%b8/?lang=en
ok       42969ms MISS https://kerenmakor.org.il/more-tax/%D7%A7%D7%93%D7%99%D7%9E%D7%95%D7%A0%D7%99%D7%9D/
ok       67889ms MISS https://kerenmakor.org.il/films/%d7%92%d7%95%d7%9c%d7%93%d7%9f-%d7%91%d7%95%d7%99%d7%96/
ok       63880ms MISS https://kerenmakor.org.il/films/40-%D7%A6%D7%A2%D7%93%D7%99%D7%9D/
ok       11397ms MISS https://kerenmakor.org.il/films/%d7%9e%d7%a9%d7%a4%d7%97%d7%94-%d7%91%d7%98%d7%a8%d7%a0%d7%a1/
ok       29212ms MISS https://kerenmakor.org.il/films/%D7%A2%D7%9C%D7%99%D7%96%D7%94/
ok       26859ms MISS https://kerenmakor.org.il/films/%D7%A2%D7%A8%D7%95%D7%9E%D7%99%D7%9D/
ok       33263ms MISS https://kerenmakor.org.il/films/%d7%90%d7%93%d7%9d-%d7%94%d7%92%d7%95%d7%9f/
ok       30790ms MISS https://kerenmakor.org.il/films/%d7%94%d7%a9%d7%93%d7%9b%d7%a0%d7%99%d7%aa/
ok       29399ms MISS https://kerenmakor.org.il/films/%d7%94%d7%a6%d7%9c%d7%9e%d7%a0%d7%99%d7%94/
ok       33614ms MISS https://kerenmakor.org.il/films/%D7%90%D7%93%D7%9D-%D7%94%D7%92%D7%95%D7%9F/
ok       36076ms MISS https://kerenmakor.org.il/films/%D7%90%D7%A9%D7%AA-%D7%94%D7%A9%D7%92%D7%A8%D7%99%D7%A8/
ok       34995ms MISS https://kerenmakor.org.il/films/%d7%9c%d7%90-%d7%9b%d7%95%d7%9c%d7%99-%d7%90%d7%9e%d7%95%d7%aa-%d7%9e%d7%a8%d7%93-%d7%a8%d7%95%d7%a4%d7%90%d7%99-%d7%94%d7%92%d7%98%d7%95/
ok       38477ms MISS https://kerenmakor.org.il/films/%D7%A7%D7%A4%D7%A7%D7%90-%D7%9C%D7%99%D7%9C%D7%93%D7%99%D7%9D/
ok       37084ms MISS https://kerenmakor.org.il/films/%d7%a7%d7%99%d7%a9%d7%95%d7%9f-%d7%a9%d7%9e%d7%95-%d7%94%d7%95%d7%9c%d7%9a-%d7%9c%d7%a4%d7%a0%d7%99%d7%95/
ok       47983ms MISS https://kerenmakor.org.il/films/%D7%A6%D7%99%D7%A4%D7%95%D7%A8-%D7%91%D7%97%D7%93%D7%A8/
ok       25468ms MISS https://kerenmakor.org.il/films/%d7%94%d7%9e%d7%a8%d7%a4%d7%90-%d7%94%d7%a4%d7%a6%d7%95%d7%a2/
ok       17275ms MISS https://kerenmakor.org.il/films/%D7%94%D7%9E%D7%91%D7%A8%D7%99%D7%97%D7%99%D7%9D/
ok       21136ms MISS https://kerenmakor.org.il/films/%d7%94%d7%9e%d7%a9%d7%92%d7%99%d7%97%d7%99%d7%9d/
ok       14008ms MISS https://kerenmakor.org.il/films/%D7%94%D7%A1%D7%95%D7%93%D7%95%D7%AA-%D7%A9%D7%9C-%D7%9C%D7%90%D7%A9%D7%94/
ok       13408ms MISS https://kerenmakor.org.il/films/%d7%92%d7%9f-%d7%a2%d7%93%d7%9f/
ok       12683ms MISS https://kerenmakor.org.il/films/40-%d7%a6%d7%a2%d7%93%d7%99%d7%9d/
ok        9951ms MISS https://kerenmakor.org.il/films/%D7%A9%D7%95%D7%98%D7%99%D7%A0%D7%92/
ok       14011ms MISS https://kerenmakor.org.il/films/%d7%97%d7%93%d7%a8-%d7%a8%d7%99%d7%a7-%d7%9e%d7%93%d7%99%d7%a0%d7%aa-%d7%99%d7%a9%d7%a8%d7%90%d7%9c-%d7%a0%d7%92%d7%93-%d7%90%d7%99%d7%a8%d7%99%d7%aa-%d7%95%d7%90%d7%a9%d7%a8/
ok       18710ms MISS https://kerenmakor.org.il/films/%d7%9c%d7%99%d7%91%d7%a8-%d7%9e%d7%9f/
ok       16482ms MISS https://kerenmakor.org.il/films/%D7%97%D7%99%D7%99-%D7%A9%D7%A8%D7%94/
ok       12321ms MISS https://kerenmakor.org.il/films/21-%d7%99%d7%95%d7%9d-%d7%95%d7%9c%d7%99%d7%9c%d7%94/
ok       18569ms MISS https://kerenmakor.org.il/films/%d7%a6%d7%99%d7%a4%d7%95%d7%a8-%d7%91%d7%97%d7%93%d7%a8/
ok       17601ms MISS https://kerenmakor.org.il/films/%D7%94%D7%93%D7%91%D7%A8-%D7%94%D7%99%D7%94-%D7%9B%D7%9B%D7%94/
ok        9398ms MISS https://kerenmakor.org.il/films/%D7%99%D7%94%D7%99%D7%94-%D7%90%D7%A9%D7%A8-%D7%99%D7%94%D7%99%D7%94/
ok       15601ms MISS https://kerenmakor.org.il/films/%d7%a2%d7%a8%d7%95%d7%aa/
ok       16189ms MISS https://kerenmakor.org.il/films/%d7%a4%d7%9c%d7%a1%d7%98%d7%99%d7%a1%d7%a4%d7%99%d7%90%d7%a0%d7%a1/
ok       10989ms MISS https://kerenmakor.org.il/films/%D7%90%D7%93%D7%99-%D7%95%D7%90%D7%A0%D7%99/
ok        9387ms MISS https://kerenmakor.org.il/films/%D7%95%D6%B0%D7%90%D6%B5%D7%99%D7%9F-%D7%94%D6%B7%D7%A7%D6%BC%D7%95%D6%B9%D7%9C-%D7%A0%D6%B4%D7%A9%D6%B0%D7%81%D7%9E%D6%B7%D7%A2/
ok        5165ms MISS https://kerenmakor.org.il/films/%D7%90%D7%97%D7%9E%D7%93-%D7%9B%D7%95%D7%9B%D7%91-%D7%A7%D7%95%D7%9C%D7%A0%D7%95%D7%A2/
ok       16551ms MISS https://kerenmakor.org.il/films/%d7%9e%d7%97%d7%9b%d7%99%d7%9d-%d7%9c%d7%92%d7%95%d7%93%d7%99%d7%a7/
ok       18929ms MISS https://kerenmakor.org.il/films/%d7%a9%d7%a7%d7%95%d7%a3_%d7%9e%d7%98-%d7%94%d7%9e%d7%93%d7%a8%d7%99%d7%9a-%d7%9c%d7%aa%d7%9c-%d7%90%d7%91%d7%99%d7%91/
ok       31967ms MISS https://kerenmakor.org.il/films/%D7%95%D7%95%D7%99%D7%A0%D7%98%D7%A8%D7%90%D7%95%D7%91%D7%A8/
ok       26417ms MISS https://kerenmakor.org.il/films/%D7%A6%D7%99%D7%A4%D7%99%D7%95%D7%AA/
ok       25706ms MISS https://kerenmakor.org.il/films/%d7%9e%d7%a1%d7%99%d7%9c%d7%94/
ok       16698ms MISS https://kerenmakor.org.il/films/%D7%9C%D7%95%D7%95%D7%99%D7%AA%D7%9F/
ok       14525ms MISS https://kerenmakor.org.il/films/%D7%94%D7%AA%D7%94-%D7%A9%D7%9C-%D7%93%D7%9C%D7%99%D7%94-%D7%9E%D7%98%D7%99%D7%9C-%D7%A6%D7%9C-%D7%A2%D7%9C-%D7%94%D7%A8-%D7%A4%D7%95%D7%92%D7%99/
ok       29068ms MISS https://kerenmakor.org.il/films/%D7%94%D7%A6%D7%99%D7%A4%D7%95%D7%A8-%D7%A9%D7%A8%D7%A6%D7%AA%D7%94/
ok       19788ms MISS https://kerenmakor.org.il/films/%d7%9c%d7%a0%d7%96%d7%a8%d7%99/
ok       10073ms MISS https://kerenmakor.org.il/films/%d7%90%d7%9e%d7%aa-%d7%90%d7%95-%d7%97%d7%95%d7%91%d7%94/
ok       14403ms MISS https://kerenmakor.org.il/films/%d7%9e%d7%99-%d7%90%d7%95%d7%94%d7%91-%d7%90%d7%aa-%d7%94%d7%a9%d7%9e%d7%a9/
ok       20184ms MISS https://kerenmakor.org.il/films/%D7%9E%D7%95%D7%A8%D7%98%D7%99-%D7%95%D7%99%D7%95%D7%95%D7%A1-%D7%93%D7%95%D7%A1%D7%A0%D7%98/
ok       17788ms MISS https://kerenmakor.org.il/films/%D7%9E%D7%9B%D7%AA%D7%91-%D7%9E%D7%94%D7%A2%D7%91%D7%A8/
ok       17363ms MISS https://kerenmakor.org.il/films/%d7%90%d7%9d-%d7%96%d7%94-%d7%a8%d7%a6%d7%95%d7%a0%d7%9a/
ok       23618ms MISS https://kerenmakor.org.il/films/%d7%98%d7%95%d7%a7%d7%9c%d7%95%d7%9e%d7%98%d7%99/
ok        5208ms MISS https://kerenmakor.org.il/films/%D7%95%D7%99%D7%94%D7%99-%D7%90%D7%95%D7%A8/
ok       21097ms MISS https://kerenmakor.org.il/films/%D7%96%D7%99%D7%9B%D7%A8%D7%95%D7%9F-%D7%A9%D7%9C-%D7%9E%D7%A1%D7%98%D7%99%D7%A7/
ok       15176ms MISS https://kerenmakor.org.il/films/%D7%A4%D7%99%D7%A8%D7%95%D7%90/
ok       20912ms MISS https://kerenmakor.org.il/films/%d7%94%d7%a8%d7%99%d7%a7%d7%95%d7%93-%d7%a9%d7%9c-%d7%90%d7%9c%d7%a4%d7%95%d7%a0%d7%a1%d7%95/
ok        4492ms MISS https://kerenmakor.org.il/films/%D7%94%D7%A0%D7%A2%D7%A8%D7%94-%D7%94%D7%96%D7%90%D7%AA/
ok        6370ms MISS https://kerenmakor.org.il/films/%D7%9E%D7%96%D7%9C-%D7%93%D7%92%D7%99%D7%9D/
ok        9025ms MISS https://kerenmakor.org.il/films/%d7%9e%d7%aa%d7%99-%d7%9b%d7%a1%d7%a4%d7%99-%d7%95%d7%99%d7%93%d7%95%d7%99/
ok       11271ms MISS https://kerenmakor.org.il/films/%D7%A1%D7%99%D7%A0%D7%93%D7%A8%D7%95%D7%9D-%D7%A2%D7%96%D7%94/
ok       13421ms MISS https://kerenmakor.org.il/films/%D7%A2%D7%9E%D7%9C%D7%99%D7%9D/
ok       11707ms MISS https://kerenmakor.org.il/films/%d7%94%d7%a9%d7%99%d7%91%d7%94-%d7%9e%d7%94%d7%a4%d7%9c%d7%a0%d7%98%d7%94-%d7%94%d7%90%d7%97%d7%a8%d7%aa/
ok       10562ms MISS https://kerenmakor.org.il/films/%D7%A7%D7%99%D7%A9%D7%A7%D7%94-%D7%9E%D7%A1%D7%A4%D7%A8-%D7%90%D7%AA-%D7%A2%D7%A6%D7%9E%D7%99/
ok       10357ms MISS https://kerenmakor.org.il/films/%d7%94%d7%a0%d7%9b%d7%94-%d7%94%d7%9e%d7%90%d7%95%d7%a9%d7%a8-%d7%95%d7%94%d7%91%d7%95%d7%93%d7%94%d7%99%d7%a1%d7%98-%d7%94%d7%9e%d7%99%d7%95%d7%a1%d7%a8/
ok       11027ms MISS https://kerenmakor.org.il/films/%d7%9c%d7%90%d7%94-%d7%a6%d7%9e%d7%9c-%d7%a2%d7%95%d7%a8%d7%9b%d7%aa-%d7%93%d7%99%d7%9f/
ok       16906ms MISS https://kerenmakor.org.il/films/%D7%9E%D7%A6%D7%A8%D7%99%D7%9D-%D7%A9%D7%99%D7%A8-%D7%90%D7%94%D7%91%D7%94/
ok       16918ms MISS https://kerenmakor.org.il/films/%D7%9E%D7%95%D7%96%D7%95%D7%AA-%D7%93%D7%95%D7%93-%D7%A4%D7%95%D7%9C%D7%95%D7%A0%D7%A1%D7%A7%D7%99-%D7%A4%D7%A0%D7%98%D7%A1%D7%98%D7%99%D7%9B%D7%90%D7%9F/
ok       21160ms MISS https://kerenmakor.org.il/films/%d7%9e%d7%95%d7%96%d7%95%d7%aa-%d7%93%d7%95%d7%93-%d7%a4%d7%95%d7%9c%d7%95%d7%a0%d7%a1%d7%a7%d7%99-%d7%a4%d7%a0%d7%98%d7%a1%d7%98%d7%99%d7%9b%d7%90%d7%9f/
ok       24062ms MISS https://kerenmakor.org.il/films/%d7%a1%d7%92%d7%95%d7%a8%d7%95%d7%aa/
ok       21507ms MISS https://kerenmakor.org.il/films/%d7%9e%d7%a2%d7%a9%d7%94-%d7%91%d7%a9%d7%a0%d7%99-%d7%91%d7%9c%d7%95%d7%a0%d7%99%d7%9d/
ok       18122ms MISS https://kerenmakor.org.il/films/%D7%A9%D7%9C%D7%95%D7%A9%D7%AA%D7%A0%D7%95/
ok       11596ms MISS https://kerenmakor.org.il/films/%D7%90%D7%A9%D7%AA%D7%95/
ok       16820ms MISS https://kerenmakor.org.il/films/%d7%94%d7%a9%d7%95%d7%9e%d7%a8%d7%95%d7%a0%d7%99-%d7%94%d7%91%d7%95%d7%93%d7%93/
ok       12888ms MISS https://kerenmakor.org.il/films/%D7%90%D7%99%D7%A4%D7%94-%D7%94%D7%99%D7%99%D7%AA-%D7%91%D7%94%D7%AA%D7%A0%D7%AA%D7%A7%D7%95%D7%AA/
ok       24791ms MISS https://kerenmakor.org.il/films/%D7%94%D7%90%D7%9C-%D7%94%D7%A0%D7%A2%D7%93%D7%A8/
ok       27582ms MISS https://kerenmakor.org.il/films/%d7%aa%d7%97%d7%a0%d7%94-%d7%a1%d7%95%d7%a4%d7%99%d7%aa/
ok       13599ms MISS https://kerenmakor.org.il/films/%D7%9C%D7%90-%D7%9B%D7%95%D7%9C%D7%99-%D7%90%D7%9E%D7%95%D7%AA-%D7%9E%D7%A8%D7%93-%D7%A8%D7%95%D7%A4%D7%90%D7%99-%D7%94%D7%92%D7%98%D7%95/
ok       18398ms MISS https://kerenmakor.org.il/films/%D7%94%D7%9E%D7%95%D7%A9%D7%9C/
ok       24107ms MISS https://kerenmakor.org.il/films/%d7%91%d7%9f-%d7%92%d7%95%d7%a8%d7%99%d7%95%d7%9f-%d7%90%d7%a4%d7%99%d7%9c%d7%95%d7%92/
ok       16686ms MISS https://kerenmakor.org.il/films/%D7%A9%D7%95%D7%9D-%D7%93%D7%91%D7%A8-%D7%9E%D7%99%D7%95%D7%97%D7%93/
ok       17303ms MISS https://kerenmakor.org.il/films/%D7%92%D7%99%D7%99%D7%9D-%D7%A6%D7%99%D7%99%D7%A0%D7%92%D7%A8/
ok       18506ms MISS https://kerenmakor.org.il/films/1341-%d7%a4%d7%a8%d7%99%d7%99%d7%9e%d7%99%d7%9d-%d7%9e%d7%94%d7%9e%d7%a6%d7%9c%d7%9e%d7%94-%d7%a9%d7%9c-%d7%9e%d7%99%d7%9b%d7%94-%d7%91%d7%a8-%d7%a2%d7%9d/
ok       26766ms MISS https://kerenmakor.org.il/films/%D9%82%D8%B1%D8%A8%D8%A9-%D8%BA%D8%B1%D8%A8%D8%A9-%D7%A7%D7%A8%D7%95%D7%91-%D7%A8%D7%97%D7%95%D7%A7/
ok       21584ms MISS https://kerenmakor.org.il/films/%D7%93%D7%9D-%D7%97%D7%9D/
ok       28161ms MISS https://kerenmakor.org.il/films/%d7%94%d7%a7%d7%a8%d7%91-%d7%94%d7%90%d7%97%d7%a8%d7%95%d7%9f-%d7%a9%d7%9c-%d7%a4%d7%a4%d7%94/
ok       20986ms MISS https://kerenmakor.org.il/films/%D7%9C%D7%A0%D7%96%D7%A8%D7%99/
ok       14782ms MISS https://kerenmakor.org.il/films/%d7%90%d7%9c%d7%9e%d7%a0%d7%94-%d7%95%d7%99%d7%aa%d7%95%d7%9d/
ok       21522ms MISS https://kerenmakor.org.il/films/%d7%9e%d7%9b%d7%aa%d7%91-%d7%9e%d7%94%d7%a2%d7%91%d7%a8/
ok       24290ms MISS https://kerenmakor.org.il/films/%D7%A8%D7%95%D7%A1%D7%95/
ok       23216ms MISS https://kerenmakor.org.il/films/%D7%9C%D7%99%D7%9E%D7%91%D7%95/
ok       19974ms MISS https://kerenmakor.org.il/films/%d7%9e%d7%95%d7%96%d7%95%d7%aa-%d7%96%d7%95%d7%99%d7%94-%d7%a6%d7%a8%d7%a7%d7%a1%d7%a7%d7%99-%d7%97%d7%99%d7%99%d7%9d-%d7%a1%d7%95%d7%91%d7%99%d7%99%d7%98%d7%99%d7%9d/
ok       33994ms MISS https://kerenmakor.org.il/films/%d7%99%d7%96%d7%9b%d7%95%d7%a8-%d7%9c%d7%9e%d7%a0%d7%a9%d7%99%d7%99%d7%94/
ok       19195ms MISS https://kerenmakor.org.il/films/%d7%9e%d7%95%d7%a8%d7%98%d7%99-%d7%95%d7%99%d7%95%d7%95%d7%a1-%d7%93%d7%95%d7%a1%d7%a0%d7%98/
ok       20501ms MISS https://kerenmakor.org.il/films/%D7%94%D7%9E%D7%A9%D7%92%D7%99%D7%97%D7%99%D7%9D/
ok       25075ms MISS https://kerenmakor.org.il/films/%D7%A9%D7%A7%D7%A8%D7%99%D7%9D-%D7%A9%D7%A1%D7%99%D7%A4%D7%A8%D7%AA%D7%99-%D7%9C%D7%A2%D7%A6%D7%9E%D7%99/
ok       26811ms MISS https://kerenmakor.org.il/films/%D7%99%D7%95%D7%A0%D7%94-%D7%94%D7%9E%D7%99%D7%A0%D7%A7%D7%AA/
ok       15492ms MISS https://kerenmakor.org.il/films/%d7%97%d7%a0%d7%93%d7%94-%d7%97%d7%a0%d7%93%d7%94/
ok       32689ms MISS https://kerenmakor.org.il/films/%D7%92%D7%A9%D7%9D-%D7%91%D7%A2%D7%99%D7%A0%D7%99%D7%99%D7%9D/
ok       25204ms MISS https://kerenmakor.org.il/films/%d7%a9%d7%a7%d7%a8%d7%99%d7%9d-%d7%91%d7%90%d7%a8%d7%95%d7%9f/
ok       33123ms MISS https://kerenmakor.org.il/films/%D7%99%D7%95%D7%9E%D7%A0%D7%99-%D7%94%D7%9E%D7%92%D7%A4%D7%94/
ok       28371ms MISS https://kerenmakor.org.il/films/%D7%9C%D7%91%D7%A0%D7%95%D7%9F-%D7%92%D7%91%D7%95%D7%9C%D7%95%D7%AA-%D7%94%D7%93%D7%9D/
ok       12291ms MISS https://kerenmakor.org.il/films/%D7%A0%D7%A2%D7%95%D7%A8%D7%99%D7%9D/
ok        8118ms MISS https://kerenmakor.org.il/films/%D7%9E%D7%91%D7%95%D7%93%D7%93%D7%99%D7%9D/
ok       12007ms MISS https://kerenmakor.org.il/films/%d7%99%d7%99%d7%93%d7%99%d7%a9/
ok       10386ms MISS https://kerenmakor.org.il/films/%D7%94%D7%A8%D7%A3-%D7%94%D7%AA%D7%97%D7%AA%D7%95%D7%9F-%D7%91%D7%99%D7%95%D7%AA%D7%A8/
ok       15030ms MISS https://kerenmakor.org.il/films/%D7%99%D7%9C%D7%93%D7%99%D7%9D-%D7%A2%D7%9C-%D7%AA%D7%A0%D7%90%D7%99/
ok       16200ms MISS https://kerenmakor.org.il/films/%d7%9e%d7%a6%d7%a8%d7%99%d7%9d-%d7%a9%d7%99%d7%a8-%d7%90%d7%94%d7%91%d7%94/
ok       18875ms MISS https://kerenmakor.org.il/films/%d7%97%d7%99%d7%99%d7%9d-%d7%a8%d7%92%d7%99%d7%9c%d7%99%d7%9d/
ok       14479ms MISS https://kerenmakor.org.il/films/%D7%94%D7%9E%D7%A0%D7%99%D7%A2/
ok       10693ms MISS https://kerenmakor.org.il/films/%D7%9E%D7%A2%D7%A9%D7%94-%D7%91%D7%A9%D7%AA%D7%99-%D7%9E%D7%92%D7%A4%D7%95%D7%AA/
ok       11700ms MISS https://kerenmakor.org.il/films/%d7%a8%d7%a9%d7%95%d7%9d-%d7%9c%d7%9a-%d7%91%d7%aa%d7%a2%d7%95%d7%93%d7%aa-%d7%94%d7%96%d7%94%d7%95%d7%aa-%d7%a9%d7%90%d7%a0%d7%99-%d7%90%d7%91%d7%90-%d7%a9%d7%9c%d7%9a/
ok       16962ms MISS https://kerenmakor.org.il/films/%d7%9e%d7%99-%d7%99%d7%90%d7%94%d7%91-%d7%90%d7%95%d7%aa%d7%99-%d7%a2%d7%9b%d7%a9%d7%99%d7%95/
ok       10782ms MISS https://kerenmakor.org.il/films/%D7%AA%D7%95%D7%A6%D7%A8%D7%AA-%D7%97%D7%95%D7%A5/
ok        8424ms MISS https://kerenmakor.org.il/films/%D7%94%D7%90%D7%95%D7%A9%D7%A8-%D7%94%D7%9E%D7%95%D7%A9%D7%9C%D7%9D/
ok        7971ms MISS https://kerenmakor.org.il/films/%d7%97%d7%9c%d7%95%d7%9d-%d7%a9%d7%9c-%d7%90%d7%99%d7%93%d7%99%d7%95%d7%98/
ok       11978ms MISS https://kerenmakor.org.il/films/%D7%97%D7%95%D7%A7-%D7%94%D7%90%D7%91%D7%9F/
ok       16658ms MISS https://kerenmakor.org.il/films/%d7%a7%d7%a8%d7%91-%d7%90%d7%97%d7%93-%d7%99%d7%95%d7%aa%d7%a8-%d7%9e%d7%93%d7%99/
ok       17673ms MISS https://kerenmakor.org.il/films/%d7%a8%d7%93%d7%95%d7%a3/
ok       13108ms MISS https://kerenmakor.org.il/films/%d7%a1%d7%99%d7%a0%d7%93%d7%a8%d7%95%d7%9d-%d7%91%d7%a0%d7%98%d7%91%d7%99%d7%a5/
ok       16005ms MISS https://kerenmakor.org.il/films/%d9%82%d8%b1%d8%a8%d8%a9-%d8%ba%d8%b1%d8%a8%d8%a9-%d7%a7%d7%a8%d7%95%d7%91-%d7%a8%d7%97%d7%95%d7%a7/
ok       13308ms MISS https://kerenmakor.org.il/films/%D7%97%D7%95%D7%A8%D7%99%D7%9D/
ok       14293ms MISS https://kerenmakor.org.il/films/%D7%A7%D7%9C%D7%A3-%D7%9E%D7%9C%D7%95%D7%9B%D7%9C%D7%9A/
ok       15694ms MISS https://kerenmakor.org.il/films/%d7%93%d7%91%d7%a9-%d7%a9%d7%97%d7%95%d7%a8-%d7%a9%d7%99%d7%a8%d7%aa-%d7%97%d7%99%d7%99%d7%95-%d7%a9%d7%9c-%d7%90%d7%91%d7%a8%d7%94%d7%9d-%d7%a1%d7%95%d7%a6%d7%a7%d7%91%d7%a8/
ok       15789ms MISS https://kerenmakor.org.il/films/%D7%9E%D7%95%D7%96%D7%95%D7%AA-%D7%96%D7%95%D7%99%D7%94-%D7%A6%D7%A8%D7%A7%D7%A1%D7%A7%D7%99-%D7%97%D7%99%D7%99%D7%9D-%D7%A1%D7%95%D7%91%D7%99%D7%99%D7%98%D7%99%D7%9D/
ok       14573ms MISS https://kerenmakor.org.il/films/%D7%90%D7%A9%D7%AA-%D7%97%D7%99%D7%9C/
ok       10208ms MISS https://kerenmakor.org.il/films/%D7%91%D7%99%D7%A2%D7%A8%D7%95%D7%AA-%D7%94%D7%90%D7%9C%D7%95/
ok       19605ms MISS https://kerenmakor.org.il/films/%D7%93%D7%95%D7%92%D7%9E%D7%A0%D7%99%D7%9D/
ok       12788ms MISS https://kerenmakor.org.il/films/%d7%90%d7%99%d7%9b%d7%99%d7%9c%d7%95%d7%91/
ok       25883ms MISS https://kerenmakor.org.il/films/%D7%95%D7%99%D7%A0%D7%99-%D7%90%D7%99%D7%A4%D7%94-%D7%99%D7%93%D7%99%D7%93%D7%94/
ok       27700ms MISS https://kerenmakor.org.il/films/%D7%90%D7%94%D7%95%D7%91%D7%94-%D7%A2%D7%95%D7%96%D7%A8%D7%99-%D7%A6%D7%9C%D7%A6%D7%95%D7%9C%D7%99-%D7%A4%D7%A2%D7%9E%D7%95%D7%A0%D7%99%D7%9D/
ok       20405ms MISS https://kerenmakor.org.il/films/%D7%94%D7%99%D7%99%D7%A0%D7%95-%D7%A4%D7%A6%D7%A6%D7%94-%D7%9E%D7%A4%D7%95%D7%A8%D7%96%D7%AA/
ok       21439ms MISS https://kerenmakor.org.il/films/%D7%9E%D7%A2%D7%A9%D7%94-%D7%91%D7%A9%D7%A0%D7%99-%D7%91%D7%9C%D7%95%D7%A0%D7%99%D7%9D/
ok       22218ms MISS https://kerenmakor.org.il/films/%D7%9E%D7%95%D7%AA%D7%95-%D7%A9%D7%9C-%D7%96%D7%94/
ok       20306ms MISS https://kerenmakor.org.il/films/%D7%A2%D7%9B%D7%A9%D7%99%D7%95-%D7%90%D7%95-%D7%9C%D7%A2%D7%95%D7%9C%D7%9D-%D7%9C%D7%90/
ok       16497ms MISS https://kerenmakor.org.il/films/%D7%A8%D7%95%D7%9E%D7%90/
ok       17889ms MISS https://kerenmakor.org.il/films/%D7%93%D7%9D-%D7%99%D7%95%D7%A0%D7%99%D7%9D/
ok       12613ms MISS https://kerenmakor.org.il/films/%d7%90%d7%9c%d7%95%d7%94%d7%99%d7%9d-%d7%99%d7%a7%d7%a8/
ok       11577ms MISS https://kerenmakor.org.il/films/%D7%93%D7%91%D7%A8-%D7%90%D7%97%D7%93-%D7%91%D7%98%D7%95%D7%97/
ok        7870ms MISS https://kerenmakor.org.il/films/%d7%97%d7%9d/
ok       11112ms MISS https://kerenmakor.org.il/films/%D7%A9%D7%9B%D7%91%D7%95%D7%AA/
ok       13185ms MISS https://kerenmakor.org.il/films/%D7%94%D7%90%D7%A8%D7%92%D7%96/
ok       17088ms MISS https://kerenmakor.org.il/films/%D7%AA%D7%9E%D7%99%D7%9B%D7%94-%D7%9E%D7%9C%D7%90%D7%94/
ok       28780ms MISS https://kerenmakor.org.il/films/%d7%a9%d7%9c%d7%95%d7%a9%d7%94-%d7%90%d7%97%d7%99%d7%9d-%d7%95%d7%9e%d7%a2%d7%a8%d7%94/
ok       21904ms MISS https://kerenmakor.org.il/films/%D7%94%D7%9E%D7%A4%D7%99%D7%A7/
ok       15465ms MISS https://kerenmakor.org.il/films/%d7%93%d7%a8%d7%9a-%d7%94%d7%90%d7%91%d7%95%d7%aa/
ok       27669ms MISS https://kerenmakor.org.il/films/%D7%97%D7%A0%D7%93%D7%94-%D7%97%D7%A0%D7%93%D7%94/
ok       25819ms MISS https://kerenmakor.org.il/films/%D7%90%D7%94%D7%91%D7%95%D7%AA%D7%99%D7%94-%D7%A9%D7%9C-%D7%9C%D7%99%D7%90-%D7%A7%D7%A0%D7%99%D7%92/
ok       13934ms MISS https://kerenmakor.org.il/films/%d7%90%d7%99%d7%a9-%d7%94%d7%97%d7%a8%d7%91-%d7%92%d7%91%d7%a8%d7%99%d7%90%d7%9c-%d7%9e%d7%95%d7%a7%d7%93/
ok       17714ms MISS https://kerenmakor.org.il/films/%D7%9C%D7%A8%D7%90%D7%95%D7%AA-%D7%90%D7%9D-%D7%90%D7%A0%D7%99-%D7%9E%D7%97%D7%99%D7%99%D7%9B%D7%AA/
ok       21908ms MISS https://kerenmakor.org.il/films/%d7%97%d7%a4%d7%a9%d7%99%d7%9d/
ok        8376ms MISS https://kerenmakor.org.il/films/%d7%97%d7%98%d7%99%d7%a4%d7%94-%d7%9e%d7%9e%d7%a1%d7%93%d7%99%d7%aa/
ok       15476ms MISS https://kerenmakor.org.il/films/%d7%9b%d7%9c%d7%91%d7%99-%d7%a6%d7%99%d7%93/
ok       14090ms MISS https://kerenmakor.org.il/films/%D7%9B%D7%9C%D7%91/
ok       15399ms MISS https://kerenmakor.org.il/films/%D7%90%D7%95%D7%A8%D7%A0%D7%94-%D7%95%D7%90%D7%9C%D7%94/
ok       24086ms MISS https://kerenmakor.org.il/films/%D7%A9%D7%9E%D7%95%D7%A0%D7%99%D7%A1%D7%98%D7%99%D7%9D/
ok       21102ms MISS https://kerenmakor.org.il/films/%D7%9E%D7%92%D7%A8%D7%A9-%D7%91%D7%99%D7%AA%D7%99/
ok       18104ms MISS https://kerenmakor.org.il/films/%D7%91%D7%95%D7%91%D7%94/
ok       10503ms MISS https://kerenmakor.org.il/films/%D7%A1%D7%90%D7%A0%D7%93%D7%99%D7%99/
ok       11779ms MISS https://kerenmakor.org.il/films/%d7%a0%d7%a2%d7%95%d7%a8%d7%99%d7%9d/
ok       13266ms MISS https://kerenmakor.org.il/films/%D7%98%D7%A2%D7%9D-%D7%92%D7%9F-%D7%A2%D7%93%D7%9F/
ok       13133ms MISS https://kerenmakor.org.il/films/%D7%90%D7%99%D7%9B%D7%99%D7%9C%D7%95%D7%91/
ok       12063ms MISS https://kerenmakor.org.il/films/%D7%94%D7%9E%D7%9C%D7%97%D7%9E%D7%95%D7%AA-%D7%A9%D7%9C-%D7%92%D7%A0%D7%99/
ok       11174ms MISS https://kerenmakor.org.il/films/%d7%90%d7%a9%d7%aa-%d7%94%d7%a9%d7%92%d7%a8%d7%99%d7%a8/
ok       16685ms MISS https://kerenmakor.org.il/films/%d7%98%d7%95%d7%91%d7%99%d7%90%d7%a0%d7%a1%d7%a7%d7%99/
ok       16001ms MISS https://kerenmakor.org.il/films/%D7%A7%D7%95%D7%A5/
ok       17006ms MISS https://kerenmakor.org.il/films/%D7%97%D7%AA%D7%94-%D7%99%D7%A1%D7%91%D7%97-%D7%A1%D7%91%D7%97/
ok       14108ms MISS https://kerenmakor.org.il/films/%D7%94%D7%9E%D7%A4%D7%AA%D7%97/
ok       24234ms MISS https://kerenmakor.org.il/films/%d7%97%d7%aa%d7%95%d7%a0%d7%94-%d7%9e%d7%a0%d7%99%d7%99%d7%a8/
ok       25679ms MISS https://kerenmakor.org.il/films/%D7%9B%D7%9E%D7%94-%D7%94%D7%A2%D7%A8%D7%95%D7%AA-%D7%A2%D7%9C-%D7%94%D7%9E%D7%A6%D7%91/
ok       18900ms MISS https://kerenmakor.org.il/films/%D7%90%D7%95%D7%90%D7%96%D7%99%D7%A1/
ok       16779ms MISS https://kerenmakor.org.il/films/%D7%91%D7%95%D7%97%D7%9F-%D7%9B%D7%9C%D7%99%D7%95%D7%AA/
ok       23009ms MISS https://kerenmakor.org.il/films/%D7%9E%D7%9C%D7%90%D7%9B%D7%99/
ok       29356ms MISS https://kerenmakor.org.il/films/%d7%94%d7%9e%d7%a4%d7%99%d7%a7/
ok       16596ms MISS https://kerenmakor.org.il/films/%D7%93%D7%99%D7%99%D7%98%D7%A8%D7%99%D7%A4/
ok       22826ms MISS https://kerenmakor.org.il/films/%d7%a7%d7%95%d7%a5/
ok       22112ms MISS https://kerenmakor.org.il/films/%d7%97%d7%aa%d7%94-%d7%99%d7%a1%d7%91%d7%97-%d7%a1%d7%91%d7%97/
ok       16077ms MISS https://kerenmakor.org.il/films/%D7%90%D7%9C%D7%95%D7%94%D7%99%D7%9D-%D7%99%D7%A7%D7%A8/
ok       11756ms MISS https://kerenmakor.org.il/films/%d7%94%d7%9e%d7%a2%d7%95%d7%a8%d7%a8-%d7%99%d7%97-%d7%91%d7%a8%d7%a0%d7%a8/
ok       39969ms MISS https://kerenmakor.org.il/films/%D7%9B%D7%99%D7%A4%D7%95%D7%A8/
ok       46378ms MISS https://kerenmakor.org.il/films/%d7%a1%d7%95%d7%9c%d7%97%d7%94/
ok       50385ms MISS https://kerenmakor.org.il/films/%d7%9e%d7%a7%d7%95%d7%95%d7%94-%d7%a9%d7%90%d7%a0%d7%99-%d7%91%d7%a4%d7%a8%d7%99%d7%99%d7%9d/
ok       52792ms MISS https://kerenmakor.org.il/films/%D7%99%D7%95%D7%A1%D7%99-%D7%95%D7%92%D7%90%D7%92%D7%A8/
ok       23999ms MISS https://kerenmakor.org.il/films/%D7%94%D7%9E%D7%99%D7%98%D7%95%D7%AA-%D7%A9%D7%9C%D7%A0%D7%95-%D7%91%D7%95%D7%A2%D7%A8%D7%95%D7%AA/
ok       12206ms MISS https://kerenmakor.org.il/films/%D7%A2%D7%A8%D7%95%D7%AA/
ok       13412ms MISS https://kerenmakor.org.il/films/%d7%a2%d7%9b%d7%a9%d7%99%d7%95-%d7%90%d7%95-%d7%9c%d7%a2%d7%95%d7%9c%d7%9d-%d7%9c%d7%90/
ok       13771ms MISS https://kerenmakor.org.il/films/%D7%9B%D7%9C%D7%91%D7%99-%D7%A6%D7%99%D7%93/
ok       14774ms MISS https://kerenmakor.org.il/films/%d7%9e%d7%a8%d7%97%d7%91-%d7%9e%d7%95%d7%92%d7%9f-%d7%90%d7%95%d7%a8%d7%9f-%d7%92%d7%95%d7%99%d7%9c%d7%99/
ok       12213ms MISS https://kerenmakor.org.il/films/%D7%97%D7%AA%D7%95%D7%A0%D7%94-%D7%9E%D7%A0%D7%99%D7%99%D7%A8/
ok        8823ms MISS https://kerenmakor.org.il/films/%D7%9E%D7%A2%D7%91%D7%A8-%D7%9C%D7%A7%D7%95/
ok        7589ms MISS https://kerenmakor.org.il/films/%D7%92%D7%95%D7%A9-%D7%97%D7%99%D7%9E%D7%A8/
ok       10961ms MISS https://kerenmakor.org.il/films/%D7%A2%D7%9D-%D7%94%D7%A4%D7%A0%D7%99%D7%9D-%D7%9C%D7%A7%D7%99%D7%A8/
ok       17398ms MISS https://kerenmakor.org.il/films/%D7%9C%D7%94%D7%AA%D7%90%D7%94%D7%91-%D7%91%D7%A8%D7%A7%D7%A1/
ok       17822ms MISS https://kerenmakor.org.il/films/%d7%91%d7%95%d7%91%d7%95%d7%aa-%d7%a0%d7%99%d7%99%d7%a8/
ok       19699ms MISS https://kerenmakor.org.il/films/%D7%90%D7%9E%D7%AA-%D7%90%D7%95-%D7%97%D7%95%D7%91%D7%94/
ok       26860ms MISS https://kerenmakor.org.il/films/%D7%97%D7%98%D7%99%D7%A4%D7%94-%D7%9E%D7%9E%D7%A1%D7%93%D7%99%D7%AA/
ok       19815ms MISS https://kerenmakor.org.il/films/%D7%9E%D7%97%D7%9B%D7%99%D7%9D-%D7%9C%D7%92%D7%95%D7%93%D7%99%D7%A7/
ok       14601ms MISS https://kerenmakor.org.il/films/%D7%90%D7%9C%D7%95%D7%A3-%D7%94%D7%A2%D7%95%D7%9C%D7%9D-%D7%A9%D7%9C%D7%99/
ok       31981ms MISS https://kerenmakor.org.il/films/%D7%9C%D7%99%D7%99%D7%93%D7%99-%D7%9B%D7%9C-%D7%90%D7%9C-%D7%A2%D7%A8%D7%91/
ok       33297ms MISS https://kerenmakor.org.il/films/%D7%94%D7%A0%D7%9B%D7%94-%D7%94%D7%9E%D7%90%D7%95%D7%A9%D7%A8-%D7%95%D7%94%D7%91%D7%95%D7%93%D7%94%D7%99%D7%A1%D7%98-%D7%94%D7%9E%D7%99%D7%95%D7%A1%D7%A8/
ok       16306ms MISS https://kerenmakor.org.il/films/%D7%94%D7%A6%D7%9C%D7%9E%D7%A0%D7%99%D7%94/
ok       26478ms MISS https://kerenmakor.org.il/films/%d7%a9%d7%99%d7%a8-%d7%9e%d7%9c%d7%97%d7%9e%d7%94/
ok       17681ms MISS https://kerenmakor.org.il/films/%d7%93%d7%95%d7%92%d7%9e%d7%a0%d7%99%d7%9d/
ok       16582ms MISS https://kerenmakor.org.il/films/%D7%A1%D7%99%D7%A0%D7%93%D7%A8%D7%95%D7%9D-%D7%A4%D7%99%D7%99%D7%A0%D7%92%D7%95%D7%9C%D7%93/
ok       26394ms MISS https://kerenmakor.org.il/films/%d7%99%d7%95%d7%a0%d7%aa%d7%9f-%d7%90%d7%92%d7%a1%d7%99-%d7%94%d7%a6%d7%99%d7%9c-%d7%90%d7%aa-%d7%97%d7%99%d7%99/
ok       28705ms MISS https://kerenmakor.org.il/films/%D7%91%D7%95%D7%91%D7%95%D7%AA-%D7%A0%D7%99%D7%99%D7%A8/
ok       16632ms MISS https://kerenmakor.org.il/films/%D7%92%D7%9F-%D7%A2%D7%93%D7%9F/
ok       27097ms MISS https://kerenmakor.org.il/films/%D7%A1%D7%92%D7%95%D7%A8%D7%95%D7%AA/
ok       17183ms MISS https://kerenmakor.org.il/films/%d7%94%d7%9c%d7%90%d7%a4-%d7%93%d7%90%d7%a0%d7%a1-%d7%94%d7%90%d7%97%d7%a8%d7%95%d7%9f/
ok       17296ms MISS https://kerenmakor.org.il/films/%D7%9E%D7%9C%D7%9B%D7%95%D7%93%D7%AA-%D7%93%D7%91%D7%A9/
ok       19088ms MISS https://kerenmakor.org.il/films/%d7%90%d7%a7%d7%a1%d7%95%d7%93%d7%95%d7%a1-%d7%94%d7%a1%d7%99%d7%a4%d7%95%d7%a8-%d7%94%d7%90%d7%9e%d7%99%d7%aa%d7%99/
ok       17011ms MISS https://kerenmakor.org.il/films/%D7%AA%D7%97%D7%A0%D7%94-%D7%A1%D7%95%D7%A4%D7%99%D7%AA/
ok       20797ms MISS https://kerenmakor.org.il/films/%D7%94%D7%A9%D7%93%D7%9B%D7%A0%D7%99%D7%AA/
ok       24809ms MISS https://kerenmakor.org.il/films/%D7%94%D7%A8%D7%99%D7%A7%D7%95%D7%93-%D7%A9%D7%9C-%D7%90%D7%9C%D7%A4%D7%95%D7%A0%D7%A1%D7%95/
ok       20171ms MISS https://kerenmakor.org.il/films/%D7%9E%D7%A9%D7%A4%D7%98%D7%99-%D7%97%D7%99%D7%99%D7%9D/
ok       16074ms MISS https://kerenmakor.org.il/films/%D7%97%D7%A6%D7%95%D7%99%D7%95%D7%AA-%D7%94%D7%97%D7%99%D7%99%D7%9D-%D7%91%D7%A2%D7%A8%D7%99%D7%9D-%D7%94%D7%9E%D7%A2%D7%95%D7%A8%D7%91%D7%95%D7%AA-%D7%91%D7%99%D7%A9%D7%A8%D7%90%D7%9C/
ok       21710ms MISS https://kerenmakor.org.il/films/%D7%A1%D7%99%D7%A0%D7%93%D7%A8%D7%95%D7%9D-%D7%91%D7%A0%D7%98%D7%91%D7%99%D7%A5/
ok       24204ms MISS https://kerenmakor.org.il/films/%D7%90%D7%91%D7%90-%D7%A9%D7%9C%D7%99-%D7%99%D7%A2%D7%A7%D7%91-%D7%A9%D7%91%D7%AA%D7%90%D7%99/
ok       11199ms MISS https://kerenmakor.org.il/films/%D7%92%D7%95%D7%9C%D7%93%D7%9F-%D7%91%D7%95%D7%99%D7%96/
ok       36719ms MISS https://kerenmakor.org.il/films/%d7%9e%d7%9c%d7%9b%d7%95%d7%93%d7%aa-%d7%93%d7%91%d7%a9/
ok       41104ms MISS https://kerenmakor.org.il/films/%D7%A9%D7%9C%D7%95%D7%A9%D7%94-%D7%90%D7%97%D7%99%D7%9D-%D7%95%D7%9E%D7%A2%D7%A8%D7%94/
ok       35311ms MISS https://kerenmakor.org.il/films/%d7%9b%d7%9c-%d7%94%d7%91%d7%a7%d7%a8%d7%99%d7%9d-%d7%a9%d7%9e%d7%97%d7%99%d7%9d/
ok       44399ms MISS https://kerenmakor.org.il/films/%D7%9E%D7%AA%D7%99-%D7%9B%D7%A1%D7%A4%D7%99-%D7%95%D7%99%D7%93%D7%95%D7%99/
ok       23568ms MISS https://kerenmakor.org.il/films/%D7%A1%D7%95%D7%9C%D7%97%D7%94/
ok       36669ms MISS https://kerenmakor.org.il/films/%d7%90%d7%a8%d7%9e%d7%99-%d7%90%d7%95%d7%a3-%d7%9c%d7%90%d7%91%d7%a8%d7%96-%d7%91%d7%90%d7%a8%d7%a5-%d7%94%d7%a7%d7%95%d7%93%d7%a9/
ok       22602ms MISS https://kerenmakor.org.il/films/%D7%94%D7%A7%D7%A8%D7%91-%D7%94%D7%90%D7%97%D7%A8%D7%95%D7%9F-%D7%A9%D7%9C-%D7%A4%D7%A4%D7%94/
ok       15498ms MISS https://kerenmakor.org.il/films/%D7%94%D7%A8%D7%91%D7%94-%D7%92%D7%95%D7%95%D7%A0%D7%99%D7%9D-%D7%9C%D7%A9%D7%97%D7%95%D7%A8/
ok       14104ms MISS https://kerenmakor.org.il/films/%D7%97%D7%93%D7%A8-%D7%A8%D7%99%D7%A7-%D7%9E%D7%93%D7%99%D7%A0%D7%AA-%D7%99%D7%A9%D7%A8%D7%90%D7%9C-%D7%A0%D7%92%D7%93-%D7%90%D7%99%D7%A8%D7%99%D7%AA-%D7%95%D7%90%D7%A9%D7%A8/
ok       30600ms MISS https://kerenmakor.org.il/films/%D7%94%D7%9E%D7%A2%D7%95%D7%A8%D7%A8-%D7%99%D7%97-%D7%91%D7%A8%D7%A0%D7%A8/
ok       20069ms MISS https://kerenmakor.org.il/films/%D7%90%D7%9C%D7%9E%D7%A0%D7%94-%D7%95%D7%99%D7%AA%D7%95%D7%9D/
ok       16998ms MISS https://kerenmakor.org.il/films/%D7%A7%D7%99%D7%A9%D7%95%D7%9F-%D7%A9%D7%9E%D7%95-%D7%94%D7%95%D7%9C%D7%9A-%D7%9C%D7%A4%D7%A0%D7%99%D7%95/
ok       24491ms MISS https://kerenmakor.org.il/films/%D7%91%D7%9F-%D7%92%D7%95%D7%A8%D7%99%D7%95%D7%9F-%D7%90%D7%A4%D7%99%D7%9C%D7%95%D7%92/
ok       12506ms MISS https://kerenmakor.org.il/films/%D7%9E%D7%A1%D7%99%D7%9C%D7%94/
ok       18257ms MISS https://kerenmakor.org.il/films/%D7%A7%D7%A8%D7%91-%D7%90%D7%97%D7%93-%D7%99%D7%95%D7%AA%D7%A8-%D7%9E%D7%93%D7%99/
ok       24975ms MISS https://kerenmakor.org.il/films/%D7%9E%D7%A7%D7%95%D7%95%D7%94-%D7%A9%D7%90%D7%A0%D7%99-%D7%91%D7%A4%D7%A8%D7%99%D7%99%D7%9D/
ok       27970ms MISS https://kerenmakor.org.il/films/%D7%99%D7%96%D7%9B%D7%95%D7%A8-%D7%9C%D7%9E%D7%A0%D7%A9%D7%99%D7%99%D7%94/
ok       27231ms MISS https://kerenmakor.org.il/films/%D7%90%D7%99%D7%91%D7%93-%D7%A4%D7%95%D7%92%D7%9C-%D7%90%D7%AA-%D7%A4%D7%95%D7%92%D7%9C/
ok       24292ms MISS https://kerenmakor.org.il/films/%D7%93%D7%A8%D7%9A-%D7%94%D7%90%D7%91%D7%95%D7%AA/
ok       14553ms MISS https://kerenmakor.org.il/films/%D7%9E%D7%99-%D7%99%D7%90%D7%94%D7%91-%D7%90%D7%95%D7%AA%D7%99-%D7%A2%D7%9B%D7%A9%D7%99%D7%95/
ok        9705ms MISS https://kerenmakor.org.il/films/%D7%A4%D7%A0%D7%98%D7%96%D7%99%D7%94-%D7%A9%D7%9C%D7%99/
ok       18612ms MISS https://kerenmakor.org.il/films/%D7%93%D7%91%D7%A9-%D7%A9%D7%97%D7%95%D7%A8-%D7%A9%D7%99%D7%A8%D7%AA-%D7%97%D7%99%D7%99%D7%95-%D7%A9%D7%9C-%D7%90%D7%91%D7%A8%D7%94%D7%9D-%D7%A1%D7%95%D7%A6%D7%A7%D7%91%D7%A8/
ok       17105ms MISS https://kerenmakor.org.il/films/%D7%9B%D7%9C-%D7%94%D7%91%D7%A7%D7%A8%D7%99%D7%9D-%D7%A9%D7%9E%D7%97%D7%99%D7%9D/
ok       17261ms MISS https://kerenmakor.org.il/films/%D7%98%D7%95%D7%A7%D7%9C%D7%95%D7%9E%D7%98%D7%99/
ok       23690ms MISS https://kerenmakor.org.il/films/%D7%94%D7%9E%D7%A8%D7%A4%D7%90-%D7%94%D7%A4%D7%A6%D7%95%D7%A2/
ok       24297ms MISS https://kerenmakor.org.il/films/%D7%9E%D7%AA%D7%95%D7%9A-%D7%A9%D7%99%D7%A0%D7%94/
ok       23289ms MISS https://kerenmakor.org.il/films/%d7%9c%d7%a8%d7%90%d7%95%d7%aa-%d7%90%d7%9d-%d7%90%d7%a0%d7%99-%d7%9e%d7%97%d7%99%d7%99%d7%9b%d7%aa/
ok       21500ms MISS https://kerenmakor.org.il/films/%D7%94%D7%9C%D7%A7%D7%95%D7%97%D7%94/
ok       27724ms MISS https://kerenmakor.org.il/films/%d7%90%d7%99%d7%91%d7%93-%d7%a4%d7%95%d7%92%d7%9c-%d7%90%d7%aa-%d7%a4%d7%95%d7%92%d7%9c/
ok       39700ms MISS https://kerenmakor.org.il/films/%D7%90%D7%A8%D7%9E%D7%99-%D7%90%D7%95%D7%A3-%D7%9C%D7%90%D7%91%D7%A8%D7%96-%D7%91%D7%90%D7%A8%D7%A5-%D7%94%D7%A7%D7%95%D7%93%D7%A9/
ok       34972ms MISS https://kerenmakor.org.il/films/%D7%9E%D7%A9%D7%A4%D7%97%D7%94-%D7%91%D7%98%D7%A8%D7%A0%D7%A1/
ok       40195ms MISS https://kerenmakor.org.il/films/%d7%97%d7%99%d7%99%d7%9d-%d7%91%d7%a6%d7%9c-%d7%94%d7%9e%d7%95%d7%95%d7%aa/
ok       17327ms MISS https://kerenmakor.org.il/films/%d7%a9%d7%95%d7%a9%d7%9c%d7%aa-%d7%a4%d7%99%d7%99%d7%9f/
ok       20194ms MISS https://kerenmakor.org.il/films/%D7%97%D7%9C%D7%95%D7%9D-%D7%A9%D7%9C-%D7%90%D7%99%D7%93%D7%99%D7%95%D7%98/
ok       47709ms MISS https://kerenmakor.org.il/films/21-%D7%99%D7%95%D7%9D-%D7%95%D7%9C%D7%99%D7%9C%D7%94/
ok       41691ms MISS https://kerenmakor.org.il/films/%D7%90%D7%A1%D7%AA%D7%99%D7%A8-%D7%A4%D7%A0%D7%99%D7%99/
ok       14190ms MISS https://kerenmakor.org.il/films/%D7%9B%D7%9C-%D7%A2%D7%A8%D7%91-%D7%9B%D7%A1%D7%90%D7%95%D7%AA/
ok       16101ms MISS https://kerenmakor.org.il/films/%d7%a2%d7%9c%d7%99%d7%96%d7%94/
ok       19386ms MISS https://kerenmakor.org.il/films/%d7%9e%d7%a9%d7%a4%d7%98%d7%99-%d7%97%d7%99%d7%99%d7%9d/
ok       25792ms MISS https://kerenmakor.org.il/films/%D7%97%D7%A4%D7%A9%D7%99%D7%9D/
ok       28472ms MISS https://kerenmakor.org.il/films/%D7%90%D7%A7%D7%A1%D7%95%D7%93%D7%95%D7%A1-%D7%94%D7%A1%D7%99%D7%A4%D7%95%D7%A8-%D7%94%D7%90%D7%9E%D7%99%D7%AA%D7%99/
ok       16109ms MISS https://kerenmakor.org.il/films/%D7%A8%D7%A9%D7%95%D7%9D-%D7%9C%D7%9A-%D7%91%D7%AA%D7%A2%D7%95%D7%93%D7%AA-%D7%94%D7%96%D7%94%D7%95%D7%AA-%D7%A9%D7%90%D7%A0%D7%99-%D7%90%D7%91%D7%90-%D7%A9%D7%9C%D7%9A/
ok       18791ms MISS https://kerenmakor.org.il/films/%D7%94%D7%A4%D7%95%D7%A2%D7%9C%D7%99%D7%9D-%D7%94%D7%A7%D7%98%D7%A0%D7%99%D7%9D-%D7%9E%D7%93%D7%94%D7%A8%D7%99%D7%94/
ok       20494ms MISS https://kerenmakor.org.il/films/%D7%9E%D7%9B%D7%AA%D7%91-%D7%91%D7%9C%D7%99-%D7%9B%D7%AA%D7%95%D7%91%D7%AA/
ok        8996ms MISS https://kerenmakor.org.il/films/%D7%A6%D7%99%D7%95%D7%A8-%D7%9E%D7%95%D7%9C%D7%93%D7%AA-%D8%B5%D8%A8%D8%B1-%D7%A6%D7%91%D7%A8/
ok        9378ms MISS https://kerenmakor.org.il/films/%d7%a4%d7%a0%d7%98%d7%96%d7%99%d7%94-%d7%a9%d7%9c%d7%99/
ok       13016ms MISS https://kerenmakor.org.il/films/%d7%9e%d7%95%d7%96%d7%95%d7%aa-%d7%90%d7%9e%d7%9c-%d7%9e%d7%95%d7%a8%d7%a7%d7%95%d7%a1-%d7%90%d7%9e%d7%9c/
ok       15478ms MISS https://kerenmakor.org.il/films/%D7%99%D7%95%D7%A0%D7%AA%D7%9F-%D7%90%D7%92%D7%A1%D7%99-%D7%94%D7%A6%D7%99%D7%9C-%D7%90%D7%AA-%D7%97%D7%99%D7%99/
ok       17098ms MISS https://kerenmakor.org.il/films/%D7%9C%D7%90%D7%94-%D7%A6%D7%9E%D7%9C-%D7%A2%D7%95%D7%A8%D7%9B%D7%AA-%D7%93%D7%99%D7%9F/
ok       14218ms MISS https://kerenmakor.org.il/films/%D7%9C%D7%99%D7%91%D7%A8-%D7%9E%D7%9F/
ok       14877ms MISS https://kerenmakor.org.il/films/%D7%94%D7%99%D7%94-%D7%94%D7%99%D7%94-%D7%99%D7%9C%D7%93/
ok       27879ms MISS https://kerenmakor.org.il/films/%D7%97%D7%99%D7%99%D7%9D-%D7%A8%D7%92%D7%99%D7%9C%D7%99%D7%9D/
ok       17582ms MISS https://kerenmakor.org.il/films/%D7%A4%D7%95%D7%92%D7%99%D7%9D/
ok       20309ms MISS https://kerenmakor.org.il/films/%D7%90%D7%99%D7%A9-%D7%94%D7%97%D7%A8%D7%91-%D7%92%D7%91%D7%A8%D7%99%D7%90%D7%9C-%D7%9E%D7%95%D7%A7%D7%93/
ok       19979ms MISS https://kerenmakor.org.il/films/%D7%A6%D7%A0%D7%95%D7%A2%D7%99%D7%9D/
ok       14622ms MISS https://kerenmakor.org.il/films/%D7%A7%D7%95%D7%9C%D7%95-%D7%A9%D7%9C-%D7%90%D7%97%D7%9E%D7%93/
ok       19152ms MISS https://kerenmakor.org.il/films/%D7%94%D7%93%D7%95%D7%A0%D7%9D-%D7%A9%D7%9C-%D7%A1%D7%91%D7%AA%D7%90/
ok        8549ms MISS https://kerenmakor.org.il/films/%d7%9e%d7%a2%d7%91%d7%a8-%d7%9c%d7%a7%d7%95/
ok       10170ms MISS https://kerenmakor.org.il/films/%D7%9E%D7%A1%D7%95%D7%A8%D7%91%D7%95%D7%AA/
ok        6108ms MISS https://kerenmakor.org.il/films/%d7%a2%d7%9d-%d7%94%d7%a4%d7%a0%d7%99%d7%9d-%d7%9c%d7%a7%d7%99%d7%a8/
ok        8397ms MISS https://kerenmakor.org.il/films/%d7%94%d7%90%d7%9c-%d7%94%d7%a0%d7%a2%d7%93%d7%a8/
ok        9108ms MISS https://kerenmakor.org.il/films/%D7%9E%D7%A9%D7%90%D7%9C%D7%94-%D7%90%D7%97%D7%AA-%D7%90%D7%97%D7%A8%D7%95%D7%A0%D7%94/
ok        6975ms MISS https://kerenmakor.org.il/films/%D7%9B%D7%95%D7%95%D7%A8%D7%AA-%D7%A0%D7%AA%D7%AA%D7%99-%D7%9C%D7%94-%D7%97%D7%99%D7%99/
ok        7516ms MISS https://kerenmakor.org.il/films/%D7%9E%D7%99-%D7%90%D7%95%D7%94%D7%91-%D7%90%D7%AA-%D7%94%D7%A9%D7%9E%D7%A9/
ok        9908ms MISS https://kerenmakor.org.il/films/%D7%A9%D7%A4%D7%AA-%D7%90%D7%91/
ok        9185ms MISS https://kerenmakor.org.il/films/%D7%A9%D7%95%D7%A9%D7%9C%D7%AA-%D7%A4%D7%99%D7%99%D7%9F/
ok       14670ms MISS https://kerenmakor.org.il/films/%D7%A7%D7%95%D7%99%D7%94-%D7%A0%D7%95%D7%99/
ok        9456ms MISS https://kerenmakor.org.il/films/%D7%91%D7%A2%D7%99%D7%A0%D7%99-%D7%94%D7%A2%D7%96-%D7%94%D7%9E%D7%AA%D7%91%D7%95%D7%A0%D7%A0%D7%AA/
ok        9296ms MISS https://kerenmakor.org.il/films/%D7%A7%D7%A8%D7%99%D7%A1%D7%94/
ok        9405ms MISS https://kerenmakor.org.il/films/%D7%94%D7%91%D7%A8-%D7%A9%D7%9C-%D7%9E%D7%95%D7%A8%D7%99%D7%A1/
ok       10211ms MISS https://kerenmakor.org.il/films/%d7%94%d7%a4%d7%95%d7%a2%d7%9c%d7%99%d7%9d-%d7%94%d7%a7%d7%98%d7%a0%d7%99%d7%9d-%d7%9e%d7%93%d7%94%d7%a8%d7%99%d7%94/
ok       10901ms MISS https://kerenmakor.org.il/films/%D7%94%D7%A4%D7%9C%D7%94-%D7%97%D7%95%D7%A4%D7%A9%D7%99%D7%AA/
ok        9972ms MISS https://kerenmakor.org.il/films/%D7%A8%D7%A6%D7%97-%D7%91%D7%90%D7%97%D7%95%D7%96%D7%AA-%D7%91%D7%99%D7%AA/
ok       10363ms MISS https://kerenmakor.org.il/films/%D7%9C%D7%91%D7%93-%D7%9E%D7%90%D7%97%D7%95%D7%A8/
ok        7689ms MISS https://kerenmakor.org.il/films/%D7%A4%D7%95%D7%A8%D7%99%D7%9D-%D7%A9%D7%9E%D7%97/
ok       13402ms MISS https://kerenmakor.org.il/films/%D7%A9%D7%97%D7%95%D7%A8%D7%94/
ok       21107ms MISS https://kerenmakor.org.il/films/%D7%A6%D7%90%D7%A0%D7%A1%D7%9C%D7%94-%D7%94%D7%A9%D7%97%D7%95%D7%A8-%D7%94%D7%97%D7%93%D7%A9/
ok       16834ms MISS https://kerenmakor.org.il/films/%D7%94%D7%9E%D7%95%D7%97%D7%A8%D7%9D/
ok       25485ms MISS https://kerenmakor.org.il/films/%D7%A9%D7%95%D7%A7%D7%9F-%D7%A2%D7%9C-%D7%92%D7%91%D7%95%D7%9C-%D7%94%D7%A7%D7%95%D7%A0%D7%A6%D7%A0%D7%96%D7%95%D7%A1/
ok       18980ms MISS https://kerenmakor.org.il/films/%D7%A9%D7%A7%D7%A8%D7%99%D7%9D-%D7%91%D7%90%D7%A8%D7%95%D7%9F/
ok       17669ms MISS https://kerenmakor.org.il/films/%D7%94%D7%99%D7%95%D7%9D-%D7%94%D7%9B%D7%99-%D7%99%D7%A4%D7%94-%D7%91%D7%A9%D7%A0%D7%94/
ok       20714ms MISS https://kerenmakor.org.il/films/%D7%94%D7%9E%D7%92%D7%9C%D7%A9%D7%94-%D7%94%D7%A9%D7%97%D7%95%D7%A8%D7%94/
ok       29289ms MISS https://kerenmakor.org.il/films/%D7%9E%D7%A2%D7%91%D7%A8%D7%99%D7%9D/
ok       12808ms MISS https://kerenmakor.org.il/films/%D7%A6%D7%99%D7%A4%D7%95%D7%A8%D7%99%D7%9D-%D7%9E%D7%A9%D7%95%D7%A0%D7%95%D7%AA/
ok       16032ms MISS https://kerenmakor.org.il/films/%d7%99%d7%95%d7%a0%d7%94-%d7%94%d7%9e%d7%99%d7%a0%d7%a7%d7%aa/
ok        7176ms MISS https://kerenmakor.org.il/films/%D7%A2%D7%9B%D7%A9%D7%99%D7%95-%D7%9B%D7%91%D7%A8-%D7%9C%D7%90-%D7%9B%D7%9C-%D7%9B%D7%9A-%D7%90%D7%9B%D7%A4%D7%AA-%D7%9C%D7%99/
ok       13569ms MISS https://kerenmakor.org.il/films/%D7%94%D7%A8%D7%A3-%D7%94%D7%AA%D7%97%D7%AA%D7%95%D7%9F-%D7%91%D7%99%D7%95%D7%AA%D7%A8/?lang=en
ok       14631ms MISS https://kerenmakor.org.il/films/%D7%94%D7%A9%D7%99%D7%91%D7%94-%D7%9E%D7%94%D7%A4%D7%9C%D7%A0%D7%98%D7%94-%D7%94%D7%90%D7%97%D7%A8%D7%AA/
ok       24667ms MISS https://kerenmakor.org.il/films/%D7%9E%D7%95%D7%95%D7%AA-%D7%91%D7%90%D7%95%D7%9D-%D7%90%D7%9C-%D7%97%D7%99%D7%A8%D7%90%D7%9F/
ok       15816ms MISS https://kerenmakor.org.il/films/%D7%90%D7%9D-%D7%96%D7%94-%D7%A8%D7%A6%D7%95%D7%A0%D7%9A/
ok       20409ms MISS https://kerenmakor.org.il/films/%D7%94%D7%90%D7%92%D7%93%D7%94-%D7%A2%D7%9C-%D7%92%D7%9C%D7%95%D7%92-%D7%95%D7%91%D7%9C%D7%95%D7%91/
ok       28571ms MISS https://kerenmakor.org.il/films/%D7%94%D7%A8%D7%91-%D7%A2%D7%95%D7%91%D7%93%D7%99%D7%94-%D7%99%D7%95%D7%A1%D7%A3-%D7%9E%D7%9C%D7%9A-%D7%94%D7%A1%D7%A4%D7%A8%D7%93%D7%99%D7%9D/
ok       14708ms MISS https://kerenmakor.org.il/films/%D7%9C%D7%A0%D7%A9%D7%95%D7%9D/
ok       27180ms MISS https://kerenmakor.org.il/films/%D7%9E%D7%99%D7%A0%D7%9B%D7%9F-72/
ok       24112ms MISS https://kerenmakor.org.il/films/%D7%99%D7%95%D7%A1%D7%99-%D7%A9%D7%A8%D7%99%D7%93/
ok       16584ms MISS https://kerenmakor.org.il/films/%D7%A7%D7%99%D7%A7%D7%99/
ok       29219ms MISS https://kerenmakor.org.il/films/%D7%99%D7%99%D7%93%D7%99%D7%A9/
ok       31391ms MISS https://kerenmakor.org.il/films/%D7%94%D7%A4%D7%A8%D7%99%D7%93%D7%94-%D7%94%D7%90%D7%A8%D7%95%D7%9B%D7%94-%D7%9E%D7%9B%D7%95%D7%9C%D7%9F/
ok       23377ms MISS https://kerenmakor.org.il/films/%D7%99%D7%95%D7%A0%D7%94-%D7%A0%D7%9E%D7%A8-%D7%A2%D7%99%D7%A8%D7%90/
ok       10413ms MISS https://kerenmakor.org.il/films/%D7%A0%D7%95%D7%A8%D7%99%D7%AA-%D7%90%D7%91%D7%99%D7%91-%D7%90%D7%99%D7%A9%D7%94-%D7%A2%D7%9D-%D7%9E%D7%A6%D7%9C%D7%9E%D7%94/
ok       21184ms MISS https://kerenmakor.org.il/films/%D7%A8%D7%95%D7%A7%D7%A4%D7%95%D7%A8-%D7%9E%D7%9B%D7%95%D7%A0%D7%AA-%D7%94%D7%96%D7%9E%D7%9F/
ok       15181ms MISS https://kerenmakor.org.il/films/%D7%93%D7%91%D7%A7/
ok       17051ms MISS https://kerenmakor.org.il/films/%D7%A9%D7%94%D7%97%D7%99%D7%99%D7%A0%D7%95/
ok       23629ms MISS https://kerenmakor.org.il/films/1341-%D7%A4%D7%A8%D7%99%D7%99%D7%9E%D7%99%D7%9D-%D7%9E%D7%94%D7%9E%D7%A6%D7%9C%D7%9E%D7%94-%D7%A9%D7%9C-%D7%9E%D7%99%D7%9B%D7%94-%D7%91%D7%A8-%D7%A2%D7%9D/
ok       14960ms MISS https://kerenmakor.org.il/films/%D7%90%D7%A0%D7%90-%D7%94%D7%9E%D7%AA%D7%9F-%D7%9C%D7%A0%D7%A6%D7%99%D7%92/
ok       18979ms MISS https://kerenmakor.org.il/films/%D7%A4%D7%A1%D7%A7-%D7%96%D7%9E%D7%9F/
ok       21214ms MISS https://kerenmakor.org.il/films/%D7%91%D7%92%D7%99%D7%9F/
ok       21306ms MISS https://kerenmakor.org.il/films/%d7%99%d7%95%d7%a1%d7%99-%d7%95%d7%92%d7%90%d7%92%d7%a8/
ok       10132ms MISS https://kerenmakor.org.il/films/%d7%94%d7%90%d7%a0%d7%93%d7%a8%d7%98%d7%94/
ok        9003ms MISS https://kerenmakor.org.il/films/%D7%99%D7%A4%D7%94%D7%A4%D7%99%D7%94-%D7%95%D7%9E%D7%95%D7%90%D7%A8%D7%AA/
ok       10264ms MISS https://kerenmakor.org.il/films/%D7%97%D7%95%D7%A3-%D7%94%D7%9B%D7%9C%D7%91%D7%99%D7%9D/
ok       16467ms MISS https://kerenmakor.org.il/films/%D7%94%D7%9C%D7%90%D7%A4-%D7%93%D7%90%D7%A0%D7%A1-%D7%94%D7%90%D7%97%D7%A8%D7%95%D7%9F/
ok       13166ms MISS https://kerenmakor.org.il/films/%D7%A0%D7%A7%D7%95%D7%93%D7%95%D7%AA-%D7%A9%D7%9C-%D7%90%D7%95%D7%A8/
ok       16974ms MISS https://kerenmakor.org.il/films/%D7%A1%D7%99%D7%9E%D7%A0%D7%99%D7%9D-%D7%A9%D7%9C-%D7%90%D7%9C%D7%99%D7%9E%D7%95%D7%AA/
ok       21321ms MISS https://kerenmakor.org.il/films/%D7%92%D7%9D-%D7%95%D7%A8%D7%99%D7%99/
ok       22840ms MISS https://kerenmakor.org.il/films/%D7%A4%D7%9C%D7%A1%D7%98%D7%99%D7%A1%D7%A4%D7%99%D7%90%D7%A0%D7%A1/
ok       15043ms MISS https://kerenmakor.org.il/films/%D7%98%D7%90%D7%A6/
ok       13733ms MISS https://kerenmakor.org.il/films/%D7%A2%D7%93-%D7%A9%D7%99%D7%9B%D7%90%D7%91/
ok       12491ms MISS https://kerenmakor.org.il/films/%D7%90%D7%A9%D7%AA-%D7%9C%D7%95%D7%98/
ok       14481ms MISS https://kerenmakor.org.il/films/%D7%94%D7%92%D7%9E%D7%97-%D7%A9%D7%9C-%D7%A8%D7%95%D7%97%D7%9C%D7%94/
ok        9627ms MISS https://kerenmakor.org.il/films/%D7%91%D7%95%D7%98%D7%99%D7%A7-%D7%97%D7%91%D7%9C/
ok        7603ms MISS https://kerenmakor.org.il/films/%D7%9B%D7%90%D7%A9%D7%A8-%D7%94%D7%99%D7%99%D7%AA-%D7%90%D7%99%D7%AA%D7%99/
ok        9008ms MISS https://kerenmakor.org.il/films/%D7%9C%D7%A9%D7%97%D7%A7-%D7%97%D7%95%D7%9C%D7%A9%D7%94/
ok       12359ms MISS https://kerenmakor.org.il/films/%D7%98%D7%95%D7%91%D7%99%D7%90%D7%A0%D7%A1%D7%A7%D7%99/
ok        9200ms MISS https://kerenmakor.org.il/films/%D7%90%D7%92%D7%95%D7%93%D7%95%D7%AA-%D7%94%D7%9B%D7%A4%D7%A8%D7%99%D7%9D/
ok       14688ms MISS https://kerenmakor.org.il/films/%D7%A2%D7%99%D7%9F-%D7%9C%D7%91%D7%A0%D7%94/
ok       12688ms MISS https://kerenmakor.org.il/films/%D7%94%D7%A7%D7%A8%D7%95%D7%95%D7%90%D7%9F-%D7%94%D7%90%D7%97%D7%A8%D7%95%D7%9F/
ok       11585ms MISS https://kerenmakor.org.il/films/%D7%9E%D7%91%D7%95%D7%A7%D7%A9-%D7%A8%D7%95%D7%A0%D7%99-%D7%A7%D7%9C%D7%93%D7%A8%D7%95%D7%9F/
ok       24392ms MISS https://kerenmakor.org.il/films/%d7%a2%d7%a8%d7%95%d7%9e%d7%99%d7%9d/
ok       10389ms MISS https://kerenmakor.org.il/films/%D7%9E%D7%A2%D7%9C%D7%94-%D7%A2%D7%A7%D7%A8%D7%91%D7%99%D7%9D/
ok        8915ms MISS https://kerenmakor.org.il/films/%D7%93%D7%99%D7%A0%D7%94-%D7%9E%D7%9C%D7%95%D7%9C-%D7%A2%D7%95%D7%A9%D7%94-%D7%9E%D7%9C%D7%97%D7%9E%D7%94/
ok       13582ms MISS https://kerenmakor.org.il/films/%D7%9E%D7%95%D7%96%D7%95%D7%AA-%D7%90%D7%9E%D7%9C-%D7%9E%D7%95%D7%A8%D7%A7%D7%95%D7%A1-%D7%90%D7%9E%D7%9C/
ok        7709ms MISS https://kerenmakor.org.il/films/%D7%A1%D7%95%D7%A1-%D7%9E%D7%A7%D7%A8%D7%99%D7%A1%D7%98%D7%9C/
ok        9702ms MISS https://kerenmakor.org.il/films/%D7%A1%D7%9C%D7%9E%D7%90/
ok        9885ms MISS https://kerenmakor.org.il/films/%D7%94%D7%A9%D7%91%D7%AA-%D7%94%D7%A9%D7%97%D7%95%D7%A8%D7%94/
ok        8707ms MISS https://kerenmakor.org.il/films/%D7%9B%D7%99%D7%A6%D7%93-%D7%95%D7%9E%D7%93%D7%95%D7%A2-%D7%94%D7%AA%D7%A4%D7%95%D7%92%D7%92-%D7%9E%D7%A8-%D7%99%D7%94%D7%95%D7%A9%D7%95%D7%A2/
ok       17412ms MISS https://kerenmakor.org.il/films/%D7%A4%D7%A8%D7%A4%D7%A8%D7%99%D7%9D/
ok       10022ms MISS https://kerenmakor.org.il/films/%D7%94%D7%97%D7%99%D7%95%D7%AA-%D7%94%D7%A8%D7%A2%D7%95%D7%AA-%D7%A9%D7%9C%D7%9A/
ok        7099ms MISS https://kerenmakor.org.il/films/%D7%94%D7%99%D7%A0%D7%95%D7%9E%D7%94/
ok       10206ms MISS https://kerenmakor.org.il/films/%D7%94%D7%A0%D7%9B%D7%9D-%D7%9E%D7%95%D7%96%D7%9E%D7%A0%D7%99%D7%9D/
ok       11173ms MISS https://kerenmakor.org.il/films/44-%D7%A9%D7%A2%D7%95%D7%AA/
ok       14471ms MISS https://kerenmakor.org.il/films/%D7%95%D7%96%D7%90%D7%AA-%D7%94%D7%A9%D7%90%D7%9C%D7%94/
ok       13988ms MISS https://kerenmakor.org.il/films/%D7%92%D7%9C%D7%95%D7%91%D7%A1%D7%98%D7%A8-%D7%91%D7%9B%D7%A0%D7%A8%D7%AA/
ok       12001ms MISS https://kerenmakor.org.il/films/%D7%9E%D7%9B%D7%AA%D7%91-%D7%A4%D7%A8%D7%99%D7%93%D7%94/
ok        9032ms MISS https://kerenmakor.org.il/films/%D7%A9%D7%A7%D7%A8-%D7%9C%D7%91%D7%9F/
ok        7954ms MISS https://kerenmakor.org.il/films/%D7%94%D7%91%D7%99%D7%AA-%D7%91%D7%A7%D7%A8%D7%99%D7%AA-%D7%A9%D7%9E%D7%95%D7%A0%D7%94/
ok        7398ms MISS https://kerenmakor.org.il/films/%D7%90%D7%92%D7%A0%D7%A1-%D7%A7%D7%9C%D7%98%D7%99-%D7%9C%D7%A0%D7%A6%D7%97-%D7%90%D7%AA-%D7%94%D7%96%D7%9E%D7%9F/
ok       17203ms MISS https://kerenmakor.org.il/films/%d7%90%d7%9c%d7%95%d7%a3-%d7%94%d7%a2%d7%95%d7%9c%d7%9d-%d7%a9%d7%9c%d7%99/
ok       18402ms MISS https://kerenmakor.org.il/films/%D7%97%D7%99%D7%99%D7%9D-%D7%91%D7%A6%D7%9C-%D7%94%D7%9E%D7%95%D7%95%D7%AA/
ok       18458ms MISS https://kerenmakor.org.il/films/%D7%9E%D7%95%D7%99%D7%99%D7%A1%D7%A8%D7%99%D7%9D/
ok       20202ms MISS https://kerenmakor.org.il/films/%d7%9c%d7%99%d7%99%d7%93%d7%99-%d7%9b%d7%9c-%d7%90%d7%9c-%d7%a2%d7%a8%d7%91/
ok       19805ms MISS https://kerenmakor.org.il/films/%D7%A4%D7%9C%D7%95%D7%9E%D7%95%D7%AA/
ok       20288ms MISS https://kerenmakor.org.il/films/%D7%94%D7%A2%D7%99%D7%A8-%D7%94%D7%90%D7%97%D7%A8%D7%AA/
ok       18477ms MISS https://kerenmakor.org.il/films/%D7%A8%D7%93%D7%95%D7%A3/
ok       20386ms MISS https://kerenmakor.org.il/films/%D7%94%D7%90%D7%A0%D7%93%D7%A8%D7%98%D7%94/
ok       15006ms MISS https://kerenmakor.org.il/films/%D7%A9%D7%A7%D7%95%D7%A3_%D7%9E%D7%98-%D7%94%D7%9E%D7%93%D7%A8%D7%99%D7%9A-%D7%9C%D7%AA%D7%9C-%D7%90%D7%91%D7%99%D7%91/
ok       11603ms MISS https://kerenmakor.org.il/films/%D7%94%D7%A9%D7%95%D7%9E%D7%A8%D7%95%D7%A0%D7%99-%D7%94%D7%91%D7%95%D7%93%D7%93/
ok       17385ms MISS https://kerenmakor.org.il/films/%D7%9E%D7%A8%D7%97%D7%91-%D7%9E%D7%95%D7%92%D7%9F-%D7%90%D7%95%D7%A8%D7%9F-%D7%92%D7%95%D7%99%D7%9C%D7%99/
ok       10086ms MISS https://kerenmakor.org.il/films/%D7%97%D7%9D/
ok       11507ms MISS https://kerenmakor.org.il/films/%D7%A9%D7%A8%D7%99%D7%9C/
ok        6701ms MISS https://kerenmakor.org.il/%d7%a6%d7%95%d7%a8-%d7%a7%d7%a9%d7%a8/
ok        6698ms MISS https://kerenmakor.org.il/films/%D7%9E%D7%97%D7%A9%D7%91%D7%95%D7%AA-%D7%9E%D7%A2%D7%95%D7%A4%D7%A4%D7%95%D7%AA/
ok        3983ms MISS https://kerenmakor.org.il/%d7%90%d7%95%d7%93%d7%95%d7%aa/
ok        5143ms MISS https://kerenmakor.org.il/films/%D7%A9%D7%99%D7%A8-%D7%9E%D7%9C%D7%97%D7%9E%D7%94/
ok        5633ms MISS https://kerenmakor.org.il/%3C!DOCTYPE%20html%3E%0A%3Chtml%20dir=
ok        7529ms MISS https://kerenmakor.org.il/%3C!DOCTYPE
ok       11053ms MISS https://kerenmakor.org.il/films/%d7%90%d7%94%d7%91%d7%95%d7%aa%d7%99%d7%94-%d7%a9%d7%9c-%d7%9c%d7%99%d7%90-%d7%a7%d7%a0%d7%99%d7%92/
ok       15922ms MISS https://kerenmakor.org.il/login/
ok       16904ms MISS https://kerenmakor.org.il/films/%d7%94%d7%a8%d7%91%d7%94-%d7%92%d7%95%d7%95%d7%a0%d7%99%d7%9d-%d7%9c%d7%a9%d7%97%d7%95%d7%a8/
ok       23958ms MISS https://kerenmakor.org.il/films/%d7%90%d7%a1%d7%aa%d7%99%d7%a8-%d7%a4%d7%a0%d7%99%d7%99/
ok       16503ms MISS https://kerenmakor.org.il/films/%d7%9b%d7%9c-%d7%a2%d7%a8%d7%91-%d7%9b%d7%a1%d7%90%d7%95%d7%aa/
ok       16577ms MISS https://kerenmakor.org.il/films/%d7%90%d7%91%d7%90-%d7%a9%d7%9c%d7%99-%d7%99%d7%a2%d7%a7%d7%91-%d7%a9%d7%91%d7%aa%d7%90%d7%99/
ok        7470ms MISS https://kerenmakor.org.il/more/מאיה-שקל-על-אדי-ואני/
ok        8072ms MISS https://kerenmakor.org.il/more/יום-תעשייה-פתוח-הסיפור-הקולנועי-בטכנו/
ok        8691ms MISS https://kerenmakor.org.il/more/an-open-industry-day-and-new-open-call-for-immersive-works/?lang=en
ok       13382ms MISS https://kerenmakor.org.il/more/פסטיבל-ניאוימגז-2026/
ok       15268ms MISS https://kerenmakor.org.il/more/לי-דרור-על-מזל-דגים/
ok       14112ms MISS https://kerenmakor.org.il/more/ברכות-לזוכות-בפסטיבל-אנימיקס-2024/
ok       15501ms MISS https://kerenmakor.org.il/9771/
ok       17100ms MISS https://kerenmakor.org.il/ציפיות-מועמד-לפרס-annie/
ok       19112ms MISS https://kerenmakor.org.il/8650/
ok       18221ms MISS https://kerenmakor.org.il/פרסי-אופיר-2019-סרטי-הקרן-שעלו-לשלב-המועמד/
ok        6208ms MISS https://kerenmakor.org.il/films/גרוסמן/
FILE           0B http://kerenmakor.org.il/wp-content/uploads/2020/05/%D7%9E%D7%A9%D7%91%D7%A8-%D7%94%D7%A7%D7%95%D7%A8%D7%95%D7%A0%D7%94-%D7%94%D7%95%D7%93%D7%A2%D7%94-%D7%9C%D7%99%D7%95%D7%A6%D7%A8%D7%99%D7%9D-%D7%9E%D7%9E%D7%A9%D7%A8%D7%93-%D7%94%D7%AA%D7%A7%D7%A9%D7%95%D7%A8%D7%AA.pdf
FILE           0B http://kerenmakor.org.il/wp-content/uploads/2020/05/%D7%A7%D7%95%D7%9C-%D7%A7%D7%95%D7%A8%D7%90-%D7%9C%D7%9E%D7%A1%D7%9C%D7%95%D7%9C%D7%99%D7%9D-%D7%94%D7%A9%D7%95%D7%A0%D7%99%D7%9D.pdf
FILE           0B http://kerenmakor.org.il/wp-content/uploads/2020/05/משבר-הקורונה-הודעה-ליוצרים-ממשרד-התקשורת.pdf
FILE           0B http://kerenmakor.org.il/wp-content/uploads/2020/05/קול-קורא-למסלולים-השונים.pdf
