Source: nfct (NFCT)
URLs:   3178
Depth:  0, Follow: True
Output: sources/nfct/pages

  ✓ https://nfct.org.il/blog/movies/%D7%90%D7%90%D7%95%D7%98-%D7%90%D7%98-%D7%A1%D7%99%D7%A7%D7%A1/ → nfct__blog_movies_D7_90_D7_90_D7_95_D7_98-_D7_90_D7_98-_D7_A1_D7_99_D7_A7_D7_A1__9615a8c3.md (7657 bytes)
  ✓ https://nfct.org.il/blog/movies/%D7%90%D7%91%D7%90-%D7%94%D7%95%D7%9C%D7%9A-%D7%9E%D7%A2%D7%91%D7%A8/ → nfct__blog_movies_D7_90_D7_91_D7_90-_D7_94_D7_95_D7_9C_D7_9A-_D7_9E_D7_A2_D7_91_D7_A8__1db052c7.md (7675 bytes)
  ✓ https://nfct.org.il/blog/movies/%D7%90%D7%91%D7%90-%D7%A9%D7%9C%D7%99-%D7%92%D7%99%D7%91%D7%95%D7%A8/ → nfct__blog_movies_D7_90_D7_91_D7_90-_D7_A9_D7_9C_D7_99-_D7_92_D7_99_D7_91_D7_95_D7_A8__0b0338e5.md (8255 bytes)
  ✓ https://nfct.org.il/blog/movies/%D7%90%D7%90%D7%95%D7%98-%D7%90%D7%98-%D7%A1%D7%A7%D7%A1/ → nfct__blog_movies_D7_90_D7_90_D7_95_D7_98-_D7_90_D7_98-_D7_A1_D7_A7_D7_A1__3d61ded5.md (8248 bytes)
  ✓ https://nfct.org.il/blog/movies/%D7%90%D7%91%D7%90-%D7%A9%D7%9C%D7%99-%D7%94%D7%95%D7%90-%D7%A1%D7%95%D7%97%D7%A8-%D7%A1%D7%9E%D7%99%D7%9D/ → nfct__blog_movies_D7_90_D7_91_D7_90-_D7_A9_D7_9C_D7_99-_D7_94_D7_95_D7_90-_D7_A1_D7_95__0cb399df.md (7789 bytes)
  ✓ https://nfct.org.il/blog/movies/%D7%90%D7%91%D7%90-%D7%A9%D7%A4%D7%94/ → nfct__blog_movies_D7_90_D7_91_D7_90-_D7_A9_D7_A4_D7_94__f74c682b.md (8191 bytes)
  ✓ https://nfct.org.il/blog/movies/%D7%90%D7%91%D7%90-%D7%A9%D7%9C%D7%99/ → nfct__blog_movies_D7_90_D7_91_D7_90-_D7_A9_D7_9C_D7_99__ec3e9e70.md (16364 bytes)
  ✓ https://nfct.org.il/blog/movies/%D7%90%D7%91%D7%95-%D7%A2%D7%95%D7%9E%D7%A8/ → nfct__blog_movies_D7_90_D7_91_D7_95-_D7_A2_D7_95_D7_9E_D7_A8__a5617aaa.md (7600 bytes)
  ✓ https://nfct.org.il/blog/movies/%D7%90%D7%91%D7%95-%D7%A0%D7%90%D7%92%D7%99/ → nfct__blog_movies_D7_90_D7_91_D7_95-_D7_A0_D7_90_D7_92_D7_99__adc04ddb.md (8180 bytes)
  ✓ https://nfct.org.il/blog/movies/%D7%90%D7%91%D7%95-%D7%A1%D7%9C%D7%99/ → nfct__blog_movies_D7_90_D7_91_D7_95-_D7_A1_D7_9C_D7_99__8a2e3275.md (8191 bytes)
  ✓ https://nfct.org.il/blog/movies/%D7%90%D7%91%D7%95%D7%92%D7%94/ → nfct__blog_movies_D7_90_D7_91_D7_95_D7_92_D7_94__b1a70e53.md (9335 bytes)
  ✓ https://nfct.org.il/blog/movies/%D7%90%D7%91%D7%98%D7%97%D7%94-%D7%92%D7%A8%D7%95%D7%91/ → nfct__blog_movies_D7_90_D7_91_D7_98_D7_97_D7_94-_D7_92_D7_A8_D7_95_D7_91__9f5aa2a0.md (7636 bytes)
  ✓ https://nfct.org.il/blog/movies/%D7%90%D7%91%D7%99%D7%91-%D7%92%D7%A4%D7%9F/ → nfct__blog_movies_D7_90_D7_91_D7_99_D7_91-_D7_92_D7_A4_D7_9F__7c4de19e.md (7600 bytes)
  ✓ https://nfct.org.il/blog/movies/%D7%90%D7%91%D7%99%D7%91-%D7%93%D7%95%D7%A8-%D7%9E%D7%A7%D7%95%D7%9C%D7%A7%D7%9C/ → nfct__blog_movies_D7_90_D7_91_D7_99_D7_91-_D7_93_D7_95_D7_A8-_D7_9E_D7_A7_D7_95_D7_9C___0f38415f.md (8291 bytes)
  ✓ https://nfct.org.il/blog/movies/%D7%90%D7%91%D7%99%D7%91-%D7%93%D7%95%D7%A8-%D7%A4%D7%90%D7%A7%D7%99%D7%A0%D7%92/ → nfct__blog_movies_D7_90_D7_91_D7_99_D7_91-_D7_93_D7_95_D7_A8-_D7_A4_D7_90_D7_A7_D7_99___421fa166.md (8291 bytes)
  ✓ https://nfct.org.il/blog/movies/%D7%90%D7%91%D7%99%D7%91-%D7%93%D7%95%D7%A8-%D7%A4%D7%95%D7%A5/ → nfct__blog_movies_D7_90_D7_91_D7_99_D7_91-_D7_93_D7_95_D7_A8-_D7_A4_D7_95_D7_A5__6cf90f9d.md (8266 bytes)
  ✓ https://nfct.org.il/blog/movies/%D7%90%D7%91%D7%99%D7%91-%D7%93%D7%95%D7%A8-%D7%A4%D7%A7%D7%95%D7%97/ → nfct__blog_movies_D7_90_D7_91_D7_99_D7_91-_D7_93_D7_95_D7_A8-_D7_A4_D7_A7_D7_95_D7_97__d7449fa5.md (8255 bytes)
  ✓ https://nfct.org.il/blog/movies/%D7%90%D7%91%D7%99%D7%91-%D7%93%D7%95%D7%A8-%D7%A4%D7%90%D7%A7%D7%90%D7%A4/ → nfct__blog_movies_D7_90_D7_91_D7_99_D7_91-_D7_93_D7_95_D7_A8-_D7_A4_D7_90_D7_A7_D7_90___7e1fa9e2.md (8302 bytes)
  ✓ https://nfct.org.il/blog/movies/%D7%90%D7%91%D7%99%D7%91-%D7%93%D7%95%D7%A8-%D7%A4%D7%A7%D7%95%D7%A7/ → nfct__blog_movies_D7_90_D7_91_D7_99_D7_91-_D7_93_D7_95_D7_A8-_D7_A4_D7_A7_D7_95_D7_A7__11ed3b72.md (7675 bytes)
  ✓ https://nfct.org.il/blog/movies/%D7%90%D7%91%D7%99-%D7%95%D7%90%D7%9C%D7%95%D7%94%D7%99%D7%9D/ → nfct__blog_movies_D7_90_D7_91_D7_99-_D7_95_D7_90_D7_9C_D7_95_D7_94_D7_99_D7_9D__4cb795dc.md (7654 bytes)
  ✓ https://nfct.org.il/blog/movies/%D7%90%D7%91%D7%99-%D7%94%D7%A7%D7%98%D7%9F-%D7%A9%D7%9C%D7%99/ → nfct__blog_movies_D7_90_D7_91_D7_99-_D7_94_D7_A7_D7_98_D7_9F-_D7_A9_D7_9C_D7_99__ce4fec74.md (7657 bytes)
  ✓ https://nfct.org.il/blog/movies/%D7%90%D7%91%D7%99-%D7%9E%D7%9C%D7%9B%D7%99/ → nfct__blog_movies_D7_90_D7_91_D7_99-_D7_9E_D7_9C_D7_9B_D7_99__0582500c.md (7600 bytes)
  ✓ https://nfct.org.il/blog/movies/%D7%90%D7%91%D7%99-%D7%9E%D7%A9%D7%A0%D7%94-%D7%90%D7%AA-%D7%A9%D7%9E%D7%99/ → nfct__blog_movies_D7_90_D7_91_D7_99-_D7_9E_D7_A9_D7_A0_D7_94-_D7_90_D7_AA-_D7_A9_D7_9E__28cccbaf.md (7696 bytes)
  ✓ https://nfct.org.il/blog/movies/%D7%90%D7%91%D7%99-%D7%9E%D7%95%D7%9C%D7%99%D7%9B%D7%99/ → nfct__blog_movies_D7_90_D7_91_D7_99-_D7_9E_D7_95_D7_9C_D7_99_D7_9B_D7_99__6a592cb0.md (8216 bytes)
  ✓ https://nfct.org.il/blog/movies/%D7%90%D7%91%D7%99-%D7%A9%D7%9C%D7%99-%D7%90%D7%93%D7%95%D7%A0%D7%99/ → nfct__blog_movies_D7_90_D7_91_D7_99-_D7_A9_D7_9C_D7_99-_D7_90_D7_93_D7_95_D7_A0_D7_99__7492e72e.md (8255 bytes)
  ✓ https://nfct.org.il/blog/movies/%D7%90%D7%91%D7%99-%D7%9E%D7%A9%D7%A0%D7%94/ → nfct__blog_movies_D7_90_D7_91_D7_99-_D7_9E_D7_A9_D7_A0_D7_94__2a3058f2.md (8180 bytes)
  ✓ https://nfct.org.il/blog/movies/%D7%90%D7%91%D7%9C%D7%94-%D7%90%D7%A1%D7%A4%D7%A0%D7%99%D7%95%D7%9C/ → nfct__blog_movies_D7_90_D7_91_D7_9C_D7_94-_D7_90_D7_A1_D7_A4_D7_A0_D7_99_D7_95_D7_9C__a269bab3.md (7672 bytes)
  ✓ https://nfct.org.il/blog/movies/%D7%90%D7%91%D7%9F-%D7%A7%D7%93%D7%95%D7%A9%D7%94/ → nfct__blog_movies_D7_90_D7_91_D7_9F-_D7_A7_D7_93_D7_95_D7_A9_D7_94__45266456.md (8198 bytes)
  ✓ https://nfct.org.il/blog/movies/%D7%90%D7%92%D7%93%D7%94/ → nfct__blog_movies_D7_90_D7_92_D7_93_D7_94__c794df5d.md (7543 bytes)
  ✓ https://nfct.org.il/blog/movies/%D7%90%D7%92%D7%95%D7%A8%D7%95%D7%AA-%2F-%D9%82%D8%B1%D8%B4/ → nfct__blog_movies_D7_90_D7_92_D7_95_D7_A8_D7_95_D7_AA-_2F-_D9_82_D8_B1_D8_B4__84b16f6c.md (8228 bytes)
  ✓ https://nfct.org.il/blog/movies/%D7%90%D7%93%D7%94-%D7%A1%D7%A8%D7%A0%D7%99-%D7%94%D7%90%D7%99%D7%A9%D7%94-%D7%91%D7%A9%D7%9E%D7%9C%D7%94-%D7%94%D7%A9%D7%97%D7%95%D7%A8%D7%94/ → nfct__blog_movies_D7_90_D7_93_D7_94-_D7_A1_D7_A8_D7_A0_D7_99-_D7_94_D7_90_D7_99_D7_A9___3401f66f.md (7897 bytes)
  ✓ https://nfct.org.il/blog/movies/%D7%90%D7%93%D7%94-%D7%A1%D7%A8%D7%A0%D7%99-%D7%94%D7%92%D7%91%D7%A8%D7%AA-%D7%91%D7%A9%D7%9E%D7%9C%D7%94-%D7%94%D7%A9%D7%97%D7%95%D7%A8%D7%94/ → nfct__blog_movies_D7_90_D7_93_D7_94-_D7_A1_D7_A8_D7_A0_D7_99-_D7_94_D7_92_D7_91_D7_A8___b26cd42e.md (7897 bytes)
  ✓ https://nfct.org.il/blog/movies/%D7%90%D7%93%D7%94-%D7%A1%D7%A8%D7%A0%D7%99-%D7%94%D7%92%D7%91%D7%A8%D7%AA-%D7%91%D7%A9%D7%9E%D7%9C%D7%94-%D7%A9%D7%97%D7%95%D7%A8%D7%94/ → nfct__blog_movies_D7_90_D7_93_D7_94-_D7_A1_D7_A8_D7_A0_D7_99-_D7_94_D7_92_D7_91_D7_A8___9ef31d6d.md (8459 bytes)
  ✓ https://nfct.org.il/blog/movies/%D7%90%D7%92%D7%99%D7%93-%D7%9C%D7%9A-%D7%9B%D7%A9%D7%96%D7%94-%D7%99%D7%99%D7%92%D7%9E%D7%A8/ → nfct__blog_movies_D7_90_D7_92_D7_99_D7_93-_D7_9C_D7_9A-_D7_9B_D7_A9_D7_96_D7_94-_D7_99__4851716a.md (8359 bytes)
  ✓ https://nfct.org.il/blog/movies/%D7%90%D7%93%D7%94-%D7%A1%D7%A8%D7%A0%D7%99-%D7%9C%D7%99%D7%99%D7%93%D7%99-%D7%91%D7%A9%D7%9E%D7%9C%D7%94-%D7%A9%D7%97%D7%95%D7%A8%D7%94/ → nfct__blog_movies_D7_90_D7_93_D7_94-_D7_A1_D7_A8_D7_A0_D7_99-_D7_9C_D7_99_D7_99_D7_93___b38cf897.md (7879 bytes)
  ✓ https://nfct.org.il/blog/movies/%D7%90%D7%93%D7%94---%D7%90%D7%9E%D7%90-%D7%A9%D7%9C%D7%99-%D7%94%D7%90%D7%93%D7%A8%D7%99%D7%9B%D7%9C%D7%99%D7%AA/ → nfct__blog_movies_D7_90_D7_93_D7_94---_D7_90_D7_9E_D7_90-_D7_A9_D7_9C_D7_99-_D7_94_D7___89221934.md (7810 bytes)
  ✓ https://nfct.org.il/blog/movies/%D7%90%D7%93%D7%94-%E2%80%93-%D7%90%D7%9E%D7%90-%D7%A9%D7%9C%D7%99-%D7%94%D7%90%D7%93%D7%A8%D7%99%D7%9B%D7%9C%D7%99%D7%AA/ → nfct__blog_movies_D7_90_D7_93_D7_94-_E2_80_93-_D7_90_D7_9E_D7_90-_D7_A9_D7_9C_D7_99-_D__ce41c8cb.md (7834 bytes)
  ✓ https://nfct.org.il/blog/movies/%D7%90%D7%93%D7%A0%D7%94-%D7%95%D7%94%D7%9B%D7%9C%D7%91/ → nfct__blog_movies_D7_90_D7_93_D7_A0_D7_94-_D7_95_D7_94_D7_9B_D7_9C_D7_91__c8f37e7a.md (8216 bytes)
  ✓ https://nfct.org.il/blog/movies/%D7%90%D7%93%D7%A4%D7%98%D7%A6%D7%99%D7%94-%D7%9C%D7%97%D7%A9%D7%99%D7%9B%D7%94/ → nfct__blog_movies_D7_90_D7_93_D7_A4_D7_98_D7_A6_D7_99_D7_94-_D7_9C_D7_97_D7_A9_D7_99_D__b2ebab25.md (7708 bytes)
  ✓ https://nfct.org.il/blog/movies/%D7%90%D7%93%D7%94-%D7%A1%D7%A8%D7%A0%D7%99-%D7%9C%D7%99%D7%99%D7%93%D7%99-%D7%91%D7%A9%D7%97%D7%95%D7%A8/ → nfct__blog_movies_D7_90_D7_93_D7_94-_D7_A1_D7_A8_D7_A0_D7_99-_D7_9C_D7_99_D7_99_D7_93___d28411c9.md (10010 bytes)
  ✓ https://nfct.org.il/blog/movies/%D7%90%D7%93%D7%A8%D7%99%D7%9B%D7%9C%D7%95%D7%AA-%D7%99%D7%A9%D7%A8%D7%90%D7%9C%D7%99%D7%AA/ → nfct__blog_movies_D7_90_D7_93_D7_A8_D7_99_D7_9B_D7_9C_D7_95_D7_AA-_D7_99_D7_A9_D7_A8_D__337f0c04.md (7744 bytes)
  ✓ https://nfct.org.il/blog/movies/%D7%90%D7%93%D7%A8%D7%99%D7%9B%D7%9C%D7%95%D7%AA/ → nfct__blog_movies_D7_90_D7_93_D7_A8_D7_99_D7_9B_D7_9C_D7_95_D7_AA__b3ba2084.md (8224 bytes)
  ✓ https://nfct.org.il/blog/movies/%D7%90%D7%94%D7%91%D7%94%D7%90/ → nfct__blog_movies_D7_90_D7_94_D7_91_D7_94_D7_90__a8ee8d4d.md (8170 bytes)
  ✓ https://nfct.org.il/blog/movies/%D7%90%D7%94%D7%91%D7%94-%D7%93%D7%99%D7%92%D7%99%D7%98%D7%9C%D7%99%D7%AA/ → nfct__blog_movies_D7_90_D7_94_D7_91_D7_94-_D7_93_D7_99_D7_92_D7_99_D7_98_D7_9C_D7_99_D__d08ef12f.md (8270 bytes)
  ✓ https://nfct.org.il/blog/movies/%D7%90%D7%94%D7%91%D7%94-%D7%9C%D7%90-%D7%9E%D7%9E%D7%95%D7%9E%D7%A9%D7%AA/ → nfct__blog_movies_D7_90_D7_94_D7_91_D7_94-_D7_9C_D7_90-_D7_9E_D7_9E_D7_95_D7_9E_D7_A9___d5a3162f.md (7693 bytes)
  ✓ https://nfct.org.il/blog/movies/%D7%90%D7%94%D7%91%D7%94-%D7%90%D7%A1%D7%95%D7%A8%D7%94/ → nfct__blog_movies_D7_90_D7_94_D7_91_D7_94-_D7_90_D7_A1_D7_95_D7_A8_D7_94__9a2b4e5d.md (8245 bytes)
  ✗ https://nfct.org.il/blog/movies/%D7%90%D7%91%D7%90-%D7%90%D7%9E%D7%90/: HTTPSConnectionPool(host='crawl4ai-wrapper-559961100092.europe-west1.run.app', port=443): Read timed out. (read timeout=120)
  ✓ https://nfct.org.il/blog/movies/%D7%90%D7%94%D7%91%D7%94-%D7%9C%D7%9C%D7%90-%D7%9E%D7%99%D7%9C%D7%99%D7%9D/ → nfct__blog_movies_D7_90_D7_94_D7_91_D7_94-_D7_9C_D7_9C_D7_90-_D7_9E_D7_99_D7_9C_D7_99___14dac975.md (8273 bytes)
  ✓ https://nfct.org.il/blog/movies/%D7%90%D7%94%D7%91%D7%94-%D7%9E%D7%A2%D7%91%D7%A8-%D7%9C%D7%9E%D7%99%D7%9C%D7%99%D7%9D/ → nfct__blog_movies_D7_90_D7_94_D7_91_D7_94-_D7_9E_D7_A2_D7_91_D7_A8-_D7_9C_D7_9E_D7_99___79c95e37.md (8309 bytes)
  ✓ https://nfct.org.il/blog/movies/%D7%90%D7%94%D7%91%D7%94-%D7%A0%D7%9B%D7%96%D7%91%D7%AA/ → nfct__blog_movies_D7_90_D7_94_D7_91_D7_94-_D7_A0_D7_9B_D7_96_D7_91_D7_AA__0e77bae2.md (7636 bytes)
  ✓ https://nfct.org.il/blog/movies/%D7%90%D7%94%D7%91%D7%94-%D7%A6%D7%A4%D7%94/ → nfct__blog_movies_D7_90_D7_94_D7_91_D7_94-_D7_A6_D7_A4_D7_94__a113d0be.md (7600 bytes)
  ✓ https://nfct.org.il/blog/movies/%D7%90%D7%94%D7%91%D7%94-%D7%A2%D7%99%D7%95%D7%95%D7%A8%D7%AA-%D7%95%D7%97%D7%99%D7%A8%D7%A9%D7%AA/ → nfct__blog_movies_D7_90_D7_94_D7_91_D7_94-_D7_A2_D7_99_D7_95_D7_95_D7_A8_D7_AA-_D7_95___57de8306.md (7765 bytes)
  ✓ https://nfct.org.il/blog/movies/%D7%90%D7%94%D7%91%D7%94/ → nfct__blog_movies_D7_90_D7_94_D7_91_D7_94__b189aad0.md (15322 bytes)
  ✗ https://nfct.org.il/blog/movies/%D7%90%D7%94%D7%95%D7%91%D7%94-%D7%A2%D7%95%D7%96%D7%A8%D7%99-%D7%A6%D7%9C%D7%A6%D7%95%D7%9C%D7%99-%D7%A4%D7%A2%D7%9E%D7%95%D7%A0%D7%99%D7%9D/: 429 Client Error: Too Many Requests for url: https://crawl4ai-wrapper-559961100092.europe-west1.run.app/scrape
  ✗ https://nfct.org.il/blog/movies/%D7%90%D7%94-%D7%94%D7%90-%D7%95%D7%90/: 429 Client Error: Too Many Requests for url: https://crawl4ai-wrapper-559961100092.europe-west1.run.app/scrape
  ✓ https://nfct.org.il/blog/movies/%D7%90%D7%94%D7%91%D7%9C%D7%94-%D7%A1%D7%A4%D7%A8%D7%93%D7%99/ → nfct__blog_movies_D7_90_D7_94_D7_91_D7_9C_D7_94-_D7_A1_D7_A4_D7_A8_D7_93_D7_99__eef7ae40.md (7654 bytes)
  ✓ https://nfct.org.il/blog/movies/%D7%90%D7%94%D7%95%D7%91%D7%94-%D7%9E%D7%99%D7%AA%D7%95%D7%9C%D7%95%D7%92%D7%99%D7%AA/ → nfct__blog_movies_D7_90_D7_94_D7_95_D7_91_D7_94-_D7_9E_D7_99_D7_AA_D7_95_D7_9C_D7_95_D__a1faea5d.md (8335 bytes)
  ✓ https://nfct.org.il/blog/movies/%D7%90%D7%95%D7%91%D7%93%D7%9F-%D7%92%D7%A2%D7%92%D7%95%D7%A2%D7%99%D7%9D/ → nfct__blog_movies_D7_90_D7_95_D7_91_D7_93_D7_9F-_D7_92_D7_A2_D7_92_D7_95_D7_A2_D7_99_D__fc15e88c.md (7690 bytes)
  ✓ https://nfct.org.il/blog/movies/%D7%90%D7%94%D7%91%D7%AA-%D7%A0%D7%A2%D7%95%D7%A8%D7%99%D7%9D/ → nfct__blog_movies_D7_90_D7_94_D7_91_D7_AA-_D7_A0_D7_A2_D7_95_D7_A8_D7_99_D7_9D__28372e55.md (8263 bytes)
  ✓ https://nfct.org.il/blog/movies/%D7%90%D7%95%D7%91%D7%93%D7%A0%D7%95%D7%AA/ → nfct__blog_movies_D7_90_D7_95_D7_91_D7_93_D7_A0_D7_95_D7_AA__678327e9.md (7597 bytes)
  ✓ https://nfct.org.il/blog/movies/%D7%90%D7%95%D7%92%D7%95%D7%A1%D7%98-%D7%A8%D7%92%D7%A2-%D7%9C%D7%A4%D7%A0%D7%99%E2%80%A6/ → nfct__blog_movies_D7_90_D7_95_D7_92_D7_95_D7_A1_D7_98-_D7_A8_D7_92_D7_A2-_D7_9C_D7_A4___42b07107.md (8318 bytes)
  ✓ https://nfct.org.il/blog/movies/%D7%90%D7%95%D7%92%D7%95%D7%A1%D7%98-%E2%80%93-%D7%A8%D7%92%D7%A2-%D7%9C%D7%A4%D7%A0%D7%99-%D7%94%D7%AA%D7%A4%D7%A8%D7%A6%D7%95%D7%AA/ → nfct__blog_movies_D7_90_D7_95_D7_92_D7_95_D7_A1_D7_98-_E2_80_93-_D7_A8_D7_92_D7_A2-_D7__655b8846.md (7870 bytes)
  ✓ https://nfct.org.il/blog/movies/%D7%90%D7%94-%D7%94%D7%90-%D7%95%D7%95%D7%90/ → nfct__blog_movies_D7_90_D7_94-_D7_94_D7_90-_D7_95_D7_95_D7_90__a8e40130.md (7603 bytes)
  ✓ https://nfct.org.il/blog/movies/%D7%90%D7%95%D7%92%D7%95%D7%A1%D7%98-%E2%80%93-%D7%A8%D7%92%D7%A2-%D7%9C%D7%A4%D7%A0%D7%99-%D7%94%D7%94%D7%AA%D7%A4%D7%A8%D7%A6%D7%95%D7%AA/ → nfct__blog_movies_D7_90_D7_95_D7_92_D7_95_D7_A1_D7_98-_E2_80_93-_D7_A8_D7_92_D7_A2-_D7__d3c9c69f.md (10316 bytes)
  ✓ https://nfct.org.il/blog/movies/%D7%90%D7%95%D7%92%D7%95%D7%A1%D7%98---%D7%A8%D7%92%D7%A2-%D7%9C%D7%A4%D7%A0%D7%99-%D7%94%D7%94%D7%AA%D7%A4%D7%A8%D7%A6%D7%95%D7%AA/ → nfct__blog_movies_D7_90_D7_95_D7_92_D7_95_D7_A1_D7_98---_D7_A8_D7_92_D7_A2-_D7_9C_D7_A__c70a0cde.md (8444 bytes)
  ✓ https://nfct.org.il/blog/movies/%D7%90%D7%95%D7%93%D7%A1%D7%94%E2%80%A6-%D7%90%D7%95%D7%93%D7%A1%D7%94/ → nfct__blog_movies_D7_90_D7_95_D7_93_D7_A1_D7_94_E2_80_A6-_D7_90_D7_95_D7_93_D7_A1_D7_9__d8b0459f.md (8261 bytes)
  ✓ https://nfct.org.il/blog/movies/%D7%90%D7%95%D7%98%D7%95%D7%A4%D7%A1%D7%99%D7%94-%D7%A9%D7%9C-%D7%A1%D7%95%D7%95%D7%9F-%D7%A1%D7%95%D7%95%D7%A0%D7%A1%D7%95%D7%9F/ → nfct__blog_movies_D7_90_D7_95_D7_98_D7_95_D7_A4_D7_A1_D7_99_D7_94-_D7_A9_D7_9C-_D7_A1___88b1781f.md (7858 bytes)
  ✓ https://nfct.org.il/blog/movies/%D7%90%D7%95%D7%95%D7%99%D7%A8-%D7%A0%D7%95%D7%9C%D7%93/ → nfct__blog_movies_D7_90_D7_95_D7_95_D7_99_D7_A8-_D7_A0_D7_95_D7_9C_D7_93__05493a9c.md (8216 bytes)
  ✓ https://nfct.org.il/blog/movies/%D7%90%D7%95%D7%98%D7%95-%D7%91%D7%99%D7%95%D7%92%D7%A8%D7%A4%D7%99/ → nfct__blog_movies_D7_90_D7_95_D7_98_D7_95-_D7_91_D7_99_D7_95_D7_92_D7_A8_D7_A4_D7_99__1e1a6481.md (7672 bytes)
  ✓ https://nfct.org.il/blog/movies/%D7%90%D7%95%D7%93%D7%A1%D7%94/ → nfct__blog_movies_D7_90_D7_95_D7_93_D7_A1_D7_94__8db1199d.md (17931 bytes)
  ✓ https://nfct.org.il/blog/movies/%D7%90%D7%95%D7%9C%D7%98%D7%A8%D7%94-%D7%9C%D7%99%D7%99%D7%98/ → nfct__blog_movies_D7_90_D7_95_D7_9C_D7_98_D7_A8_D7_94-_D7_9C_D7_99_D7_99_D7_98__e431a89d.md (7654 bytes)
  ✓ https://nfct.org.il/blog/movies/%D7%90%D7%95%D7%9C%D7%99%D7%98%D7%99%D7%9E%D7%98%D7%95%D7%9D/ → nfct__blog_movies_D7_90_D7_95_D7_9C_D7_99_D7_98_D7_99_D7_9E_D7_98_D7_95_D7_9D__4d04661e.md (7651 bytes)
  ✓ https://nfct.org.il/blog/movies/%D7%90%D7%95%D7%9C%D7%99%D7%9E%D7%A4%D7%99%D7%90%D7%93%D7%AA-%D7%90%D7%9E%D7%90-%D7%94%D7%A8%D7%90%D7%A9%D7%95%D7%A0%D7%94/ → nfct__blog_movies_D7_90_D7_95_D7_9C_D7_99_D7_9E_D7_A4_D7_99_D7_90_D7_93_D7_AA-_D7_90_D__c9d0a543.md (8446 bytes)
  ✓ https://nfct.org.il/blog/movies/%D7%90%D7%95%D7%9D-%D7%9B%D7%95%D7%9C%D7%AA%D7%95%D7%9D/ → nfct__blog_movies_D7_90_D7_95_D7_9D-_D7_9B_D7_95_D7_9C_D7_AA_D7_95_D7_9D__46165a81.md (7636 bytes)
  ✓ https://nfct.org.il/blog/movies/%D7%90%D7%95%D7%9C%D7%99-%D7%A0%D7%A7%D7%9E%D7%94-%D7%90%D7%97%D7%AA-%D7%9E%D7%A9%D7%AA%D7%99-%D7%A2%D7%99%D7%A0%D7%99%D7%99/ → nfct__blog_movies_D7_90_D7_95_D7_9C_D7_99-_D7_A0_D7_A7_D7_9E_D7_94-_D7_90_D7_97_D7_AA-__b9afa8b4.md (8452 bytes)
  ✓ https://nfct.org.il/blog/movies/%D7%90%D7%95%D7%9B%D7%9C%D7%95%D7%A1%D7%99%D7%99%D7%94-%D7%90%D7%96%D7%A8%D7%97%D7%99%D7%AA/ → nfct__blog_movies_D7_90_D7_95_D7_9B_D7_9C_D7_95_D7_A1_D7_99_D7_99_D7_94-_D7_90_D7_96_D__b427eff9.md (9884 bytes)
  ✓ https://nfct.org.il/blog/movies/%D7%90%D7%95%D7%A0%D7%A7%D7%95%D7%9C%D7%95%D7%92%D7%99%D7%94/ → nfct__blog_movies_D7_90_D7_95_D7_A0_D7_A7_D7_95_D7_9C_D7_95_D7_92_D7_99_D7_94__13b11fd7.md (7651 bytes)
  ✓ https://nfct.org.il/blog/movies/%D7%90%D7%95%D7%A1%D7%A3-%D7%99%D7%93%D7%99%D7%93%D7%99%D7%94/ → nfct__blog_movies_D7_90_D7_95_D7_A1_D7_A3-_D7_99_D7_93_D7_99_D7_93_D7_99_D7_94__c45eab1b.md (7654 bytes)
  ✓ https://nfct.org.il/blog/movies/%D7%90%D7%95%D7%A1%D7%A3-%D7%99%D7%94%D7%95%D7%93%D7%99%D7%94/ → nfct__blog_movies_D7_90_D7_95_D7_A1_D7_A3-_D7_99_D7_94_D7_95_D7_93_D7_99_D7_94__b3b7c3ce.md (7654 bytes)
  ✓ https://nfct.org.il/blog/movies/%D7%90%D7%95%D7%A1%D7%AA%D7%95%D7%A8%D7%94/ → nfct__blog_movies_D7_90_D7_95_D7_A1_D7_AA_D7_95_D7_A8_D7_94__8fbac1cf.md (7597 bytes)
  ✓ https://nfct.org.il/blog/movies/%D7%90%D7%95%D7%A4%D7%95%D7%96%D7%99%D7%A6%D7%99%D7%94/ → nfct__blog_movies_D7_90_D7_95_D7_A4_D7_95_D7_96_D7_99_D7_A6_D7_99_D7_94__a9fc2479.md (7633 bytes)
  ✓ https://nfct.org.il/blog/movies/%D7%90%D7%95%D7%A4%D7%A0%D7%94-%D7%99%D7%A9%D7%A8%D7%90%D7%9C%D7%99%D7%AA/ → nfct__blog_movies_D7_90_D7_95_D7_A4_D7_A0_D7_94-_D7_99_D7_A9_D7_A8_D7_90_D7_9C_D7_99_D__b816bf20.md (8270 bytes)
  ✓ https://nfct.org.il/blog/movies/%D7%90%D7%95%D7%A4%D7%A8%D7%AA-%D7%A8%D7%90%D7%A4/ → nfct__blog_movies_D7_90_D7_95_D7_A4_D7_A8_D7_AA-_D7_A8_D7_90_D7_A4__01780ee8.md (7618 bytes)
  ✓ https://nfct.org.il/blog/movies/%D7%90%D7%95%D7%A4%D7%A1%D7%99%D7%99%D7%93/ → nfct__blog_movies_D7_90_D7_95_D7_A4_D7_A1_D7_99_D7_99_D7_93__a2d46bf8.md (7597 bytes)
  ✓ https://nfct.org.il/blog/movies/%D7%90%D7%95%D7%A7%D7%A1%D7%99%D7%92%D7%9F/ → nfct__blog_movies_D7_90_D7_95_D7_A7_D7_A1_D7_99_D7_92_D7_9F__9c883a94.md (7597 bytes)
  ✓ https://nfct.org.il/blog/movies/%D7%90%D7%95%D7%A6%D7%A8-%D7%A9%D7%9C-%D7%90%D7%9C%D7%99%D7%94/ → nfct__blog_movies_D7_90_D7_95_D7_A6_D7_A8-_D7_A9_D7_9C-_D7_90_D7_9C_D7_99_D7_94__b37b6f85.md (8266 bytes)
  ✓ https://nfct.org.il/blog/movies/%D7%90%D7%95%D7%A8%D7%99-%D7%90%D7%91%D7%A0%D7%A8%D7%99-%D7%9C%D7%95%D7%97%D7%9D-%D7%9C%D7%A9%D7%9C%D7%95%D7%9D/ → nfct__blog_movies_D7_90_D7_95_D7_A8_D7_99-_D7_90_D7_91_D7_A0_D7_A8_D7_99-_D7_9C_D7_95___5f68366d.md (8413 bytes)
  ✓ https://nfct.org.il/blog/movies/%D7%90%D7%95%D7%A9%D7%A8-%D7%95%D7%A9%D7%9E%D7%97%D7%94/ → nfct__blog_movies_D7_90_D7_95_D7_A9_D7_A8-_D7_95_D7_A9_D7_9E_D7_97_D7_94__59365585.md (7636 bytes)
  ✓ https://nfct.org.il/blog/movies/%D7%90%D7%97%D7%91%D7%9C%D7%94-%D7%90%D7%A1%D7%A4%D7%A0%D7%99%D7%95%D7%9C/ → nfct__blog_movies_D7_90_D7_97_D7_91_D7_9C_D7_94-_D7_90_D7_A1_D7_A4_D7_A0_D7_99_D7_95_D__1740db3a.md (8299 bytes)
  ✓ https://nfct.org.il/blog/movies/%D7%90%D7%97%D7%93-%D7%94%D7%92%D7%A8%D7%A1%D7%90%D7%95%D7%AA/ → nfct__blog_movies_D7_90_D7_97_D7_93-_D7_94_D7_92_D7_A8_D7_A1_D7_90_D7_95_D7_AA__efe2399a.md (7654 bytes)
  ✓ https://nfct.org.il/blog/movies/%D7%90%D7%95%D7%A8-%D7%95%D7%97%D7%95%D7%A9%D7%9A/ → nfct__blog_movies_D7_90_D7_95_D7_A8-_D7_95_D7_97_D7_95_D7_A9_D7_9A__0575fc86.md (9506 bytes)
  ✓ https://nfct.org.il/blog/movies/%D7%90%D7%97%D7%93-%D7%9E%D7%94%D7%92%D7%A8%D7%A1%D7%90%D7%95%D7%AA/ → nfct__blog_movies_D7_90_D7_97_D7_93-_D7_9E_D7_94_D7_92_D7_A8_D7_A1_D7_90_D7_95_D7_AA__6b8501de.md (8252 bytes)
  ✓ https://nfct.org.il/blog/movies/%D7%90%D7%97%D7%93-%D7%A9%D7%AA%D7%99%D7%99%D7%9D-%D7%94%D7%91%D7%99%D7%AA%D7%94/ → nfct__blog_movies_D7_90_D7_97_D7_93-_D7_A9_D7_AA_D7_99_D7_99_D7_9D-_D7_94_D7_91_D7_99___5467f03e.md (8320 bytes)
  ✓ https://nfct.org.il/blog/movies/%D7%90%D7%97%D7%95%D7%A8%D7%94/ → nfct__blog_movies_D7_90_D7_97_D7_95_D7_A8_D7_94__8292811d.md (8170 bytes)
  ✓ https://nfct.org.il/blog/movies/%D7%90%D7%97%D7%95%D7%AA%D7%95-%D7%A9%D7%9C-%D7%9E%D7%95%D7%A1%D7%95%D7%9C%D7%99%D7%A0%D7%99/ → nfct__blog_movies_D7_90_D7_97_D7_95_D7_AA_D7_95-_D7_A9_D7_9C-_D7_9E_D7_95_D7_A1_D7_95___8145e151.md (8327 bytes)
  ✓ https://nfct.org.il/blog/movies/%D7%90%D7%97%D7%95%D7%AA%D7%99-%D7%A9%D7%95%D7%9E%D7%A8%D7%AA/ → nfct__blog_movies_D7_90_D7_97_D7_95_D7_AA_D7_99-_D7_A9_D7_95_D7_9E_D7_A8_D7_AA__f0b23068.md (7654 bytes)
  ✗ https://nfct.org.il/blog/movies/%D7%90%D7%94%D7%91%D7%9C%D7%94-%D7%A1%D7%A4%D7%A8%D7%93%D7%99%D7%AA/: HTTPSConnectionPool(host='crawl4ai-wrapper-559961100092.europe-west1.run.app', port=443): Read timed out. (read timeout=120)
  ✓ https://nfct.org.il/blog/movies/%D7%90%D7%97%D7%99%D7%95%D7%AA-%D7%91%D7%A0%D7%A9%D7%A7/ → nfct__blog_movies_D7_90_D7_97_D7_99_D7_95_D7_AA-_D7_91_D7_A0_D7_A9_D7_A7__7e0ef3d6.md (8216 bytes)
  ✓ https://nfct.org.il/blog/movies/%D7%90%D7%97%D7%99%D7%95%D7%AA-%D7%91%D7%9E%D7%93%D7%99%D7%9D/ → nfct__blog_movies_D7_90_D7_97_D7_99_D7_95_D7_AA-_D7_91_D7_9E_D7_93_D7_99_D7_9D__7ff698d6.md (8263 bytes)
  ✓ https://nfct.org.il/blog/movies/%D7%90%D7%97%D7%99%D7%95%D7%AA-%D7%95%D7%9C%D7%93%D7%A8%D7%9E%D7%94/ → nfct__blog_movies_D7_90_D7_97_D7_99_D7_95_D7_AA-_D7_95_D7_9C_D7_93_D7_A8_D7_9E_D7_94__81b866f1.md (7672 bytes)
  ✓ https://nfct.org.il/blog/movies/%D7%90%D7%97%D7%99%D7%95%D7%AA-%D7%AA%D7%90%D7%95%D7%9E%D7%95%D7%AA/ → nfct__blog_movies_D7_90_D7_97_D7_99_D7_95_D7_AA-_D7_AA_D7_90_D7_95_D7_9E_D7_95_D7_AA__fe91dcc6.md (7672 bytes)
  ✓ https://nfct.org.il/blog/movies/%D7%90%D7%97%D7%99%D7%9D-%D7%A9%D7%9B%D7%95%D7%9C%D7%99%D7%9D/ → nfct__blog_movies_D7_90_D7_97_D7_99_D7_9D-_D7_A9_D7_9B_D7_95_D7_9C_D7_99_D7_9D__dbf2a219.md (8263 bytes)
  ✓ https://nfct.org.il/blog/movies/%D7%90%D7%97%D7%9C%D7%94-%D7%90%D7%A1%D7%A4%D7%A0%D7%99%D7%95%D7%9C/ → nfct__blog_movies_D7_90_D7_97_D7_9C_D7_94-_D7_90_D7_A1_D7_A4_D7_A0_D7_99_D7_95_D7_9C__616d062c.md (8252 bytes)
  ✓ https://nfct.org.il/blog/movies/%D7%90%D7%97%D7%99%D7%9D-%D7%9C%D7%A0%D7%A9%D7%A7/ → nfct__blog_movies_D7_90_D7_97_D7_99_D7_9D-_D7_9C_D7_A0_D7_A9_D7_A7__74585e9f.md (7618 bytes)
  ✓ https://nfct.org.il/blog/movies/%D7%90%D7%97%D7%9C%D7%90%D7%9D-%D7%AA%D7%9E%D7%99%D7%9E%D7%99/ → nfct__blog_movies_D7_90_D7_97_D7_9C_D7_90_D7_9D-_D7_AA_D7_9E_D7_99_D7_9E_D7_99__0c91d604.md (8263 bytes)
  ✓ https://nfct.org.il/blog/movies/%D7%90%D7%97%D7%A8%D7%99-%D7%97%D7%A6%D7%95%D7%AA-%D7%94%D7%A1%D7%95%D7%93-%D7%94%D7%90%D7%A4%D7%9C-%D7%91%D7%99%D7%95%D7%AA%D7%A8-%D7%A9%D7%9C-%D7%94%D7%A2%D7%99%D7%A8/ → nfct__blog_movies_D7_90_D7_97_D7_A8_D7_99-_D7_97_D7_A6_D7_95_D7_AA-_D7_94_D7_A1_D7_95___a136ad1b.md (7975 bytes)
  ✓ https://nfct.org.il/blog/movies/%D7%90%D7%97%D7%A8%D7%99-%D7%97%D7%A6%D7%95%D7%AA-%D7%94%D7%A1%D7%95%D7%93-%D7%94%D7%90%D7%A4%D7%9C-%D7%A9%D7%9C-%D7%94%D7%A2%D7%99%D7%A8/ → nfct__blog_movies_D7_90_D7_97_D7_A8_D7_99-_D7_97_D7_A6_D7_95_D7_AA-_D7_94_D7_A1_D7_95___79da7d2b.md (7882 bytes)
  ✓ https://nfct.org.il/blog/movies/%D7%90%D7%97%D7%A8%D7%99-%D7%9E%D7%95%D7%A0%D7%93%D7%A8%D7%99%D7%90%D7%9F-%D7%A7%D7%A0%D7%93%D7%99%D7%A0%D7%A1%D7%A7%D7%99-%D7%95%D7%A7%D7%9C%D7%94/ → nfct__blog_movies_D7_90_D7_97_D7_A8_D7_99-_D7_9E_D7_95_D7_A0_D7_93_D7_A8_D7_99_D7_90_D__90c30b12.md (8492 bytes)
  ✓ https://nfct.org.il/blog/movies/%D7%90%D7%97%D7%A8%D7%99-%D7%9C%D7%99%D7%93%D7%94/ → nfct__blog_movies_D7_90_D7_97_D7_A8_D7_99-_D7_9C_D7_99_D7_93_D7_94__3a99a6f8.md (8198 bytes)
  ✓ https://nfct.org.il/blog/movies/%D7%90%D7%97%D7%A8%D7%99-%D7%9E%D7%95%D7%A0%D7%93%D7%A8%D7%99%D7%90%D7%9F-%D7%A7%D7%A0%D7%93%D7%99%D7%A0%D7%A1%D7%A7%D7%99-%D7%95%D7%A7%D7%9C%D7%99/ → nfct__blog_movies_D7_90_D7_97_D7_A8_D7_99-_D7_9E_D7_95_D7_A0_D7_93_D7_A8_D7_99_D7_90_D__d6868c92.md (8521 bytes)
  ✓ https://nfct.org.il/blog/movies/%D7%90%D7%97%D7%A8%D7%99-%D7%9E%D7%95%D7%A0%D7%93%D7%A8%D7%99%D7%90%D7%9F-%D7%A7%D7%A0%D7%93%D7%99%D7%A0%D7%A1%D7%A7%D7%99-%D7%A7%D7%9C%D7%94/ → nfct__blog_movies_D7_90_D7_97_D7_A8_D7_99-_D7_9E_D7_95_D7_A0_D7_93_D7_A8_D7_99_D7_90_D__dd4b1177.md (8474 bytes)
  ✓ https://nfct.org.il/blog/movies/%D7%90%D7%97%D7%A8%D7%99-%D7%9E%D7%95%D7%A0%D7%93%D7%A8%D7%99%D7%90%D7%9F-%D7%A7%D7%A0%D7%93%D7%99%D7%A0%D7%A1%D7%A7%D7%99-%D7%A7%D7%9C%D7%99/ → nfct__blog_movies_D7_90_D7_97_D7_A8_D7_99-_D7_9E_D7_95_D7_A0_D7_93_D7_A8_D7_99_D7_90_D__facc610b.md (8503 bytes)
  ✓ https://nfct.org.il/blog/movies/%D7%90%D7%97%D7%A8%D7%99-%D7%A0%D7%93%D7%91/ → nfct__blog_movies_D7_90_D7_97_D7_A8_D7_99-_D7_A0_D7_93_D7_91__bdd28f7e.md (7600 bytes)
  ✓ https://nfct.org.il/blog/movies/%D7%90%D7%97%D7%A8%D7%99-%D7%A9%D7%A0%D7%A1%D7%A4%D7%A8%D7%95-%D7%9B%D7%9C-%D7%94%D7%A7%D7%95%D7%9C%D7%95%D7%AA/ → nfct__blog_movies_D7_90_D7_97_D7_A8_D7_99-_D7_A9_D7_A0_D7_A1_D7_A4_D7_A8_D7_95-_D7_9B___0819f1a7.md (7804 bytes)
  ✓ https://nfct.org.il/blog/movies/%D7%90%D7%97%D7%A8%D7%99-%D7%A9%D7%A1%D7%A4%D7%A8%D7%95-%D7%90%D7%AA-%D7%9B%D7%9C-%D7%94%D7%A7%D7%95%D7%9C%D7%95%D7%AA/ → nfct__blog_movies_D7_90_D7_97_D7_A8_D7_99-_D7_A9_D7_A1_D7_A4_D7_A8_D7_95-_D7_90_D7_AA-__431ee4ea.md (8405 bytes)
  ✓ https://nfct.org.il/blog/movies/%D7%90%D7%97%D7%AA-%D7%9E%D7%94%D7%92%D7%A8%D7%A1%D7%90%D7%95%D7%AA/ → nfct__blog_movies_D7_90_D7_97_D7_AA-_D7_9E_D7_94_D7_92_D7_A8_D7_A1_D7_90_D7_95_D7_AA__e8a42c54.md (7672 bytes)
  ✓ https://nfct.org.il/blog/movies/%D7%90%D7%97%D7%A8%D7%99-%D7%A1%D7%A4%D7%99%D7%A8%D7%AA-%D7%9B%D7%9C-%D7%94%D7%A7%D7%95%D7%9C%D7%95%D7%AA/ → nfct__blog_movies_D7_90_D7_97_D7_A8_D7_99-_D7_A1_D7_A4_D7_99_D7_A8_D7_AA-_D7_9B_D7_9C-__daa08d8e.md (10010 bytes)
  ✓ https://nfct.org.il/blog/movies/%D7%90%D7%99%D7%99%D7%91/ → nfct__blog_movies_D7_90_D7_99_D7_99_D7_91__a63ac658.md (7543 bytes)
  ✓ https://nfct.org.il/blog/movies/%D7%90%D7%99%D7%95%D7%9E%D7%99%D7%9D/ → nfct__blog_movies_D7_90_D7_99_D7_95_D7_9E_D7_99_D7_9D__7ce7a879.md (8188 bytes)
  ✓ https://nfct.org.il/blog/movies/%D7%90%D7%99%D7%97%D7%95%D7%93-%D7%9E%D7%A9%D7%A4%D7%97%D7%AA%D7%99/ → nfct__blog_movies_D7_90_D7_99_D7_97_D7_95_D7_93-_D7_9E_D7_A9_D7_A4_D7_97_D7_AA_D7_99__3b6a548a.md (7672 bytes)
  ✓ https://nfct.org.il/blog/movies/%D7%90%D7%99%D7%99%D7%9B%D7%9E%D7%9F-%E2%80%93-%D7%94%D7%94%D7%A7%D7%9C%D7%98%D7%95%D7%AA-%D7%94%D7%90%D7%91%D7%95%D7%93%D7%95%D7%AA/ → nfct__blog_movies_D7_90_D7_99_D7_99_D7_9B_D7_9E_D7_9F-_E2_80_93-_D7_94_D7_94_D7_A7_D7___45194604.md (7867 bytes)
  ✓ https://nfct.org.il/blog/movies/%D7%90%D7%99%D7%99%D7%9D/ → nfct__blog_movies_D7_90_D7_99_D7_99_D7_9D__8fd2b2b2.md (7543 bytes)
  ✓ https://nfct.org.il/blog/movies/%D7%90%D7%99%D7%99%D7%A4%D7%A7/ → nfct__blog_movies_D7_90_D7_99_D7_99_D7_A4_D7_A7__fd78db3c.md (7561 bytes)
  ✓ https://nfct.org.il/blog/movies/%D7%90%D7%99%D7%99-%D7%9C%D7%A0%D7%93/ → nfct__blog_movies_D7_90_D7_99_D7_99-_D7_9C_D7_A0_D7_93__9a90d2c9.md (8162 bytes)
  ✓ https://nfct.org.il/blog/movies/%D7%90%D7%99%D7%99-%D7%A7%D7%95%D7%9C%D7%A0%D7%95%D7%A2/ → nfct__blog_movies_D7_90_D7_99_D7_99-_D7_A7_D7_95_D7_9C_D7_A0_D7_95_D7_A2__b5c16670.md (7636 bytes)
  ✓ https://nfct.org.il/blog/movies/%D7%90%D7%99%D7%99%D7%A8-%D7%91%D7%95%D7%A8%D7%9F/ → nfct__blog_movies_D7_90_D7_99_D7_99_D7_A8-_D7_91_D7_95_D7_A8_D7_9F__ef30e9ce.md (9506 bytes)
  ✓ https://nfct.org.il/blog/movies/%D7%90%D7%99%D7%9A-%D7%90%D7%95%D7%9E%D7%A8%D7%99%D7%9D-%D7%A9%D7%AA%D7%99%D7%A7%D7%94/ → nfct__blog_movies_D7_90_D7_99_D7_9A-_D7_90_D7_95_D7_9E_D7_A8_D7_99_D7_9D-_D7_A9_D7_AA___983e4596.md (7729 bytes)
  ✓ https://nfct.org.il/blog/movies/%D7%90%D7%99%D7%9A-%D7%94%D7%A4%D7%A1%D7%A7%D7%AA%D7%99-%D7%9C%D7%A4%D7%97%D7%93-%D7%95%D7%9C%D7%9E%D7%93%D7%AA%D7%99-%D7%9C%D7%90%D7%94%D7%95%D7%91-%D7%90%D7%AA-%D7%90%D7%A8%D7%99%D7%A7-%D7%A9%D7%A8%D7%95%D7%9F/ → nfct__blog_movies_D7_90_D7_99_D7_9A-_D7_94_D7_A4_D7_A1_D7_A7_D7_AA_D7_99-_D7_9C_D7_A4___fee13e15.md (8104 bytes)
  ✗ https://nfct.org.il/blog/movies/%D7%90%D7%95%D7%A6%D7%A8-%D7%90%D7%9C%D7%99%D7%94%D7%95/: HTTPSConnectionPool(host='crawl4ai-wrapper-559961100092.europe-west1.run.app', port=443): Read timed out. (read timeout=120)
  ✓ https://nfct.org.il/blog/movies/%D7%90%D7%99%D7%9A-%D7%9C%D7%94%D7%92%D7%99%D7%93-%D7%A9%D7%A7%D7%98/ → nfct__blog_movies_D7_90_D7_99_D7_9A-_D7_9C_D7_94_D7_92_D7_99_D7_93-_D7_A9_D7_A7_D7_98__e6d08d25.md (8284 bytes)
  ✓ https://nfct.org.il/blog/movies/%D7%90%D7%99%D7%9A-%D7%9C%D7%95%D7%9E%D7%A8-%D7%A9%D7%A7%D7%98/ → nfct__blog_movies_D7_90_D7_99_D7_9A-_D7_9C_D7_95_D7_9E_D7_A8-_D7_A9_D7_A7_D7_98__8bb0cf92.md (7657 bytes)
  ✓ https://nfct.org.il/blog/movies/%D7%90%D7%99%D7%9A-%D7%9C%D7%9B%D7%A1%D7%95%D7%AA-%D7%90%D7%AA-%D7%94%D7%AA%D7%97%D7%AA-%D7%A9%D7%9C%D7%9A/ → nfct__blog_movies_D7_90_D7_99_D7_9A-_D7_9C_D7_9B_D7_A1_D7_95_D7_AA-_D7_90_D7_AA-_D7_94__a5ecdf23.md (7789 bytes)
  ✓ https://nfct.org.il/blog/movies/%D7%90%D7%99%D7%9A-%D7%9C%D7%9B%D7%A1%D7%95%D7%AA-%D7%90%D7%AA-%D7%94%D7%AA%D7%97%D7%AA/ → nfct__blog_movies_D7_90_D7_99_D7_9A-_D7_9C_D7_9B_D7_A1_D7_95_D7_AA-_D7_90_D7_AA-_D7_94__fad89eb7.md (7732 bytes)
  ✓ https://nfct.org.il/blog/movies/%D7%90%D7%99%D7%9A-%D7%9C%D7%9E%D7%93%D7%AA%D7%99-%D7%9C%D7%94%D7%AA%D7%92%D7%91%D7%A8-%D7%A2%D7%9C-%D7%94%D7%A4%D7%97%D7%93-%D7%95%D7%9C%D7%90%D7%94%D7%95%D7%91-%D7%90%D7%AA-%D7%90%D7%A8%D7%99%D7%A7-%D7%A9%D7%A8%D7%95%D7%9F/ → nfct__blog_movies_D7_90_D7_99_D7_9A-_D7_9C_D7_9E_D7_93_D7_AA_D7_99-_D7_9C_D7_94_D7_AA___fdf6895f.md (8752 bytes)
  ✓ https://nfct.org.il/blog/movies/%D7%90%D7%99%D7%9A-%D7%9C%D7%95%D7%9E%D7%A8-%D7%A9%D7%AA%D7%99%D7%A7%D7%94/ → nfct__blog_movies_D7_90_D7_99_D7_9A-_D7_9C_D7_95_D7_9E_D7_A8-_D7_A9_D7_AA_D7_99_D7_A7___eaffa51b.md (9731 bytes)
  ✓ https://nfct.org.il/blog/movies/%D7%90%D7%99%D7%9A-%D7%9C%D7%9E%D7%93%D7%AA%D7%99-%D7%9C%D7%94%D7%AA%D7%92%D7%91%D7%A8-%D7%A2%D7%9C-%D7%94%D7%A4%D7%97%D7%93-%D7%A9%D7%9C%D7%99-%D7%95%D7%9C%D7%90%D7%94%D7%95%D7%91-%D7%90%D7%AA-%D7%90%D7%A8%D7%99%D7%A7-%D7%A9%D7%A8%D7%95%D7%9F/ → nfct__blog_movies_D7_90_D7_99_D7_9A-_D7_9C_D7_9E_D7_93_D7_AA_D7_99-_D7_9C_D7_94_D7_AA___492bf0f1.md (8780 bytes)
  ✓ https://nfct.org.il/blog/movies/%D7%90%D7%99%D7%9A-%D7%9C%D7%9E%D7%93%D7%AA%D7%99-%D7%9C%D7%A4%D7%97%D7%93-%D7%95%D7%9C%D7%90%D7%94%D7%95%D7%91-%D7%90%D7%AA-%D7%90%D7%A8%D7%99%D7%A7-%D7%A9%D7%A8%D7%95%D7%9F/ → nfct__blog_movies_D7_90_D7_99_D7_9A-_D7_9C_D7_9E_D7_93_D7_AA_D7_99-_D7_9C_D7_A4_D7_97___54dfa634.md (7993 bytes)
  ✓ https://nfct.org.il/blog/movies/%D7%90%D7%99%D7%9A-%D7%9C%D7%9E%D7%93%D7%AA%D7%99-%D7%9C%D7%A4%D7%97%D7%93-%D7%95%D7%A2%D7%9C-%D7%90%D7%94%D7%91%D7%AA-%D7%90%D7%A8%D7%99%D7%A7-%D7%A9%D7%A8%D7%95%D7%9F/ → nfct__blog_movies_D7_90_D7_99_D7_9A-_D7_9C_D7_9E_D7_93_D7_AA_D7_99-_D7_9C_D7_A4_D7_97___105c2e6d.md (8584 bytes)
  ✓ https://nfct.org.il/blog/movies/%D7%90%D7%99%D7%9B%D7%95%D7%AA-%D7%96%D7%9E%D7%9F/ → nfct__blog_movies_D7_90_D7_99_D7_9B_D7_95_D7_AA-_D7_96_D7_9E_D7_9F__dc7660d8.md (8227 bytes)
  ✓ https://nfct.org.il/blog/movies/%D7%90%D7%99%D7%9E%D7%94%D7%95%D7%AA-%D7%91%D7%95%D7%9B%D7%95%D7%AA/ → nfct__blog_movies_D7_90_D7_99_D7_9E_D7_94_D7_95_D7_AA-_D7_91_D7_95_D7_9B_D7_95_D7_AA__deb3d31c.md (8281 bytes)
  ✓ https://nfct.org.il/blog/movies/%D7%90%D7%99%D7%9F-%D7%90%D7%9C%D7%90-%D7%A6%D7%A0%D7%A6%D7%A0%D7%AA-%D7%A9%D7%9E%D7%9F/ → nfct__blog_movies_D7_90_D7_99_D7_9F-_D7_90_D7_9C_D7_90-_D7_A6_D7_A0_D7_A6_D7_A0_D7_AA-__11dcc344.md (7732 bytes)
  ✓ https://nfct.org.il/blog/movies/%D7%90%D7%99%D7%9F-%D7%91%D7%9C%D7%91%D7%99---%D7%A1%D7%99%D7%A4%D7%95%D7%A8%D7%94-%D7%A9%D7%9C-%D7%A2%D7%A0%D7%91%D7%9C-%D7%A4%D7%A8%D7%9C%D7%9E%D7%95%D7%98%D7%A8/ → nfct__blog_movies_D7_90_D7_99_D7_9F-_D7_91_D7_9C_D7_91_D7_99---_D7_A1_D7_99_D7_A4_D7_9__9c47e542.md (8540 bytes)
  ✓ https://nfct.org.il/blog/movies/%D7%90%D7%99%D7%9F-%D7%91%D7%9C%D7%95%D7%A4%D7%A8-%D7%9E%D7%99%D7%95%D7%98%D7%A8---%D7%90%D7%9D-%D7%AA%D7%A8%D7%A9%D7%94-%D7%9C%D7%99-%D7%9C%D7%9C%D7%9B%D7%AA/ → nfct__blog_movies_D7_90_D7_99_D7_9F-_D7_91_D7_9C_D7_95_D7_A4_D7_A8-_D7_9E_D7_99_D7_95___40c3efc7.md (7945 bytes)
  ✓ https://nfct.org.il/blog/movies/%D7%90%D7%99%D7%9F-%D7%92%D7%99%D7%91%D7%95%D7%A8%D7%99%D7%9D/ → nfct__blog_movies_D7_90_D7_99_D7_9F-_D7_92_D7_99_D7_91_D7_95_D7_A8_D7_99_D7_9D__3824a79b.md (7654 bytes)
  ✓ https://nfct.org.il/blog/movies/%D7%90%D7%99%D7%9F-%D7%91%D7%99%D7%AA/ → nfct__blog_movies_D7_90_D7_99_D7_9F-_D7_91_D7_99_D7_AA__558c1f67.md (9398 bytes)
  ✓ https://nfct.org.il/blog/movies/%D7%90%D7%99%D7%9F-%D7%97%D7%99%D7%94-%D7%9B%D7%96%D7%90%D7%AA/ → nfct__blog_movies_D7_90_D7_99_D7_9F-_D7_97_D7_99_D7_94-_D7_9B_D7_96_D7_90_D7_AA__abd8afb1.md (7657 bytes)
  ✓ https://nfct.org.il/blog/movies/%D7%90%D7%99%D7%9F-%D7%93%D7%9E%D7%A2%D7%95%D7%AA-%D7%91%D7%A7%D7%99%D7%A5/ → nfct__blog_movies_D7_90_D7_99_D7_9F-_D7_93_D7_9E_D7_A2_D7_95_D7_AA-_D7_91_D7_A7_D7_99___c4aad3e4.md (7693 bytes)
  ✓ https://nfct.org.il/blog/movies/%D7%90%D7%99%D7%9F-%D7%97%D7%9F-%D7%91%D7%92%D7%96%D7%A2/ → nfct__blog_movies_D7_90_D7_99_D7_9F-_D7_97_D7_9F-_D7_91_D7_92_D7_96_D7_A2__e360a3aa.md (7639 bytes)
  ✓ https://nfct.org.il/blog/movies/%D7%90%D7%99%D7%9F-%D7%97%D7%A1%D7%99%D7%A0%D7%95%D7%AA/ → nfct__blog_movies_D7_90_D7_99_D7_9F-_D7_97_D7_A1_D7_99_D7_A0_D7_95_D7_AA__81bd3896.md (7636 bytes)
  ✓ https://nfct.org.il/blog/movies/%D7%90%D7%99%D7%9F-%D7%97%D7%9F-%D7%91%D7%9E%D7%A8%D7%95%D7%A5/ → nfct__blog_movies_D7_90_D7_99_D7_9F-_D7_97_D7_9F-_D7_91_D7_9E_D7_A8_D7_95_D7_A5__0308b5bd.md (8266 bytes)
  ✓ https://nfct.org.il/blog/movies/%D7%90%D7%99%D7%9F-%D7%97%D7%A1%D7%99%D7%9E%D7%94/ → nfct__blog_movies_D7_90_D7_99_D7_9F-_D7_97_D7_A1_D7_99_D7_9E_D7_94__67429739.md (7618 bytes)
  ✓ https://nfct.org.il/blog/movies/%D7%90%D7%99%D7%9F-%D7%97%D7%A1%D7%93-%D7%91%D7%9E%D7%A8%D7%95%D7%A5/ → nfct__blog_movies_D7_90_D7_99_D7_9F-_D7_97_D7_A1_D7_93-_D7_91_D7_9E_D7_A8_D7_95_D7_A5__59586dc5.md (8284 bytes)
  ✓ https://nfct.org.il/blog/movies/%D7%90%D7%99%D7%9F-%D7%99%D7%9C%D7%93%D7%99%D7%9D-%D7%A9%D7%A9%D7%A8%D7%93%D7%95/ → nfct__blog_movies_D7_90_D7_99_D7_9F-_D7_99_D7_9C_D7_93_D7_99_D7_9D-_D7_A9_D7_A9_D7_A8___29b0ab8a.md (7711 bytes)
  ✓ https://nfct.org.il/blog/movies/%D7%90%D7%99%D7%9F-%D7%99%D7%9C%D7%93%D7%99%D7%9D-%D7%A9%D7%A0%D7%95%D7%A6%D7%9C%D7%95/ → nfct__blog_movies_D7_90_D7_99_D7_9F-_D7_99_D7_9C_D7_93_D7_99_D7_9D-_D7_A9_D7_A0_D7_95___425c40a8.md (8338 bytes)
  ✓ https://nfct.org.il/blog/movies/%D7%90%D7%99%D7%9F-%D7%99%D7%9C%D7%93-%D7%A0%D7%95%D7%AA%D7%A8-%D7%9E%D7%90%D7%97%D7%95%D7%A8/ → nfct__blog_movies_D7_90_D7_99_D7_9F-_D7_99_D7_9C_D7_93-_D7_A0_D7_95_D7_AA_D7_A8-_D7_9E__b7cc58f7.md (7750 bytes)
  ✓ https://nfct.org.il/blog/movies/%D7%90%D7%99%D7%9F-%D7%99%D7%9C%D7%93-%D7%A0%D7%A9%D7%90%D7%A8-%D7%9E%D7%90%D7%97%D7%95%D7%A8/ → nfct__blog_movies_D7_90_D7_99_D7_9F-_D7_99_D7_9C_D7_93-_D7_A0_D7_A9_D7_90_D7_A8-_D7_9E__ad025720.md (7750 bytes)
  ✓ https://nfct.org.il/blog/movies/%D7%90%D7%99%D7%9F-%D7%99%D7%9C%D7%93%D7%99%D7%9D-%D7%A9%D7%A0%D7%95%D7%AA%D7%A8%D7%95/ → nfct__blog_movies_D7_90_D7_99_D7_9F-_D7_99_D7_9C_D7_93_D7_99_D7_9D-_D7_A9_D7_A0_D7_95___d449d066.md (7729 bytes)
  ✓ https://nfct.org.il/blog/movies/%D7%90%D7%99%D7%9F-%D7%99%D7%9C%D7%93-%D7%A9%D7%9C%D7%90-%D7%A0%D7%A9%D7%A8%D7%A3/ → nfct__blog_movies_D7_90_D7_99_D7_9F-_D7_99_D7_9C_D7_93-_D7_A9_D7_9C_D7_90-_D7_A0_D7_A9__031fc6cd.md (8294 bytes)
  ✓ https://nfct.org.il/blog/movies/%D7%90%D7%99%D7%9F-%D7%99%D7%9C%D7%93-%D7%A9%D7%A0%D7%95%D7%AA%D7%A8-%D7%91%D7%97%D7%95%D7%A5/ → nfct__blog_movies_D7_90_D7_99_D7_9F-_D7_99_D7_9C_D7_93-_D7_A9_D7_A0_D7_95_D7_AA_D7_A8-__b207ce3a.md (8330 bytes)
  ✓ https://nfct.org.il/blog/movies/%D7%90%D7%99%D7%9F-%D7%99%D7%9C%D7%93-%D7%A9%D7%A0%D7%99%D7%A6%D7%9C/ → nfct__blog_movies_D7_90_D7_99_D7_9F-_D7_99_D7_9C_D7_93-_D7_A9_D7_A0_D7_99_D7_A6_D7_9C__058dde02.md (7675 bytes)
  ✓ https://nfct.org.il/blog/movies/%D7%90%D7%99%D7%9F-%D7%99%D7%9C%D7%93-%D7%A9%D7%A0%D7%95%D7%AA%D7%A8-%D7%9E%D7%90%D7%97%D7%95%D7%A8/ → nfct__blog_movies_D7_90_D7_99_D7_9F-_D7_99_D7_9C_D7_93-_D7_A9_D7_A0_D7_95_D7_AA_D7_A8-__7c603045.md (7768 bytes)
  ✓ https://nfct.org.il/blog/movies/%D7%90%D7%99%D7%9F-%D7%9B%D7%9C%D7%95%D7%9D/ → nfct__blog_movies_D7_90_D7_99_D7_9F-_D7_9B_D7_9C_D7_95_D7_9D__6c7fbabe.md (7600 bytes)
  ✓ https://nfct.org.il/blog/movies/%D7%90%D7%99%D7%9F-%D7%9C%D7%99-%D7%A8%D7%A9%D7%95%D7%AA-%D7%9C%D7%9C%D7%9B%D7%AA/ → nfct__blog_movies_D7_90_D7_99_D7_9F-_D7_9C_D7_99-_D7_A8_D7_A9_D7_95_D7_AA-_D7_9C_D7_9C__6640b0ca.md (8323 bytes)
  ✓ https://nfct.org.il/blog/movies/%D7%90%D7%99%D7%9F-%D7%9C%D7%99-%D7%90%D7%9D-%D7%AA%D7%A8%D7%A6%D7%94-%D7%90%D7%95%D7%AA%D7%99/ → nfct__blog_movies_D7_90_D7_99_D7_9F-_D7_9C_D7_99-_D7_90_D7_9D-_D7_AA_D7_A8_D7_A6_D7_94__e6de9b2e.md (9911 bytes)
  ✓ https://nfct.org.il/blog/movies/%D7%90%D7%99%D7%9F-%D7%9E%D7%99%D7%9C%D7%94-%D7%A9%D7%9C-%D7%90%D7%9E%D7%AA/ → nfct__blog_movies_D7_90_D7_99_D7_9F-_D7_9E_D7_99_D7_9C_D7_94-_D7_A9_D7_9C-_D7_90_D7_9E__e04282f2.md (8276 bytes)
  ✓ https://nfct.org.il/blog/movies/%D7%90%D7%99%D7%9F-%D7%A8%D7%97%D7%9E%D7%99%D7%9D-%D7%9C%D7%99%D7%9C%D7%93%D7%99%D7%9D/ → nfct__blog_movies_D7_90_D7_99_D7_9F-_D7_A8_D7_97_D7_9E_D7_99_D7_9D-_D7_9C_D7_99_D7_9C___97f17f19.md (8309 bytes)
  ✓ https://nfct.org.il/blog/movies/%D7%90%D7%99%D7%9F-%D7%A8%D7%97%D7%9E%D7%99%D7%9D-%D7%9C%D7%99%D7%9C%D7%93/ → nfct__blog_movies_D7_90_D7_99_D7_9F-_D7_A8_D7_97_D7_9E_D7_99_D7_9D-_D7_9C_D7_99_D7_9C___03a60d75.md (7693 bytes)
  ✓ https://nfct.org.il/blog/movies/%D7%90%D7%99%D7%9F-%D7%A8%D7%97%D7%9E%D7%99%D7%9D/ → nfct__blog_movies_D7_90_D7_99_D7_9F-_D7_A8_D7_97_D7_9E_D7_99_D7_9D__c2bc6544.md (8198 bytes)
  ✓ https://nfct.org.il/blog/movies/%D7%90%D7%99%D7%9F-%D7%A9%D7%9D/ → nfct__blog_movies_D7_90_D7_99_D7_9F-_D7_A9_D7_9D__aa749b4a.md (8144 bytes)
  ✓ https://nfct.org.il/blog/movies/%D7%90%D7%99%D7%9F-%D7%A8%D7%97%D7%9E%D7%99%D7%9D-%D7%A2%D7%9C-%D7%99%D7%9C%D7%93%D7%99%D7%9D/ → nfct__blog_movies_D7_90_D7_99_D7_9F-_D7_A8_D7_97_D7_9E_D7_99_D7_9D-_D7_A2_D7_9C-_D7_99__7a285d37.md (8330 bytes)
  ✓ https://nfct.org.il/blog/movies/%D7%90%D7%99%D7%A0%D7%93%D7%90%D7%9C/ → nfct__blog_movies_D7_90_D7_99_D7_A0_D7_93_D7_90_D7_9C__34568b81.md (8159 bytes)
  ✓ https://nfct.org.il/blog/movies/%D7%90%D7%99%D7%A0%D7%95%D7%95%D7%A0%D7%98%D7%A8%D7%99%D7%99%D7%AA-%D7%90%D7%94%D7%91%D7%94/ → nfct__blog_movies_D7_90_D7_99_D7_A0_D7_95_D7_95_D7_A0_D7_98_D7_A8_D7_99_D7_99_D7_AA-_D__994e9ebf.md (8324 bytes)
  ✓ https://nfct.org.il/blog/movies/%D7%90%D7%99%D7%A0%D7%95%D7%95%D7%A0%D7%98%D7%A8-%D7%90%D7%94%D7%91%D7%94/ → nfct__blog_movies_D7_90_D7_99_D7_A0_D7_95_D7_95_D7_A0_D7_98_D7_A8-_D7_90_D7_94_D7_91_D__856368dd.md (7690 bytes)
  ✓ https://nfct.org.il/blog/movies/%D7%90%D7%99%D7%A0%D7%98%D7%94-%D7%A2%D7%95%D7%9E%D7%A8%D7%99/ → nfct__blog_movies_D7_90_D7_99_D7_A0_D7_98_D7_94-_D7_A2_D7_95_D7_9E_D7_A8_D7_99__ce732587.md (8234 bytes)
  ✓ https://nfct.org.il/blog/movies/%D7%90%D7%99%D7%A0%D7%A1%D7%99%D7%99%D7%98/ → nfct__blog_movies_D7_90_D7_99_D7_A0_D7_A1_D7_99_D7_99_D7_98__1b15ff81.md (7597 bytes)
  ✓ https://nfct.org.il/blog/movies/%D7%90%D7%99%D7%A0%D7%AA%D7%90-%D7%A2%D7%95%D7%9E%D7%A8%D7%99/ → nfct__blog_movies_D7_90_D7_99_D7_A0_D7_AA_D7_90-_D7_A2_D7_95_D7_9E_D7_A8_D7_99__f1c1103e.md (8234 bytes)
  ✓ https://nfct.org.il/blog/movies/%D7%90%D7%99%D7%A0%D7%AA%D7%94-%D7%A2%D7%95%D7%9E%D7%A8%D7%99/ → nfct__blog_movies_D7_90_D7_99_D7_A0_D7_AA_D7_94-_D7_A2_D7_95_D7_9E_D7_A8_D7_99__0109812e.md (8263 bytes)
  ✗ https://nfct.org.il/blog/movies/%D7%90%D7%99%D7%9A-%D7%9C%D7%94%D7%92%D7%99%D7%93-%D7%A9%D7%AA%D7%99%D7%A7%D7%94/: HTTPSConnectionPool(host='crawl4ai-wrapper-559961100092.europe-west1.run.app', port=443): Read timed out. (read timeout=120)
  ✓ https://nfct.org.il/blog/movies/%D7%90%D7%99%D7%A0%D7%AA%D7%99%D7%A4%D7%90%D7%93%D7%94/ → nfct__blog_movies_D7_90_D7_99_D7_A0_D7_AA_D7_99_D7_A4_D7_90_D7_93_D7_94__dce5b926.md (16271 bytes)
  ✓ https://nfct.org.il/blog/movies/%D7%90%D7%99%D7%A1%D7%A7/ → nfct__blog_movies_D7_90_D7_99_D7_A1_D7_A7__834a5eea.md (7543 bytes)
  ✓ https://nfct.org.il/blog/movies/%D7%90%D7%99%D7%A1%D7%A8%D7%9C%D7%99%D7%A9/ → nfct__blog_movies_D7_90_D7_99_D7_A1_D7_A8_D7_9C_D7_99_D7_A9__dda73ef3.md (7597 bytes)
  ✓ https://nfct.org.il/blog/movies/%D7%90%D7%99%D7%A1%D7%9C%D7%90%D7%9D-%D7%A4%D7%95%D7%A4/ → nfct__blog_movies_D7_90_D7_99_D7_A1_D7_9C_D7_90_D7_9D-_D7_A4_D7_95_D7_A4__a853dc08.md (8216 bytes)
  ✓ https://nfct.org.il/blog/movies/%D7%90%D7%99%D7%A4%D7%94-%D7%94%D7%97%D7%A4%D7%A6%D7%99%D7%9D-%D7%A9%D7%9C%D7%99/ → nfct__blog_movies_D7_90_D7_99_D7_A4_D7_94-_D7_94_D7_97_D7_A4_D7_A6_D7_99_D7_9D-_D7_A9___c6254919.md (8291 bytes)
  ✓ https://nfct.org.il/blog/movies/%D7%90%D7%99%D7%A4%D7%94-%D7%90%D7%9F-%D7%A4%D7%A8%D7%A0%D7%A7/ → nfct__blog_movies_D7_90_D7_99_D7_A4_D7_94-_D7_90_D7_9F-_D7_A4_D7_A8_D7_A0_D7_A7__f69e04c1.md (7657 bytes)
  ✓ https://nfct.org.il/blog/movies/%D7%90%D7%99%D7%A4%D7%94-%D7%A9%D7%94%D7%A9%D7%9E%D7%99%D7%99%D7%9D-%D7%A0%D7%92%D7%9E%D7%A8%D7%99%D7%9D/ → nfct__blog_movies_D7_90_D7_99_D7_A4_D7_94-_D7_A9_D7_94_D7_A9_D7_9E_D7_99_D7_99_D7_9D-___8cc6c5d7.md (8363 bytes)
  ✓ https://nfct.org.il/blog/movies/%D7%90%D7%99%D7%A4%D7%94-%D7%A9%D7%A0%D7%92%D7%9E%D7%A8-%D7%94%D7%A9%D7%9E%D7%99%D7%99%D7%9D/ → nfct__blog_movies_D7_90_D7_99_D7_A4_D7_94-_D7_A9_D7_A0_D7_92_D7_9E_D7_A8-_D7_94_D7_A9___cde5a2db.md (7747 bytes)
  ✓ https://nfct.org.il/blog/movies/%D7%90%D7%99%D7%A8%D7%95%D7%A1%D7%99%D7%9D/ → nfct__blog_movies_D7_90_D7_99_D7_A8_D7_95_D7_A1_D7_99_D7_9D__7abd0e27.md (7597 bytes)
  ✓ https://nfct.org.il/blog/movies/%D7%90%D7%99%D7%A8%D7%95%D7%A2%D7%99-%D7%90%D7%95%D7%A7%D7%98%D7%95%D7%91%D7%A8-%D7%90%D7%99%D7%A0%D7%AA%D7%99%D7%A4%D7%90%D7%93%D7%94/ → nfct__blog_movies_D7_90_D7_99_D7_A8_D7_95_D7_A2_D7_99-_D7_90_D7_95_D7_A7_D7_98_D7_95_D__54295237.md (7873 bytes)
  ✓ https://nfct.org.il/blog/movies/%D7%90%D7%99%D7%A9%D7%94-%D7%96%D7%95%D7%A0%D7%94-%D7%9B%D7%9E%D7%95%D7%A0%D7%99/ → nfct__blog_movies_D7_90_D7_99_D7_A9_D7_94-_D7_96_D7_95_D7_A0_D7_94-_D7_9B_D7_9E_D7_95___84de10a6.md (7711 bytes)
  ✓ https://nfct.org.il/blog/movies/%D7%90%D7%99%D7%A9%D7%94-%D7%90%D7%99%D7%A9%D7%94/ → nfct__blog_movies_D7_90_D7_99_D7_A9_D7_94-_D7_90_D7_99_D7_A9_D7_94__6c6df80e.md (8227 bytes)
  ✓ https://nfct.org.il/blog/movies/%D7%90%D7%99%D7%A9%D7%94-%D7%9B%D7%9E%D7%95%D7%A0%D7%99/ → nfct__blog_movies_D7_90_D7_99_D7_A9_D7_94-_D7_9B_D7_9E_D7_95_D7_A0_D7_99__5562e75e.md (7636 bytes)
  ✓ https://nfct.org.il/blog/movies/%D7%90%D7%99%D7%A6%D7%99%D7%A7-%D7%90%D7%9C%D7%A7%D7%95%D7%9C%D7%95%D7%9E%D7%91%D7%A8%D7%94/ → nfct__blog_movies_D7_90_D7_99_D7_A6_D7_99_D7_A7-_D7_90_D7_9C_D7_A7_D7_95_D7_9C_D7_95_D__c9c2159b.md (9884 bytes)
  ✓ https://nfct.org.il/blog/movies/%D7%90%D7%99%D7%A9%D7%94-%D7%A2%D7%A8%D7%91%D7%99%D7%94/ → nfct__blog_movies_D7_90_D7_99_D7_A9_D7_94-_D7_A2_D7_A8_D7_91_D7_99_D7_94__93cf8192.md (7636 bytes)
  ✓ https://nfct.org.il/blog/movies/%D7%90%D7%99%D7%A9%D7%95%D7%A8-%D7%9C%D7%96%D7%9B%D7%95%D7%A8/ → nfct__blog_movies_D7_90_D7_99_D7_A9_D7_95_D7_A8-_D7_9C_D7_96_D7_9B_D7_95_D7_A8__5f386d72.md (8263 bytes)
  ✓ https://nfct.org.il/blog/movies/%D7%90%D7%99-%D7%A9%D7%95%D7%98-%D7%9E%D7%99-%D7%9C%D7%90%D7%91/ → nfct__blog_movies_D7_90_D7_99-_D7_A9_D7_95_D7_98-_D7_9E_D7_99-_D7_9C_D7_90_D7_91__de4db65e.md (7660 bytes)
  ✓ https://nfct.org.il/blog/movies/%D7%90%D7%99-%D7%A8%D7%A6%D7%95%D7%A0%D7%99/ → nfct__blog_movies_D7_90_D7_99-_D7_A8_D7_A6_D7_95_D7_A0_D7_99__12f753f7.md (7600 bytes)
  ✓ https://nfct.org.il/blog/movies/%D7%90%D7%99-%D7%A4%D7%A2%D7%9D-%D7%99%D7%A8%D7%99%D7%AA-%D7%91%D7%9E%D7%99%D7%A9%D7%94%D7%95/ → nfct__blog_movies_D7_90_D7_99-_D7_A4_D7_A2_D7_9D-_D7_99_D7_A8_D7_99_D7_AA-_D7_91_D7_9E__d82f7081.md (7750 bytes)
  ✓ https://nfct.org.il/blog/movies/%D7%90%D7%99%D7%A9-%D7%94%D7%A6%D7%99%D7%A4%D7%95%D7%A8/ → nfct__blog_movies_D7_90_D7_99_D7_A9-_D7_94_D7_A6_D7_99_D7_A4_D7_95_D7_A8__444fe424.md (15071 bytes)
  ✓ https://nfct.org.il/blog/movies/%D7%90%D7%9C%D7%95%D7%94%D7%99%D7%9D-%D7%A8%D7%90%D7%95%D7%99-%D7%9C%D7%91%D7%99%D7%AA/ → nfct__blog_movies_D7_90_D7_9C_D7_95_D7_94_D7_99_D7_9D-_D7_A8_D7_90_D7_95_D7_99-_D7_9C___6704d3de.md (7729 bytes)
  ✓ https://nfct.org.il/blog/movies/%D7%90%D7%9C%D7%99%D7%9E%D7%95%D7%AA-%D7%9E%D7%A9%D7%98%D7%A8%D7%AA%D7%99%D7%AA/ → nfct__blog_movies_D7_90_D7_9C_D7_99_D7_9E_D7_95_D7_AA-_D7_9E_D7_A9_D7_98_D7_A8_D7_AA_D__6f1832ac.md (7708 bytes)
  ✓ https://nfct.org.il/blog/movies/%D7%90%D7%9C%D7%95%D7%A4%D7%99-%D7%93%D7%99%D7%9E%D7%95%D7%A0%D7%94/ → nfct__blog_movies_D7_90_D7_9C_D7_95_D7_A4_D7_99-_D7_93_D7_99_D7_9E_D7_95_D7_A0_D7_94__5b1be573.md (8281 bytes)
  ✓ https://nfct.org.il/blog/movies/%D7%90%D7%9C%D7%99%D7%91%D7%99%D7%99%D7%A9%D7%9F/ → nfct__blog_movies_D7_90_D7_9C_D7_99_D7_91_D7_99_D7_99_D7_A9_D7_9F__a2960465.md (7615 bytes)
  ✓ https://nfct.org.il/blog/movies/%D7%90%D7%9C%D7%91%D7%99%D7%A1-%D7%A4%D7%A8%D7%A1%D7%9C%D7%99/ → nfct__blog_movies_D7_90_D7_9C_D7_91_D7_99_D7_A1-_D7_A4_D7_A8_D7_A1_D7_9C_D7_99__0a139a1e.md (7654 bytes)
  ✓ https://nfct.org.il/blog/movies/%D7%90%D7%9C%D7%99%D7%A4%D7%9C%D7%98-%E2%80%93-%D7%93%D7%95%D7%93-%D7%A9%D7%9C%D7%99-%D7%92%D7%99%D7%91%D7%95%D7%A8/ → nfct__blog_movies_D7_90_D7_9C_D7_99_D7_A4_D7_9C_D7_98-_E2_80_93-_D7_93_D7_95_D7_93-_D7__be00abab.md (7816 bytes)
  ✓ https://nfct.org.il/blog/movies/%D7%90%D7%9C%D7%9B%D7%A1-%D7%95%D7%A0%D7%93%D7%A8%D7%94-%D7%9C%D7%A0%D7%A6%D7%97/ → nfct__blog_movies_D7_90_D7_9C_D7_9B_D7_A1-_D7_95_D7_A0_D7_93_D7_A8_D7_94-_D7_9C_D7_A0___58d77561.md (8291 bytes)
  ✓ https://nfct.org.il/blog/movies/%D7%90%D7%9C%D7%A6%D7%94%D7%99%D7%99%D7%9E%D7%A8/ → nfct__blog_movies_D7_90_D7_9C_D7_A6_D7_94_D7_99_D7_99_D7_9E_D7_A8__10a42081.md (7615 bytes)
  ✓ https://nfct.org.il/blog/movies/%D7%90%D7%9C-%D7%97%D7%90%D7%9C%D7%A7/ → nfct__blog_movies_D7_90_D7_9C-_D7_97_D7_90_D7_9C_D7_A7__1448a2b9.md (8191 bytes)
  ✓ https://nfct.org.il/blog/movies/%D7%90%D7%9C-%D7%97%D7%9C%D7%93%D7%99%D7%99%D7%94/ → nfct__blog_movies_D7_90_D7_9C-_D7_97_D7_9C_D7_93_D7_99_D7_99_D7_94__57a76d16.md (7618 bytes)
  ✓ https://nfct.org.il/blog/movies/%D7%90%D7%9C-%D7%A0%D7%90-%D7%AA%D7%92%D7%A2-%D7%91%D7%94%D7%90%D7%95%D7%9C%D7%95%D7%A7%D7%95%D7%A1%D7%98-%D7%A9%D7%9C%D7%99/ → nfct__blog_movies_D7_90_D7_9C-_D7_A0_D7_90-_D7_AA_D7_92_D7_A2-_D7_91_D7_94_D7_90_D7_95__4057d285.md (7843 bytes)
  ✓ https://nfct.org.il/blog/movies/%D7%90%D7%9C-%D7%A7%D7%9E%D7%99%D7%A0%D7%95-%D7%A8%D7%99%D7%90%D7%9C/ → nfct__blog_movies_D7_90_D7_9C-_D7_A7_D7_9E_D7_99_D7_A0_D7_95-_D7_A8_D7_99_D7_90_D7_9C__43de28df.md (8255 bytes)
  ✓ https://nfct.org.il/blog/movies/%D7%90%D7%9C-%D7%AA%D7%91%D7%9B%D7%94-%D7%9C%D7%99-%D7%90%D7%93%D7%99%D7%A0%D7%91%D7%95%D7%A8%D7%95/ → nfct__blog_movies_D7_90_D7_9C-_D7_AA_D7_91_D7_9B_D7_94-_D7_9C_D7_99-_D7_90_D7_93_D7_99__3ff75bc6.md (8348 bytes)
  ✓ https://nfct.org.il/blog/movies/%D7%90%D7%9C-%D7%AA%D7%91%D7%9B%D7%99-%D7%9C%D7%99-%D7%90%D7%93%D7%99%D7%A0%D7%91%D7%95%D7%A8%D7%95/ → nfct__blog_movies_D7_90_D7_9C-_D7_AA_D7_91_D7_9B_D7_99-_D7_9C_D7_99-_D7_90_D7_93_D7_99__3418cbc9.md (8348 bytes)
  ✓ https://nfct.org.il/blog/movies/%D7%90%D7%9C-%D7%A7%D7%90%D7%A1%D7%91%D7%94/ → nfct__blog_movies_D7_90_D7_9C-_D7_A7_D7_90_D7_A1_D7_91_D7_94__7f34cd30.md (8209 bytes)
  ✓ https://nfct.org.il/blog/movies/%D7%90%D7%9C-%D7%AA%D7%99%D7%92%D7%A2-%D7%91%D7%A9%D7%95%D7%90%D7%94-%D7%A9%D7%9C%D7%99/ → nfct__blog_movies_D7_90_D7_9C-_D7_AA_D7_99_D7_92_D7_A2-_D7_91_D7_A9_D7_95_D7_90_D7_94-__4d3154f5.md (7732 bytes)
  ✓ https://nfct.org.il/blog/movies/%D7%90%D7%9C-%D7%AA%D7%92%D7%A2%D7%95-%D7%91%D7%A9%D7%95%D7%90%D7%94-%D7%A9%D7%9C%D7%99/ → nfct__blog_movies_D7_90_D7_9C-_D7_AA_D7_92_D7_A2_D7_95-_D7_91_D7_A9_D7_95_D7_90_D7_94-__03b6b3ae.md (8341 bytes)
  ✓ https://nfct.org.il/blog/movies/%D7%90%D7%9C-%D7%AA%D7%92%D7%A2-%D7%91%D7%94%D7%A9%D7%95%D7%90%D7%94-%D7%A9%D7%9C%D7%99/ → nfct__blog_movies_D7_90_D7_9C-_D7_AA_D7_92_D7_A2-_D7_91_D7_94_D7_A9_D7_95_D7_90_D7_94-__259a0246.md (7732 bytes)
  ✓ https://nfct.org.il/blog/movies/%D7%90%D7%9C-%D7%AA%D7%99%D7%92%D7%A2-%D7%9C%D7%99-%D7%91%D7%94%D7%95%D7%9C%D7%95%D7%A7%D7%95%D7%A1%D7%98/ → nfct__blog_movies_D7_90_D7_9C-_D7_AA_D7_99_D7_92_D7_A2-_D7_9C_D7_99-_D7_91_D7_94_D7_95__8bbf073e.md (7786 bytes)
  ✓ https://nfct.org.il/blog/movies/%D7%90%D7%9C-%D7%AA%D7%A4%D7%97%D7%93-%D7%9C%D7%9C%D7%9B%D7%AA-%D7%9C%D7%91%D7%93-%D7%90%D7%9C-%D7%94%D7%9C%D7%99%D7%9C%D7%94-%D7%94%D7%90%D7%A4%D7%9C-%D7%94%D7%96%D7%94/ → nfct__blog_movies_D7_90_D7_9C-_D7_AA_D7_A4_D7_97_D7_93-_D7_9C_D7_9C_D7_9B_D7_AA-_D7_9C__45908c16.md (8558 bytes)
  ✓ https://nfct.org.il/blog/movies/%D7%90%D7%9C-%D7%AA%D7%A4%D7%97%D7%93-%D7%9C%D7%9C%D7%9B%D7%AA-%D7%9C%D7%91%D7%93-%D7%9C%D7%AA%D7%95%D7%9A-%D7%94%D7%9C%D7%99%D7%9C%D7%94-%D7%94%D7%90%D7%A4%D7%9C-%D7%94%D7%96%D7%94/ → nfct__blog_movies_D7_90_D7_9C-_D7_AA_D7_A4_D7_97_D7_93-_D7_9C_D7_9C_D7_9B_D7_AA-_D7_9C__ab9b7500.md (8014 bytes)
  ✓ https://nfct.org.il/blog/movies/%D7%90%D7%9C-%D7%AA%D7%A4%D7%97%D7%93-%D7%9C%D7%9C%D7%9B%D7%AA-%D7%9C%D7%91%D7%93-%D7%91%D7%9C%D7%99%D7%9C%D7%94/ → nfct__blog_movies_D7_90_D7_9C-_D7_AA_D7_A4_D7_97_D7_93-_D7_9C_D7_9C_D7_9B_D7_AA-_D7_9C__06bce8d3.md (8387 bytes)
  ✓ https://nfct.org.il/blog/movies/%D7%90%D7%9C-%E2%80%93-%D7%92%D7%99%D7%A1%D7%A8/ → nfct__blog_movies_D7_90_D7_9C-_E2_80_93-_D7_92_D7_99_D7_A1_D7_A8__e906d553.md (7612 bytes)
  ✓ https://nfct.org.il/blog/movies/%D7%90%D7%9C-%D7%AA%D7%A7%D7%A8%D7%90-%D7%9C%D7%99-%D7%97%D7%9E%D7%95%D7%93%D7%94/ → nfct__blog_movies_D7_90_D7_9C-_D7_AA_D7_A7_D7_A8_D7_90-_D7_9C_D7_99-_D7_97_D7_9E_D7_95__86ed976f.md (8294 bytes)
  ✓ https://nfct.org.il/blog/movies/%D7%90%D7%9D-%D7%90%D7%AA%D7%94-%D7%A2%D7%93%D7%99%D7%99%D7%9F-%D7%91%D7%A1%D7%91%D7%99%D7%91%D7%94/ → nfct__blog_movies_D7_90_D7_9D-_D7_90_D7_AA_D7_94-_D7_A2_D7_93_D7_99_D7_99_D7_9F-_D7_91__de7b45ce.md (7768 bytes)
  ✓ https://nfct.org.il/blog/movies/%D7%90%D7%9D-%D7%90%D7%AA%D7%94-%D7%A2%D7%93%D7%99%D7%99%D7%9F-%D7%9B%D7%90%D7%9F/ → nfct__blog_movies_D7_90_D7_9D-_D7_90_D7_AA_D7_94-_D7_A2_D7_93_D7_99_D7_99_D7_9F-_D7_9B__ff6736d2.md (7714 bytes)
  ✓ https://nfct.org.il/blog/movies/%D7%90%D7%9D-%D7%AA%D7%A8%D7%A9%D7%94-%D7%9C%D7%99-%D7%9C%D7%9C%D7%9B%D7%AA/ → nfct__blog_movies_D7_90_D7_9D-_D7_AA_D7_A8_D7_A9_D7_94-_D7_9C_D7_99-_D7_9C_D7_9C_D7_9B__944f5187.md (8276 bytes)
  ✓ https://nfct.org.il/blog/movies/%D7%90%D7%9D-%D7%94%D7%90%D7%93%D7%9E%D7%94/ → nfct__blog_movies_D7_90_D7_9D-_D7_94_D7_90_D7_93_D7_9E_D7_94__8d93fbd0.md (8209 bytes)
  ✓ https://nfct.org.il/blog/movies/%D7%90%D7%9D-%D7%94%D7%A2%D7%95%D7%9C%D7%9D-%D7%94%D7%96%D7%94-%D7%94%D7%99%D7%94-%D7%99%D7%9D/ → nfct__blog_movies_D7_90_D7_9D-_D7_94_D7_A2_D7_95_D7_9C_D7_9D-_D7_94_D7_96_D7_94-_D7_94__d4950380.md (8362 bytes)
  ✓ https://nfct.org.il/blog/movies/%D7%90%D7%9E%D7%90%D7%95%D7%AA-%D7%91%D7%95%D7%9B%D7%95%D7%AA/ → nfct__blog_movies_D7_90_D7_9E_D7_90_D7_95_D7_AA-_D7_91_D7_95_D7_9B_D7_95_D7_AA__cbc2a601.md (7654 bytes)
  ✓ https://nfct.org.il/blog/movies/%D7%90%D7%9D-%D7%94%D7%99%D7%9C%D7%93/ → nfct__blog_movies_D7_90_D7_9D-_D7_94_D7_99_D7_9C_D7_93__e2326b0c.md (8191 bytes)
  ✓ https://nfct.org.il/blog/movies/%D7%90%D7%9E%D7%90%D7%95%D7%AA-%D7%91%D7%95%D7%9B%D7%99%D7%95%D7%AA/ → nfct__blog_movies_D7_90_D7_9E_D7_90_D7_95_D7_AA-_D7_91_D7_95_D7_9B_D7_99_D7_95_D7_AA__544b03e9.md (7672 bytes)
  ✓ https://nfct.org.il/blog/movies/%D7%90%D7%9E%D7%90%D7%95%D7%AA-%D7%92%D7%95%D7%95%D7%A2%D7%95%D7%AA/ → nfct__blog_movies_D7_90_D7_9E_D7_90_D7_95_D7_AA-_D7_92_D7_95_D7_95_D7_A2_D7_95_D7_AA__0caf1614.md (7672 bytes)
  ✓ https://nfct.org.il/blog/movies/%D7%90%D7%9E%D7%90-%D7%90%D7%9E%D7%99%D7%AA%D7%99%D7%AA/ → nfct__blog_movies_D7_90_D7_9E_D7_90-_D7_90_D7_9E_D7_99_D7_AA_D7_99_D7_AA__81b3ed83.md (7636 bytes)
  ✓ https://nfct.org.il/blog/movies/%D7%90%D7%9E%D7%90%D7%95%D7%AA-%D7%9C%D7%90-%D7%91%D7%95%D7%9B%D7%95%D7%AA/ → nfct__blog_movies_D7_90_D7_9E_D7_90_D7_95_D7_AA-_D7_9C_D7_90-_D7_91_D7_95_D7_9B_D7_95___383dc1d4.md (8302 bytes)
  ✓ https://nfct.org.il/blog/movies/%D7%90%D7%9E%D7%90-%D7%91%D7%95%D7%9B%D7%94/ → nfct__blog_movies_D7_90_D7_9E_D7_90-_D7_91_D7_95_D7_9B_D7_94__5013ae79.md (7600 bytes)
  ✓ https://nfct.org.il/blog/movies/%D7%90%D7%9E%D7%90-%D7%92%D7%95%D7%A1%D7%A1%D7%AA/ → nfct__blog_movies_D7_90_D7_9E_D7_90-_D7_92_D7_95_D7_A1_D7_A1_D7_AA__73a9b589.md (8227 bytes)
  ✓ https://nfct.org.il/blog/movies/%D7%90%D7%9E%D7%90-%D7%99%D7%99%D7%93%D7%99%D7%A9/ → nfct__blog_movies_D7_90_D7_9E_D7_90-_D7_99_D7_99_D7_93_D7_99_D7_A9__a9cb81dd.md (7618 bytes)
  ✓ https://nfct.org.il/blog/movies/%D7%90%D7%9E%D7%90-%D7%9C%D7%90-%D7%91%D7%95%D7%9B%D7%94/ → nfct__blog_movies_D7_90_D7_9E_D7_90-_D7_9C_D7_90-_D7_91_D7_95_D7_9B_D7_94__be474b2c.md (7639 bytes)
  ✓ https://nfct.org.il/blog/movies/%D7%90%D7%9E%D7%90-%D7%A2%D7%95%D7%91%D7%93%D7%AA/ → nfct__blog_movies_D7_90_D7_9E_D7_90-_D7_A2_D7_95_D7_91_D7_93_D7_AA__646221d7.md (8198 bytes)
  ✓ https://nfct.org.il/blog/movies/%D7%90%D7%9E%D7%90/ → nfct__blog_movies_D7_90_D7_9E_D7_90__c0b50197.md (10070 bytes)
  ✓ https://nfct.org.il/blog/movies/%D7%90%D7%9E%D7%94%D7%95%D7%AA-%D7%91%D7%95%D7%9B%D7%95%D7%AA/ → nfct__blog_movies_D7_90_D7_9E_D7_94_D7_95_D7_AA-_D7_91_D7_95_D7_9B_D7_95_D7_AA__d6771d5c.md (7654 bytes)
  ✓ https://nfct.org.il/blog/movies/%D7%90%D7%9E%D7%90-%D7%A9%D7%9C%D7%99-%D7%94%D7%90%D7%93%D7%A8%D7%99%D7%9B%D7%9C%D7%99%D7%AA/ → nfct__blog_movies_D7_90_D7_9E_D7_90-_D7_A9_D7_9C_D7_99-_D7_94_D7_90_D7_93_D7_A8_D7_99___24780fd8.md (8356 bytes)
  ✓ https://nfct.org.il/blog/movies/%D7%90%D7%9E%D7%94%D7%95%D7%AA-%D7%9C%D7%90-%D7%91%D7%95%D7%9B%D7%95%D7%AA/ → nfct__blog_movies_D7_90_D7_9E_D7_94_D7_95_D7_AA-_D7_9C_D7_90-_D7_91_D7_95_D7_9B_D7_95___d6990095.md (8273 bytes)
  ✓ https://nfct.org.il/blog/movies/%D7%90%D7%9E%D7%99%D7%9C-%D7%9E%D7%A1%D7%A2-%D7%92%D7%99%D7%91%D7%95%D7%A8/ → nfct__blog_movies_D7_90_D7_9E_D7_99_D7_9C-_D7_9E_D7_A1_D7_A2-_D7_92_D7_99_D7_91_D7_95___89edd80b.md (7693 bytes)
  ✓ https://nfct.org.il/blog/movies/%D7%90%D7%9E%D7%99%D7%9C-%D7%97%D7%91%D7%99%D7%91%D7%99-%E2%80%9C%D7%A0%D7%A9%D7%90%D7%A8%D7%AA%D7%99-%D7%91%D7%97%D7%99%D7%A4%D7%94%E2%80%9D/ → nfct__blog_movies_D7_90_D7_9E_D7_99_D7_9C-_D7_97_D7_91_D7_99_D7_91_D7_99-_E2_80_9C_D7___124bd595.md (8474 bytes)
  ✓ https://nfct.org.il/blog/movies/%D7%90%D7%9E%D7%99-%D7%A0%D7%95%D7%A8%D7%9E%D7%9C/ → nfct__blog_movies_D7_90_D7_9E_D7_99-_D7_A0_D7_95_D7_A8_D7_9E_D7_9C__5cb1baf1.md (7618 bytes)
  ✓ https://nfct.org.il/blog/movies/%D7%90%D7%9E%D7%99%D7%A8-%D7%A7%D7%99%D7%91%D7%9C-%D7%90%D7%A7%D7%93%D7%97/ → nfct__blog_movies_D7_90_D7_9E_D7_99_D7_A8-_D7_A7_D7_99_D7_91_D7_9C-_D7_90_D7_A7_D7_93___aad1eb55.md (7693 bytes)
  ✓ https://nfct.org.il/blog/movies/%D7%90%D7%9E%D7%A8%D7%AA%D7%99-%D7%90%D7%A0%D7%99/ → nfct__blog_movies_D7_90_D7_9E_D7_A8_D7_AA_D7_99-_D7_90_D7_A0_D7_99__b08a3bae.md (7618 bytes)
  ✓ https://nfct.org.il/blog/movies/%D7%90%D7%9E%D7%AA-%D7%9C%D7%90-%D7%9B%D7%9C%D7%95%D7%9D-%D7%9E%D7%9C%D7%91%D7%93/ → nfct__blog_movies_D7_90_D7_9E_D7_AA-_D7_9C_D7_90-_D7_9B_D7_9C_D7_95_D7_9D-_D7_9E_D7_9C__6481ab2a.md (7714 bytes)
  ✓ https://nfct.org.il/blog/movies/%D7%90%D7%9E%D7%AA-%D7%9C%D7%90-%D7%9B%D7%9C%D7%95%D7%9D-%D7%A8%D7%A7/ → nfct__blog_movies_D7_90_D7_9E_D7_AA-_D7_9C_D7_90-_D7_9B_D7_9C_D7_95_D7_9D-_D7_A8_D7_A7__835ca2ec.md (7678 bytes)
  ✓ https://nfct.org.il/blog/movies/%D7%90%D7%9E%D7%AA-%D7%A8%D7%A7-%D7%90%D7%9E%D7%AA/ → nfct__blog_movies_D7_90_D7_9E_D7_AA-_D7_A8_D7_A7-_D7_90_D7_9E_D7_AA__8eaefe91.md (7621 bytes)
  ✓ https://nfct.org.il/blog/movies/%D7%90%D7%9E%D7%A8%D7%AA%D7%99-%D7%A9%D7%90%D7%A0%D7%99/ → nfct__blog_movies_D7_90_D7_9E_D7_A8_D7_AA_D7_99-_D7_A9_D7_90_D7_A0_D7_99__1db8fb8b.md (9560 bytes)
  ✓ https://nfct.org.il/blog/movies/%D7%90%D7%A0%D7%93%D7%A8%D7%93%D7%95%D7%92%D7%A1-%E2%80%93-%D7%A1%D7%99%D7%A4%D7%95%D7%A8-%D7%9E%D7%9C%D7%97%D7%9E%D7%94/ → nfct__blog_movies_D7_90_D7_A0_D7_93_D7_A8_D7_93_D7_95_D7_92_D7_A1-_E2_80_93-_D7_A1_D7___611a6ea7.md (7831 bytes)
  ✓ https://nfct.org.il/blog/movies/%D7%90%D7%A0%D7%90-%D7%94%D7%9E%D7%AA%D7%9F-%D7%9C%D7%A7%D7%95/ → nfct__blog_movies_D7_90_D7_A0_D7_90-_D7_94_D7_9E_D7_AA_D7_9F-_D7_9C_D7_A7_D7_95__eb644ca4.md (7657 bytes)
  ✓ https://nfct.org.il/blog/movies/%D7%90%D7%A0%D7%97%D7%A0%D7%95-%D7%90%D7%95%D7%94%D7%91%D7%99%D7%9D-%D7%90%D7%95%D7%AA%D7%9A-%D7%A4%D7%98%D7%A8%D7%99%D7%A9%D7%99%D7%94/ → nfct__blog_movies_D7_90_D7_A0_D7_97_D7_A0_D7_95-_D7_90_D7_95_D7_94_D7_91_D7_99_D7_9D-___167b75a4.md (7876 bytes)
  ✓ https://nfct.org.il/blog/movies/%D7%90%D7%A0%D7%97%D7%A0%D7%95-%D7%90%D7%A0%D7%A9%D7%99-%D7%96%D6%B4%D7%99%D7%9E%D6%B6%D7%A0%D6%B0%D7%A9%D6%B0%D7%98%D6%B7%D7%93%D6%B0%D7%98/ → nfct__blog_movies_D7_90_D7_A0_D7_97_D7_A0_D7_95-_D7_90_D7_A0_D7_A9_D7_99-_D7_96_D6_B4___2a671bfb.md (7891 bytes)
  ✓ https://nfct.org.il/blog/movies/%D7%90%D7%A0%D7%97%D7%A0%D7%95-%D7%90%D7%A0%D7%A9%D7%99-%D7%96%D7%9E%D7%A0%D7%A1%D7%A9%D7%98%D7%90%D7%93%D7%98/ → nfct__blog_movies_D7_90_D7_A0_D7_97_D7_A0_D7_95-_D7_90_D7_A0_D7_A9_D7_99-_D7_96_D7_9E___71b931ab.md (7801 bytes)
  ✓ https://nfct.org.il/blog/movies/%D7%90%D7%A0%D7%97%D7%A0%D7%95-%D7%90%D7%A0%D7%A9%D7%99-%D7%96%D7%9E%D7%A0%D7%A9%D7%98%D7%90%D7%93%D7%98/ → nfct__blog_movies_D7_90_D7_A0_D7_97_D7_A0_D7_95-_D7_90_D7_A0_D7_A9_D7_99-_D7_96_D7_9E___d791443b.md (7783 bytes)
  ✓ https://nfct.org.il/blog/movies/%D7%90%D7%A0%D7%97%D7%A0%D7%95-%D7%90%D7%A0%D7%A9%D7%99-%D7%96%D7%A0%D7%A1%D7%99%D7%A9%D7%98%D7%90%D7%93%D7%98/ → nfct__blog_movies_D7_90_D7_A0_D7_97_D7_A0_D7_95-_D7_90_D7_A0_D7_A9_D7_99-_D7_96_D7_A0___115d0eaa.md (8381 bytes)
  ✓ https://nfct.org.il/blog/movies/%D7%90%D7%A0%D7%97%D7%A0%D7%95-%D7%90%D7%A0%D7%A9%D7%99-%D7%A1%D7%99%D7%9E%D7%A0%D7%A1%D7%A9%D7%98%D7%90%D7%93%D7%98/ → nfct__blog_movies_D7_90_D7_A0_D7_97_D7_A0_D7_95-_D7_90_D7_A0_D7_A9_D7_99-_D7_A1_D7_99___f3ca9651.md (7819 bytes)
  ✓ https://nfct.org.il/blog/movies/%D7%90%D7%A0%D7%97%D7%A0%D7%95-%D7%90%D7%A0%D7%A9%D7%99-%D7%96%D7%99%D7%9E%D7%A0%D7%A1%D7%A9%D7%98%D7%90%D7%93%D7%98/ → nfct__blog_movies_D7_90_D7_A0_D7_97_D7_A0_D7_95-_D7_90_D7_A0_D7_A9_D7_99-_D7_96_D7_99___b1f8a7eb.md (7819 bytes)
  ✓ https://nfct.org.il/blog/movies/%D7%90%D7%A0%D7%97%D7%A0%D7%95-%D7%91%D7%9B%D7%99%D7%A0%D7%95-%D7%91%D7%9C%D7%99-%D7%93%D7%9E%D7%A2%D7%95%D7%AA/ → nfct__blog_movies_D7_90_D7_A0_D7_97_D7_A0_D7_95-_D7_91_D7_9B_D7_99_D7_A0_D7_95-_D7_91___c6fccc7f.md (8384 bytes)
  ✓ https://nfct.org.il/blog/movies/%D7%90%D7%A0%D7%97%D7%A0%D7%95-%D7%A0%D7%A8%D7%A7%D7%95%D7%93-%D7%A9%D7%95%D7%91/ → nfct__blog_movies_D7_90_D7_A0_D7_97_D7_A0_D7_95-_D7_A0_D7_A8_D7_A7_D7_95_D7_93-_D7_A9___4507c3d8.md (8291 bytes)
  ✓ https://nfct.org.il/blog/movies/%D7%90%D7%A0%D7%97%D7%A0%D7%95-%D7%91%D7%9B%D7%99%D7%A0%D7%95-%D7%9C%D7%9C%D7%90-%D7%93%D7%9E%D7%A2%D7%95%D7%AA/ → nfct__blog_movies_D7_90_D7_A0_D7_97_D7_A0_D7_95-_D7_91_D7_9B_D7_99_D7_A0_D7_95-_D7_9C___9d3f5f2e.md (7804 bytes)
  ✓ https://nfct.org.il/blog/movies/%D7%90%D7%A0%D7%98%D7%95%D7%95%D7%A8%D7%A4%D7%9F/ → nfct__blog_movies_D7_90_D7_A0_D7_98_D7_95_D7_95_D7_A8_D7_A4_D7_9F__1043cd13.md (8195 bytes)
  ✓ https://nfct.org.il/blog/movies/%D7%90%D7%A0%D7%99%D7%9E%D7%A6%D7%99%D7%AA-%D7%91%D7%95%D7%91%D7%95%D7%AA/ → nfct__blog_movies_D7_90_D7_A0_D7_99_D7_9E_D7_A6_D7_99_D7_AA-_D7_91_D7_95_D7_91_D7_95_D__094fc3cd.md (7690 bytes)
  ✓ https://nfct.org.il/blog/movies/%D7%90%D7%A0%D7%99%D7%9E%D7%A6%D7%99%D7%99%D7%AA-%D7%AA%D7%9C%D7%AA-%D7%9E%D7%99%D7%9E%D7%93/ → nfct__blog_movies_D7_90_D7_A0_D7_99_D7_9E_D7_A6_D7_99_D7_99_D7_AA-_D7_AA_D7_9C_D7_AA-___cd1726a0.md (7747 bytes)
  ✓ https://nfct.org.il/blog/movies/%D7%90%D7%A0%D7%99%D7%99%D7%94/ → nfct__blog_movies_D7_90_D7_A0_D7_99_D7_99_D7_94__e8501897.md (7561 bytes)
  ✗ https://nfct.org.il/blog/movies/%D7%90%D7%9C-%D7%AA%D7%99%D7%92%D7%A2-%D7%9C%D7%99-%D7%91%D7%A9%D7%95%D7%90%D7%94/: HTTPSConnectionPool(host='crawl4ai-wrapper-559961100092.europe-west1.run.app', port=443): Read timed out. (read timeout=120)
  ✓ https://nfct.org.il/blog/movies/%D7%90%D7%A0%D7%99-%D7%90%D7%92%D7%99%D7%93-%D7%9C%D7%9A-%D7%9B%D7%A9%D7%96%D7%94-%D7%A0%D7%92%D7%9E%D7%A8/ → nfct__blog_movies_D7_90_D7_A0_D7_99-_D7_90_D7_92_D7_99_D7_93-_D7_9C_D7_9A-_D7_9B_D7_A9__e57aa108.md (8369 bytes)
  ✓ https://nfct.org.il/blog/movies/%D7%90%D7%A0%D7%99-%D7%90%D7%99%D7%A9-%D7%A4%D7%99%D7%92%D7%9E%D7%94-%D7%A2%D7%99%D7%A8%D7%90%D7%A7%D7%99/ → nfct__blog_movies_D7_90_D7_A0_D7_99-_D7_90_D7_99_D7_A9-_D7_A4_D7_99_D7_92_D7_9E_D7_94-__ceb5e0a6.md (8366 bytes)
  ✓ https://nfct.org.il/blog/movies/%D7%90%D7%A0%D7%99-%D7%90%D7%A1%D7%A4%D7%A8-%D7%9C%D7%9A-%D7%9B%D7%A9%D7%96%D7%94-%D7%99%D7%99%D7%92%D7%9E%D7%A8/ → nfct__blog_movies_D7_90_D7_A0_D7_99-_D7_90_D7_A1_D7_A4_D7_A8-_D7_9C_D7_9A-_D7_9B_D7_A9__44a8ea83.md (8387 bytes)
  ✓ https://nfct.org.il/blog/movies/%D7%90%D7%A0%D7%99-%D7%90%D7%A1%D7%A4%D7%A8-%D7%9C%D7%9A-%D7%9B%D7%A9%D7%99%D7%92%D7%9E%D7%A8/ → nfct__blog_movies_D7_90_D7_A0_D7_99-_D7_90_D7_A1_D7_A4_D7_A8-_D7_9C_D7_9A-_D7_9B_D7_A9__24e187f4.md (8330 bytes)
  ✓ https://nfct.org.il/blog/movies/%D7%90%D7%A0%D7%99-%D7%9C%D7%90/ → nfct__blog_movies_D7_90_D7_A0_D7_99-_D7_9C_D7_90__0e6e5659.md (7564 bytes)
  ✓ https://nfct.org.il/blog/movies/%D7%90%D7%A0%D7%99-%D7%90%D7%99%D7%A8%D7%99-%D7%A4%D7%99%D7%92%D7%9E%D7%94/ → nfct__blog_movies_D7_90_D7_A0_D7_99-_D7_90_D7_99_D7_A8_D7_99-_D7_A4_D7_99_D7_92_D7_9E___c9ff32a0.md (9731 bytes)
  ✓ https://nfct.org.il/blog/movies/%D7%90%D7%A0%D7%99-%D7%A4%D7%90%D7%92%D7%9E%D7%94-%D7%A2%D7%99%D7%A8%D7%90%D7%A7%D7%99/ → nfct__blog_movies_D7_90_D7_A0_D7_99-_D7_A4_D7_90_D7_92_D7_9E_D7_94-_D7_A2_D7_99_D7_A8___8abd7cf7.md (8309 bytes)
  ✓ https://nfct.org.il/blog/movies/%D7%90%D7%A0%D7%99-%D7%A4%D7%93%D7%90%D7%95-%D7%A2%D7%99%D7%A8%D7%90%D7%A7%D7%99/ → nfct__blog_movies_D7_90_D7_A0_D7_99-_D7_A4_D7_93_D7_90_D7_95-_D7_A2_D7_99_D7_A8_D7_90___3912e004.md (7711 bytes)
  ✓ https://nfct.org.il/blog/movies/%D7%90%D7%A0%D7%99-%D7%A4%D7%99%D7%92%D7%9E%D7%94-%D7%A2%D7%99%D7%A8%D7%90%D7%A7%D7%99/ → nfct__blog_movies_D7_90_D7_A0_D7_99-_D7_A4_D7_99_D7_92_D7_9E_D7_94-_D7_A2_D7_99_D7_A8___ba526ed6.md (7729 bytes)
  ✓ https://nfct.org.il/blog/movies/%D7%90%D7%A0%D7%99-%D7%A8%D7%95%D7%A6%D7%94-%D7%9C%D7%96%D7%9B%D7%95%D7%A8-%E2%80%93-%D7%94%D7%95%D7%90-%D7%A8%D7%95%D7%A6%D7%94-%D7%9C%D7%A9%D7%9B%D7%95%D7%97/ → nfct__blog_movies_D7_90_D7_A0_D7_99-_D7_A8_D7_95_D7_A6_D7_94-_D7_9C_D7_96_D7_9B_D7_95___e81e4eb1.md (8528 bytes)
  ✓ https://nfct.org.il/blog/movies/%D7%90%D7%A0%D7%99-%D7%A9%D7%95%D7%A0%D7%90-%D7%90%D7%AA-%D7%94%D7%97%D7%91%D7%A8%D7%99%D7%9D-%D7%A9%D7%9C%D7%99/ → nfct__blog_movies_D7_90_D7_A0_D7_99-_D7_A9_D7_95_D7_A0_D7_90-_D7_90_D7_AA-_D7_94_D7_97__78386f67.md (8416 bytes)
  ✓ https://nfct.org.il/blog/movies/%D7%90%D7%A0%D7%99-%D7%A4%D7%99%D7%99%D7%92%D7%9E%D7%94-%D7%A2%D7%99%D7%A8%D7%90%D7%A7%D7%99/ → nfct__blog_movies_D7_90_D7_A0_D7_99-_D7_A4_D7_99_D7_99_D7_92_D7_9E_D7_94-_D7_A2_D7_99___a5530853.md (8327 bytes)
  ✓ https://nfct.org.il/blog/movies/%D7%90%D7%A0%D7%A6%D7%99/ → nfct__blog_movies_D7_90_D7_A0_D7_A6_D7_99__a87b67ab.md (7543 bytes)
  ✓ https://nfct.org.il/blog/movies/%D7%90%D7%A0%D7%A8%D7%9B%D7%99%D7%94/ → nfct__blog_movies_D7_90_D7_A0_D7_A8_D7_9B_D7_99_D7_94__187ef0ee.md (7579 bytes)
  ✓ https://nfct.org.il/blog/movies/%D7%90%D7%A0%D7%A8%D7%9B%D7%99%D7%96%D7%9D/ → nfct__blog_movies_D7_90_D7_A0_D7_A8_D7_9B_D7_99_D7_96_D7_9D__a6698119.md (7597 bytes)
  ✓ https://nfct.org.il/blog/movies/%D7%90%D7%A1%D7%95%D7%9F-%D7%98%D7%91%D7%A2%D7%99/ → nfct__blog_movies_D7_90_D7_A1_D7_95_D7_9F-_D7_98_D7_91_D7_A2_D7_99__c800beaf.md (7618 bytes)
  ✓ https://nfct.org.il/blog/movies/%D7%90%D7%A0%D7%A9%D7%99-%D7%9B%D7%91%D7%95%D7%93/ → nfct__blog_movies_D7_90_D7_A0_D7_A9_D7_99-_D7_9B_D7_91_D7_95_D7_93__0f780564.md (8227 bytes)
  ✓ https://nfct.org.il/blog/movies/%D7%90%D7%A0%D7%A9%D7%99-%D7%99%D7%A8%D7%95%D7%A7/ → nfct__blog_movies_D7_90_D7_A0_D7_A9_D7_99-_D7_99_D7_A8_D7_95_D7_A7__de72dc9d.md (8198 bytes)
  ✓ https://nfct.org.il/blog/movies/%D7%90%D7%A1%D7%99%D7%93/ → nfct__blog_movies_D7_90_D7_A1_D7_99_D7_93__0dad133a.md (7543 bytes)
  ✓ https://nfct.org.il/blog/movies/%D7%90%D7%A1%D7%95%D7%A6%D7%99%D7%90%D7%A6%D7%99%D7%95%D7%AA/ → nfct__blog_movies_D7_90_D7_A1_D7_95_D7_A6_D7_99_D7_90_D7_A6_D7_99_D7_95_D7_AA__574915ab.md (7651 bytes)
  ✓ https://nfct.org.il/blog/movies/%D7%90%D7%A1%D7%99%D7%A8-%D7%90%D7%99%D7%A7%D7%A1/ → nfct__blog_movies_D7_90_D7_A1_D7_99_D7_A8-_D7_90_D7_99_D7_A7_D7_A1__4426245b.md (8198 bytes)
  ✓ https://nfct.org.il/blog/movies/%D7%90%D7%A1%D7%A1%D7%99%D7%A1%D7%98/ → nfct__blog_movies_D7_90_D7_A1_D7_A1_D7_99_D7_A1_D7_98__5d244804.md (7579 bytes)
  ✓ https://nfct.org.il/blog/movies/%D7%90%D7%A4%D7%98%D7%A8-%D7%9E%D7%95%D7%A0%D7%93%D7%A8%D7%99%D7%90%D7%9F-%D7%A7%D7%A0%D7%93%D7%99%D7%A0%D7%A1%D7%A7%D7%99-%D7%90%D7%A0%D7%93-%D7%A7%D7%9C%D7%99/ → nfct__blog_movies_D7_90_D7_A4_D7_98_D7_A8-_D7_9E_D7_95_D7_A0_D7_93_D7_A8_D7_99_D7_90_D__d8f53099.md (7951 bytes)
  ✓ https://nfct.org.il/blog/movies/%D7%90%D7%A4%D7%94-%D7%94%D7%93%D7%91%D7%A8%D7%99%D7%9D-%D7%A9%D7%9C%D7%99/ → nfct__blog_movies_D7_90_D7_A4_D7_94-_D7_94_D7_93_D7_91_D7_A8_D7_99_D7_9D-_D7_A9_D7_9C___81e87a3b.md (8302 bytes)
  ✓ https://nfct.org.il/blog/movies/%D7%90%D7%A4%D7%9C%D7%9C%D7%A1/ → nfct__blog_movies_D7_90_D7_A4_D7_9C_D7_9C_D7_A1__362c5bf5.md (7561 bytes)
  ✓ https://nfct.org.il/blog/movies/%D7%90%D7%A4%D7%95%D7%A8%D7%99%D7%94/ → nfct__blog_movies_D7_90_D7_A4_D7_95_D7_A8_D7_99_D7_94__bbd3d081.md (8188 bytes)
  ✓ https://nfct.org.il/blog/movies/%D7%90%D7%A4%D7%A8%D7%99%D7%9C-%D7%A4%D7%95%D7%9C/ → nfct__blog_movies_D7_90_D7_A4_D7_A8_D7_99_D7_9C-_D7_A4_D7_95_D7_9C__81850861.md (7618 bytes)
  ✓ https://nfct.org.il/blog/movies/%D7%90%D7%A4%D7%A8%D7%99%D7%9C-%D7%A4%D7%95%D7%9C%D7%A1/ → nfct__blog_movies_D7_90_D7_A4_D7_A8_D7_99_D7_9C-_D7_A4_D7_95_D7_9C_D7_A1__e6c88a89.md (7636 bytes)
  ✓ https://nfct.org.il/blog/movies/%D7%90%D7%A4%D7%A9%D7%A8-%D7%9C%D7%A6%D7%9C%D7%9D-%D7%90%D7%95%D7%AA%D7%99/ → nfct__blog_movies_D7_90_D7_A4_D7_A9_D7_A8-_D7_9C_D7_A6_D7_9C_D7_9D-_D7_90_D7_95_D7_AA___324099ab.md (7693 bytes)
  ✓ https://nfct.org.il/blog/movies/%D7%90%D7%A7%D7%94-%D7%A4%D7%99%D7%A9-%D7%90%D7%95%D7%A8%D7%99%D7%92%D7%99%D7%A0%D7%9C%D7%A1/ → nfct__blog_movies_D7_90_D7_A7_D7_94-_D7_A4_D7_99_D7_A9-_D7_90_D7_95_D7_A8_D7_99_D7_92___3ea8ae97.md (7747 bytes)
  ✓ https://nfct.org.il/blog/movies/%D7%90%D7%A7%D7%99%D7%A6%D7%A8/ → nfct__blog_movies_D7_90_D7_A7_D7_99_D7_A6_D7_A8__18833174.md (8141 bytes)
  ✓ https://nfct.org.il/blog/movies/%D7%90%D7%A7%D7%A1%D7%98%D7%96%D7%99/ → nfct__blog_movies_D7_90_D7_A7_D7_A1_D7_98_D7_96_D7_99__0a44c83f.md (7579 bytes)
  ✓ https://nfct.org.il/blog/movies/%D7%90%D7%A8%D7%90%D7%95%D7%95%D7%94/ → nfct__blog_movies_D7_90_D7_A8_D7_90_D7_95_D7_95_D7_94__6cefb984.md (7579 bytes)
  ✓ https://nfct.org.il/blog/movies/%D7%90%D7%A7%D7%9C%D7%99%D7%A4%D7%A1/ → nfct__blog_movies_D7_90_D7_A7_D7_9C_D7_99_D7_A4_D7_A1__d59042e8.md (8188 bytes)
  ✓ https://nfct.org.il/blog/movies/%D7%90%D7%A8%D7%95%D7%97%D7%AA-%D7%A2%D7%A8%D7%91-%D7%A9%D7%91%D7%AA/ → nfct__blog_movies_D7_90_D7_A8_D7_95_D7_97_D7_AA-_D7_A2_D7_A8_D7_91-_D7_A9_D7_91_D7_AA__7d55d5e8.md (7675 bytes)
  ✓ https://nfct.org.il/blog/movies/%D7%90%D7%A8%D7%95%D7%9A%D7%A7%D7%A6%D7%A8-%E2%80%93-%D7%9E%D7%97%D7%95%D7%95%D7%94-%D7%9C%D7%A7%D7%95%D7%9C%D7%A0%D7%95%D7%A2-%D7%94%D7%99%D7%A9%D7%A8%D7%90%D7%9C%D7%99/ → nfct__blog_movies_D7_90_D7_A8_D7_95_D7_9A_D7_A7_D7_A6_D7_A8-_E2_80_93-_D7_9E_D7_97_D7___7e406ac1.md (8558 bytes)
  ✓ https://nfct.org.il/blog/movies/%D7%90%D7%A8%D7%99%D7%94-%D7%91%D7%92%D7%9F-%D7%A2%D7%93%D7%9F/ → nfct__blog_movies_D7_90_D7_A8_D7_99_D7_94-_D7_91_D7_92_D7_9F-_D7_A2_D7_93_D7_9F__81c5a3db.md (8237 bytes)
  ✓ https://nfct.org.il/blog/movies/%D7%90%D7%A8%D7%95%D7%A8/ → nfct__blog_movies_D7_90_D7_A8_D7_95_D7_A8__fc03cfac.md (7543 bytes)
  ✓ https://nfct.org.il/blog/movies/%D7%90%D7%A8%D7%99%D7%AA%D7%A8%D7%99%D7%90%D7%94/ → nfct__blog_movies_D7_90_D7_A8_D7_99_D7_AA_D7_A8_D7_99_D7_90_D7_94__a1fe639e.md (8195 bytes)
  ✓ https://nfct.org.il/blog/movies/%D7%90%D7%A8%D7%99%D7%AA%D7%A8%D7%90%D7%99%D7%94/ → nfct__blog_movies_D7_90_D7_A8_D7_99_D7_AA_D7_A8_D7_90_D7_99_D7_94__2fff6aec.md (7615 bytes)
  ✓ https://nfct.org.il/blog/movies/%D7%90%D7%A8%D7%9B%D7%90%D7%95%D7%9C%D7%95%D7%92%D7%99%D7%94/ → nfct__blog_movies_D7_90_D7_A8_D7_9B_D7_90_D7_95_D7_9C_D7_95_D7_92_D7_99_D7_94__ea3e915a.md (7651 bytes)
  ✓ https://nfct.org.il/blog/movies/%D7%90%D7%A8%D7%99%D7%94-%D7%91%D7%A6%D7%99%D7%95%D7%9F/ → nfct__blog_movies_D7_90_D7_A8_D7_99_D7_94-_D7_91_D7_A6_D7_99_D7_95_D7_9F__9a2c52e8.md (9560 bytes)
  ✓ https://nfct.org.il/blog/movies/%D7%90%D7%A8%D7%9C%D7%A7%D7%95%D7%95%D7%99%D7%A0%D7%95-%D7%9E%D7%90%D7%97%D7%95%D7%A8%D7%99-%D7%94%D7%9E%D7%A1%D7%9B%D7%95%D7%AA/ → nfct__blog_movies_D7_90_D7_A8_D7_9C_D7_A7_D7_95_D7_95_D7_99_D7_A0_D7_95-_D7_9E_D7_90_D__99934a06.md (7855 bytes)
  ✓ https://nfct.org.il/blog/movies/%D7%90%D7%A8%D7%9C%D7%A7%D7%99%D7%A0%D7%95-%D7%9E%D7%90%D7%97%D7%95%D7%A8%D7%99-%D7%94%D7%9E%D7%A1%D7%9B%D7%95%D7%AA/ → nfct__blog_movies_D7_90_D7_A8_D7_9C_D7_A7_D7_99_D7_A0_D7_95-_D7_9E_D7_90_D7_97_D7_95_D__2a12633e.md (7819 bytes)
  ✓ https://nfct.org.il/blog/movies/%D7%90%D7%A8%D7%A1-%D7%A4%D7%95%D7%90%D7%98%D7%99%D7%A7%D7%94/ → nfct__blog_movies_D7_90_D7_A8_D7_A1-_D7_A4_D7_95_D7_90_D7_98_D7_99_D7_A7_D7_94__a3d4b465.md (7654 bytes)
  ✓ https://nfct.org.il/blog/movies/%D7%90%D7%A8%D7%9C%D7%A7%DB%8C%D9%86%D9%88-%D7%9E%D7%90%D7%97%D7%95%D7%A8%D7%99-%D7%94%D7%9E%D7%A1%D7%9B%D7%95%D7%AA/ → nfct__blog_movies_D7_90_D7_A8_D7_9C_D7_A7_DB_8C_D9_86_D9_88-_D7_9E_D7_90_D7_97_D7_95_D__2eb4acdf.md (7819 bytes)
  ✓ https://nfct.org.il/blog/movies/%D7%90%D7%A8%D7%A6%D7%99-%D7%90%D7%94%D7%95%D7%91%D7%AA%D7%99/ → nfct__blog_movies_D7_90_D7_A8_D7_A6_D7_99-_D7_90_D7_94_D7_95_D7_91_D7_AA_D7_99__ba1be70b.md (7654 bytes)
  ✓ https://nfct.org.il/blog/movies/%D7%90%D7%A8%D7%A5-%D7%90%D7%94%D7%95%D7%91%D7%AA%D7%99/ → nfct__blog_movies_D7_90_D7_A8_D7_A5-_D7_90_D7_94_D7_95_D7_91_D7_AA_D7_99__fe67c4bd.md (7636 bytes)
  ✓ https://nfct.org.il/blog/movies/%D7%90%D7%A8%D7%A6%D7%99-%D7%94%D7%9E%D7%95%D7%91%D7%97%D7%A8%D7%AA/ → nfct__blog_movies_D7_90_D7_A8_D7_A6_D7_99-_D7_94_D7_9E_D7_95_D7_91_D7_97_D7_A8_D7_AA__2d71b29b.md (8252 bytes)
  ✓ https://nfct.org.il/blog/movies/%D7%90%D7%A8%D7%A6%D7%99-%D7%94%D7%90%D7%94%D7%95%D7%91%D7%94/ → nfct__blog_movies_D7_90_D7_A8_D7_A6_D7_99-_D7_94_D7_90_D7_94_D7_95_D7_91_D7_94__42a42cc9.md (7654 bytes)
  ✓ https://nfct.org.il/blog/movies/%D7%90%D7%A9%D7%9C%D7%99%D7%9C-%D7%9E%D7%9C%D7%97%D7%9E%D7%94-%D7%A2%D7%9C-%D7%A1%D7%A8%D7%98/ → nfct__blog_movies_D7_90_D7_A9_D7_9C_D7_99_D7_9C-_D7_9E_D7_9C_D7_97_D7_9E_D7_94-_D7_A2___b8fcc71d.md (7750 bytes)
  ✗ https://nfct.org.il/blog/movies/%D7%90%D7%A0%D7%99-%D7%90%D7%99%D7%96%D7%94-%D7%A2%D7%99%D7%A8%D7%90%D7%A7%D7%99-%D7%A4%D7%99%D7%92%D7%9E%D7%94/: HTTPSConnectionPool(host='crawl4ai-wrapper-559961100092.europe-west1.run.app', port=443): Read timed out. (read timeout=120)
  ✓ https://nfct.org.il/blog/movies/%D7%90%D7%A9%D7%9E%D7%AA-%D7%A8%D7%A6%D7%97/ → nfct__blog_movies_D7_90_D7_A9_D7_9E_D7_AA-_D7_A8_D7_A6_D7_97__867f02d7.md (8180 bytes)
  ✓ https://nfct.org.il/blog/movies/%D7%90%D7%A9%D7%A8%D7%90%D7%99-%D7%9C%D7%A8%D7%A6%D7%97/ → nfct__blog_movies_D7_90_D7_A9_D7_A8_D7_90_D7_99-_D7_9C_D7_A8_D7_A6_D7_97__bbd7d59c.md (7636 bytes)
  ✓ https://nfct.org.il/blog/movies/%D7%90%D7%A9%D7%AA-%D7%90%D7%97%D7%95%D7%AA/ → nfct__blog_movies_D7_90_D7_A9_D7_AA-_D7_90_D7_97_D7_95_D7_AA__82bcbde9.md (7600 bytes)
  ✓ https://nfct.org.il/blog/movies/%D7%90%D7%AA%D7%94-%D7%A4%D7%A2%D7%9D-%D7%94%D7%91%D7%90%D7%AA-%D7%9C%D7%99-%D7%A4%D7%A8%D7%97%D7%99%D7%9D/ → nfct__blog_movies_D7_90_D7_AA_D7_94-_D7_A4_D7_A2_D7_9D-_D7_94_D7_91_D7_90_D7_AA-_D7_9C__8352a303.md (7789 bytes)
  ✓ https://nfct.org.il/blog/movies/%D7%90%D7%A9%D7%AA-%D7%A1%D7%95%D7%93/ → nfct__blog_movies_D7_90_D7_A9_D7_AA-_D7_A1_D7_95_D7_93__b137ff6c.md (8162 bytes)
  ✓ https://nfct.org.il/blog/movies/%D7%90%D7%AA%D7%94-%D7%95%D7%90%D7%A0%D7%99-%D7%95%D7%94%D7%9E%D7%93%D7%99%D7%A0%D7%94/ → nfct__blog_movies_D7_90_D7_AA_D7_94-_D7_95_D7_90_D7_A0_D7_99-_D7_95_D7_94_D7_9E_D7_93___8e6ece51.md (7729 bytes)
  ✓ https://nfct.org.il/blog/movies/%D7%90%D7%A9%D7%AA-%D7%90%D7%A9%D7%AA%D7%95/ → nfct__blog_movies_D7_90_D7_A9_D7_AA-_D7_90_D7_A9_D7_AA_D7_95__ec9aef6b.md (8209 bytes)
  ✓ https://nfct.org.il/blog/movies/%D7%90%D7%AA%D7%94-%D7%AA%D7%97%D7%99%D7%94%E2%80%A6%D7%90%D7%91%D7%9C-%D7%91%D7%99%D7%A9%D7%A8%D7%90%D7%9C/ → nfct__blog_movies_D7_90_D7_AA_D7_94-_D7_AA_D7_97_D7_99_D7_94_E2_80_A6_D7_90_D7_91_D7_9__64292da4.md (7792 bytes)
  ✓ https://nfct.org.il/blog/movies/%D7%90%D7%AA%D7%99%D7%A7%D7%94-%D7%93%D7%95%D7%A7%D7%95%D7%9E%D7%A0%D7%98%D7%90%D7%A8%D7%99%D7%AA/ → nfct__blog_movies_D7_90_D7_AA_D7_99_D7_A7_D7_94-_D7_93_D7_95_D7_A7_D7_95_D7_9E_D7_A0_D__ea0dad68.md (8342 bytes)
  ✓ https://nfct.org.il/blog/movies/%D7%90%D7%AA-%D7%90%D7%A0%D7%99-%D7%95%D7%94%D7%98%D7%91%D7%A2/ → nfct__blog_movies_D7_90_D7_AA-_D7_90_D7_A0_D7_99-_D7_95_D7_94_D7_98_D7_91_D7_A2__d1cf4fd8.md (8237 bytes)
  ✓ https://nfct.org.il/blog/movies/%D7%90%D7%AA-%D7%91%D7%A9%D7%91%D7%99%D7%9C-%D7%90%D7%9E%D7%90/ → nfct__blog_movies_D7_90_D7_AA-_D7_91_D7_A9_D7_91_D7_99_D7_9C-_D7_90_D7_9E_D7_90__0e2c0d9c.md (8237 bytes)
  ✓ https://nfct.org.il/blog/movies/%D7%90%D7%AA-%D7%AA%D7%91%D7%99%D7%90%D7%99-%D7%9C%D7%99-%D7%A4%D7%A8%D7%97%D7%99%D7%9D/ → nfct__blog_movies_D7_90_D7_AA-_D7_AA_D7_91_D7_99_D7_90_D7_99-_D7_9C_D7_99-_D7_A4_D7_A8__fd250941.md (7732 bytes)
  ✓ https://nfct.org.il/blog/movies/%D7%90%D7%AA-%D7%95%D7%90%D7%A0%D7%99-%D7%95%D7%94%D7%9B%D7%A4%D7%A8/ → nfct__blog_movies_D7_90_D7_AA-_D7_95_D7_90_D7_A0_D7_99-_D7_95_D7_94_D7_9B_D7_A4_D7_A8__ae73fd22.md (7675 bytes)
  ✓ https://nfct.org.il/blog/movies/%D7%90-%D7%91-%D7%92-%D7%91%D7%A0%D7%92%D7%9C%D7%95%D7%A8/ → nfct__blog_movies_D7_90-_D7_91-_D7_92-_D7_91_D7_A0_D7_92_D7_9C_D7_95_D7_A8__ec66a034.md (8222 bytes)
  ✓ https://nfct.org.il/blog/movies/%D7%91%D6%B7%D6%BC%D7%A9%D6%B0%D7%82%D7%9E%D6%B4%D7%99%D6%B4%D7%9D-%D7%90%D6%B2%D7%97%D6%B5%D7%A8%D6%B4%D7%99%D7%9D/ → nfct__blog_movies_D7_91_D6_B7_D6_BC_D7_A9_D6_B0_D7_82_D7_9E_D6_B4_D7_99_D6_B4_D7_9D-_D__14990d68.md (7816 bytes)
  ✓ https://nfct.org.il/blog/movies/%D7%90-%D7%A7%D7%99%D7%A6%D7%A8/ → nfct__blog_movies_D7_90-_D7_A7_D7_99_D7_A6_D7_A8__289f2eae.md (7564 bytes)
  ✓ https://nfct.org.il/blog/movies/%D7%91%D6%B6%D6%BC%D7%9F-%D7%93%D6%B8%D6%BC%D7%95%D6%B4%D7%93/ → nfct__blog_movies_D7_91_D6_B6_D6_BC_D7_9F-_D7_93_D6_B8_D6_BC_D7_95_D6_B4_D7_93__4df87a88.md (8234 bytes)
  ✓ https://nfct.org.il/blog/movies/%D7%90-%D7%A7%D7%99%D7%A6%D7%A2%D7%A8/ → nfct__blog_movies_D7_90-_D7_A7_D7_99_D7_A6_D7_A2_D7_A8__0620f9af.md (16511 bytes)
  ✓ https://nfct.org.il/blog/movies/%D7%91%D6%B7%D6%BC%D7%A9%D6%B8%D7%82%D7%9E%D6%B4%D7%99%D7%9D-%D7%90%D6%B2%D7%97%D6%B5%D7%A8%D6%B4%D7%99%D7%9D/ → nfct__blog_movies_D7_91_D6_B7_D6_BC_D7_A9_D6_B8_D7_82_D7_9E_D6_B4_D7_99_D7_9D-_D7_90_D__5186bb63.md (8378 bytes)
  ✓ https://nfct.org.il/blog/movies/%D7%91%D7%90%D7%93-%D7%A0%D7%A6%D7%99-%D7%92%D7%95%D7%93-%D7%A0%D7%A6%D7%99/ → nfct__blog_movies_D7_91_D7_90_D7_93-_D7_A0_D7_A6_D7_99-_D7_92_D7_95_D7_93-_D7_A0_D7_A6__c0fd23af.md (7696 bytes)
  ✓ https://nfct.org.il/blog/movies/%D7%91%D7%90%D7%93-%D7%A0%D7%90%D7%A6%D7%99-%D7%92%D7%95%D7%93-%D7%A0%D7%90%D7%A6%D7%99/ → nfct__blog_movies_D7_91_D7_90_D7_93-_D7_A0_D7_90_D7_A6_D7_99-_D7_92_D7_95_D7_93-_D7_A0__d4f368dd.md (7732 bytes)
  ✓ https://nfct.org.il/blog/movies/%D7%91%D7%91%D7%95%D7%90%D7%95%D7%AA-%2F-Reflejos/ → nfct__blog_movies_D7_91_D7_91_D7_95_D7_90_D7_95_D7_AA-_2F-Reflejos__4b047711.md (7618 bytes)
  ✓ https://nfct.org.il/blog/movies/%D7%91%D7%91%D7%99%D7%AA%D7%94-%D7%A9%D7%9C%D7%94/ → nfct__blog_movies_D7_91_D7_91_D7_99_D7_AA_D7_94-_D7_A9_D7_9C_D7_94__289f1af8.md (7618 bytes)
  ✓ https://nfct.org.il/blog/movies/%D7%91%D7%91%D7%99%D7%AA%D7%99/ → nfct__blog_movies_D7_91_D7_91_D7_99_D7_AA_D7_99__b216590f.md (7561 bytes)
  ✓ https://nfct.org.il/blog/movies/%D7%91%D7%91%D7%95%D7%90%D7%95%D7%AA/ → nfct__blog_movies_D7_91_D7_91_D7_95_D7_90_D7_95_D7_AA__e3e2b44c.md (15939 bytes)
  ✓ https://nfct.org.il/blog/movies/%D7%91%D7%91%D7%A7%D7%A9%D7%94-%D7%9C%D7%94%D7%97%D7%96%D7%99%D7%A7-%D7%90%D7%AA-%D7%94%D7%A7%D7%95/ → nfct__blog_movies_D7_91_D7_91_D7_A7_D7_A9_D7_94-_D7_9C_D7_94_D7_97_D7_96_D7_99_D7_A7-___eac44a68.md (7768 bytes)
  ✓ https://nfct.org.il/blog/movies/%D7%91%D7%91%D7%A7%D7%A9%D7%94-%D7%AA%D7%97%D7%96%D7%99%D7%A7%D7%95-%D7%90%D7%AA-%D7%94%D7%A7%D7%95/ → nfct__blog_movies_D7_91_D7_91_D7_A7_D7_A9_D7_94-_D7_AA_D7_97_D7_96_D7_99_D7_A7_D7_95-___cdfe6600.md (7768 bytes)
  ✓ https://nfct.org.il/blog/movies/%D7%91%D7%91%D7%A8%D7%99%D7%90%D7%95%D7%AA-%D7%95%D7%91%D7%97%D7%95%D7%9C%D7%99/ → nfct__blog_movies_D7_91_D7_91_D7_A8_D7_99_D7_90_D7_95_D7_AA-_D7_95_D7_91_D7_97_D7_95_D__3ad3aa2e.md (8317 bytes)
  ✓ https://nfct.org.il/blog/movies/%D7%91%D7%93%D7%95%D7%99%D7%99%D7%9D/ → nfct__blog_movies_D7_91_D7_93_D7_95_D7_99_D7_99_D7_9D__2311ddf4.md (7579 bytes)
  ✓ https://nfct.org.il/blog/movies/%D7%91%D7%93%D7%99%D7%93%D7%95%D7%AA/ → nfct__blog_movies_D7_91_D7_93_D7_99_D7_93_D7_95_D7_AA__93d30146.md (8159 bytes)
  ✓ https://nfct.org.il/blog/movies/%D7%91%D7%95%D6%BC%D7%91%D6%BC%D7%90%D7%9C%D6%B6%D7%94/ → nfct__blog_movies_D7_91_D7_95_D6_BC_D7_91_D6_BC_D7_90_D7_9C_D6_B6_D7_94__a2426e4f.md (7633 bytes)
  ✓ https://nfct.org.il/blog/movies/%D7%91%D7%92%D7%99%D7%9F-%D7%9E%D7%A0%D7%97%D7%9D/ → nfct__blog_movies_D7_91_D7_92_D7_99_D7_9F-_D7_9E_D7_A0_D7_97_D7_9D__e8ec524d.md (9506 bytes)
  ✓ https://nfct.org.il/blog/movies/%D7%91%D7%95%D7%91%D7%94-%D7%9E%D7%99%D7%99%D7%96%D7%A1/ → nfct__blog_movies_D7_91_D7_95_D7_91_D7_94-_D7_9E_D7_99_D7_99_D7_96_D7_A1__31b0480f.md (7636 bytes)
  ✓ https://nfct.org.il/blog/movies/%D7%91%D7%95%D7%91%D7%95%D7%AA-%D7%A6%D7%9C%D7%9C%D7%99%D7%9D/ → nfct__blog_movies_D7_91_D7_95_D7_91_D7_95_D7_AA-_D7_A6_D7_9C_D7_9C_D7_99_D7_9D__47dab7ef.md (7654 bytes)
  ✓ https://nfct.org.il/blog/movies/%D7%91%D7%95%D7%93%D7%A4%D7%A9%D7%98-%D7%93%D7%99%D7%99%D7%A8%D7%99%D7%96/ → nfct__blog_movies_D7_91_D7_95_D7_93_D7_A4_D7_A9_D7_98-_D7_93_D7_99_D7_99_D7_A8_D7_99_D__835778fd.md (7690 bytes)
  ✓ https://nfct.org.il/blog/movies/%D7%91%D7%95%D7%92%D7%93/ → nfct__blog_movies_D7_91_D7_95_D7_92_D7_93__5f82bee9.md (8152 bytes)
  ✓ https://nfct.org.il/blog/movies/%D7%91%D7%95%D7%A0%D7%A6%D7%99/ → nfct__blog_movies_D7_91_D7_95_D7_A0_D7_A6_D7_99__a39448c5.md (7561 bytes)
  ✓ https://nfct.org.il/blog/movies/%D7%91%D7%95%D7%A7%D7%A8-%D7%94%D7%9C%D7%99%D7%9B%D7%94-%D7%A9%D7%9C-%D7%9E%D7%99%D7%9C%D7%95%D7%90/ → nfct__blog_movies_D7_91_D7_95_D7_A7_D7_A8-_D7_94_D7_9C_D7_99_D7_9B_D7_94-_D7_A9_D7_9C-__facd43a5.md (8348 bytes)
  ✓ https://nfct.org.il/blog/movies/%D7%91%D7%95%D7%A7%D7%A8-%D7%94%D7%9C%D7%99%D7%9B%D7%94-%D7%A9%D7%9C-%D7%9E-%D7%99%D7%9C%D7%95/ → nfct__blog_movies_D7_91_D7_95_D7_A7_D7_A8-_D7_94_D7_9C_D7_99_D7_9B_D7_94-_D7_A9_D7_9C-__3e810861.md (7753 bytes)
  ✓ https://nfct.org.il/blog/movies/%D7%91%D7%95%D7%A7%D7%A8-%D7%94%D7%9C%D7%99%D7%9B%D7%94-%D7%A9%D7%9C-%D7%9E%D7%99%D7%9C%D7%95/ → nfct__blog_movies_D7_91_D7_95_D7_A7_D7_A8-_D7_94_D7_9C_D7_99_D7_9B_D7_94-_D7_A9_D7_9C-__94af8cec.md (7750 bytes)
  ✓ https://nfct.org.il/blog/movies/%D7%91%D7%95%D7%A7%D7%A8-%D7%98%D7%95%D7%91-%D7%9C%D7%9E%D7%99%D7%9C%D7%95%D7%90/ → nfct__blog_movies_D7_91_D7_95_D7_A7_D7_A8-_D7_98_D7_95_D7_91-_D7_9C_D7_9E_D7_99_D7_9C___d5be6d0e.md (8291 bytes)
  ✓ https://nfct.org.il/blog/movies/%D7%91%D7%95%D7%A7%D7%A8-%D7%98%D7%95%D7%91-%D7%9C%D7%9E%D7%99%D7%9C%D7%95/ → nfct__blog_movies_D7_91_D7_95_D7_A7_D7_A8-_D7_98_D7_95_D7_91-_D7_9C_D7_9E_D7_99_D7_9C___8d0da09a.md (7693 bytes)
  ✓ https://nfct.org.il/blog/movies/%D7%91%D7%95%D7%A7%D7%A8-%D7%98%D7%95%D7%91-%D7%9E%D7%99%D7%9C%D7%95%D7%90/ → nfct__blog_movies_D7_91_D7_95_D7_A7_D7_A8-_D7_98_D7_95_D7_91-_D7_9E_D7_99_D7_9C_D7_95___8d221ffc.md (8273 bytes)
  ✓ https://nfct.org.il/blog/movies/%D7%91%D7%95%D7%A7%D7%A8-%D7%98%D7%95%D7%91-%D7%A9%D7%9C-%D7%9E%D7%99%D7%9C%D7%95%D7%90/ → nfct__blog_movies_D7_91_D7_95_D7_A7_D7_A8-_D7_98_D7_95_D7_91-_D7_A9_D7_9C-_D7_9E_D7_99__90a93315.md (8312 bytes)
  ✓ https://nfct.org.il/blog/movies/%D7%91%D7%95%D7%A7%D7%A8-%D7%A9%D7%9C-%D7%9E%D7%99%D7%9C%D7%95%D7%90%D7%99%D7%9D/ → nfct__blog_movies_D7_91_D7_95_D7_A7_D7_A8-_D7_A9_D7_9C-_D7_9E_D7_99_D7_9C_D7_95_D7_90___b4d9c3f4.md (7711 bytes)
  ✓ https://nfct.org.il/blog/movies/%D7%91%D7%95%D7%A7%D7%A8-%D7%A9%D7%9C-%D7%9E%D7%99%D7%9C%D7%95%D7%90%D7%99/ → nfct__blog_movies_D7_91_D7_95_D7_A7_D7_A8-_D7_A9_D7_9C-_D7_9E_D7_99_D7_9C_D7_95_D7_90___e147492c.md (8273 bytes)
  ✓ https://nfct.org.il/blog/movies/%D7%91%D7%95%D7%A7%D7%A8-%D7%98%D7%95%D7%91-%D7%A9%D7%9C-%D7%9E%D7%99%D7%9C%D7%95/ → nfct__blog_movies_D7_91_D7_95_D7_A7_D7_A8-_D7_98_D7_95_D7_91-_D7_A9_D7_9C-_D7_9E_D7_99__f0576835.md (9794 bytes)
  ✗ https://nfct.org.il/blog/movies/%D7%90%D7%A9%D7%AA-%D7%90%D7%A9%D7%94/: HTTPSConnectionPool(host='crawl4ai-wrapper-559961100092.europe-west1.run.app', port=443): Read timed out. (read timeout=120)
  ✓ https://nfct.org.il/blog/movies/%D7%91%D7%95%D7%A7%D7%A8-%D7%A9%D7%9C-%D7%9E%D7%99%D7%9C%D7%95%D7%90/ → nfct__blog_movies_D7_91_D7_95_D7_A7_D7_A8-_D7_A9_D7_9C-_D7_9E_D7_99_D7_9C_D7_95_D7_90__d8d77940.md (7675 bytes)
  ✓ https://nfct.org.il/blog/movies/%D7%91%D7%96%D7%91%D7%95%D7%96-%D7%97%D7%9C%D7%9C/ → nfct__blog_movies_D7_91_D7_96_D7_91_D7_95_D7_96-_D7_97_D7_9C_D7_9C__a6d8e079.md (7618 bytes)
  ✓ https://nfct.org.il/blog/movies/%D7%91%D7%96%D7%91%D7%95%D7%96-%D7%A9%D7%9C-%D7%97%D7%9C%D7%9C/ → nfct__blog_movies_D7_91_D7_96_D7_91_D7_95_D7_96-_D7_A9_D7_9C-_D7_97_D7_9C_D7_9C__63aca62f.md (7657 bytes)
  ✓ https://nfct.org.il/blog/movies/%D7%91%D7%96%D7%9E%D7%9F-%D7%A9%D7%9B%D7%95%D7%9C%D7%9D-%D7%99%D7%A9%D7%A0%D7%99%D7%9D/ → nfct__blog_movies_D7_91_D7_96_D7_9E_D7_9F-_D7_A9_D7_9B_D7_95_D7_9C_D7_9D-_D7_99_D7_A9___e3b9541b.md (7729 bytes)
  ✓ https://nfct.org.il/blog/movies/%D7%91%D7%96%D7%9C%D7%AA/ → nfct__blog_movies_D7_91_D7_96_D7_9C_D7_AA__6e994d4d.md (8152 bytes)
  ✓ https://nfct.org.il/blog/movies/%D7%91%D7%97%D7%93%D7%A8-%D7%94%D7%97%D7%A9%D7%95%D7%9A/ → nfct__blog_movies_D7_91_D7_97_D7_93_D7_A8-_D7_94_D7_97_D7_A9_D7_95_D7_9A__f587a8ba.md (7636 bytes)
  ✓ https://nfct.org.il/blog/movies/%D7%91%D7%97%D7%95%D7%9C%D7%99-%D7%95%D7%91%D7%91%D7%A8%D7%99%D7%90%D7%95%D7%AA/ → nfct__blog_movies_D7_91_D7_97_D7_95_D7_9C_D7_99-_D7_95_D7_91_D7_91_D7_A8_D7_99_D7_90_D__8f54af54.md (7708 bytes)
  ✓ https://nfct.org.il/blog/movies/%D7%91%D7%97%D7%93%D7%A8%D7%99/ → nfct__blog_movies_D7_91_D7_97_D7_93_D7_A8_D7_99__066e2d1a.md (8170 bytes)
  ✓ https://nfct.org.il/blog/movies/%D7%91%D7%97%D7%95%D7%A5-%D7%91%D7%A9%D7%A9/ → nfct__blog_movies_D7_91_D7_97_D7_95_D7_A5-_D7_91_D7_A9_D7_A9__6e9fb8b1.md (8180 bytes)
  ✓ https://nfct.org.il/blog/movies/%D7%91%D7%97%D7%96%D7%99%D7%AA/ → nfct__blog_movies_D7_91_D7_97_D7_96_D7_99_D7_AA__9f9e493f.md (8141 bytes)
  ✓ https://nfct.org.il/blog/movies/%D7%91%D7%97%D7%A8-%D7%9C%D7%94%D7%99%D7%9C%D7%97%D7%9D/ → nfct__blog_movies_D7_91_D7_97_D7_A8-_D7_9C_D7_94_D7_99_D7_9C_D7_97_D7_9D__b3805b40.md (8245 bytes)
  ✓ https://nfct.org.il/blog/movies/%D7%91%D7%97%D7%96%D7%A8%D7%94-%D7%9C%D7%91%D7%A8%D7%A0%D7%95%D7%A2%D7%A8/ → nfct__blog_movies_D7_91_D7_97_D7_96_D7_A8_D7_94-_D7_9C_D7_91_D7_A8_D7_A0_D7_95_D7_A2_D__67192c00.md (8270 bytes)
  ✓ https://nfct.org.il/blog/movies/%D7%91%D7%99%D7%92-%D7%91%D7%A8%D7%90%D7%93%D7%A8/ → nfct__blog_movies_D7_91_D7_99_D7_92-_D7_91_D7_A8_D7_90_D7_93_D7_A8__db4ec82f.md (7618 bytes)
  ✓ https://nfct.org.il/blog/movies/%D7%91%D7%99%D7%95%D7%9D-%D7%A9%D7%9E%D7%97-%D7%94%D7%96%D7%94/ → nfct__blog_movies_D7_91_D7_99_D7_95_D7_9D-_D7_A9_D7_9E_D7_97-_D7_94_D7_96_D7_94__e0f0d0c7.md (8237 bytes)
  ✓ https://nfct.org.il/blog/movies/%D7%91%D7%99%D7%95-%D7%9B%D7%99%D7%9E%D7%99%D7%94/ → nfct__blog_movies_D7_91_D7_99_D7_95-_D7_9B_D7_99_D7_9E_D7_99_D7_94__09eb2211.md (8198 bytes)
  ✓ https://nfct.org.il/blog/movies/%D7%91%D7%99%D7%90%D7%9C%D7%99%D7%A7-%E2%80%93-%D7%9E%D7%9C%D7%9A-%D7%94%D7%99%D7%94%D7%95%D7%93%D7%99%D7%9D/ → nfct__blog_movies_D7_91_D7_99_D7_90_D7_9C_D7_99_D7_A7-_E2_80_93-_D7_9E_D7_9C_D7_9A-_D7__f11cef77.md (8404 bytes)
  ✓ https://nfct.org.il/blog/movies/%D7%91%D7%99%D7%9C%D7%A2%D7%99%D7%9F/ → nfct__blog_movies_D7_91_D7_99_D7_9C_D7_A2_D7_99_D7_9F__dd64670c.md (7579 bytes)
  ✓ https://nfct.org.il/blog/movies/%D7%91%D7%99%D7%9F-%D7%A6%D7%9C%D7%9C%D7%99%D7%9D-%D7%9C%D7%90%D7%95%D7%A8%D7%95%D7%AA-%D7%91%D7%9E%D7%94-%D7%A7%D7%95%D7%9C-%D7%9C%D7%9C%D7%90-%D7%A4%D7%A0%D7%99%D7%9D/ → nfct__blog_movies_D7_91_D7_99_D7_9F-_D7_A6_D7_9C_D7_9C_D7_99_D7_9D-_D7_9C_D7_90_D7_95___ea22bdc3.md (7975 bytes)
  ✓ https://nfct.org.il/blog/movies/%D7%91%D7%99%D7%9F-%D7%90%D7%94%D7%91%D7%94-%D7%9C%D7%A7%D7%A8%D7%99%D7%99%D7%A8%D7%94/ → nfct__blog_movies_D7_91_D7_99_D7_9F-_D7_90_D7_94_D7_91_D7_94-_D7_9C_D7_A7_D7_A8_D7_99___e40d6d77.md (7729 bytes)
  ✓ https://nfct.org.il/blog/movies/%D7%91%D7%99%D7%9F-%D7%A6%D7%9C%D7%9C%D7%99%D7%9D-%D7%95%D7%96%D7%A8%D7%A7%D7%95%D7%A8%D7%99%D7%9D-%D7%A7%D7%95%D7%9C-%D7%9C%D7%9C%D7%90-%D7%A4%D7%A0%D7%99%D7%9D/ → nfct__blog_movies_D7_91_D7_99_D7_9F-_D7_A6_D7_9C_D7_9C_D7_99_D7_9D-_D7_95_D7_96_D7_A8___2fee032f.md (7954 bytes)
  ✓ https://nfct.org.il/blog/movies/%D7%91%D7%99%D7%9F-%D7%A6%D7%9C%D7%9C%D7%99%D7%9D-%D7%9C%D7%90%D7%95%D7%A8%D7%95%D7%AA-%D7%A7%D7%95%D7%9C-%D7%9C%D7%9C%D7%90-%D7%A4%D7%A0%D7%99%D7%9D/ → nfct__blog_movies_D7_91_D7_99_D7_9F-_D7_A6_D7_9C_D7_9C_D7_99_D7_9D-_D7_9C_D7_90_D7_95___2f06a0fe.md (7918 bytes)
  ✓ https://nfct.org.il/blog/movies/%D7%91%D7%99%D7%A7%D7%95%D7%A8-%D7%90%D7%A6%D7%9C-%D7%94%D7%94%D7%95%D7%A8%D7%99%D7%9D/ → nfct__blog_movies_D7_91_D7_99_D7_A7_D7_95_D7_A8-_D7_90_D7_A6_D7_9C-_D7_94_D7_94_D7_95___0ee56d0a.md (7729 bytes)
  ✓ https://nfct.org.il/blog/movies/%D7%91%D7%99%D7%A6%D7%94/ → nfct__blog_movies_D7_91_D7_99_D7_A6_D7_94__1a7924f3.md (8123 bytes)
  ✓ https://nfct.org.il/blog/movies/%D7%91%D7%99%D7%9F-%D7%A6%D7%9C%D7%9C%D7%99%D7%9D-%D7%9C%D7%96%D7%A8%D7%A7%D7%95%D7%A8%D7%99%D7%9D-%D7%A7%D7%95%D7%9C-%D7%9C%D7%9C%D7%90-%D7%A4%D7%A0%D7%99%D7%9D/ → nfct__blog_movies_D7_91_D7_99_D7_9F-_D7_A6_D7_9C_D7_9C_D7_99_D7_9D-_D7_9C_D7_96_D7_A8___2b8a1241.md (8534 bytes)
  ✓ https://nfct.org.il/blog/movies/%D7%91%D7%99%D7%A9%D7%94---%D7%9E%D7%91%D7%97%D7%9F-%D7%94%D7%90%D7%A9-%D7%94%D7%90%D7%93%D7%99%D7%A8/ → nfct__blog_movies_D7_91_D7_99_D7_A9_D7_94---_D7_9E_D7_91_D7_97_D7_9F-_D7_94_D7_90_D7_A__3a58e185.md (7774 bytes)
  ✓ https://nfct.org.il/blog/movies/%D7%91%D7%99%D7%A9%D7%A2%D7%94-%E2%80%93-%D7%9E%D7%91%D7%97%D7%9F-%D7%94%D7%90%D7%A9-%D7%94%D7%A0%D7%95%D7%A8%D7%90/ → nfct__blog_movies_D7_91_D7_99_D7_A9_D7_A2_D7_94-_E2_80_93-_D7_9E_D7_91_D7_97_D7_9F-_D7__a50f7c97.md (8396 bytes)
  ✓ https://nfct.org.il/blog/movies/%D7%91%D7%99%D7%A9%D7%94---%D7%9E%D7%91%D7%97%D7%9F-%D7%94%D7%90%D7%A9-%D7%94%D7%A0%D7%A4%D7%9C%D7%90/ → nfct__blog_movies_D7_91_D7_99_D7_A9_D7_94---_D7_9E_D7_91_D7_97_D7_9F-_D7_94_D7_90_D7_A__52b05adb.md (7774 bytes)
  ✓ https://nfct.org.il/blog/movies/%D7%91%D7%99%D7%A9%D7%A2%D7%94---%D7%9E%D7%91%D7%97%D7%9F-%D7%94%D7%90%D7%A9-%D7%94%D7%A0%D7%95%D7%A8%D7%90/ → nfct__blog_movies_D7_91_D7_99_D7_A9_D7_A2_D7_94---_D7_9E_D7_91_D7_97_D7_9F-_D7_94_D7_9__e899b9e0.md (16419 bytes)
  ✓ https://nfct.org.il/blog/movies/%D7%91%D7%99%D7%A9%D7%94---%D7%9E%D7%91%D7%97%D7%9F-%D7%94%D7%90%D7%A9-%D7%94%D7%9E%D7%93%D7%94%D7%99%D7%9D/ → nfct__blog_movies_D7_91_D7_99_D7_A9_D7_94---_D7_9E_D7_91_D7_97_D7_9F-_D7_94_D7_90_D7_A__816f4962.md (7792 bytes)
  ✓ https://nfct.org.il/blog/movies/%D7%91%D7%99%D7%AA-%D7%91%D7%99%D7%A8%D7%95%D7%A9%D7%9C%D7%99%D7%9D/ → nfct__blog_movies_D7_91_D7_99_D7_AA-_D7_91_D7_99_D7_A8_D7_95_D7_A9_D7_9C_D7_99_D7_9D__96d5601d.md (7672 bytes)
  ✗ https://nfct.org.il/blog/movies/%D7%91%D7%95%D7%91%D7%95%D7%AA-%D7%A0%D7%99%D7%99%D7%A8/: HTTPSConnectionPool(host='crawl4ai-wrapper-559961100092.europe-west1.run.app', port=443): Read timed out. (read timeout=120)
  ✓ https://nfct.org.il/blog/movies/%D7%91%D7%99%D7%AA-%D7%94%D7%93%D7%A1%D7%94/ → nfct__blog_movies_D7_91_D7_99_D7_AA-_D7_94_D7_93_D7_A1_D7_94__2a5e0cd9.md (7600 bytes)
  ✓ https://nfct.org.il/blog/movies/%D7%91%D7%99%D7%AA-%D7%92%D7%90%D7%9C%D7%94/ → nfct__blog_movies_D7_91_D7_99_D7_AA-_D7_92_D7_90_D7_9C_D7_94__b21a508b.md (7600 bytes)
  ✓ https://nfct.org.il/blog/movies/%D7%91%D7%99%D7%AA-%D7%94%D7%94%D7%90%D7%A8%D7%97%D7%94-%D7%91%D7%A8%D7%A7%D7%90%D7%99/ → nfct__blog_movies_D7_91_D7_99_D7_AA-_D7_94_D7_94_D7_90_D7_A8_D7_97_D7_94-_D7_91_D7_A8___2802ddad.md (8309 bytes)
  ✓ https://nfct.org.il/blog/movies/%D7%91%D7%99%D7%AA-%D7%94%D7%97%D7%9C%D7%95%D7%9E%D7%95%D7%AA/ → nfct__blog_movies_D7_91_D7_99_D7_AA-_D7_94_D7_97_D7_9C_D7_95_D7_9E_D7_95_D7_AA__4f70528a.md (7654 bytes)
  ✓ https://nfct.org.il/blog/movies/%D7%91%D7%99%D7%AA-%D7%94%D7%A1%D7%A4%D7%A8-%D7%A1%D7%99%D7%A4%D7%95%D7%A8-%D7%A9%D7%9C%D7%90-%D7%A1%D7%95%D7%A4%D7%A8/ → nfct__blog_movies_D7_91_D7_99_D7_AA-_D7_94_D7_A1_D7_A4_D7_A8-_D7_A1_D7_99_D7_A4_D7_95___82a33c83.md (7825 bytes)
  ✓ https://nfct.org.il/blog/movies/%D7%91%D7%99%D7%AA-%D7%97%D7%91%D7%93/ → nfct__blog_movies_D7_91_D7_99_D7_AA-_D7_97_D7_91_D7_93__f791cb7c.md (7582 bytes)
  ✓ https://nfct.org.il/blog/movies/%D7%91%D7%99%D7%AA-%D7%97%D7%9D/ → nfct__blog_movies_D7_91_D7_99_D7_AA-_D7_97_D7_9D__39d9d3a2.md (7564 bytes)
  ✓ https://nfct.org.il/blog/movies/%D7%91%D7%99%D7%AA-%D7%97%D7%AA%D7%95%D7%9C%D7%99%D7%9D/ → nfct__blog_movies_D7_91_D7_99_D7_AA-_D7_97_D7_AA_D7_95_D7_9C_D7_99_D7_9D__27105346.md (8245 bytes)
  ✓ https://nfct.org.il/blog/movies/%D7%91%D7%99%D7%AA-%D7%9E%D7%9E%D7%AA%D7%A7%D7%99%D7%9D/ → nfct__blog_movies_D7_91_D7_99_D7_AA-_D7_9E_D7_9E_D7_AA_D7_A7_D7_99_D7_9D__e485e82c.md (7636 bytes)
  ✓ https://nfct.org.il/blog/movies/%D7%91%D7%99%D7%AA-%D7%9E%D7%95%D7%A9%D7%9C%D7%9D/ → nfct__blog_movies_D7_91_D7_99_D7_AA-_D7_9E_D7_95_D7_A9_D7_9C_D7_9D__bd476e37.md (8227 bytes)
  ✓ https://nfct.org.il/blog/movies/%D7%91%D7%99%D7%AA-%D7%A1%D7%A4%D7%A8-%D7%A1%D7%99%D7%A4%D7%95%D7%A8-%D7%A9%D7%9C%D7%90-%D7%A1%D7%95%D7%A4%D7%A8/ → nfct__blog_movies_D7_91_D7_99_D7_AA-_D7_A1_D7_A4_D7_A8-_D7_A1_D7_99_D7_A4_D7_95_D7_A8-__9a850609.md (7807 bytes)
  ✓ https://nfct.org.il/blog/movies/%D7%91%D7%99%D7%AA-%D7%9E%D7%AA%D7%95%D7%A7-%D7%91%D7%99%D7%AA/ → nfct__blog_movies_D7_91_D7_99_D7_AA-_D7_9E_D7_AA_D7_95_D7_A7-_D7_91_D7_99_D7_AA__af9b578c.md (7657 bytes)
  ✓ https://nfct.org.il/blog/movies/%D7%91%D7%99%D7%AA-%D7%A1%D7%A4%D7%A8-%D7%A9%D7%93%D7%94-%D7%A1%D7%99%D7%A4%D7%95%D7%A8-%D7%A9%D7%9C%D7%90-%D7%A1%D7%95%D7%A4%D7%A8/ → nfct__blog_movies_D7_91_D7_99_D7_AA-_D7_A1_D7_A4_D7_A8-_D7_A9_D7_93_D7_94-_D7_A1_D7_99__4d53ff0e.md (8444 bytes)
  ✓ https://nfct.org.il/blog/movies/%D7%91%D7%99%D7%AA-%D7%A9%D7%90%D7%9F---%D7%A1%D7%A8%D7%98-%D7%9E%D7%9C%D7%97%D7%9E%D7%94/ → nfct__blog_movies_D7_91_D7_99_D7_AA-_D7_A9_D7_90_D7_9F---_D7_A1_D7_A8_D7_98-_D7_9E_D7___e75e5b3a.md (15709 bytes)
  ✓ https://nfct.org.il/blog/movies/%D7%91%D7%9B%D7%99%D7%A0%D7%95-%D7%9C%D7%9C%D7%90-%D7%93%D7%9E%D7%A2%D7%95%D7%AA/ → nfct__blog_movies_D7_91_D7_9B_D7_99_D7_A0_D7_95-_D7_9C_D7_9C_D7_90-_D7_93_D7_9E_D7_A2___ad4a44c9.md (7711 bytes)
  ✓ https://nfct.org.il/blog/movies/%D7%91%D7%9C%D7%95%D7%93%D7%99-%D7%92%D7%A8%D7%95%D7%9D/ → nfct__blog_movies_D7_91_D7_9C_D7_95_D7_93_D7_99-_D7_92_D7_A8_D7_95_D7_9D__4f69cbce.md (8245 bytes)
  ✓ https://nfct.org.il/blog/movies/%D7%91%D7%99%D7%AA-%D7%A9%D7%90%D7%9F-%E2%80%93-%D7%A1%D7%A8%D7%98-%D7%9E%D7%9C%D7%97%D7%9E%D7%94/ → nfct__blog_movies_D7_91_D7_99_D7_AA-_D7_A9_D7_90_D7_9F-_E2_80_93-_D7_A1_D7_A8_D7_98-_D__c451c445.md (8371 bytes)
  ✓ https://nfct.org.il/blog/movies/%D7%91%D7%9C%D7%95%D7%93-%D7%92%D7%A8%D7%95%D7%A1%D7%9E%D7%9F/ → nfct__blog_movies_D7_91_D7_9C_D7_95_D7_93-_D7_92_D7_A8_D7_95_D7_A1_D7_9E_D7_9F__e015255f.md (7654 bytes)
  ✓ https://nfct.org.il/blog/movies/%D7%91%D7%9C%D7%95%D7%93-%D7%92%D7%A8%D7%95%D7%9D/ → nfct__blog_movies_D7_91_D7_9C_D7_95_D7_93-_D7_92_D7_A8_D7_95_D7_9D__5d523017.md (8227 bytes)
  ✓ https://nfct.org.il/blog/movies/%D7%91%D7%9C%D7%95%D7%A7-11/ → nfct__blog_movies_D7_91_D7_9C_D7_95_D7_A7-11__fa7c0478.md (7552 bytes)
  ✓ https://nfct.org.il/blog/movies/%D7%91%D7%9C%D7%A7%D7%95%D7%A0%D7%99/ → nfct__blog_movies_D7_91_D7_9C_D7_A7_D7_95_D7_A0_D7_99__751a75b4.md (7579 bytes)
  ✓ https://nfct.org.il/blog/movies/%D7%91%D7%9C%D7%99-%D7%9B%D7%95%D7%95%D7%A0%D7%94/ → nfct__blog_movies_D7_91_D7_9C_D7_99-_D7_9B_D7_95_D7_95_D7_A0_D7_94__008bf14d.md (7618 bytes)
  ✓ https://nfct.org.il/blog/movies/%D7%91%D7%9C%D7%A7-%D7%91%D7%93%D7%95%D7%95%D7%99%D7%99%D7%A0%D7%A1/ → nfct__blog_movies_D7_91_D7_9C_D7_A7-_D7_91_D7_93_D7_95_D7_95_D7_99_D7_99_D7_A0_D7_A1__d7be3d0b.md (7672 bytes)
  ✓ https://nfct.org.il/blog/movies/%D7%91%D7%9C%D7%A7-%D7%98%D7%95-%D7%91%D7%A7/ → nfct__blog_movies_D7_91_D7_9C_D7_A7-_D7_98_D7_95-_D7_91_D7_A7__e5f05e1c.md (7603 bytes)
  ✓ https://nfct.org.il/blog/movies/%D7%91%D7%9C%D7%AA%D7%99-%D7%94%D7%A4%D7%99%D7%9A/ → nfct__blog_movies_D7_91_D7_9C_D7_AA_D7_99-_D7_94_D7_A4_D7_99_D7_9A__b4eea21c.md (8198 bytes)
  ✓ https://nfct.org.il/blog/movies/%D7%91%D7%9C%D7%AA%D7%99-%D7%A8%D7%A6%D7%95%D7%A0%D7%99/ → nfct__blog_movies_D7_91_D7_9C_D7_AA_D7_99-_D7_A8_D7_A6_D7_95_D7_A0_D7_99__04117711.md (8216 bytes)
  ✓ https://nfct.org.il/blog/movies/%D7%91%D7%9E%D7%97%D7%9C%D7%94-%D7%95%D7%91%D7%91%D7%A8%D7%99%D7%90%D7%95%D7%AA/ → nfct__blog_movies_D7_91_D7_9E_D7_97_D7_9C_D7_94-_D7_95_D7_91_D7_91_D7_A8_D7_99_D7_90_D__17a532cb.md (7708 bytes)
  ✓ https://nfct.org.il/blog/movies/%D7%91%D7%9E%D7%97%D7%9C%D7%94-%D7%95%D7%91%D7%A8%D7%99%D7%90%D7%95%D7%AA/ → nfct__blog_movies_D7_91_D7_9E_D7_97_D7_9C_D7_94-_D7_95_D7_91_D7_A8_D7_99_D7_90_D7_95_D__9fbab3a9.md (7690 bytes)
  ✓ https://nfct.org.il/blog/movies/%D7%91%D7%9E%D7%98%D7%91%D7%97-%D7%A9%D7%9C-%D7%A4%D7%A8%D7%99%D7%9E%D7%9F/ → nfct__blog_movies_D7_91_D7_9E_D7_98_D7_91_D7_97-_D7_A9_D7_9C-_D7_A4_D7_A8_D7_99_D7_9E___93e48860.md (8302 bytes)
  ✓ https://nfct.org.il/blog/movies/%D7%91%D7%9E%D7%A9%D7%9E%D7%95%D7%A8%D7%AA-%D7%A1%D7%90%D7%98%D7%9E%D7%A8/ → nfct__blog_movies_D7_91_D7_9E_D7_A9_D7_9E_D7_95_D7_A8_D7_AA-_D7_A1_D7_90_D7_98_D7_9E_D__5aadc863.md (7690 bytes)
  ✓ https://nfct.org.il/blog/movies/%D7%91%D7%9E%D7%A9%D7%9E%D7%95%D7%A8%D7%AA-%D7%A1%D7%98%D7%9E%D7%A8/ → nfct__blog_movies_D7_91_D7_9E_D7_A9_D7_9E_D7_95_D7_A8_D7_AA-_D7_A1_D7_98_D7_9E_D7_A8__d3587830.md (7672 bytes)
  ✓ https://nfct.org.il/blog/movies/%D7%91%D7%9E%D7%A7%D7%95%D7%9E%D7%A0%D7%95/ → nfct__blog_movies_D7_91_D7_9E_D7_A7_D7_95_D7_9E_D7_A0_D7_95__3aba8410.md (8206 bytes)
  ✓ https://nfct.org.il/blog/movies/%D7%91%D7%9E%D7%A9%D7%9E%D7%95%D7%A8%D7%AA-%D7%A9%D7%9C-%D7%A1%D7%90%D7%98%D7%9E%D7%A8/ → nfct__blog_movies_D7_91_D7_9E_D7_A9_D7_9E_D7_95_D7_A8_D7_AA-_D7_A9_D7_9C-_D7_A1_D7_90___3930bce2.md (8309 bytes)
  ✓ https://nfct.org.il/blog/movies/%D7%91%D7%9F-%D7%90%D7%91/ → nfct__blog_movies_D7_91_D7_9F-_D7_90_D7_91__1b9594e1.md (8126 bytes)
  ✓ https://nfct.org.il/blog/movies/%D7%91%D7%9F-%D7%92%D7%91%D7%99%D7%A8-%D7%93%D7%A8%D7%9A-67/ → nfct__blog_movies_D7_91_D7_9F-_D7_92_D7_91_D7_99_D7_A8-_D7_93_D7_A8_D7_9A-67__7c7fea38.md (8228 bytes)
  ✓ https://nfct.org.il/blog/movies/%D7%91%D7%9F-%D7%9E%D7%A0%D7%97%D7%9D/ → nfct__blog_movies_D7_91_D7_9F-_D7_9E_D7_A0_D7_97_D7_9D__bb41be31.md (7582 bytes)
  ✓ https://nfct.org.il/blog/movies/%D7%91%D7%9F-%D7%A6%D7%91%D7%99-%D7%93%D7%A8%D7%9A-67/ → nfct__blog_movies_D7_91_D7_9F-_D7_A6_D7_91_D7_99-_D7_93_D7_A8_D7_9A-67__c271a3e3.md (7630 bytes)
  ✓ https://nfct.org.il/blog/movies/%D7%91%D7%9F-%D7%A6%D7%91%D7%99-%D7%9B%D7%91%D7%99%D7%A9-67/ → nfct__blog_movies_D7_91_D7_9F-_D7_A6_D7_91_D7_99-_D7_9B_D7_91_D7_99_D7_A9-67__84f41a44.md (7648 bytes)
  ✓ https://nfct.org.il/blog/movies/%D7%91%D7%9F-%D7%A9%D7%9C-%D7%90%D7%91%D7%90/ → nfct__blog_movies_D7_91_D7_9F-_D7_A9_D7_9C-_D7_90_D7_91_D7_90__1ed5602f.md (7603 bytes)
  ✓ https://nfct.org.il/blog/movies/%D7%91%D7%9F-%D7%94%D7%90%D7%91/ → nfct__blog_movies_D7_91_D7_9F-_D7_94_D7_90_D7_91__0c2d2a71.md (8173 bytes)
  ✓ https://nfct.org.il/blog/movies/%D7%91%D7%A0%D7%95%D7%AA-%D7%90%D7%9E%D7%99%D7%A6%D7%95%D7%AA/ → nfct__blog_movies_D7_91_D7_A0_D7_95_D7_AA-_D7_90_D7_9E_D7_99_D7_A6_D7_95_D7_AA__b1874cc7.md (7654 bytes)
  ✓ https://nfct.org.il/blog/movies/%D7%91%D7%9F-%D7%A9%D7%9C-%D7%A1%D7%98%D7%95%D7%93%D7%A0%D7%98%D7%99%D7%9D/ → nfct__blog_movies_D7_91_D7_9F-_D7_A9_D7_9C-_D7_A1_D7_98_D7_95_D7_93_D7_A0_D7_98_D7_99___b8f53734.md (7693 bytes)
  ✓ https://nfct.org.il/blog/movies/%D7%91%D7%A0%D7%99%D7%9D-%D7%9E%D7%AA%D7%92%D7%9C%D7%92%D7%9C%D7%99%D7%9D/ → nfct__blog_movies_D7_91_D7_A0_D7_99_D7_9D-_D7_9E_D7_AA_D7_92_D7_9C_D7_92_D7_9C_D7_99_D__e00ac38e.md (7690 bytes)
  ✓ https://nfct.org.il/blog/movies/%D7%91%D7%A0%D7%95%D7%AA-%D7%98%D7%99%D7%95%D7%A8%D7%99%D7%A0%D7%92/ → nfct__blog_movies_D7_91_D7_A0_D7_95_D7_AA-_D7_98_D7_99_D7_95_D7_A8_D7_99_D7_A0_D7_92__712d4b29.md (8252 bytes)
  ✓ https://nfct.org.il/blog/movies/%D7%91%D7%A0%D7%99%D7%9D-%D7%A7%D7%95%D7%A4%D7%A6%D7%99%D7%9D/ → nfct__blog_movies_D7_91_D7_A0_D7_99_D7_9D-_D7_A7_D7_95_D7_A4_D7_A6_D7_99_D7_9D__e5a04404.md (7654 bytes)
  ✓ https://nfct.org.il/blog/movies/%D7%91%D7%A0%D7%99%D7%9D-%D7%9E%D7%AA%D7%A0%D7%93%D7%A0%D7%93%D7%99%D7%9D/ → nfct__blog_movies_D7_91_D7_A0_D7_99_D7_9D-_D7_9E_D7_AA_D7_A0_D7_93_D7_A0_D7_93_D7_99_D__471c5a41.md (7690 bytes)
  ✓ https://nfct.org.il/blog/movies/%D7%91%D7%A0%D7%99%D7%9E%D7%94-%D7%96%D7%95/ → nfct__blog_movies_D7_91_D7_A0_D7_99_D7_9E_D7_94-_D7_96_D7_95__46b91741.md (7600 bytes)
  ✓ https://nfct.org.il/blog/movies/%D7%91%D7%A0%D7%99-%D7%A0%D7%95%D7%A2%D7%A8/ → nfct__blog_movies_D7_91_D7_A0_D7_99-_D7_A0_D7_95_D7_A2_D7_A8__399e8aff.md (7600 bytes)
  ✓ https://nfct.org.il/blog/movies/%D7%91%D7%A0%D7%A6%D7%93/ → nfct__blog_movies_D7_91_D7_A0_D7_A6_D7_93__95982114.md (8123 bytes)
  ✓ https://nfct.org.il/blog/movies/%D7%91%D7%A2%D7%99%D7%A0%D7%99%D7%99%D7%9D-%D7%A2%D7%A6%D7%95%D7%9E%D7%95%D7%AA/ → nfct__blog_movies_D7_91_D7_A2_D7_99_D7_A0_D7_99_D7_99_D7_9D-_D7_A2_D7_A6_D7_95_D7_9E_D__a7c05919.md (8288 bytes)
  ✓ https://nfct.org.il/blog/movies/%D7%91%D7%A2%D7%99%D7%A0%D7%99%D7%99%D7%9D-%D7%A9%D7%9C%D7%99-%E2%80%93-%D7%A1%D7%99%D7%A4%D7%95%D7%A8%D7%99-%D7%A6%D7%A2%D7%99%D7%A8%D7%99%D7%9D-%D7%9E%D7%94%D7%92%D7%9C%D7%99%D7%9C/ → nfct__blog_movies_D7_91_D7_A2_D7_99_D7_A0_D7_99_D7_99_D7_9D-_D7_A9_D7_9C_D7_99-_E2_80___ec136cfd.md (8017 bytes)
  ✓ https://nfct.org.il/blog/movies/%D7%91%D7%A2%D7%99%D7%A0%D7%99%D7%99%D7%9D-%D7%A9%D7%9C%D7%99/ → nfct__blog_movies_D7_91_D7_A2_D7_99_D7_A0_D7_99_D7_99_D7_9D-_D7_A9_D7_9C_D7_99__81df10d8.md (17427 bytes)
  ✓ https://nfct.org.il/blog/movies/%D7%91%D7%A1%D7%9E%D7%99%D7%9D-%D7%90%D7%97%D7%A8%D7%99%D7%9D/ → nfct__blog_movies_D7_91_D7_A1_D7_9E_D7_99_D7_9D-_D7_90_D7_97_D7_A8_D7_99_D7_9D__4bbcf2ff.md (8263 bytes)
  ✗ https://nfct.org.il/blog/movies/%D7%91%D7%99%D7%AA-%D7%94%D7%97%D7%9C%D7%95%D7%9E%D7%95%D7%AA-%D7%A9%D7%9C%D7%99/: HTTPSConnectionPool(host='crawl4ai-wrapper-559961100092.europe-west1.run.app', port=443): Read timed out. (read timeout=120)
  ✓ https://nfct.org.il/blog/movies/%D7%91%D7%A2%D7%99%D7%AA-%D7%A7%D7%A9%D7%91-%D7%95%D7%A8%D7%99%D7%9B%D7%95%D7%96/ → nfct__blog_movies_D7_91_D7_A2_D7_99_D7_AA-_D7_A7_D7_A9_D7_91-_D7_95_D7_A8_D7_99_D7_9B___504c1704.md (7711 bytes)
  ✓ https://nfct.org.il/blog/movies/%D7%91%D7%A2%D7%9C-%D7%95%D7%90%D7%99%D7%A9%D7%94/ → nfct__blog_movies_D7_91_D7_A2_D7_9C-_D7_95_D7_90_D7_99_D7_A9_D7_94__06a5e0ab.md (7618 bytes)
  ✓ https://nfct.org.il/blog/movies/%D7%91%D7%A2%D7%A7%D7%91%D7%95%D7%AA%D7%99%D7%94/ → nfct__blog_movies_D7_91_D7_A2_D7_A7_D7_91_D7_95_D7_AA_D7_99_D7_94__f90c443e.md (8195 bytes)
  ✓ https://nfct.org.il/blog/movies/%D7%91%D7%A2%D7%A7%D7%91%D7%95%D7%AA-%D7%94%D7%A9%D7%A0%D7%90%D7%94/ → nfct__blog_movies_D7_91_D7_A2_D7_A7_D7_91_D7_95_D7_AA-_D7_94_D7_A9_D7_A0_D7_90_D7_94__a2b22728.md (7672 bytes)
  ✓ https://nfct.org.il/blog/movies/%D7%91%D7%A2%D7%A7%D7%91%D7%95%D7%AA-%D7%A7%D7%A0%D7%93%D7%99%D7%A0%D7%A1%D7%A7%D7%99-%D7%91%D7%A2%D7%A7%D7%91%D7%95%D7%AA-%D7%A7%D7%9C%D7%99%D7%99-%D7%91%D7%A2%D7%A7%D7%91%D7%95%D7%AA-%D7%9E%D7%95%D7%A0%D7%93%D7%A8%D7%99%D7%90%D7%9F/ → nfct__blog_movies_D7_91_D7_A2_D7_A7_D7_91_D7_95_D7_AA-_D7_A7_D7_A0_D7_93_D7_99_D7_A0_D__3b1b65df.md (8170 bytes)
  ✓ https://nfct.org.il/blog/movies/%D7%91%D7%A7%D7%95%D6%BC%D7%9E%D6%B6%D7%A8%D7%A0%D7%99%D7%A1/ → nfct__blog_movies_D7_91_D7_A7_D7_95_D6_BC_D7_9E_D6_B6_D7_A8_D7_A0_D7_99_D7_A1__c69715a4.md (7651 bytes)
  ✓ https://nfct.org.il/blog/movies/%D7%91%D7%A7%D7%95%D7%9E%D7%99%D7%A8%D7%99%D7%A1/ → nfct__blog_movies_D7_91_D7_A7_D7_95_D7_9E_D7_99_D7_A8_D7_99_D7_A1__c5cf83c6.md (7615 bytes)
  ✓ https://nfct.org.il/blog/movies/%D7%91%D7%A7%D7%95%D7%9E%D7%99-%D7%A8%D7%A0%D7%99%D7%A1/ → nfct__blog_movies_D7_91_D7_A7_D7_95_D7_9E_D7_99-_D7_A8_D7_A0_D7_99_D7_A1__587991e1.md (7636 bytes)
  ✓ https://nfct.org.il/blog/movies/%D7%91%D7%A7%D7%95%D7%9E%D7%A8%D7%99%D7%A0%D7%A1/ → nfct__blog_movies_D7_91_D7_A7_D7_95_D7_9E_D7_A8_D7_99_D7_A0_D7_A1__0651cbef.md (7615 bytes)
  ✓ https://nfct.org.il/blog/movies/%D7%91%D7%A7%D7%95%D7%9E%D7%99%D7%A1/ → nfct__blog_movies_D7_91_D7_A7_D7_95_D7_9E_D7_99_D7_A1__7b22ddce.md (8188 bytes)
  ✓ https://nfct.org.il/blog/movies/%D7%91%D7%A7%D7%A6%D7%94-%D7%94%D7%97%D7%9C%D7%95%D7%9F-%D7%A9%D7%9C%D7%99/ → nfct__blog_movies_D7_91_D7_A7_D7_A6_D7_94-_D7_94_D7_97_D7_9C_D7_95_D7_9F-_D7_A9_D7_9C___9e224830.md (8273 bytes)
  ✓ https://nfct.org.il/blog/movies/%D7%91%D7%A7%D7%95%D7%9E%D7%A8%D7%99%D7%A1/ → nfct__blog_movies_D7_91_D7_A7_D7_95_D7_9E_D7_A8_D7_99_D7_A1__e6e3d035.md (7597 bytes)
  ✓ https://nfct.org.il/blog/movies/%D7%91%D7%A7%D7%A8%D7%95%D7%91-%D7%9C%D7%90-%D7%AA%D7%A8%D7%90%D7%95-%D7%9B%D7%9C%D7%95%D7%9D/ → nfct__blog_movies_D7_91_D7_A7_D7_A8_D7_95_D7_91-_D7_9C_D7_90-_D7_AA_D7_A8_D7_90_D7_95-__22c2ea69.md (8330 bytes)
  ✓ https://nfct.org.il/blog/movies/%D7%91%D7%A8%D7%90%D7%9C%D7%94-%D7%91%D7%A8%D7%90%D7%9C%D7%94/ → nfct__blog_movies_D7_91_D7_A8_D7_90_D7_9C_D7_94-_D7_91_D7_A8_D7_90_D7_9C_D7_94__556cbe49.md (7654 bytes)
  ✓ https://nfct.org.il/blog/movies/%D7%91%D7%A8%D7%90%D7%A9%D7%99%D7%AA-%D7%97%D7%99%D7%99%D7%94/ → nfct__blog_movies_D7_91_D7_A8_D7_90_D7_A9_D7_99_D7_AA-_D7_97_D7_99_D7_99_D7_94__504885f7.md (7654 bytes)
  ✓ https://nfct.org.il/blog/movies/%D7%91%D7%A8%D7%95%D7%9B%D7%99%D7%9D-%D7%94%D7%91%D7%90%D7%99%D7%9D-%D7%94%D7%91%D7%99%D7%AA%D7%94/ → nfct__blog_movies_D7_91_D7_A8_D7_95_D7_9B_D7_99_D7_9D-_D7_94_D7_91_D7_90_D7_99_D7_9D-___65c11efb.md (7765 bytes)
  ✓ https://nfct.org.il/blog/movies/%D7%91%D7%A8%D7%99%D7%90%D7%95%D7%AA-%D7%A0%D7%A4%D7%A9%D7%99%D7%AA/ → nfct__blog_movies_D7_91_D7_A8_D7_99_D7_90_D7_95_D7_AA-_D7_A0_D7_A4_D7_A9_D7_99_D7_AA__cc8e00b9.md (7672 bytes)
  ✓ https://nfct.org.il/blog/movies/%D7%91%D7%A8%D7%99%D7%97%D7%94-%D7%9E%D7%92%D7%9F-%D7%A2%D7%93%D7%9F/ → nfct__blog_movies_D7_91_D7_A8_D7_99_D7_97_D7_94-_D7_9E_D7_92_D7_9F-_D7_A2_D7_93_D7_9F__5c915c88.md (7675 bytes)
  ✓ https://nfct.org.il/blog/movies/%D7%91%D7%A8%D7%99%D7%97%D7%94-%D7%9E%D7%94%D7%92%D7%99%D7%94%D7%99%D7%A0%D7%95%D7%9D/ → nfct__blog_movies_D7_91_D7_A8_D7_99_D7_97_D7_94-_D7_9E_D7_94_D7_92_D7_99_D7_94_D7_99_D__0e5c7adb.md (7726 bytes)
  ✓ https://nfct.org.il/blog/movies/%D7%91%D7%A8%D7%99%D7%99%D7%A7-%D7%A7%D7%A4%D7%94/ → nfct__blog_movies_D7_91_D7_A8_D7_99_D7_99_D7_A7-_D7_A7_D7_A4_D7_94__016f9495.md (7618 bytes)
  ✓ https://nfct.org.il/blog/movies/%D7%91%D7%A8%D7%96%D7%99%D7%9C%D7%90%D7%99%D7%AA/ → nfct__blog_movies_D7_91_D7_A8_D7_96_D7_99_D7_9C_D7_90_D7_99_D7_AA__5af84504.md (8224 bytes)
  ✓ https://nfct.org.il/blog/movies/%D7%91%D7%A8%D7%9B%D7%AA-%D7%99%D7%90%D7%9E%D7%A0%D7%94/ → nfct__blog_movies_D7_91_D7_A8_D7_9B_D7_AA-_D7_99_D7_90_D7_9E_D7_A0_D7_94__a284c638.md (7636 bytes)
  ✓ https://nfct.org.il/blog/movies/%D7%91%D7%A8%D7%9B%D7%AA-%D7%99%D7%9E%D7%A0%D7%94/ → nfct__blog_movies_D7_91_D7_A8_D7_9B_D7_AA-_D7_99_D7_9E_D7_A0_D7_94__ddf97854.md (8227 bytes)
  ✓ https://nfct.org.il/blog/movies/%D7%91%D7%A8%D7%A7-%D7%90%D7%95%D7%91%D7%9E%D7%94/ → nfct__blog_movies_D7_91_D7_A8_D7_A7-_D7_90_D7_95_D7_91_D7_9E_D7_94__e6845123.md (7618 bytes)
  ✓ https://nfct.org.il/blog/movies/%D7%91%D7%A9%D7%91%D7%99-%D7%A9%D7%9C-%D7%A1%D7%90%D7%98%D7%9E%D7%A8/ → nfct__blog_movies_D7_91_D7_A9_D7_91_D7_99-_D7_A9_D7_9C-_D7_A1_D7_90_D7_98_D7_9E_D7_A8__3666171e.md (7675 bytes)
  ✓ https://nfct.org.il/blog/movies/%D7%91%D7%A9%D7%99%D7%90-%D7%97%D7%99%D7%99%D7%94/ → nfct__blog_movies_D7_91_D7_A9_D7_99_D7_90-_D7_97_D7_99_D7_99_D7_94__23117c60.md (8198 bytes)
  ✓ https://nfct.org.il/blog/movies/%D7%91%D7%A9%D7%9D-%D7%90%D7%9C%D7%95%D7%94%D7%99%D7%9D/ → nfct__blog_movies_D7_91_D7_A9_D7_9D-_D7_90_D7_9C_D7_95_D7_94_D7_99_D7_9D__05b1a7ba.md (8245 bytes)
  ✓ https://nfct.org.il/blog/movies/%D7%91%D7%A9%D7%9D-%D7%94%D7%90%D7%9C/ → nfct__blog_movies_D7_91_D7_A9_D7_9D-_D7_94_D7_90_D7_9C__9a14af00.md (17133 bytes)
  ✓ https://nfct.org.il/blog/movies/%D7%91%D7%A9%D7%9D-%D7%9E%D7%92%D7%9F-%D7%90%D7%A0%D7%95%D7%A9%D7%99/ → nfct__blog_movies_D7_91_D7_A9_D7_9D-_D7_9E_D7_92_D7_9F-_D7_90_D7_A0_D7_95_D7_A9_D7_99__c2357267.md (8255 bytes)
  ✓ https://nfct.org.il/blog/movies/%D7%91%D7%A9%D7%99%D7%A8%D7%95%D7%AA-%D7%94%D7%9E%D7%9C%D7%9A/ → nfct__blog_movies_D7_91_D7_A9_D7_99_D7_A8_D7_95_D7_AA-_D7_94_D7_9E_D7_9C_D7_9A__4b31f36f.md (8263 bytes)
  ✓ https://nfct.org.il/blog/movies/%D7%91%D7%A9%D7%9D-%D7%9E%D7%92%D7%9F-%D7%97%D7%95%D7%9E%D7%95%D7%AA/ → nfct__blog_movies_D7_91_D7_A9_D7_9D-_D7_9E_D7_92_D7_9F-_D7_97_D7_95_D7_9E_D7_95_D7_AA__03890d9e.md (8255 bytes)
  ✓ https://nfct.org.il/blog/movies/%D7%91%D7%A9%D7%9D-%D7%9E%D7%92%D7%9F-%D7%99%D7%A9%D7%A8%D7%90%D7%9C%D7%99/ → nfct__blog_movies_D7_91_D7_A9_D7_9D-_D7_9E_D7_92_D7_9F-_D7_99_D7_A9_D7_A8_D7_90_D7_9C___23a4b72a.md (7693 bytes)
  ✓ https://nfct.org.il/blog/movies/%D7%91%D7%A9%D7%9E%D7%97%D7%94-%D7%95%D7%91%D7%A6%D7%A2%D7%A8/ → nfct__blog_movies_D7_91_D7_A9_D7_9E_D7_97_D7_94-_D7_95_D7_91_D7_A6_D7_A2_D7_A8__90e340fb.md (7654 bytes)
  ✓ https://nfct.org.il/blog/movies/%D7%91%D7%A9%D7%9E%D7%99%D7%99%D7%9D-%D7%90%D7%97%D7%A8%D7%99%D7%9D/ → nfct__blog_movies_D7_91_D7_A9_D7_9E_D7_99_D7_99_D7_9D-_D7_90_D7_97_D7_A8_D7_99_D7_9D__22abf2c9.md (7672 bytes)
  ✓ https://nfct.org.il/blog/movies/%D7%91%D7%A9%D7%9E%D7%9D-%D7%90%D7%97%D7%A8%D7%99%D7%9D/ → nfct__blog_movies_D7_91_D7_A9_D7_9E_D7_9D-_D7_90_D7_97_D7_A8_D7_99_D7_9D__3ab726c7.md (8216 bytes)
  ✓ https://nfct.org.il/blog/movies/%D7%91%D7%A9%D7%A8-%D7%95%D7%93%D7%9D-%D7%9E%D7%A4%D7%A8%D7%95%D7%99%D7%A7%D7%98-%D7%94%D7%92%D7%99%D7%95%D7%A8/ → nfct__blog_movies_D7_91_D7_A9_D7_A8-_D7_95_D7_93_D7_9D-_D7_9E_D7_A4_D7_A8_D7_95_D7_99___c01a5ce5.md (8384 bytes)
  ✓ https://nfct.org.il/blog/movies/%D7%91%D7%A9%D7%9E%D7%99%D7%A8%D7%AA-%D7%A1%D7%90%D7%98%D7%9E%D7%A8/ → nfct__blog_movies_D7_91_D7_A9_D7_9E_D7_99_D7_A8_D7_AA-_D7_A1_D7_90_D7_98_D7_9E_D7_A8__5ec058dd.md (8252 bytes)
  ✓ https://nfct.org.il/blog/movies/%D7%91%D7%AA%D7%95%D7%9A-%D7%94%D7%9E%D7%95%D7%A1%D7%93/ → nfct__blog_movies_D7_91_D7_AA_D7_95_D7_9A-_D7_94_D7_9E_D7_95_D7_A1_D7_93__e52f6d40.md (7636 bytes)
  ✓ https://nfct.org.il/blog/movies/%D7%91%D7%A9%D7%A8-%D7%95%D7%93%D7%9D/ → nfct__blog_movies_D7_91_D7_A9_D7_A8-_D7_95_D7_93_D7_9D__9d0b1ce3.md (8162 bytes)
  ✓ https://nfct.org.il/blog/movies/%D7%91%D7%A9%D7%A8-%D7%95%D7%93%D7%9D-%D7%9E%D7%A4%D7%A8%D7%95%D7%99%D7%A7%D7%98-%D7%94%D7%9E%D7%A8%D7%94/ → nfct__blog_movies_D7_91_D7_A9_D7_A8-_D7_95_D7_93_D7_9D-_D7_9E_D7_A4_D7_A8_D7_95_D7_99___a7b2dea8.md (7786 bytes)
  ✓ https://nfct.org.il/blog/movies/%D7%91%D7%AA%D7%99-%D7%A9%D7%9C%D7%99/ → nfct__blog_movies_D7_91_D7_AA_D7_99-_D7_A9_D7_9C_D7_99__3066158e.md (7582 bytes)
  ✓ https://nfct.org.il/blog/movies/%D7%91%D7%AA%D7%95%D7%9C%D7%99%D7%9D/ → nfct__blog_movies_D7_91_D7_AA_D7_95_D7_9C_D7_99_D7_9D__65fc04cf.md (7579 bytes)
  ✓ https://nfct.org.il/blog/movies/%D7%92%D7%90%D7%95%D7%9C%D7%94/ → nfct__blog_movies_D7_92_D7_90_D7_95_D7_9C_D7_94__bbc5c018.md (7561 bytes)
  ✓ https://nfct.org.il/blog/movies/%D7%92%D7%90%D7%93%D7%95-%E2%80%93-%D7%A9%D7%95%D7%90%D7%94-%D7%91%D7%9E%D7%93%D7%91%D7%A8/ → nfct__blog_movies_D7_92_D7_90_D7_93_D7_95-_E2_80_93-_D7_A9_D7_95_D7_90_D7_94-_D7_91_D7__52df0456.md (8321 bytes)
  ✓ https://nfct.org.il/blog/movies/%D7%91%D7%AA%D7%9A/ → nfct__blog_movies_D7_91_D7_AA_D7_9A__9d43a5b5.md (15363 bytes)
  ✗ https://nfct.org.il/blog/movies/%D7%91%D7%A2%D7%A7%D7%91%D7%95%D7%AA%D7%99%D7%94-%D9%88%D9%8E%D8%B1%D8%A7%D8%A1%D9%83%D9%90/: HTTPSConnectionPool(host='crawl4ai-wrapper-559961100092.europe-west1.run.app', port=443): Read timed out. (read timeout=120)
  ✓ https://nfct.org.il/blog/movies/%D7%92%D7%90%D7%95%D7%A8%D7%92%D7%99%D7%94/ → nfct__blog_movies_D7_92_D7_90_D7_95_D7_A8_D7_92_D7_99_D7_94__a44efa58.md (8177 bytes)
  ✓ https://nfct.org.il/blog/movies/%D7%92%D7%90%D7%9D-%D7%A1%D7%A9%D7%9F/ → nfct__blog_movies_D7_92_D7_90_D7_9D-_D7_A1_D7_A9_D7_9F__533dc5b3.md (8162 bytes)
  ✓ https://nfct.org.il/blog/movies/%D7%92%D7%90%D7%A0%D7%A7%D7%99-%D7%A8%D7%A9%D7%AA/ → nfct__blog_movies_D7_92_D7_90_D7_A0_D7_A7_D7_99-_D7_A8_D7_A9_D7_AA__74f52f06.md (7618 bytes)
  ✓ https://nfct.org.il/blog/movies/%D7%92%D7%91%D7%95%D7%9C-%D7%94%D7%97%D7%99%D7%99%D7%9D/ → nfct__blog_movies_D7_92_D7_91_D7_95_D7_9C-_D7_94_D7_97_D7_99_D7_99_D7_9D__3f1be846.md (8216 bytes)
  ✓ https://nfct.org.il/blog/movies/%D7%92%D7%91%D7%95%D7%9C%D7%95%D7%AA/ → nfct__blog_movies_D7_92_D7_91_D7_95_D7_9C_D7_95_D7_AA__4ec64a64.md (8188 bytes)
  ✓ https://nfct.org.il/blog/movies/%D7%92%D7%91%D7%9C-%D7%92%D7%9C%D7%95%D7%93/ → nfct__blog_movies_D7_92_D7_91_D7_9C-_D7_92_D7_9C_D7_95_D7_93__5034d91d.md (8180 bytes)
  ✓ https://nfct.org.il/blog/movies/%D7%92%D7%91%D7%A2%D7%AA-%D7%94%D7%AA%D7%97%D7%9E%D7%95%D7%A9%D7%AA/ → nfct__blog_movies_D7_92_D7_91_D7_A2_D7_AA-_D7_94_D7_AA_D7_97_D7_9E_D7_95_D7_A9_D7_AA__cd20f64d.md (8281 bytes)
  ✓ https://nfct.org.il/blog/movies/%D7%92%D7%91%D7%A8%D7%99%D7%9D-%D7%91%D7%9B%D7%91%D7%95%D7%93/ → nfct__blog_movies_D7_92_D7_91_D7_A8_D7_99_D7_9D-_D7_91_D7_9B_D7_91_D7_95_D7_93__74ef05d7.md (7654 bytes)
  ✓ https://nfct.org.il/blog/movies/%D7%92%D7%91%D7%A8%D7%99%D7%9D-%D7%A2%D7%9C-%D7%94%D7%A7%D7%A6%D7%94-%E2%80%93-%D7%99%D7%95%D7%9E%D7%9F-%D7%93%D7%99%D7%99%D7%92%D7%99%D7%9D/ → nfct__blog_movies_D7_92_D7_91_D7_A8_D7_99_D7_9D-_D7_A2_D7_9C-_D7_94_D7_A7_D7_A6_D7_94-__657da2a0.md (8471 bytes)
  ✓ https://nfct.org.il/blog/movies/%D7%92%D7%91%D7%A8%D7%AA%D7%99-%D7%94%D7%9E%D7%9B%D7%95%D7%A2%D7%A8%D7%AA/ → nfct__blog_movies_D7_92_D7_91_D7_A8_D7_AA_D7_99-_D7_94_D7_9E_D7_9B_D7_95_D7_A2_D7_A8_D__bec59437.md (7690 bytes)
  ✓ https://nfct.org.il/blog/movies/%D7%92%D7%91%D7%A8%D7%99%D7%9D-%D7%91%D7%9B%D7%91%D7%95%D7%93%D7%95%D7%AA/ → nfct__blog_movies_D7_92_D7_91_D7_A8_D7_99_D7_9D-_D7_91_D7_9B_D7_91_D7_95_D7_93_D7_95_D__cfb4e8b2.md (8270 bytes)
  ✓ https://nfct.org.il/blog/movies/%D7%92%D7%91%D7%A8%D7%AA-%D7%91%D7%9E%D7%95%D7%A7%D7%A1%D7%99%D7%9F-%D7%94%D7%A9%D7%97%D7%95%D7%A8/ → nfct__blog_movies_D7_92_D7_91_D7_A8_D7_AA-_D7_91_D7_9E_D7_95_D7_A7_D7_A1_D7_99_D7_9F-___57981660.md (8345 bytes)
  ✓ https://nfct.org.il/blog/movies/%D7%92%D7%91%D7%A8%D7%99%D7%9D-%D7%A2%D7%9C-%D7%94%D7%A7%D7%A6%D7%94---%D7%99%D7%95%D7%9E%D7%9F-%D7%93%D7%99%D7%99%D7%92%D7%99%D7%9D/ → nfct__blog_movies_D7_92_D7_91_D7_A8_D7_99_D7_9D-_D7_A2_D7_9C-_D7_94_D7_A7_D7_A6_D7_94-__e0885426.md (15605 bytes)
  ✓ https://nfct.org.il/blog/movies/%D7%92%D7%91%D7%A8%D7%AA-%D7%94%D7%A7%D7%95%D7%9C%D7%A0%D7%95%D7%A2-%D7%9E%D7%A0%D7%A6%D7%A8%D7%AA/ → nfct__blog_movies_D7_92_D7_91_D7_A8_D7_AA-_D7_94_D7_A7_D7_95_D7_9C_D7_A0_D7_95_D7_A2-___4d1592e8.md (7765 bytes)
  ✓ https://nfct.org.il/blog/movies/%D7%92%D7%91%D7%A8%D7%AA-%D7%95%D7%A8%D7%93%D7%A8/ → nfct__blog_movies_D7_92_D7_91_D7_A8_D7_AA-_D7_95_D7_A8_D7_93_D7_A8__119b8cd2.md (7618 bytes)
  ✓ https://nfct.org.il/blog/movies/%D7%92%D7%91%D7%A8%D7%AA-%D7%98%D7%99%D7%98%D7%99/ → nfct__blog_movies_D7_92_D7_91_D7_A8_D7_AA-_D7_98_D7_99_D7_98_D7_99__a4022840.md (7618 bytes)
  ✓ https://nfct.org.il/blog/movies/%D7%92%D7%91%D7%A8%D7%AA-%D7%A7%D7%95%D7%9C%D7%A0%D7%95%D7%A2-%D7%A0%D7%A6%D7%A8%D7%AA/ → nfct__blog_movies_D7_92_D7_91_D7_A8_D7_AA-_D7_A7_D7_95_D7_9C_D7_A0_D7_95_D7_A2-_D7_A0___415f83c9.md (8309 bytes)
  ✓ https://nfct.org.il/blog/movies/%D7%92%D7%93%D7%A8-%D7%90%D7%AA-%D7%94%D7%98%D7%95%D7%91%D7%99%D7%9D-%D7%91%D7%99%D7%95%D7%AA%D7%A8-%D7%A9%D7%9C%D7%9A/ → nfct__blog_movies_D7_92_D7_93_D7_A8-_D7_90_D7_AA-_D7_94_D7_98_D7_95_D7_91_D7_99_D7_9D-__07186ee8.md (8405 bytes)
  ✓ https://nfct.org.il/blog/movies/%D7%92%D7%93%D7%A8-%D7%90%D7%AA-%D7%94%D7%98%D7%95%D7%91-%D7%91%D7%99%D7%95%D7%AA%D7%A8-%D7%A9%D7%9C%D7%9A/ → nfct__blog_movies_D7_92_D7_93_D7_A8-_D7_90_D7_AA-_D7_94_D7_98_D7_95_D7_91-_D7_91_D7_99__bab3b9ea.md (7789 bytes)
  ✓ https://nfct.org.il/blog/movies/%D7%92%D7%91%D7%A8%D7%AA-%D7%95%D7%A8%D7%95%D7%93%D7%94/ → nfct__blog_movies_D7_92_D7_91_D7_A8_D7_AA-_D7_95_D7_A8_D7_95_D7_93_D7_94__9e825675.md (9560 bytes)
  ✓ https://nfct.org.il/blog/movies/%D7%92%D7%93%D7%A8-%D7%90%D7%AA-%D7%9E%D7%99%D7%98%D7%91%D7%9A/ → nfct__blog_movies_D7_92_D7_93_D7_A8-_D7_90_D7_AA-_D7_9E_D7_99_D7_98_D7_91_D7_9A__073d36c9.md (7657 bytes)
  ✓ https://nfct.org.il/blog/movies/%D7%92%D7%93%D7%A8-%D7%94%D7%91%D7%99%D7%98%D7%97%D7%95%D7%9F/ → nfct__blog_movies_D7_92_D7_93_D7_A8-_D7_94_D7_91_D7_99_D7_98_D7_97_D7_95_D7_9F__42e77e39.md (7654 bytes)
  ✓ https://nfct.org.il/blog/movies/%D7%92%D7%95%D7%91%D7%94/ → nfct__blog_movies_D7_92_D7_95_D7_91_D7_94__f36df3d8.md (7543 bytes)
  ✓ https://nfct.org.il/blog/movies/%D7%92%D7%95%D7%90%D7%99%D7%A1%D7%A0%D7%A1/ → nfct__blog_movies_D7_92_D7_95_D7_90_D7_99_D7_A1_D7_A0_D7_A1__86698810.md (8206 bytes)
  ✓ https://nfct.org.il/blog/movies/%D7%92%D7%95%D7%91%D7%A0%D7%99%D7%A7/ → nfct__blog_movies_D7_92_D7_95_D7_91_D7_A0_D7_99_D7_A7__3970b415.md (7579 bytes)
  ✓ https://nfct.org.il/blog/movies/%D7%92%D7%95%D7%93-%D7%93%D7%96%D7%A8%D7%91%D7%A1-%D7%90-%D7%94%D7%90%D7%95%D7%A1/ → nfct__blog_movies_D7_92_D7_95_D7_93-_D7_93_D7_96_D7_A8_D7_91_D7_A1-_D7_90-_D7_94_D7_90__65f3ce37.md (7714 bytes)
  ✓ https://nfct.org.il/blog/movies/%D7%92%D7%95%D7%93-%D7%93%D7%96%D7%A8%D7%91%D7%A1-%D7%90%D7%94-%D7%94%D7%90%D7%95%D7%A1/ → nfct__blog_movies_D7_92_D7_95_D7_93-_D7_93_D7_96_D7_A8_D7_91_D7_A1-_D7_90_D7_94-_D7_94__e8c00795.md (8312 bytes)
  ✓ https://nfct.org.il/blog/movies/%D7%92%D7%95%D7%93-%D7%95%D7%99%D7%99%D7%91%D7%A1/ → nfct__blog_movies_D7_92_D7_95_D7_93-_D7_95_D7_99_D7_99_D7_91_D7_A1__ce673d6b.md (7618 bytes)
  ✓ https://nfct.org.il/blog/movies/%D7%92%D7%95%D7%A0%D7%92%D7%9C-%E2%80%93-%D7%97%D7%AA%D7%95%D7%9C%D7%99%D7%9D-%D7%91%D7%AA%D7%9C-%D7%90%D7%91%D7%99%D7%91/ → nfct__blog_movies_D7_92_D7_95_D7_A0_D7_92_D7_9C-_E2_80_93-_D7_97_D7_AA_D7_95_D7_9C_D7___6596117d.md (8414 bytes)
  ✓ https://nfct.org.il/blog/movies/%D7%92%D7%95%D7%A8%D7%95-%D7%93%D7%91/ → nfct__blog_movies_D7_92_D7_95_D7_A8_D7_95-_D7_93_D7_91__c2cc23ff.md (7582 bytes)
  ✗ https://nfct.org.il/blog/movies/%D7%91%D7%A9%D7%9D-%D7%9E%D7%92%D7%9F/: HTTPSConnectionPool(host='crawl4ai-wrapper-559961100092.europe-west1.run.app', port=443): Read timed out. (read timeout=120)
  ✓ https://nfct.org.il/blog/movies/%D7%92%D7%95%D7%9C%D7%A9-%D7%A8%D7%A9%D7%AA/ → nfct__blog_movies_D7_92_D7_95_D7_9C_D7_A9-_D7_A8_D7_A9_D7_AA__20a5aca6.md (8180 bytes)
  ✓ https://nfct.org.il/blog/movies/%D7%92%D7%95%D7%A0%D7%92%D7%9C/ → nfct__blog_movies_D7_92_D7_95_D7_A0_D7_92_D7_9C__34913075.md (14314 bytes)
  ✓ https://nfct.org.il/blog/movies/%D7%92%D7%96-%D7%9E%D7%9C%D7%90/ → nfct__blog_movies_D7_92_D7_96-_D7_9E_D7_9C_D7_90__ddab12b1.md (7564 bytes)
  ✓ https://nfct.org.il/blog/movies/%D7%92%D7%99%D7%90%D7%93%D7%95-%E2%80%93-%D7%A9%D7%95%D7%90%D7%94-%D7%91%D7%9E%D7%93%D7%91%D7%A8/ → nfct__blog_movies_D7_92_D7_99_D7_90_D7_93_D7_95-_E2_80_93-_D7_A9_D7_95_D7_90_D7_94-_D7__cc26c3aa.md (7759 bytes)
  ✓ https://nfct.org.il/blog/movies/%D7%92%D7%99%D7%90%D7%93%D7%95-%E2%80%93-%D7%94%D7%A9%D7%95%D7%90%D7%94-%D7%91%D7%9E%D7%93%D7%91%D7%A8/ → nfct__blog_movies_D7_92_D7_99_D7_90_D7_93_D7_95-_E2_80_93-_D7_94_D7_A9_D7_95_D7_90_D7___50ae95c7.md (8357 bytes)
  ✓ https://nfct.org.il/blog/movies/%D7%92%D7%99%D7%91%D7%95%D7%A8%D7%99-%D7%A2%D7%9C/ → nfct__blog_movies_D7_92_D7_99_D7_91_D7_95_D7_A8_D7_99-_D7_A2_D7_9C__cbb2c9fa.md (7618 bytes)
  ✓ https://nfct.org.il/blog/movies/%D7%92%D7%99%D7%94%D7%99%D7%A0%D7%95%D7%9D-%D7%A2%D7%9C%D7%99-%D7%90%D7%93%D7%9E%D7%95%D7%AA/ → nfct__blog_movies_D7_92_D7_99_D7_94_D7_99_D7_A0_D7_95_D7_9D-_D7_A2_D7_9C_D7_99-_D7_90___660dc29a.md (8327 bytes)
  ✓ https://nfct.org.il/blog/movies/%D7%92%D7%99%D7%99%D7%9E-%D7%A6%D7%99%D7%99%D7%A0%D7%92%D7%A8/ → nfct__blog_movies_D7_92_D7_99_D7_99_D7_9E-_D7_A6_D7_99_D7_99_D7_A0_D7_92_D7_A8__6c12f53d.md (7654 bytes)
  ✓ https://nfct.org.il/blog/movies/%D7%92%D7%99%D7%99%D7%A7%D7%95%D7%91-%D7%93%D7%94%D7%90%D7%9F-%D7%A7%D7%95%D7%9C-%D7%9E%D7%AA%D7%95%D7%9A-%D7%96%D7%9E%D7%9F/ → nfct__blog_movies_D7_92_D7_99_D7_99_D7_A7_D7_95_D7_91-_D7_93_D7_94_D7_90_D7_9F-_D7_A7___100ded01.md (8452 bytes)
  ✓ https://nfct.org.il/blog/movies/%D7%92%D7%99%D7%99%D7%A7%D7%95%D7%91-%D7%93%D7%94-%D7%94%D7%90%D7%9F-%D7%A7%D7%95%D7%9C-%D7%9E%D7%AA%D7%95%D7%9A-%D7%94%D7%96%D7%9E%D7%9F/ → nfct__blog_movies_D7_92_D7_99_D7_99_D7_A7_D7_95_D7_91-_D7_93_D7_94-_D7_94_D7_90_D7_9F-__614361c3.md (7882 bytes)
  ✓ https://nfct.org.il/blog/movies/%D7%92%D7%99%D7%94%D7%99%D7%A0%D7%95%D7%9D-%D7%A9%D7%91%D7%95%D7%A8/ → nfct__blog_movies_D7_92_D7_99_D7_94_D7_99_D7_A0_D7_95_D7_9D-_D7_A9_D7_91_D7_95_D7_A8__1ae80a45.md (9668 bytes)
  ✓ https://nfct.org.il/blog/movies/%D7%92%D7%99%D7%99%D7%A7%D7%95%D7%91-%D7%93%D7%94-%D7%94%D7%90%D7%9F-%D7%A7%D7%95%D7%9C-%D7%9E%D7%AA%D7%95%D7%9A-%D7%96%D7%9E%D7%9F/ → nfct__blog_movies_D7_92_D7_99_D7_99_D7_A7_D7_95_D7_91-_D7_93_D7_94-_D7_94_D7_90_D7_9F-__9a643087.md (7864 bytes)
  ✓ https://nfct.org.il/blog/movies/%D7%92%D7%99%D7%9C%D7%94-%D7%95%D7%91%D7%A8%D7%9B%D7%94/ → nfct__blog_movies_D7_92_D7_99_D7_9C_D7_94-_D7_95_D7_91_D7_A8_D7_9B_D7_94__5119cfbc.md (7636 bytes)
  ✓ https://nfct.org.il/blog/movies/%D7%92%D7%99%D7%9C%D7%94-%D7%95%D7%91%D7%A8%D7%A7/ → nfct__blog_movies_D7_92_D7_99_D7_9C_D7_94-_D7_95_D7_91_D7_A8_D7_A7__7ad599db.md (7618 bytes)
  ✓ https://nfct.org.il/blog/movies/%D7%92%D7%99%D7%9C-%D7%90%D7%91%D7%90/ → nfct__blog_movies_D7_92_D7_99_D7_9C-_D7_90_D7_91_D7_90__77c25c7b.md (7582 bytes)
  ✓ https://nfct.org.il/blog/movies/%D7%92%D7%99%D7%9C%D7%94-%D7%95%D7%93%D7%A8%D7%95%D7%9A/ → nfct__blog_movies_D7_92_D7_99_D7_9C_D7_94-_D7_95_D7_93_D7_A8_D7_95_D7_9A__d556486b.md (7636 bytes)
  ✓ https://nfct.org.il/blog/movies/%D7%92%D7%99%D7%9C-%D7%94%D7%90%D7%91%D7%90/ → nfct__blog_movies_D7_92_D7_99_D7_9C-_D7_94_D7_90_D7_91_D7_90__a3af79c6.md (8180 bytes)
  ✓ https://nfct.org.il/blog/movies/%D7%92%D7%99%D7%A0%D7%A7%D7%95-%D7%90%D7%95%D7%A0%D7%A7%D7%95%D7%9C%D7%95%D7%92%D7%99%D7%AA/ → nfct__blog_movies_D7_92_D7_99_D7_A0_D7_A7_D7_95-_D7_90_D7_95_D7_A0_D7_A7_D7_95_D7_9C_D__0b71271e.md (8324 bytes)
  ✓ https://nfct.org.il/blog/movies/%D7%92%D7%99%D7%9C-%D7%94%D7%90%D7%91/ → nfct__blog_movies_D7_92_D7_99_D7_9C-_D7_94_D7_90_D7_91__02f43608.md (7582 bytes)
  ✓ https://nfct.org.il/blog/movies/%D7%92%D7%99%D7%A4%D7%9C%D7%98%D7%A2-%D7%A4%D7%99%D7%A9/ → nfct__blog_movies_D7_92_D7_99_D7_A4_D7_9C_D7_98_D7_A2-_D7_A4_D7_99_D7_A9__48378aa6.md (7636 bytes)
  ✓ https://nfct.org.il/blog/movies/%D7%92%D7%9C%D7%95%D7%99-%D7%A2%D7%A8%D7%99%D7%95%D7%AA/ → nfct__blog_movies_D7_92_D7_9C_D7_95_D7_99-_D7_A2_D7_A8_D7_99_D7_95_D7_AA__b59680e6.md (7636 bytes)
  ✓ https://nfct.org.il/blog/movies/%D7%92%D7%99%D7%A8%D7%9C-%D7%95%D7%95%D7%9E%D7%9F/ → nfct__blog_movies_D7_92_D7_99_D7_A8_D7_9C-_D7_95_D7_95_D7_9E_D7_9F__5de68642.md (8198 bytes)
  ✓ https://nfct.org.il/blog/movies/%D7%92%D7%99%D7%A4%D7%A1%D7%99-%D7%93%D7%99%D7%99%D7%95%D7%95%D7%99/ → nfct__blog_movies_D7_92_D7_99_D7_A4_D7_A1_D7_99-_D7_93_D7_99_D7_99_D7_95_D7_95_D7_99__3a96fd19.md (8252 bytes)
  ✓ https://nfct.org.il/blog/movies/%D7%92%D7%9C%D7%95%D7%AA-%D7%91%D7%A9%D7%A0%D7%92%D7%97%D7%90%D7%99/ → nfct__blog_movies_D7_92_D7_9C_D7_95_D7_AA-_D7_91_D7_A9_D7_A0_D7_92_D7_97_D7_90_D7_99__fd8a796f.md (8252 bytes)
  ✓ https://nfct.org.il/blog/movies/%D7%92%D7%9C%D7%99%D7%9E%D7%95%D7%AA-%D7%9C%D7%91%D7%A0%D7%95%D7%AA-%D7%92%D7%99%D7%A0%D7%A1-%D7%9B%D7%97%D7%95%D7%9C/ → nfct__blog_movies_D7_92_D7_9C_D7_99_D7_9E_D7_95_D7_AA-_D7_9C_D7_91_D7_A0_D7_95_D7_AA-___39b41a33.md (7822 bytes)
  ✓ https://nfct.org.il/blog/movies/%D7%92%D7%9C%D7%99%D7%9E%D7%95%D7%AA-%D7%9C%D7%91%D7%A0%D7%95%D7%AA-%D7%9E%D7%9B%D7%A0%D7%A1%D7%99%D7%99%D7%9D-%D7%9B%D7%97%D7%95%D7%9C%D7%99%D7%9D/ → nfct__blog_movies_D7_92_D7_9C_D7_99_D7_9E_D7_95_D7_AA-_D7_9C_D7_91_D7_A0_D7_95_D7_AA-___f896b24c.md (8492 bytes)
  ✓ https://nfct.org.il/blog/movies/%D7%92%D7%9C%D7%99%D7%9E%D7%95%D7%AA-%D7%9C%D7%91%D7%A0%D7%95%D7%AA-%D7%9E%D7%9B%D7%A0%D7%A1%D7%99-%D7%92%D7%99%D7%A0%D7%A1-%D7%9B%D7%97%D7%95%D7%9C%D7%99%D7%9D/ → nfct__blog_movies_D7_92_D7_9C_D7_99_D7_9E_D7_95_D7_AA-_D7_9C_D7_91_D7_A0_D7_95_D7_AA-___35477111.md (7951 bytes)
  ✓ https://nfct.org.il/blog/movies/%D7%92%D7%9E%D7%93%D7%94/ → nfct__blog_movies_D7_92_D7_9E_D7_93_D7_94__83bbfec7.md (8123 bytes)
  ✓ https://nfct.org.il/blog/movies/%D7%92%D7%9E%D7%95%D7%9C/ → nfct__blog_movies_D7_92_D7_9E_D7_95_D7_9C__38c2bff8.md (7543 bytes)
  ✓ https://nfct.org.il/blog/movies/%D7%92%D7%9F-%D7%94%D7%97%D7%99%D7%95%D7%AA-%D7%94%D7%AA%D7%A0%D7%9B%D7%99/ → nfct__blog_movies_D7_92_D7_9F-_D7_94_D7_97_D7_99_D7_95_D7_AA-_D7_94_D7_AA_D7_A0_D7_9B___efc18e1c.md (8273 bytes)
  ✓ https://nfct.org.il/blog/movies/%D7%92%D7%9F-%D7%97%D7%95%D7%91%D7%94/ → nfct__blog_movies_D7_92_D7_9F-_D7_97_D7_95_D7_91_D7_94__d58dad0a.md (7582 bytes)
  ✓ https://nfct.org.il/blog/movies/%D7%92%D7%9F-%D7%A2%D7%93%D7%9F-%D7%90%D7%91%D7%95%D7%93/ → nfct__blog_movies_D7_92_D7_9F-_D7_A2_D7_93_D7_9F-_D7_90_D7_91_D7_95_D7_93__c4daadb2.md (7639 bytes)
  ✓ https://nfct.org.il/blog/movies/%D7%92%D7%9F-%D7%A2%D7%93%D7%9F-%D7%9E%D7%A0%D7%95%D7%A4%D7%A5/ → nfct__blog_movies_D7_92_D7_9F-_D7_A2_D7_93_D7_9F-_D7_9E_D7_A0_D7_95_D7_A4_D7_A5__b70c68a4.md (7657 bytes)
  ✓ https://nfct.org.il/blog/movies/%D7%92%D7%9F-%D7%97%D7%99%D7%95%D7%AA/ → nfct__blog_movies_D7_92_D7_9F-_D7_97_D7_99_D7_95_D7_AA__363cfb07.md (8191 bytes)
  ✓ https://nfct.org.il/blog/movies/%D7%92%D7%9F-%D7%A2%D7%93%D7%9F-%D7%A0%D7%A9%D7%91%D7%A8/ → nfct__blog_movies_D7_92_D7_9F-_D7_A2_D7_93_D7_9F-_D7_A0_D7_A9_D7_91_D7_A8__cc3b16e7.md (8219 bytes)
  ✓ https://nfct.org.il/blog/movies/%D7%92%D7%9F-%D7%A2%D7%93%D7%9F-%D7%A9%D7%91%D7%95%D7%A8/ → nfct__blog_movies_D7_92_D7_9F-_D7_A2_D7_93_D7_9F-_D7_A9_D7_91_D7_95_D7_A8__8f4d1325.md (7639 bytes)
  ✓ https://nfct.org.il/blog/movies/%D7%92%D7%A0%D7%98%D7%A8%D7%99%D7%A4%D7%99%D7%A7%D7%A6%D7%99%D7%94/ → nfct__blog_movies_D7_92_D7_A0_D7_98_D7_A8_D7_99_D7_A4_D7_99_D7_A7_D7_A6_D7_99_D7_94__67801b90.md (8249 bytes)
  ✓ https://nfct.org.il/blog/movies/%D7%92%D7%A0%D7%99%D7%91%D7%AA-%D7%96%D7%A8%D7%A2/ → nfct__blog_movies_D7_92_D7_A0_D7_99_D7_91_D7_AA-_D7_96_D7_A8_D7_A2__b7e23698.md (8198 bytes)
  ✓ https://nfct.org.il/blog/movies/%D7%92%D7%A0%D7%99%D7%91%D7%AA-%D7%A2%D7%93%D7%9F/ → nfct__blog_movies_D7_92_D7_A0_D7_99_D7_91_D7_AA-_D7_A2_D7_93_D7_9F__fdc9e547.md (7618 bytes)
  ✓ https://nfct.org.il/blog/movies/%D7%92%D7%A0%D7%99%D7%9F-%D7%92%D7%A0%D7%99%D7%9F/ → nfct__blog_movies_D7_92_D7_A0_D7_99_D7_9F-_D7_92_D7_A0_D7_99_D7_9F__c85c0202.md (7618 bytes)
  ✓ https://nfct.org.il/blog/movies/%D7%92%D7%A0%D7%99%D7%A4%D7%A8-%D7%99%D7%A7%D7%A8%D7%94-%D7%9E%D7%A4%D7%A8%D7%95%D7%99%D7%A7%D7%98-%D7%94%D7%92%D7%99%D7%95%D7%A8/ → nfct__blog_movies_D7_92_D7_A0_D7_99_D7_A4_D7_A8-_D7_99_D7_A7_D7_A8_D7_94-_D7_9E_D7_A4___7426ac39.md (7858 bytes)
  ✓ https://nfct.org.il/blog/movies/%D7%92%D7%A0%D7%99%D7%A4%D7%A8-%D7%99%D7%A7%D7%A8%D7%94-%D7%9E%D7%A4%D7%A8%D7%95%D7%99%D7%A7%D7%98-%D7%94%D7%9E%D7%A8%D7%94/ → nfct__blog_movies_D7_92_D7_A0_D7_99_D7_A4_D7_A8-_D7_99_D7_A7_D7_A8_D7_94-_D7_9E_D7_A4___3552ac8c.md (7840 bytes)
  ✓ https://nfct.org.il/blog/movies/%D7%92%D7%A0%D7%99%D7%A4%D7%A8-%D7%94%D7%99%D7%A7%D7%A8%D7%94-%D7%9E%D7%A4%D7%A8%D7%95%D7%99%D7%A7%D7%98-%D7%94%D7%9E%D7%A8%D7%94/ → nfct__blog_movies_D7_92_D7_A0_D7_99_D7_A4_D7_A8-_D7_94_D7_99_D7_A7_D7_A8_D7_94-_D7_9E___e31fbc10.md (7858 bytes)
  ✓ https://nfct.org.il/blog/movies/%D7%92%D7%A0%D7%99-%D7%92%D7%A0%D7%99/ → nfct__blog_movies_D7_92_D7_A0_D7_99-_D7_92_D7_A0_D7_99__1df658d4.md (7582 bytes)
  ✓ https://nfct.org.il/blog/movies/%D7%92%D7%A2%D7%92%D7%95%D7%A2%D7%99%D7%9D-%D7%9C%D7%9E%D7%97%D7%A8/ → nfct__blog_movies_D7_92_D7_A2_D7_92_D7_95_D7_A2_D7_99_D7_9D-_D7_9C_D7_9E_D7_97_D7_A8__36cfbdae.md (8281 bytes)
  ✓ https://nfct.org.il/blog/movies/%D7%92%D7%A7-%D7%95%D7%92%D7%98%D7%94/ → nfct__blog_movies_D7_92_D7_A7-_D7_95_D7_92_D7_98_D7_94__17cf68f6.md (7582 bytes)
  ✓ https://nfct.org.il/blog/movies/%D7%92%D7%A2%D7%92%D7%95%D7%A2/ → nfct__blog_movies_D7_92_D7_A2_D7_92_D7_95_D7_A2__5311e44e.md (19431 bytes)
  ✓ https://nfct.org.il/blog/movies/%D7%92%D7%A8%D7%90%D7%A3-%D7%95%D7%90%D7%A0%D7%99/ → nfct__blog_movies_D7_92_D7_A8_D7_90_D7_A3-_D7_95_D7_90_D7_A0_D7_99__6229c139.md (7618 bytes)
  ✓ https://nfct.org.il/blog/movies/%D7%92%D7%A8%D7%90%D7%A1-%D7%A0%D7%A2%D7%95%D7%A8%D7%99%D7%9D/ → nfct__blog_movies_D7_92_D7_A8_D7_90_D7_A1-_D7_A0_D7_A2_D7_95_D7_A8_D7_99_D7_9D__bdc7551d.md (8234 bytes)
  ✓ https://nfct.org.il/blog/movies/%D7%92%D7%A8%D7%95%D7%96%D7%99%D7%A0%D7%99%D7%9D/ → nfct__blog_movies_D7_92_D7_A8_D7_95_D7_96_D7_99_D7_A0_D7_99_D7_9D__21292af3.md (8195 bytes)
  ✓ https://nfct.org.il/blog/movies/%D7%92%D7%A8%D7%95%D7%A9%D7%94-%D7%A9%D7%9C%D7%95%D7%A9-%D7%A4%D7%A2%D7%9E%D7%99%D7%9D/ → nfct__blog_movies_D7_92_D7_A8_D7_95_D7_A9_D7_94-_D7_A9_D7_9C_D7_95_D7_A9-_D7_A4_D7_A2___58d9ef17.md (8338 bytes)
  ✓ https://nfct.org.il/blog/movies/%D7%92%D7%A8%D7%95%D7%A9%D7%99%D7%9F/ → nfct__blog_movies_D7_92_D7_A8_D7_95_D7_A9_D7_99_D7_9F__775a68ae.md (7579 bytes)
  ✓ https://nfct.org.il/blog/movies/%D7%92%D7%A8%D7%99%D7%99%D7%98-%D7%9E%D7%A9%D7%99%D7%9F/ → nfct__blog_movies_D7_92_D7_A8_D7_99_D7_99_D7_98-_D7_9E_D7_A9_D7_99_D7_9F__b0927199.md (7636 bytes)
  ✗ https://nfct.org.il/blog/movies/%D7%92%D7%99%D7%91%D7%95%D7%A8%D7%AA-%D7%AA%D7%A8%D7%91%D7%95%D7%AA/: HTTPSConnectionPool(host='crawl4ai-wrapper-559961100092.europe-west1.run.app', port=443): Read timed out. (read timeout=120)
  ✓ https://nfct.org.il/blog/movies/%D7%92%D7%A8%D7%99%D7%99%D7%A1-%D7%A0%D7%A2%D7%95%D7%A8%D7%99%D7%9D/ → nfct__blog_movies_D7_92_D7_A8_D7_99_D7_99_D7_A1-_D7_A0_D7_A2_D7_95_D7_A8_D7_99_D7_9D__11215712.md (8281 bytes)
  ✓ https://nfct.org.il/blog/movies/%D7%92%D7%A8%D7%99%D7%9F-%D7%92%D7%99%D7%9C%D7%91%D7%95%D7%A2/ → nfct__blog_movies_D7_92_D7_A8_D7_99_D7_9F-_D7_92_D7_99_D7_9C_D7_91_D7_95_D7_A2__f88cc38d.md (7654 bytes)
  ✓ https://nfct.org.il/blog/movies/%D7%92%D7%A8%D7%99%D7%9F-%D7%92%D7%99%D7%9C%D7%91%D7%95/ → nfct__blog_movies_D7_92_D7_A8_D7_99_D7_9F-_D7_92_D7_99_D7_9C_D7_91_D7_95__0d6c1fdf.md (8216 bytes)
  ✓ https://nfct.org.il/blog/movies/%D7%92%D7%A8%D7%99%D7%A0%D7%94%D7%90%D7%95%D7%A1/ → nfct__blog_movies_D7_92_D7_A8_D7_99_D7_A0_D7_94_D7_90_D7_95_D7_A1__ea6de24c.md (7615 bytes)
  ✓ https://nfct.org.il/blog/movies/%D7%92%D7%A9%D7%A8-%D7%9E%D7%A2%D7%9C-%D7%95%D7%90%D7%93%D7%99/ → nfct__blog_movies_D7_92_D7_A9_D7_A8-_D7_9E_D7_A2_D7_9C-_D7_95_D7_90_D7_93_D7_99__95138b43.md (7657 bytes)
  ✓ https://nfct.org.il/blog/movies/%D7%92%D7%A9%D7%A8-%D7%9E%D7%A2%D7%9C-%D7%94%D7%95%D7%95%D7%90%D7%93%D7%99/ → nfct__blog_movies_D7_92_D7_A9_D7_A8-_D7_9E_D7_A2_D7_9C-_D7_94_D7_95_D7_95_D7_90_D7_93___67e2036d.md (8302 bytes)
  ✓ https://nfct.org.il/blog/movies/%D7%92%D7%A9%D7%A8-%D7%A2%D7%9C-%D7%94%D7%95%D7%95%D7%90%D7%93%D7%99/ → nfct__blog_movies_D7_92_D7_A9_D7_A8-_D7_A2_D7_9C-_D7_94_D7_95_D7_95_D7_90_D7_93_D7_99__eaa781a1.md (8284 bytes)
  ✓ https://nfct.org.il/blog/movies/%D7%93%D7%90%D7%92%D7%A1%D7%98%D7%9F/ → nfct__blog_movies_D7_93_D7_90_D7_92_D7_A1_D7_98_D7_9F__6c9f779c.md (7579 bytes)
  ✓ https://nfct.org.il/blog/movies/%D7%92%D7%A0%D7%99%D7%A4%D7%A8-%D7%94%D7%99%D7%A7%D7%A8%D7%94-%D7%9E%D7%A4%D7%A8%D7%95%D7%99%D7%A7%D7%98-%D7%94%D7%92%D7%99%D7%95%D7%A8/ → nfct__blog_movies_D7_92_D7_A0_D7_99_D7_A4_D7_A8-_D7_94_D7_99_D7_A7_D7_A8_D7_94-_D7_9E___d29b0769.md (7876 bytes)
  ✓ https://nfct.org.il/blog/movies/%D7%93%D7%91%D7%99-%D7%94%D7%99%D7%99%D7%AA%D7%94-%D7%9B%D7%90%D7%9F/ → nfct__blog_movies_D7_93_D7_91_D7_99-_D7_94_D7_99_D7_99_D7_AA_D7_94-_D7_9B_D7_90_D7_9F__8dec4d83.md (7675 bytes)
  ✓ https://nfct.org.il/blog/movies/%D7%93%D7%91%D7%A9-%D7%9E%D7%9C%D7%9B%D7%95%D7%93%D7%AA/ → nfct__blog_movies_D7_93_D7_91_D7_A9-_D7_9E_D7_9C_D7_9B_D7_95_D7_93_D7_AA__b77b11e9.md (8245 bytes)
  ✓ https://nfct.org.il/blog/movies/%D7%93%D7%91-%D7%97%D7%99%D7%91%D7%95%D7%A7/ → nfct__blog_movies_D7_93_D7_91-_D7_97_D7_99_D7_91_D7_95_D7_A7__cec2ecf9.md (7600 bytes)
  ✓ https://nfct.org.il/blog/movies/%D7%93%D7%92%D7%9E%D7%99-%D7%A0%D7%93%D7%9C%D7%9F/ → nfct__blog_movies_D7_93_D7_92_D7_9E_D7_99-_D7_A0_D7_93_D7_9C_D7_9F__bf2d8aa3.md (7618 bytes)
  ✓ https://nfct.org.il/blog/movies/%D7%93%D7%91%D7%99-%D7%94%D7%99%D7%AA%D7%94-%D7%9B%D7%90%D7%9F/ → nfct__blog_movies_D7_93_D7_91_D7_99-_D7_94_D7_99_D7_AA_D7_94-_D7_9B_D7_90_D7_9F__6f89c57c.md (8237 bytes)
  ✓ https://nfct.org.il/blog/movies/%D7%93%D7%92-%D7%9E%D7%95%D7%93%D7%97%D7%9F/ → nfct__blog_movies_D7_93_D7_92-_D7_9E_D7_95_D7_93_D7_97_D7_9F__41c5387a.md (8209 bytes)
  ✓ https://nfct.org.il/blog/movies/%D7%93%D7%92-%D7%A1%D7%A7%D7%A8%D7%9F/ → nfct__blog_movies_D7_93_D7_92-_D7_A1_D7_A7_D7_A8_D7_9F__bcec45d4.md (8162 bytes)
  ✓ https://nfct.org.il/blog/movies/%D7%93%D7%93%D7%99-%D7%92%D7%95%D7%90%D7%96-%D7%91%D7%99%D7%95%D7%A0%D7%93/ → nfct__blog_movies_D7_93_D7_93_D7_99-_D7_92_D7_95_D7_90_D7_96-_D7_91_D7_99_D7_95_D7_A0___83685050.md (7693 bytes)
  ✓ https://nfct.org.il/blog/movies/%D7%93%D7%95%D7%91-%D7%90%D7%99%D7%AA%D7%99/ → nfct__blog_movies_D7_93_D7_95_D7_91-_D7_90_D7_99_D7_AA_D7_99__b182d49c.md (8209 bytes)
  ✓ https://nfct.org.il/blog/movies/%D7%93%D7%95%D7%91-%D7%97%D7%99%D7%91%D7%95%D7%A7/ → nfct__blog_movies_D7_93_D7_95_D7_91-_D7_97_D7_99_D7_91_D7_95_D7_A7__098005d6.md (7618 bytes)
  ✓ https://nfct.org.il/blog/movies/%D7%93%D7%95%D7%92%D7%9E%D7%94/ → nfct__blog_movies_D7_93_D7_95_D7_92_D7_9E_D7_94__4822c38a.md (8170 bytes)
  ✓ https://nfct.org.il/blog/movies/%D7%93%D7%95%D7%93%D7%95-%D7%98%D7%A1%D7%94/ → nfct__blog_movies_D7_93_D7_95_D7_93_D7_95-_D7_98_D7_A1_D7_94__76029f24.md (7600 bytes)
  ✓ https://nfct.org.il/blog/movies/%D7%93%D7%95%D7%92%D7%9E%D7%99-%D7%A1%D7%9E%D7%99%D7%9D/ → nfct__blog_movies_D7_93_D7_95_D7_92_D7_9E_D7_99-_D7_A1_D7_9E_D7_99_D7_9D__8f57e0c1.md (8245 bytes)
  ✓ https://nfct.org.il/blog/movies/%D7%93%D7%95%D7%93%D7%99%D7%99-%D7%94%D7%90%D7%94%D7%95%D7%91%D7%99%D7%9D/ → nfct__blog_movies_D7_93_D7_95_D7_93_D7_99_D7_99-_D7_94_D7_90_D7_94_D7_95_D7_91_D7_99_D__7b6abf40.md (7690 bytes)
  ✓ https://nfct.org.il/blog/movies/%D7%93%D7%95%D7%93%D7%99%D7%9D-%D7%90%D7%94%D7%95%D7%91%D7%99%D7%9D/ → nfct__blog_movies_D7_93_D7_95_D7_93_D7_99_D7_9D-_D7_90_D7_94_D7_95_D7_91_D7_99_D7_9D__ef3cde17.md (8252 bytes)
  ✓ https://nfct.org.il/blog/movies/%D7%93%D7%95%D7%93%D7%99%D7%9D-%D7%A9%D7%9C%D7%99/ → nfct__blog_movies_D7_93_D7_95_D7_93_D7_99_D7_9D-_D7_A9_D7_9C_D7_99__35664152.md (7618 bytes)
  ✓ https://nfct.org.il/blog/movies/%D7%93%D7%95%D7%93-%D7%96%D7%A8%D7%99%D7%A3/ → nfct__blog_movies_D7_93_D7_95_D7_93-_D7_96_D7_A8_D7_99_D7_A3__635d0b25.md (7600 bytes)
  ✓ https://nfct.org.il/blog/movies/%D7%93%D7%95%D7%93-%D7%94%D7%A6%D7%A2%D7%99%D7%A8/ → nfct__blog_movies_D7_93_D7_95_D7_93-_D7_94_D7_A6_D7_A2_D7_99_D7_A8__ed2112c8.md (7618 bytes)
  ✓ https://nfct.org.il/blog/movies/%D7%93%D7%95%D7%93-%D7%A4%D7%90%D7%A9%D7%9F/ → nfct__blog_movies_D7_93_D7_95_D7_93-_D7_A4_D7_90_D7_A9_D7_9F__5d03748d.md (7600 bytes)
  ✓ https://nfct.org.il/blog/movies/%D7%93%D7%95%D7%93-%D7%94%D7%92%D7%99%D7%91%D7%95%D7%A8-%D7%A9%D7%9C%D7%99/ → nfct__blog_movies_D7_93_D7_95_D7_93-_D7_94_D7_92_D7_99_D7_91_D7_95_D7_A8-_D7_A9_D7_9C___e3f07264.md (8302 bytes)
  ✓ https://nfct.org.il/blog/movies/%D7%93%D7%95%D7%9E%D7%94/ → nfct__blog_movies_D7_93_D7_95_D7_9E_D7_94__2c27dace.md (8123 bytes)
  ✓ https://nfct.org.il/blog/movies/%D7%93%D7%95%D7%9C%D7%A4%D7%99%D7%9F-%D7%91%D7%95%D7%99/ → nfct__blog_movies_D7_93_D7_95_D7_9C_D7_A4_D7_99_D7_9F-_D7_91_D7_95_D7_99__0423e754.md (7636 bytes)
  ✓ https://nfct.org.il/blog/movies/%D7%93%D7%95%D7%9E%D7%99%D7%90/ → nfct__blog_movies_D7_93_D7_95_D7_9E_D7_99_D7_90__3fbe99ed.md (8170 bytes)
  ✓ https://nfct.org.il/blog/movies/%D7%93%D7%95%D7%A7%D7%95-%D7%90%D7%A0%D7%99%D7%9E%D7%A6%D7%99%D7%94/ → nfct__blog_movies_D7_93_D7_95_D7_A7_D7_95-_D7_90_D7_A0_D7_99_D7_9E_D7_A6_D7_99_D7_94__592fd72b.md (7672 bytes)
  ✓ https://nfct.org.il/blog/movies/%D7%93%D7%95%D7%A7%D7%95-%D7%A8%D7%A6%D7%97/ → nfct__blog_movies_D7_93_D7_95_D7_A7_D7_95-_D7_A8_D7_A6_D7_97__d811916d.md (7600 bytes)
  ✓ https://nfct.org.il/blog/movies/%D7%93%D7%95%D7%A7%D7%95%D7%A4%D7%99%D7%A7%D7%A9%D7%9F/ → nfct__blog_movies_D7_93_D7_95_D7_A7_D7_95_D7_A4_D7_99_D7_A7_D7_A9_D7_9F__5df86e4c.md (8242 bytes)
  ✓ https://nfct.org.il/blog/movies/%D7%93%D7%99%D7%91%D7%99-%D7%94%D7%99%D7%AA%D7%94-%D7%9B%D7%90%D7%9F/ → nfct__blog_movies_D7_93_D7_99_D7_91_D7_99-_D7_94_D7_99_D7_AA_D7_94-_D7_9B_D7_90_D7_9F__7aa36bd3.md (7675 bytes)
  ✓ https://nfct.org.il/blog/movies/%D7%93%D7%99%D7%92%D7%99%D7%98%D7%9C-%D7%90%D7%94%D7%91%D7%94/ → nfct__blog_movies_D7_93_D7_99_D7_92_D7_99_D7_98_D7_9C-_D7_90_D7_94_D7_91_D7_94__7b502189.md (7654 bytes)
  ✓ https://nfct.org.il/blog/movies/%D7%93%D7%99%D7%92%D7%99%D7%98%D7%9C-%D7%93%D7%99%D7%99%D7%A8%D7%99/ → nfct__blog_movies_D7_93_D7_99_D7_92_D7_99_D7_98_D7_9C-_D7_93_D7_99_D7_99_D7_A8_D7_99__3a04c4d3.md (7672 bytes)
  ✓ https://nfct.org.il/blog/movies/%D7%93%D7%99%D7%92%D7%99%D7%98%D7%9C-%D7%99%D7%95%D7%9E%D7%9F/ → nfct__blog_movies_D7_93_D7_99_D7_92_D7_99_D7_98_D7_9C-_D7_99_D7_95_D7_9E_D7_9F__10bac2d3.md (7654 bytes)
  ✓ https://nfct.org.il/blog/movies/%D7%93%D7%99%D7%95%D7%A7%D7%9F-%D7%A7%D7%91%D7%95%D7%A6%D7%AA%D7%99-%D7%A2%D7%9D-%D7%90%D7%99%D7%A9%D7%94/ → nfct__blog_movies_D7_93_D7_99_D7_95_D7_A7_D7_9F-_D7_A7_D7_91_D7_95_D7_A6_D7_AA_D7_99-___19382a59.md (8366 bytes)
  ✓ https://nfct.org.il/blog/movies/%D7%93%D7%99%D7%9C%D7%9E%D7%AA-%D7%93%D7%A8%D7%99%D7%90%D7%9F/ → nfct__blog_movies_D7_93_D7_99_D7_9C_D7_9E_D7_AA-_D7_93_D7_A8_D7_99_D7_90_D7_9F__e32b57e9.md (7654 bytes)
  ✓ https://nfct.org.il/blog/movies/%D7%93%D7%99%D7%99%D7%A8%D7%99-%D7%94%D7%95%D7%95%D7%A2%D7%93/ → nfct__blog_movies_D7_93_D7_99_D7_99_D7_A8_D7_99-_D7_94_D7_95_D7_95_D7_A2_D7_93__225cb28a.md (8234 bytes)
  ✓ https://nfct.org.il/blog/movies/%D7%93%D7%99%D7%9E%D7%95%D7%99-%D7%9E%D7%A8%D7%90%D7%94/ → nfct__blog_movies_D7_93_D7_99_D7_9E_D7_95_D7_99-_D7_9E_D7_A8_D7_90_D7_94__de431fcd.md (8216 bytes)
  ✓ https://nfct.org.il/blog/movies/%D7%93%D7%99%D7%9E%D7%95%D7%A0%D7%94-%D7%90%D7%9C%D7%95%D7%A4%D7%99%D7%9D/ → nfct__blog_movies_D7_93_D7_99_D7_9E_D7_95_D7_A0_D7_94-_D7_90_D7_9C_D7_95_D7_A4_D7_99_D__0b478f94.md (7690 bytes)
  ✓ https://nfct.org.il/blog/movies/%D7%93%D7%99%D7%9E%D7%99%D7%95%D7%9F/ → nfct__blog_movies_D7_93_D7_99_D7_9E_D7_99_D7_95_D7_9F__c176ef0a.md (7579 bytes)
  ✓ https://nfct.org.il/blog/movies/%D7%93%D7%99%D7%A1%D7%95%D7%98%D7%95%D7%A4%D7%99%D7%94/ → nfct__blog_movies_D7_93_D7_99_D7_A1_D7_95_D7_98_D7_95_D7_A4_D7_99_D7_94__852a5b33.md (7633 bytes)
  ✓ https://nfct.org.il/blog/movies/%D7%93%D7%99%D7%A8%D7%94-%D7%9C%D7%94%D7%A9%D7%9B%D7%99%D7%A8/ → nfct__blog_movies_D7_93_D7_99_D7_A8_D7_94-_D7_9C_D7_94_D7_A9_D7_9B_D7_99_D7_A8__74ca8d9b.md (8234 bytes)
  ✗ https://nfct.org.il/blog/movies/%D7%92%D7%A8%D7%99%D7%9F-%D7%9E%D7%9F/: HTTPSConnectionPool(host='crawl4ai-wrapper-559961100092.europe-west1.run.app', port=443): Read timed out. (read timeout=120)
  ✓ https://nfct.org.il/blog/movies/%D7%93%D7%99%D7%A8%D7%AA-%D7%A6%D7%99%D7%93/ → nfct__blog_movies_D7_93_D7_99_D7_A8_D7_AA-_D7_A6_D7_99_D7_93__5581f1ba.md (8209 bytes)
  ✓ https://nfct.org.il/blog/movies/%D7%93%D7%99%D7%A4%D7%95%D7%96%D7%99%D7%94/ → nfct__blog_movies_D7_93_D7_99_D7_A4_D7_95_D7_96_D7_99_D7_94__c192eba5.md (9443 bytes)
  ✓ https://nfct.org.il/blog/movies/%D7%93%D7%9C%D7%99%D7%A7-%D7%95%D7%95%D7%9C%D7%99%D7%A0%D7%99%D7%A5/ → nfct__blog_movies_D7_93_D7_9C_D7_99_D7_A7-_D7_95_D7_95_D7_9C_D7_99_D7_A0_D7_99_D7_A5__de3e606e.md (7672 bytes)
  ✓ https://nfct.org.il/blog/movies/%D7%93%D7%9B%D7%90%D7%95%D7%9F-%D7%90%D7%97%D7%A8%D7%99-%D7%9C%D7%99%D7%93%D7%94/ → nfct__blog_movies_D7_93_D7_9B_D7_90_D7_95_D7_9F-_D7_90_D7_97_D7_A8_D7_99-_D7_9C_D7_99___e155982d.md (8291 bytes)
  ✓ https://nfct.org.il/blog/movies/%D7%93%D7%9C%D7%A2%D7%AA/ → nfct__blog_movies_D7_93_D7_9C_D7_A2_D7_AA__5f6c102a.md (8123 bytes)
  ✓ https://nfct.org.il/blog/movies/%D7%93%D7%9C%D7%A4%D7%99%D7%9F-%D7%91%D7%95%D7%99/ → nfct__blog_movies_D7_93_D7_9C_D7_A4_D7_99_D7_9F-_D7_91_D7_95_D7_99__91ad5a82.md (8198 bytes)
  ✓ https://nfct.org.il/blog/movies/%D7%93%D7%9D-%D7%90%D7%99%D7%A8%D7%95%D7%A1%D7%99%D7%9F/ → nfct__blog_movies_D7_93_D7_9D-_D7_90_D7_99_D7_A8_D7_95_D7_A1_D7_99_D7_9F__5fcbc669.md (7636 bytes)
  ✓ https://nfct.org.il/blog/movies/%D7%93%D7%A2%D7%94-%D7%A9%D7%9C-%D7%97%D7%99%D7%99%D7%9C/ → nfct__blog_movies_D7_93_D7_A2_D7_94-_D7_A9_D7_9C-_D7_97_D7_99_D7_99_D7_9C__415fbac7.md (7639 bytes)
  ✓ https://nfct.org.il/blog/movies/%D7%93%D7%A8%D7%9A-%D7%A2%D7%99%D7%A0%D7%99%D7%99/ → nfct__blog_movies_D7_93_D7_A8_D7_9A-_D7_A2_D7_99_D7_A0_D7_99_D7_99__f35987f6.md (7618 bytes)
  ✓ https://nfct.org.il/blog/movies/%D7%93%D7%A8%D7%9E%D7%94-%D7%A7%D7%95%D7%9E%D7%99%D7%AA/ → nfct__blog_movies_D7_93_D7_A8_D7_9E_D7_94-_D7_A7_D7_95_D7_9E_D7_99_D7_AA__34bbf528.md (8216 bytes)
  ✓ https://nfct.org.il/blog/movies/%D7%93%D7%A8%D7%9E%D7%94-%D7%A8%D7%95%D7%9E%D7%A0%D7%98%D7%99%D7%AA/ → nfct__blog_movies_D7_93_D7_A8_D7_9E_D7_94-_D7_A8_D7_95_D7_9E_D7_A0_D7_98_D7_99_D7_AA__8548e122.md (8252 bytes)
  ✓ https://nfct.org.il/blog/movies/%D7%93%D7%A2%D7%AA-%D7%94%D7%97%D7%99%D7%99%D7%9C/ → nfct__blog_movies_D7_93_D7_A2_D7_AA-_D7_94_D7_97_D7_99_D7_99_D7_9C__aba79ccf.md (7618 bytes)
  ✓ https://nfct.org.il/blog/movies/%D7%93%D7%A8%D7%A7%D7%95%D7%9C%D7%94/ → nfct__blog_movies_D7_93_D7_A8_D7_A7_D7_95_D7_9C_D7_94__3c973b51.md (8159 bytes)
  ✓ https://nfct.org.il/blog/movies/%D7%93%D7%A9%D7%90-%D7%A1%D7%92%D7%95%D7%9C/ → nfct__blog_movies_D7_93_D7_A9_D7_90-_D7_A1_D7_92_D7_95_D7_9C__e4a81a16.md (8209 bytes)
  ✓ https://nfct.org.il/blog/movies/%D7%94%D6%B7%D7%9E%D6%B0%D7%A7%D7%95%D6%BC%D7%9C%D6%B8%D6%BC%D7%9C%D6%B4%D7%99%D7%9D/ → nfct__blog_movies_D7_94_D6_B7_D7_9E_D6_B0_D7_A7_D7_95_D6_BC_D7_9C_D6_B8_D6_BC_D7_9C_D6__682881b9.md (8332 bytes)
  ✓ https://nfct.org.il/blog/movies/%D7%93-%D7%90/ → nfct__blog_movies_D7_93-_D7_90__fa642164.md (8119 bytes)
  ✓ https://nfct.org.il/blog/movies/%D7%94%D7%90%D7%90%D7%95%D7%98%D7%A1%D7%99%D7%99%D7%93%D7%A8-%D7%A4%D7%A8%D7%95%D7%99%D7%93/ → nfct__blog_movies_D7_94_D7_90_D7_90_D7_95_D7_98_D7_A1_D7_99_D7_99_D7_93_D7_A8-_D7_A4_D__d9fc9487.md (8324 bytes)
  ✓ https://nfct.org.il/blog/movies/%D7%94%D7%90%D7%91%D7%90-%D7%A9%D7%9C%D7%99-%D7%94%D7%95%D7%90-%D7%A1%D7%95%D7%97%D7%A8-%D7%A1%D7%9E%D7%99%D7%9D/ → nfct__blog_movies_D7_94_D7_90_D7_91_D7_90-_D7_A9_D7_9C_D7_99-_D7_94_D7_95_D7_90-_D7_A1__ba522159.md (8416 bytes)
  ✓ https://nfct.org.il/blog/movies/%D7%94%D6%B7%D7%9E%D6%B7%D6%BC%D7%A4%D6%B0%D7%AA%D6%B5%D6%BC%D7%97%D6%B7/ → nfct__blog_movies_D7_94_D6_B7_D7_9E_D6_B7_D6_BC_D7_A4_D6_B0_D7_AA_D6_B5_D6_BC_D7_97_D6__214a1c30.md (8267 bytes)
  ✓ https://nfct.org.il/blog/movies/%D7%94%D7%90%D7%91%D7%90-%D7%A9%D7%9C%D7%99-%D7%A1%D7%95%D7%97%D7%A8-%D7%A1%D7%9E%D7%99%D7%9D/ → nfct__blog_movies_D7_94_D7_90_D7_91_D7_90-_D7_A9_D7_9C_D7_99-_D7_A1_D7_95_D7_97_D7_A8-__d733286f.md (8330 bytes)
  ✓ https://nfct.org.il/blog/movies/%D7%94%D7%90%D7%91%D7%90-%D7%A9%D7%9C%D7%99/ → nfct__blog_movies_D7_94_D7_90_D7_91_D7_90-_D7_A9_D7_9C_D7_99__436acf7b.md (7600 bytes)
  ✓ https://nfct.org.il/blog/movies/%D7%94%D7%90%D7%91%D7%A8%D7%9A-%D7%9E%D7%97%D7%99%D7%96%D7%91%D7%90%D7%9C%D7%9C%D7%94/ → nfct__blog_movies_D7_94_D7_90_D7_91_D7_A8_D7_9A-_D7_9E_D7_97_D7_99_D7_96_D7_91_D7_90_D__6d204bc5.md (7726 bytes)
  ✓ https://nfct.org.il/blog/movies/%D7%94%D7%90%D7%94%D7%91%D7%94-%D7%A2%D7%99%D7%95%D7%95%D7%A8%D7%AA-%D7%95%D7%97%D7%99%D7%A8%D7%A9%D7%AA/ → nfct__blog_movies_D7_94_D7_90_D7_94_D7_91_D7_94-_D7_A2_D7_99_D7_95_D7_95_D7_A8_D7_AA-___b8ed62ec.md (8363 bytes)
  ✓ https://nfct.org.il/blog/movies/%D7%94%D7%90%D7%95%D7%A6%D7%A8-%D7%A9%D7%9C-%D7%90%D7%9C%D7%99%D7%94/ → nfct__blog_movies_D7_94_D7_90_D7_95_D7_A6_D7_A8-_D7_A9_D7_9C-_D7_90_D7_9C_D7_99_D7_94__0a5834b3.md (7675 bytes)
  ✓ https://nfct.org.il/blog/movies/%D7%94%D7%90%D7%91%D7%90-%D7%A9%D7%9C-%D7%94%D7%AA%D7%99%D7%A0%D7%95%D7%A7/ → nfct__blog_movies_D7_94_D7_90_D7_91_D7_90-_D7_A9_D7_9C-_D7_94_D7_AA_D7_99_D7_A0_D7_95___985403ef.md (9731 bytes)
  ✓ https://nfct.org.il/blog/movies/%D7%94%D7%90%D7%95%D7%98%D7%95%D7%A4%D7%A1%D7%99%D7%94-%D7%A9%D7%9C-%D7%A1%D7%95%D7%95%D7%9F-%D7%A1%D7%95%D7%95%D7%A0%D7%A1%D7%95%D7%9F/ → nfct__blog_movies_D7_94_D7_90_D7_95_D7_98_D7_95_D7_A4_D7_A1_D7_99_D7_94-_D7_A9_D7_9C-___72c2e09a.md (8485 bytes)
  ✗ https://nfct.org.il/blog/movies/%D7%93%D7%95%D7%9C%D7%99%D7%A4%D7%99%D7%9F-%D7%91%D7%95%D7%99/: HTTPSConnectionPool(host='crawl4ai-wrapper-559961100092.europe-west1.run.app', port=443): Read timed out. (read timeout=120)
  ✓ https://nfct.org.il/blog/movies/%D7%94%D7%90%D7%96%D7%99%D7%A0%D7%95-%D7%9C%D7%A7%D7%95%D7%9C%D7%99/ → nfct__blog_movies_D7_94_D7_90_D7_96_D7_99_D7_A0_D7_95-_D7_9C_D7_A7_D7_95_D7_9C_D7_99__7254cfa2.md (8252 bytes)
  ✓ https://nfct.org.il/blog/movies/%D7%94%D7%90%D7%96%D7%A0%D7%94-%D7%9C%D7%A7%D7%95%D7%9C%D7%99/ → nfct__blog_movies_D7_94_D7_90_D7_96_D7_A0_D7_94-_D7_9C_D7_A7_D7_95_D7_9C_D7_99__45deae18.md (7654 bytes)
  ✓ https://nfct.org.il/blog/movies/%D7%94%D7%90%D7%97-%D7%93%D7%95%D7%91/ → nfct__blog_movies_D7_94_D7_90_D7_97-_D7_93_D7_95_D7_91__8778ba26.md (8191 bytes)
  ✓ https://nfct.org.il/blog/movies/%D7%94%D7%90%D7%97%D7%95%D7%AA-%D7%A9%D7%9C%D7%99/ → nfct__blog_movies_D7_94_D7_90_D7_97_D7_95_D7_AA-_D7_A9_D7_9C_D7_99__3694b3fe.md (8227 bytes)
  ✓ https://nfct.org.il/blog/movies/%D7%94%D7%90%D7%99%D7%A9%D7%94-%D7%A9%D7%9E%D7%97%D7%A4%D7%A9%D7%AA/ → nfct__blog_movies_D7_94_D7_90_D7_99_D7_A9_D7_94-_D7_A9_D7_9E_D7_97_D7_A4_D7_A9_D7_AA__f969be82.md (7672 bytes)
  ✓ https://nfct.org.il/blog/movies/%D7%94%D7%90%D7%98-%D7%94%D7%90%D7%95%D7%A1/ → nfct__blog_movies_D7_94_D7_90_D7_98-_D7_94_D7_90_D7_95_D7_A1__98e56fc9.md (8209 bytes)
  ✓ https://nfct.org.il/blog/movies/%D7%94%D7%90%D7%99%D7%A9-%D7%94%D7%90%D7%97%D7%A8%D7%95%D7%9F-%D7%94%D7%A6%D7%93%D7%99%D7%A7/ → nfct__blog_movies_D7_94_D7_90_D7_99_D7_A9-_D7_94_D7_90_D7_97_D7_A8_D7_95_D7_9F-_D7_94___204c8ad3.md (7747 bytes)
  ✓ https://nfct.org.il/blog/movies/%D7%94%D7%90%D7%99%D7%A9-%D7%91%D7%A7%D7%99%D7%A8/ → nfct__blog_movies_D7_94_D7_90_D7_99_D7_A9-_D7_91_D7_A7_D7_99_D7_A8__046cbcaa.md (7618 bytes)
  ✓ https://nfct.org.il/blog/movies/%D7%94%D7%90%D7%99%D7%A9-%D7%94%D7%90%D7%97%D7%A8%D7%95%D7%9F-%D7%A9%D7%A6%D7%93%D7%A7/ → nfct__blog_movies_D7_94_D7_90_D7_99_D7_A9-_D7_94_D7_90_D7_97_D7_A8_D7_95_D7_9F-_D7_A9___02d56157.md (7729 bytes)
  ✓ https://nfct.org.il/blog/movies/%D7%94%D7%90%D7%99%D7%A9-%D7%94%D7%99%D7%A9%D7%A8-%D7%94%D7%90%D7%97%D7%A8%D7%95%D7%9F/ → nfct__blog_movies_D7_94_D7_90_D7_99_D7_A9-_D7_94_D7_99_D7_A9_D7_A8-_D7_94_D7_90_D7_97___2f65096c.md (7729 bytes)
  ✓ https://nfct.org.il/blog/movies/%D7%94%D7%90%D7%99%D7%A9-%D7%94%D7%A6%D7%93%D7%99%D7%A7-%D7%94%D7%90%D7%97%D7%A8%D7%95%D7%9F/ → nfct__blog_movies_D7_94_D7_90_D7_99_D7_A9-_D7_94_D7_A6_D7_93_D7_99_D7_A7-_D7_94_D7_90___ee1062fa.md (7747 bytes)
  ✓ https://nfct.org.il/blog/movies/%D7%94%D7%90%D7%99%D7%A9-%D7%94%D7%A0%D7%A2%D7%9C%D7%9D-%E2%80%93-%D7%A1%D7%99%D7%A4%D7%95%D7%A8%D7%95-%D7%A9%D7%9C-%D7%95%D7%99%D7%9C%D7%A4%D7%A8%D7%99%D7%93-%D7%99%D7%A9%D7%A8%D7%90%D7%9C/ → nfct__blog_movies_D7_94_D7_90_D7_99_D7_A9-_D7_94_D7_A0_D7_A2_D7_9C_D7_9D-_E2_80_93-_D7__9e25fb59.md (8618 bytes)
  ✓ https://nfct.org.il/blog/movies/%D7%94%D7%90%D7%9C%D7%98%D7%95%D7%A8%D7%94/ → nfct__blog_movies_D7_94_D7_90_D7_9C_D7_98_D7_95_D7_A8_D7_94__e9d234ba.md (7597 bytes)
  ✓ https://nfct.org.il/blog/movies/%D7%94%D7%90%D7%9D-%D7%99%D7%A8%D7%94-%D7%A4%D7%A2%D7%9D-%D7%91%D7%9E%D7%99%D7%A9%D7%94%D7%95/ → nfct__blog_movies_D7_94_D7_90_D7_9D-_D7_99_D7_A8_D7_94-_D7_A4_D7_A2_D7_9D-_D7_91_D7_9E__c56f2b0a.md (7750 bytes)
  ✓ https://nfct.org.il/blog/movies/%D7%94%D7%90%D7%9D-%D7%99%D7%A8%D7%99%D7%AA-%D7%A4%D7%A2%D7%9D-%D7%91%D7%9E%D7%99%D7%A9%D7%94%D7%95/ → nfct__blog_movies_D7_94_D7_90_D7_9D-_D7_99_D7_A8_D7_99_D7_AA-_D7_A4_D7_A2_D7_9D-_D7_91__556c8cad.md (8348 bytes)
  ✓ https://nfct.org.il/blog/movies/%D7%94%D7%90%D7%9D-%D7%9C%D7%94%D7%99%D7%95%D7%AA-%D7%91%D7%98%D7%99/ → nfct__blog_movies_D7_94_D7_90_D7_9D-_D7_9C_D7_94_D7_99_D7_95_D7_AA-_D7_91_D7_98_D7_99__129890f6.md (7675 bytes)
  ✓ https://nfct.org.il/blog/movies/%D7%94%D7%90%D7%9D-%D7%99%D7%A8%D7%94-%D7%90%D7%99-%D7%A4%D7%A2%D7%9D-%D7%91%D7%9E%D7%99%D7%A9%D7%94%D7%95/ → nfct__blog_movies_D7_94_D7_90_D7_9D-_D7_99_D7_A8_D7_94-_D7_90_D7_99-_D7_A4_D7_A2_D7_9D__cc00b87a.md (8398 bytes)
  ✓ https://nfct.org.il/blog/movies/%D7%94%D7%90%D7%9D-%D7%9E%D7%95%D7%AA%D7%A8-%D7%9C%D7%A6%D7%9C%D7%9D-%D7%90%D7%95%D7%AA%D7%9A/ → nfct__blog_movies_D7_94_D7_90_D7_9D-_D7_9E_D7_95_D7_AA_D7_A8-_D7_9C_D7_A6_D7_9C_D7_9D-__2eb922d3.md (7750 bytes)
  ✓ https://nfct.org.il/blog/movies/%D7%94%D7%90%D7%9D-%D7%9E%D7%95%D7%AA%D7%A8-%D7%9C%D7%99-%D7%9C%D7%A6%D7%9C%D7%9D-%D7%90%D7%95%D7%AA%D7%9A/ → nfct__blog_movies_D7_94_D7_90_D7_9D-_D7_9E_D7_95_D7_AA_D7_A8-_D7_9C_D7_99-_D7_9C_D7_A6__88363ec6.md (8369 bytes)
  ✓ https://nfct.org.il/blog/movies/%D7%94%D7%90%D7%9D-%D7%A9%D7%9C-%D7%9B%D7%9C-%D7%94%D7%99%D7%95%D7%A4%D7%99/ → nfct__blog_movies_D7_94_D7_90_D7_9D-_D7_A9_D7_9C-_D7_9B_D7_9C-_D7_94_D7_99_D7_95_D7_A4__f6b0b57b.md (7696 bytes)
  ✓ https://nfct.org.il/blog/movies/%D7%94%D7%90%D7%9D-%D7%A9%D7%9E%D7%A2%D7%AA%D7%9D-%D7%A2%D7%9C-%D7%94%D7%A4%D7%A0%D7%AA%D7%A8%D7%99%D7%9D-%D7%94%D7%A9%D7%97%D7%95%D7%A8%D7%99%D7%9D/ → nfct__blog_movies_D7_94_D7_90_D7_9D-_D7_A9_D7_9E_D7_A2_D7_AA_D7_9D-_D7_A2_D7_9C-_D7_94__6e5f1883.md (8495 bytes)
  ✓ https://nfct.org.il/blog/movies/%D7%94%D7%90%D7%9D-%D7%A9%D7%9E%D7%A2%D7%AA-%D7%A2%D7%9C-%D7%94%D7%A4%D7%A0%D7%AA%D7%A8%D7%99%D7%9D-%D7%94%D7%A9%D7%97%D7%95%D7%A8%D7%99%D7%9D/ → nfct__blog_movies_D7_94_D7_90_D7_9D-_D7_A9_D7_9E_D7_A2_D7_AA-_D7_A2_D7_9C-_D7_94_D7_A4__6d0d6557.md (8506 bytes)
  ✓ https://nfct.org.il/blog/movies/%D7%94%D7%90%D7%9D-%D7%AA%D7%95%D7%A4%D7%A1%D7%99%D7%9D-%D7%92%D7%9D-%D7%99%D7%9C%D7%93%D7%99%D7%9D/ → nfct__blog_movies_D7_94_D7_90_D7_9D-_D7_AA_D7_95_D7_A4_D7_A1_D7_99_D7_9D-_D7_92_D7_9D-__09651812.md (8377 bytes)
  ✓ https://nfct.org.il/blog/movies/%D7%94%D7%90%D7%9E%D7%90-%D7%A9%D7%9C-%D7%95%D7%9C%D7%A0%D7%98%D7%99%D7%A0%D7%94/ → nfct__blog_movies_D7_94_D7_90_D7_9E_D7_90-_D7_A9_D7_9C-_D7_95_D7_9C_D7_A0_D7_98_D7_99___331ba67e.md (7711 bytes)
  ✓ https://nfct.org.il/blog/movies/%D7%94%D7%90%D7%9E%D7%90-%D7%A9%D7%9C-%D7%A2%D7%95%D7%9E%D7%A8/ → nfct__blog_movies_D7_94_D7_90_D7_9E_D7_90-_D7_A9_D7_9C-_D7_A2_D7_95_D7_9E_D7_A8__904f76cb.md (7657 bytes)
  ✓ https://nfct.org.il/blog/movies/%D7%94%D7%90%D7%9E%D7%AA-%D7%9C%D7%90%D7%9E%D7%99%D7%AA%D7%94/ → nfct__blog_movies_D7_94_D7_90_D7_9E_D7_AA-_D7_9C_D7_90_D7_9E_D7_99_D7_AA_D7_94__13cc07cc.md (7654 bytes)
  ✓ https://nfct.org.il/blog/movies/%D7%94%D7%90%D7%9E%D7%AA-%D7%9C%D7%90-%D7%9B%D7%9C%D7%95%D7%9D-%D7%9E%D7%9C%D7%91%D7%93/ → nfct__blog_movies_D7_94_D7_90_D7_9E_D7_AA-_D7_9C_D7_90-_D7_9B_D7_9C_D7_95_D7_9D-_D7_9E__f7adf1d6.md (7732 bytes)
  ✓ https://nfct.org.il/blog/movies/%D7%94%D7%90%D7%9E%D7%AA-%D7%9C%D7%90-%D7%9B%D7%9C%D7%95%D7%9D-%D7%A8%D7%A7/ → nfct__blog_movies_D7_94_D7_90_D7_9E_D7_AA-_D7_9C_D7_90-_D7_9B_D7_9C_D7_95_D7_9D-_D7_A8__9896c093.md (8276 bytes)
  ✓ https://nfct.org.il/blog/movies/%D7%94%D7%90%D7%9E%D7%9F-%D7%9B%D7%9E%D7%99%D7%94%D7%94/ → nfct__blog_movies_D7_94_D7_90_D7_9E_D7_9F-_D7_9B_D7_9E_D7_99_D7_94_D7_94__5fac20ba.md (9560 bytes)
  ✓ https://nfct.org.il/blog/movies/%D7%94%D7%90%D7%A0%D7%A9%D7%99%D7%9D-%D7%94%D7%91%D7%9C%D7%AA%D7%99-%D7%A0%D7%A8%D7%90%D7%99%D7%9D/ → nfct__blog_movies_D7_94_D7_90_D7_A0_D7_A9_D7_99_D7_9D-_D7_94_D7_91_D7_9C_D7_AA_D7_99-___4b5f16ea.md (7765 bytes)
  ✓ https://nfct.org.il/blog/movies/%D7%94%D7%90%D7%9E%D7%AA-%D7%A8%D7%A7-%D7%94%D7%90%D7%9E%D7%AA/ → nfct__blog_movies_D7_94_D7_90_D7_9E_D7_AA-_D7_A8_D7_A7-_D7_94_D7_90_D7_9E_D7_AA__660970df.md (8237 bytes)
  ✓ https://nfct.org.il/blog/movies/%D7%94%D7%90%D7%A4%D7%99-%D7%91%D7%A8%D7%A1%D7%93%D7%99%D7%99/ → nfct__blog_movies_D7_94_D7_90_D7_A4_D7_99-_D7_91_D7_A8_D7_A1_D7_93_D7_99_D7_99__c06639f7.md (7654 bytes)
  ✓ https://nfct.org.il/blog/movies/%D7%94%D7%90%D7%A7%D7%A1%D7%95%D7%93%D7%95%D7%A1/ → nfct__blog_movies_D7_94_D7_90_D7_A7_D7_A1_D7_95_D7_93_D7_95_D7_A1__0d183f89.md (8224 bytes)
  ✓ https://nfct.org.il/blog/movies/%D7%94%D7%90%D7%A8%D7%92%D7%95%D7%9F-%D7%94%D7%99%D7%94%D7%95%D7%93%D7%99-%D7%94%D7%97%D7%A9%D7%90%D7%99/ → nfct__blog_movies_D7_94_D7_90_D7_A8_D7_92_D7_95_D7_9F-_D7_94_D7_99_D7_94_D7_95_D7_93_D__87c73ec8.md (7783 bytes)
  ✓ https://nfct.org.il/blog/movies/%D7%94%D7%90%D7%A8%D7%92%D7%95%D7%9F-%D7%94%D7%99%D7%94%D7%95%D7%93%D7%99-%D7%9C%D7%9E%D7%9C%D7%97%D7%9E%D7%94/ → nfct__blog_movies_D7_94_D7_90_D7_A8_D7_92_D7_95_D7_9F-_D7_94_D7_99_D7_94_D7_95_D7_93_D__d2b46b18.md (8381 bytes)
  ✓ https://nfct.org.il/blog/movies/%D7%94%D7%90%D7%A8%D7%95%D7%A8%D7%94/ → nfct__blog_movies_D7_94_D7_90_D7_A8_D7_95_D7_A8_D7_94__12ae5b65.md (8159 bytes)
  ✓ https://nfct.org.il/blog/movies/%D7%94%D7%90%D7%A8%D7%95%D7%A8/ → nfct__blog_movies_D7_94_D7_90_D7_A8_D7_95_D7_A8__0865c6e0.md (8141 bytes)
  ✓ https://nfct.org.il/blog/movies/%D7%94%D7%90%D7%A8%D7%A5-%D7%94%D7%90%D7%94%D7%95%D7%91%D7%94-%D7%A9%D7%9C%D7%99/ → nfct__blog_movies_D7_94_D7_90_D7_A8_D7_A5-_D7_94_D7_90_D7_94_D7_95_D7_91_D7_94-_D7_A9___fe27b7e8.md (7711 bytes)
  ✓ https://nfct.org.il/blog/movies/%D7%94%D7%90%D7%A8%D7%95%D7%A8%D7%99%D7%9D/ → nfct__blog_movies_D7_94_D7_90_D7_A8_D7_95_D7_A8_D7_99_D7_9D__466064d2.md (8177 bytes)
  ✓ https://nfct.org.il/blog/movies/%D7%94%D7%90%D7%A9%D7%A8%D7%9D-%D7%99%D7%9C%D7%93%D7%99%D7%9D-%D7%90%D7%A0%D7%99-%D7%9C%D7%90-%D7%92%D7%95%D7%A3-%D7%90%D7%99%D7%9F-%D7%9C%D7%99-%D7%92%D7%95%D7%A3/ → nfct__blog_movies_D7_94_D7_90_D7_A9_D7_A8_D7_9D-_D7_99_D7_9C_D7_93_D7_99_D7_9D-_D7_90___a699f7b1.md (7960 bytes)
  ✓ https://nfct.org.il/blog/movies/%D7%94%D7%91%D7%95%D7%A7%D7%A8-%D7%A9%D7%9C-%D7%9E%D7%99%D7%9C%D7%95%D7%90/ → nfct__blog_movies_D7_94_D7_91_D7_95_D7_A7_D7_A8-_D7_A9_D7_9C-_D7_9E_D7_99_D7_9C_D7_95___52a1bca5.md (7693 bytes)
  ✓ https://nfct.org.il/blog/movies/%D7%94%D7%91%D7%95%D7%A7%D7%A8-%D7%A9%D7%9C-%D7%9E%D7%99%D7%9C%D7%95/ → nfct__blog_movies_D7_94_D7_91_D7_95_D7_A7_D7_A8-_D7_A9_D7_9C-_D7_9E_D7_99_D7_9C_D7_95__a3613903.md (7675 bytes)
  ✓ https://nfct.org.il/blog/movies/%D7%94%D7%91%D7%95%D7%A9%D7%94-%D7%A2%D7%95%D7%91%D7%A8%D7%AA-%D7%A6%D7%93/ → nfct__blog_movies_D7_94_D7_91_D7_95_D7_A9_D7_94-_D7_A2_D7_95_D7_91_D7_A8_D7_AA-_D7_A6___4021663c.md (7693 bytes)
  ✓ https://nfct.org.il/blog/movies/%D7%94%D7%91%D7%95%D7%A8%D7%A1%D7%94/ → nfct__blog_movies_D7_94_D7_91_D7_95_D7_A8_D7_A1_D7_94__22fad04c.md (7579 bytes)
  ✓ https://nfct.org.il/blog/movies/%D7%94%D7%91%D7%97%D7%95%D7%A8%D7%94-%D7%A9%D7%9C%D7%90-%D7%99%D7%93%D7%A2%D7%94-%D7%9E%D7%94-%D7%9C%D7%A2%D7%A9%D7%95%D7%AA/ → nfct__blog_movies_D7_94_D7_91_D7_97_D7_95_D7_A8_D7_94-_D7_A9_D7_9C_D7_90-_D7_99_D7_93___5de72a03.md (7843 bytes)
  ✓ https://nfct.org.il/blog/movies/%D7%94%D7%91%D7%99%D7%99%D7%91%D7%99-%D7%93%D7%90%D7%93%D7%99/ → nfct__blog_movies_D7_94_D7_91_D7_99_D7_99_D7_91_D7_99-_D7_93_D7_90_D7_93_D7_99__38e9afbc.md (8234 bytes)
  ✓ https://nfct.org.il/blog/movies/%D7%94%D7%91%D7%99%D7%9E%D7%94/ → nfct__blog_movies_D7_94_D7_91_D7_99_D7_9E_D7_94__59cd1730.md (8141 bytes)
  ✓ https://nfct.org.il/blog/movies/%D7%94%D7%91%D7%99%D7%AA-%D7%91%D7%A8%D7%97%D7%95%D7%91-%D7%A4%D7%99%D7%A0%D7%94/ → nfct__blog_movies_D7_94_D7_91_D7_99_D7_AA-_D7_91_D7_A8_D7_97_D7_95_D7_91-_D7_A4_D7_99___56892f4d.md (7711 bytes)
  ✓ https://nfct.org.il/blog/movies/%D7%94%D7%91%D7%99%D7%AA-%D7%91%D7%A8%D7%97%D7%95%D7%91-%D7%A4%D7%99%D7%A0/ → nfct__blog_movies_D7_94_D7_91_D7_99_D7_AA-_D7_91_D7_A8_D7_97_D7_95_D7_91-_D7_A4_D7_99___1795a3e1.md (7693 bytes)
  ✓ https://nfct.org.il/blog/movies/%D7%94%D7%91%D7%99%D7%AA-%D7%91%D7%A8%D7%97%D7%95%D7%91-%D7%A4%D7%99%D7%99%D7%9F/ → nfct__blog_movies_D7_94_D7_91_D7_99_D7_AA-_D7_91_D7_A8_D7_97_D7_95_D7_91-_D7_A4_D7_99___323f6be0.md (7711 bytes)
  ✓ https://nfct.org.il/blog/movies/%D7%94%D7%91%D7%99%D7%AA-%D7%94%D7%A8%D7%90%D7%A9%D7%95%D7%9F-%D7%9E%D7%A4%D7%A8%D7%95%D7%99%D7%A7%D7%98-%D7%94%D7%92%D7%99%D7%95%D7%A8/ → nfct__blog_movies_D7_94_D7_91_D7_99_D7_AA-_D7_94_D7_A8_D7_90_D7_A9_D7_95_D7_9F-_D7_9E___685c44cb.md (7876 bytes)
  ✓ https://nfct.org.il/blog/movies/%D7%94%D7%91%D7%99%D7%AA-%D7%94%D7%A8%D7%90%D7%A9%D7%95%D7%9F-%D7%9E%D7%A4%D7%A8%D7%95%D7%99%D7%A7%D7%98-%D7%94%D7%94%D7%9E%D7%A8%D7%94/ → nfct__blog_movies_D7_94_D7_91_D7_99_D7_AA-_D7_94_D7_A8_D7_90_D7_A9_D7_95_D7_9F-_D7_9E___adc97776.md (8456 bytes)
  ✓ https://nfct.org.il/blog/movies/%D7%94%D7%91%D7%99%D7%AA-%D7%94%D7%A8%D7%90%D7%A9%D7%95%D7%9F-%D7%9E%D7%A4%D7%A8%D7%95%D7%99%D7%A7%D7%98-%D7%94%D7%9E%D7%A8%D7%94/ → nfct__blog_movies_D7_94_D7_91_D7_99_D7_AA-_D7_94_D7_A8_D7_90_D7_A9_D7_95_D7_9F-_D7_9E___31ebb5b3.md (7858 bytes)
  ✓ https://nfct.org.il/blog/movies/%D7%94%D7%91%D7%99%D7%AA-%D7%A9%D7%9C-%D7%94%D7%99%D7%9C%D7%93%D7%99%D7%9D/ → nfct__blog_movies_D7_94_D7_91_D7_99_D7_AA-_D7_A9_D7_9C-_D7_94_D7_99_D7_9C_D7_93_D7_99___8b4c6f13.md (7693 bytes)
  ✓ https://nfct.org.il/blog/movies/%D7%94%D7%91%D7%9C%D7%AA%D7%99-%D7%9E%D7%95%D7%9B%D7%A8%D7%99%D7%9D/ → nfct__blog_movies_D7_94_D7_91_D7_9C_D7_AA_D7_99-_D7_9E_D7_95_D7_9B_D7_A8_D7_99_D7_9D__51b90662.md (8252 bytes)
  ✓ https://nfct.org.il/blog/movies/%D7%94%D7%91%D7%9C%D7%AA%D7%99-%D7%A0%D7%A8%D7%90%D7%94/ → nfct__blog_movies_D7_94_D7_91_D7_9C_D7_AA_D7_99-_D7_A0_D7_A8_D7_90_D7_94__63cd80dc.md (7636 bytes)
  ✓ https://nfct.org.il/blog/movies/%D7%94%D7%91%D7%9F-%D7%A9%D7%9C%D7%A0%D7%95/ → nfct__blog_movies_D7_94_D7_91_D7_9F-_D7_A9_D7_9C_D7_A0_D7_95__6da95acd.md (8209 bytes)
  ✓ https://nfct.org.il/blog/movies/%D7%94%D7%91%D7%9F-%D7%A9%D7%9C-%D7%90%D7%91%D7%90/ → nfct__blog_movies_D7_94_D7_91_D7_9F-_D7_A9_D7_9C-_D7_90_D7_91_D7_90__1001e4a7.md (8201 bytes)
  ✓ https://nfct.org.il/blog/movies/%D7%94%D7%91%D7%9C%D7%AA%D7%99-%D7%9E%D7%95%D7%9B%D7%A8/ → nfct__blog_movies_D7_94_D7_91_D7_9C_D7_AA_D7_99-_D7_9E_D7_95_D7_9B_D7_A8__0f506bdb.md (8216 bytes)
  ✗ https://nfct.org.il/blog/movies/%D7%94%D7%90%D7%99%D7%A9-%D7%94%D7%90%D7%97%D7%A8%D7%95%D7%9F-%D7%A9%D7%A6%D7%A8%D7%99%D7%9A/: HTTPSConnectionPool(host='crawl4ai-wrapper-559961100092.europe-west1.run.app', port=443): Read timed out. (read timeout=120)
  ✓ https://nfct.org.il/blog/movies/%D7%94%D7%92%D7%91%D7%A8%D7%AA-%D7%91%D7%A9%D7%9E%D7%9C%D7%94-%D7%94%D7%A9%D7%97%D7%95%D7%A8%D7%94/ → nfct__blog_movies_D7_94_D7_92_D7_91_D7_A8_D7_AA-_D7_91_D7_A9_D7_9E_D7_9C_D7_94-_D7_94___1d0cb8a2.md (7765 bytes)
  ✓ https://nfct.org.il/blog/movies/%D7%94%D7%92%D7%95%D7%91%D7%94/ → nfct__blog_movies_D7_94_D7_92_D7_95_D7_91_D7_94__908baaa0.md (8170 bytes)
  ✓ https://nfct.org.il/blog/movies/%D7%94%D7%92%D7%98%D7%95%D7%A8%D7%94/ → nfct__blog_movies_D7_94_D7_92_D7_98_D7_95_D7_A8_D7_94__ae447057.md (8188 bytes)
  ✓ https://nfct.org.il/blog/movies/%D7%94%D7%92%D7%A9%D7%9E%D7%AA-%D7%97%D7%9C%D7%95%D7%9D/ → nfct__blog_movies_D7_94_D7_92_D7_A9_D7_9E_D7_AA-_D7_97_D7_9C_D7_95_D7_9D__92ba443b.md (8245 bytes)
  ✓ https://nfct.org.il/blog/movies/%D7%94%D7%92%D7%95%D7%9C%D7%AA%D7%95%D7%A8/ → nfct__blog_movies_D7_94_D7_92_D7_95_D7_9C_D7_AA_D7_95_D7_A8__b7505482.md (7597 bytes)
  ✓ https://nfct.org.il/blog/movies/%D7%94%D7%92%D7%99%D7%A8%D7%94-%D7%9E%D7%A8%D7%95%D7%A1%D7%99%D7%94/ → nfct__blog_movies_D7_94_D7_92_D7_99_D7_A8_D7_94-_D7_9E_D7_A8_D7_95_D7_A1_D7_99_D7_94__57588b2f.md (7672 bytes)
  ✓ https://nfct.org.il/blog/movies/%D7%94%D7%92%D7%A9%D7%A8/ → nfct__blog_movies_D7_94_D7_92_D7_A9_D7_A8__feb7d162.md (9281 bytes)
  ✓ https://nfct.org.il/blog/movies/%D7%94%D7%93%D7%91%D7%A8%D7%99%D7%9D-%D7%A9%D7%90%D7%A0%D7%97%D7%A0%D7%95-%D7%A2%D7%95%D7%A9%D7%99%D7%9D-%D7%91%D7%A9%D7%91%D7%99%D7%9C-%D7%90%D7%94%D7%91%D7%94-%D7%95%D7%90%D7%96%D7%A8%D7%97%D7%95%D7%AA-%D7%96%D7%A8%D7%94/ → nfct__blog_movies_D7_94_D7_93_D7_91_D7_A8_D7_99_D7_9D-_D7_A9_D7_90_D7_A0_D7_97_D7_A0_D__5280e223.md (8137 bytes)
  ✓ https://nfct.org.il/blog/movies/%D7%94%D7%93%D7%92%D7%9E%D7%94-%D7%91%D7%A2%D7%99%D7%A8-%D7%94%D7%9C%D7%91%D7%A0%D7%94/ → nfct__blog_movies_D7_94_D7_93_D7_92_D7_9E_D7_94-_D7_91_D7_A2_D7_99_D7_A8-_D7_94_D7_9C___145cfae3.md (8338 bytes)
  ✓ https://nfct.org.il/blog/movies/%D7%94%D7%93%D7%95%D6%B9%D7%A7%D7%90%D6%B4%D7%99%D7%9D/ → nfct__blog_movies_D7_94_D7_93_D7_95_D6_B9_D7_A7_D7_90_D6_B4_D7_99_D7_9D__79d50420.md (7633 bytes)
  ✓ https://nfct.org.il/blog/movies/%D7%94%D7%93%D7%95%D6%BE%D7%A7%D7%90%D7%9E%D7%99%D7%9D/ → nfct__blog_movies_D7_94_D7_93_D7_95_D6_BE_D7_A7_D7_90_D7_9E_D7_99_D7_9D__4d88b1c4.md (7633 bytes)
  ✓ https://nfct.org.il/blog/movies/%D7%94%D7%93%D7%95%D6%B9%D7%A8%D6%B0%D7%A7%D6%B8%D7%90%D6%B4%D7%99%D7%9D/ → nfct__blog_movies_D7_94_D7_93_D7_95_D6_B9_D7_A8_D6_B0_D7_A7_D6_B8_D7_90_D6_B4_D7_99_D7__545adfb7.md (8267 bytes)
  ✓ https://nfct.org.il/blog/movies/%D7%94%D7%93%D7%95%D6%BE%D7%A7%D7%90%D7%99%D7%99%D7%9D/ → nfct__blog_movies_D7_94_D7_93_D7_95_D6_BE_D7_A7_D7_90_D7_99_D7_99_D7_9D__135d3230.md (8242 bytes)
  ✓ https://nfct.org.il/blog/movies/%D7%94%D7%93%D7%95%D7%90%D7%A7%D7%90%D7%99%D7%9D/ → nfct__blog_movies_D7_94_D7_93_D7_95_D7_90_D7_A7_D7_90_D7_99_D7_9D__44733036.md (8224 bytes)
  ✓ https://nfct.org.il/blog/movies/%D7%94%D7%93%D7%95%D7%93%D7%94-%D7%A9%D7%9C%D7%99-%D7%A4%D7%98%D7%A8%D7%99%D7%A9%D7%99%D7%94/ → nfct__blog_movies_D7_94_D7_93_D7_95_D7_93_D7_94-_D7_A9_D7_9C_D7_99-_D7_A4_D7_98_D7_A8___819419f1.md (7747 bytes)
  ✓ https://nfct.org.il/blog/movies/%D7%94%D7%93%D7%95%D7%90%D7%A7%D7%99%D7%9D/ → nfct__blog_movies_D7_94_D7_93_D7_95_D7_90_D7_A7_D7_99_D7_9D__3bc9ecf5.md (8206 bytes)
  ✓ https://nfct.org.il/blog/movies/%D7%94%D7%93%D7%95%D6%BE%D7%A7%D7%90%D7%A1%D7%98/ → nfct__blog_movies_D7_94_D7_93_D7_95_D6_BE_D7_A7_D7_90_D7_A1_D7_98__3bd520b6.md (8224 bytes)
  ✓ https://nfct.org.il/blog/movies/%D7%94%D7%93%D7%95%D7%93-%D7%94%D7%92%D7%99%D7%91%D7%95%D7%A8-%D7%A9%D7%9C%D7%99-%D7%9E%D7%94%D7%9E%D7%9C%D7%97%D7%9E%D7%94/ → nfct__blog_movies_D7_94_D7_93_D7_95_D7_93-_D7_94_D7_92_D7_99_D7_91_D7_95_D7_A8-_D7_A9___1d1c5a68.md (8420 bytes)
  ✓ https://nfct.org.il/blog/movies/%D7%94%D7%93%D7%95%D7%93-%D7%94%D7%92%D7%99%D7%91%D7%95%D7%A8-%D7%A9%D7%9C%D7%99/ → nfct__blog_movies_D7_94_D7_93_D7_95_D7_93-_D7_94_D7_92_D7_99_D7_91_D7_95_D7_A8-_D7_A9___c8b5f9af.md (7711 bytes)
  ✓ https://nfct.org.il/blog/movies/%D7%94%D7%93%D7%95%D7%93-%D7%A9%D7%9C%D7%99-%D7%92%D7%99%D7%91%D7%95%D7%A8-%D7%94%D7%9E%D7%9C%D7%97%D7%9E%D7%94/ → nfct__blog_movies_D7_94_D7_93_D7_95_D7_93-_D7_A9_D7_9C_D7_99-_D7_92_D7_99_D7_91_D7_95___b1b0e575.md (8413 bytes)
  ✓ https://nfct.org.il/blog/movies/%D7%94%D7%93%D7%95%D7%93-%D7%A9%D7%9C%D7%99-%D7%92%D7%99%D7%91%D7%95%D7%A8-%D7%9E%D7%9C%D7%97%D7%9E%D7%94/ → nfct__blog_movies_D7_94_D7_93_D7_95_D7_93-_D7_A9_D7_9C_D7_99-_D7_92_D7_99_D7_91_D7_95___6039d7b0.md (8366 bytes)
  ✓ https://nfct.org.il/blog/movies/%D7%94%D7%93%D7%95%D7%95%D7%90%D7%A7%D7%90%D7%99%D7%9D/ → nfct__blog_movies_D7_94_D7_93_D7_95_D7_95_D7_90_D7_A7_D7_90_D7_99_D7_9D__d8978cfb.md (7633 bytes)
  ✓ https://nfct.org.il/blog/movies/%D7%94%D7%93%D7%95%D7%95%D7%90%D7%A7%D7%99%D7%9D/ → nfct__blog_movies_D7_94_D7_93_D7_95_D7_95_D7_90_D7_A7_D7_99_D7_9D__4c4c5183.md (7615 bytes)
  ✓ https://nfct.org.il/blog/movies/%D7%94%D7%93%D7%95%D7%9B%D7%90%D7%99%D7%9D/ → nfct__blog_movies_D7_94_D7_93_D7_95_D7_9B_D7_90_D7_99_D7_9D__7dde97bd.md (7597 bytes)
  ✓ https://nfct.org.il/blog/movies/%D7%94%D7%93%D7%95%D7%A7%D7%98%D7%95%D7%A8-%D7%9E%D7%95%D7%A8%D7%99%D7%A1/ → nfct__blog_movies_D7_94_D7_93_D7_95_D7_A7_D7_98_D7_95_D7_A8-_D7_9E_D7_95_D7_A8_D7_99_D__9894bc46.md (7690 bytes)
  ✓ https://nfct.org.il/blog/movies/%D7%94%D7%93%D7%95-%D7%90%D7%A7%D7%90%D7%99%D7%9D/ → nfct__blog_movies_D7_94_D7_93_D7_95-_D7_90_D7_A7_D7_90_D7_99_D7_9D__33bd6439.md (7618 bytes)
  ✓ https://nfct.org.il/blog/movies/%D7%94%D7%93%D7%95%D7%9B%D7%90/ → nfct__blog_movies_D7_94_D7_93_D7_95_D7_9B_D7_90__af40a791.md (8141 bytes)
  ✓ https://nfct.org.il/blog/movies/%D7%94%D7%93%D7%99%D7%99%D7%92-%D7%94%D7%90%D7%97%D7%A8%D7%95%D7%9F-%D7%91%D7%99%D7%9D-%D7%94%D7%92%D7%9C%D7%99%D7%9C%D7%99/ → nfct__blog_movies_D7_94_D7_93_D7_99_D7_99_D7_92-_D7_94_D7_90_D7_97_D7_A8_D7_95_D7_9F-___d7ed57c3.md (7840 bytes)
  ✓ https://nfct.org.il/blog/movies/%D7%94%D7%93%D7%99%D7%99%D7%92-%D7%94%D7%90%D7%97%D7%A8%D7%95%D7%9F-%D7%91%D7%99%D7%9D-%D7%94%D7%92%D7%9C%D7%99%D7%9C/ → nfct__blog_movies_D7_94_D7_93_D7_99_D7_99_D7_92-_D7_94_D7_90_D7_97_D7_A8_D7_95_D7_9F-___24698e4c.md (7822 bytes)
  ✓ https://nfct.org.il/blog/movies/%D7%94%D7%93%D7%99%D7%A1%D7%A7%D7%99%D7%AA-%D7%94%D7%9B%D7%A1%D7%95%D7%A4%D7%94/ → nfct__blog_movies_D7_94_D7_93_D7_99_D7_A1_D7_A7_D7_99_D7_AA-_D7_94_D7_9B_D7_A1_D7_95_D__16a1a8b4.md (7708 bytes)
  ✓ https://nfct.org.il/blog/movies/%D7%94%D7%93%D7%99%D7%9C%D7%9E%D7%94-%D7%94%D7%93%D7%A8%D7%99%D7%90%D7%A0%D7%99%D7%AA/ → nfct__blog_movies_D7_94_D7_93_D7_99_D7_9C_D7_9E_D7_94-_D7_94_D7_93_D7_A8_D7_99_D7_90_D__2a445be3.md (8306 bytes)
  ✓ https://nfct.org.il/blog/movies/%D7%94%D7%93%D7%99%D7%A1%D7%A7-%D7%94%D7%9B%D7%A1%D7%95%D7%A3/ → nfct__blog_movies_D7_94_D7_93_D7_99_D7_A1_D7_A7-_D7_94_D7_9B_D7_A1_D7_95_D7_A3__6b518dbb.md (8234 bytes)
  ✓ https://nfct.org.il/blog/movies/%D7%94%D7%93%D7%99%D7%A1%D7%A7-%D7%94%D7%9B%D7%A1%D7%A3/ → nfct__blog_movies_D7_94_D7_93_D7_99_D7_A1_D7_A7-_D7_94_D7_9B_D7_A1_D7_A3__fa04fe4b.md (7636 bytes)
  ✓ https://nfct.org.il/blog/movies/%D7%94%D7%93%D7%A4%D7%99%D7%A7%D7%94-%D7%A2%D7%9C-%D7%94%D7%93%D7%9C%D7%AA/ → nfct__blog_movies_D7_94_D7_93_D7_A4_D7_99_D7_A7_D7_94-_D7_A2_D7_9C-_D7_94_D7_93_D7_9C___0ef3e631.md (8302 bytes)
  ✓ https://nfct.org.il/blog/movies/%D7%94%D7%93%D7%A8%D7%95%D7%9D-%D7%90%D7%9C%D7%99%D7%A1-%D7%9C%D7%90-%D7%92%D7%A8%D7%94-%D7%9B%D7%90%D7%9F/ → nfct__blog_movies_D7_94_D7_93_D7_A8_D7_95_D7_9D-_D7_90_D7_9C_D7_99_D7_A1-_D7_9C_D7_90-__014fd504.md (19569 bytes)
  ✓ https://nfct.org.il/blog/movies/%D7%94%D7%93%D7%A8%D7%95%D7%9D-%D7%90%D7%9C%D7%99%D7%A1-%D7%9E%D7%A2%D7%95%D7%9C%D7%9D-%D7%9C%D7%90-%D7%92%D7%A8%D7%94-%D7%9B%D7%90%D7%9F/ → nfct__blog_movies_D7_94_D7_93_D7_A8_D7_95_D7_9D-_D7_90_D7_9C_D7_99_D7_A1-_D7_9E_D7_A2___0651f06e.md (7882 bytes)
  ✓ https://nfct.org.il/blog/movies/%D7%94%D7%93%D7%A8%D7%95%D7%9D-%E2%80%93-%D7%90%D7%9C%D7%99%D7%A1-%D7%9C%D7%90-%D7%92%D7%A8%D7%94-%D7%9B%D7%90%D7%9F-%D7%90%D7%A3-%D7%A4%D7%A2%D7%9D/ → nfct__blog_movies_D7_94_D7_93_D7_A8_D7_95_D7_9D-_E2_80_93-_D7_90_D7_9C_D7_99_D7_A1-_D7__c0088b88.md (7915 bytes)
  ✓ https://nfct.org.il/blog/movies/%D7%94%D7%93%D7%A8%D7%95%D7%9D--%D7%90%D7%9C%D7%99%D7%A1-%D7%9C%D7%90-%D7%92%D7%A8%D7%94-%D7%9B%D7%90%D7%9F-%D7%90%D7%A3-%D7%A4%D7%A2%D7%9D/ → nfct__blog_movies_D7_94_D7_93_D7_A8_D7_95_D7_9D--_D7_90_D7_9C_D7_99_D7_A1-_D7_9C_D7_90__9dba7ec4.md (19572 bytes)
  ✓ https://nfct.org.il/blog/movies/%D7%94%D7%93%D7%A8%D7%9A-%D7%94%D7%97%D7%9C%D7%91%D7%99%D7%AA/ → nfct__blog_movies_D7_94_D7_93_D7_A8_D7_9A-_D7_94_D7_97_D7_9C_D7_91_D7_99_D7_AA__0b321c08.md (8234 bytes)
  ✗ https://nfct.org.il/blog/movies/%D7%94%D7%91%D7%AA-%D7%A9%D7%9C%D7%99/: HTTPSConnectionPool(host='crawl4ai-wrapper-559961100092.europe-west1.run.app', port=443): Read timed out. (read timeout=120)
  ✓ https://nfct.org.il/blog/movies/%D7%94%D7%93%D7%A8%D7%9A-%D7%94%D7%91%D7%99%D7%AA%D7%94/ → nfct__blog_movies_D7_94_D7_93_D7_A8_D7_9A-_D7_94_D7_91_D7_99_D7_AA_D7_94__42a27bd5.md (7636 bytes)
  ✓ https://nfct.org.il/blog/movies/%D7%94%D7%93%D7%A8%D7%9A-%D7%94%D7%97%D7%9C%D7%91/ → nfct__blog_movies_D7_94_D7_93_D7_A8_D7_9A-_D7_94_D7_97_D7_9C_D7_91__dac65414.md (7618 bytes)
  ✓ https://nfct.org.il/blog/movies/%D7%94%D7%93%D7%A8%D7%9A-%D7%9C%D7%97%D7%9C%D7%91-%D7%90%D7%9D/ → nfct__blog_movies_D7_94_D7_93_D7_A8_D7_9A-_D7_9C_D7_97_D7_9C_D7_91-_D7_90_D7_9D__361ea905.md (8237 bytes)
  ✓ https://nfct.org.il/blog/movies/%D7%94%D7%93%D7%A8%D7%9A-%D7%9C%D7%97%D7%9C%D7%91/ → nfct__blog_movies_D7_94_D7_93_D7_A8_D7_9A-_D7_9C_D7_97_D7_9C_D7_91__ba7a8cd2.md (8198 bytes)
  ✓ https://nfct.org.il/blog/movies/%D7%94%D7%94%D7%A4%D7%9A-%D7%9E%D7%90%D7%94%D7%91%D7%94-%D7%96%D7%94-%D7%9C%D7%90-%D7%A9%D7%A0%D7%90%D7%94/ → nfct__blog_movies_D7_94_D7_94_D7_A4_D7_9A-_D7_9E_D7_90_D7_94_D7_91_D7_94-_D7_96_D7_94-__c717d0cf.md (7789 bytes)
  ✓ https://nfct.org.il/blog/movies/%D7%94%D7%94%D7%A2%D7%91%D7%A8%D7%94-%D7%94%D7%90%D7%97%D7%A8%D7%95%D7%A0%D7%94/ → nfct__blog_movies_D7_94_D7_94_D7_A2_D7_91_D7_A8_D7_94-_D7_94_D7_90_D7_97_D7_A8_D7_95_D__deb2c097.md (7708 bytes)
  ✓ https://nfct.org.il/blog/movies/%D7%94%D7%94%D7%97%D7%9C%D7%A4%D7%94/ → nfct__blog_movies_D7_94_D7_94_D7_97_D7_9C_D7_A4_D7_94__ca8b381b.md (9389 bytes)
  ✓ https://nfct.org.il/blog/movies/%D7%94%D7%94%D7%AA%D7%A0%D7%A7%D7%A9%D7%95%D7%AA/ → nfct__blog_movies_D7_94_D7_94_D7_AA_D7_A0_D7_A7_D7_A9_D7_95_D7_AA__1d398880.md (8195 bytes)
  ✓ https://nfct.org.il/blog/movies/%D7%94%D7%95%D7%95%D7%90%D7%98%D7%A8-%D7%9E%D7%A8%D7%A7/ → nfct__blog_movies_D7_94_D7_95_D7_95_D7_90_D7_98_D7_A8-_D7_9E_D7_A8_D7_A7__edbe3f13.md (7636 bytes)
  ✓ https://nfct.org.il/blog/movies/%D7%94%D7%95%D7%95%D7%AA%D7%99%D7%A7%D7%99%D7%9D-%D7%9E%D7%A2%D7%99%D7%9C-%D7%9E%D7%9C%D7%90-%D7%9E%D7%93%D7%9C%D7%99%D7%95%D7%AA/ → nfct__blog_movies_D7_94_D7_95_D7_95_D7_AA_D7_99_D7_A7_D7_99_D7_9D-_D7_9E_D7_A2_D7_99_D__6ffa8503.md (7858 bytes)
  ✓ https://nfct.org.il/blog/movies/%D7%94%D7%95%D7%95%D7%99%D7%94-%D7%A0%D7%A9%D7%99%D7%AA/ → nfct__blog_movies_D7_94_D7_95_D7_95_D7_99_D7_94-_D7_A0_D7_A9_D7_99_D7_AA__8bcf73a2.md (7636 bytes)
  ✓ https://nfct.org.il/blog/movies/%D7%94%D7%95%D7%97%D7%96%D7%A8/ → nfct__blog_movies_D7_94_D7_95_D7_97_D7_96_D7_A8__4baf749e.md (7561 bytes)
  ✓ https://nfct.org.il/blog/movies/%D7%94%D7%95%D7%98%D7%94%D7%90%D7%95%D7%A1/ → nfct__blog_movies_D7_94_D7_95_D7_98_D7_94_D7_90_D7_95_D7_A1__a6f5535b.md (7597 bytes)
  ✓ https://nfct.org.il/blog/movies/%D7%94%D7%95%D7%99%D7%93%D7%95%D7%99-%D7%A9%D7%9C-%D7%94%D7%A9%D7%98%D7%9F-%D7%A1%D7%A8%D7%98%D7%99-%D7%90%D7%99%D7%99%D7%9B%D7%9E%D7%9F-%D7%94%D7%90%D7%91%D7%95%D7%93%D7%99%D7%9D/ → nfct__blog_movies_D7_94_D7_95_D7_99_D7_93_D7_95_D7_99-_D7_A9_D7_9C-_D7_94_D7_A9_D7_98___8da2c86b.md (8008 bytes)
  ✓ https://nfct.org.il/blog/movies/%D7%94%D7%95%D7%97%D7%96%D7%A8%D7%94-%D7%9C%D7%97%D7%99%D7%99%D7%9D/ → nfct__blog_movies_D7_94_D7_95_D7_97_D7_96_D7_A8_D7_94-_D7_9C_D7_97_D7_99_D7_99_D7_9D__9db44ba6.md (8281 bytes)
  ✓ https://nfct.org.il/blog/movies/%D7%94%D7%95%D7%9D-%D7%A1%D7%99%D7%A7/ → nfct__blog_movies_D7_94_D7_95_D7_9D-_D7_A1_D7_99_D7_A7__fe22028c.md (7582 bytes)
  ✓ https://nfct.org.il/blog/movies/%D7%94%D7%95%D7%9E%D7%9C%D7%A1%D7%99%D7%9D/ → nfct__blog_movies_D7_94_D7_95_D7_9E_D7_9C_D7_A1_D7_99_D7_9D__d015fc52.md (8177 bytes)
  ✓ https://nfct.org.il/blog/movies/%D7%94%D7%95%D7%9E%D7%95%D7%90%D7%99%D7%9D-%D7%95%D7%9C%D7%A1%D7%91%D7%99%D7%95%D7%AA/ → nfct__blog_movies_D7_94_D7_95_D7_9E_D7_95_D7_90_D7_99_D7_9D-_D7_95_D7_9C_D7_A1_D7_91_D__e7f537f4.md (8306 bytes)
  ✓ https://nfct.org.il/blog/movies/%D7%94%D7%95%D7%9C%D7%9A/ → nfct__blog_movies_D7_94_D7_95_D7_9C_D7_9A__62e48c81.md (16753 bytes)
  ✓ https://nfct.org.il/blog/movies/%D7%94%D7%95%D7%9F-%D7%A9%D7%9C%D7%98%D7%95%D7%9F/ → nfct__blog_movies_D7_94_D7_95_D7_9F-_D7_A9_D7_9C_D7_98_D7_95_D7_9F__7ef26a5b.md (8227 bytes)
  ✓ https://nfct.org.il/blog/movies/%D7%94%D7%95%D7%A1%D7%98%D7%9C-%D7%92%D7%91%D7%95%D7%98%D7%99%D7%A0%D7%A1%D7%A7%D7%99/ → nfct__blog_movies_D7_94_D7_95_D7_A1_D7_98_D7_9C-_D7_92_D7_91_D7_95_D7_98_D7_99_D7_A0_D__28bc182b.md (8306 bytes)
  ✓ https://nfct.org.il/blog/movies/%D7%94%D7%95%D7%A1%D7%98%D7%9C-%D7%94%D7%A8%D7%A6%D7%9C/ → nfct__blog_movies_D7_94_D7_95_D7_A1_D7_98_D7_9C-_D7_94_D7_A8_D7_A6_D7_9C__8150eef3.md (8216 bytes)
  ✓ https://nfct.org.il/blog/movies/%D7%94%D7%95%D7%A1%D7%98%D7%9C-%D7%99%D7%91%D7%95%D7%98%D7%A0%D7%A1%D7%A7%D7%99/ → nfct__blog_movies_D7_94_D7_95_D7_A1_D7_98_D7_9C-_D7_99_D7_91_D7_95_D7_98_D7_A0_D7_A1_D__f9d664d8.md (7708 bytes)
  ✓ https://nfct.org.il/blog/movies/%D7%94%D7%95%D7%A1%D7%98%D7%9C-%D7%99%D7%91%D7%A0%D7%99%D7%A6%D7%A7%D7%99/ → nfct__blog_movies_D7_94_D7_95_D7_A1_D7_98_D7_9C-_D7_99_D7_91_D7_A0_D7_99_D7_A6_D7_A7_D__dc7b8315.md (8299 bytes)
  ✓ https://nfct.org.il/blog/movies/%D7%94%D7%95%D7%A1%D7%98%D7%9C-%D7%99%D7%A6%D7%97%D7%A7-%D7%A9%D7%93%D7%94/ → nfct__blog_movies_D7_94_D7_95_D7_A1_D7_98_D7_9C-_D7_99_D7_A6_D7_97_D7_A7-_D7_A9_D7_93___3e662d0c.md (7693 bytes)
  ✓ https://nfct.org.il/blog/movies/%D7%94%D7%95%D7%A4%D7%9B%D7%99%D7%9D-%D7%9C%D7%94%D7%99%D7%95%D7%AA/ → nfct__blog_movies_D7_94_D7_95_D7_A4_D7_9B_D7_99_D7_9D-_D7_9C_D7_94_D7_99_D7_95_D7_AA__330a408c.md (7672 bytes)
  ✗ https://nfct.org.il/blog/movies/%D7%94%D7%93%D7%95%D7%95%D7%90%D7%99%D7%9D/: HTTPSConnectionPool(host='crawl4ai-wrapper-559961100092.europe-west1.run.app', port=443): Read timed out. (read timeout=120)
  ✓ https://nfct.org.il/blog/movies/%D7%94%D7%95%D7%A7-%D7%90%D7%97%D7%A8%D7%95%D7%9F-%D7%A9%D7%9C-%D7%9E%D7%A7%D7%A1-%D7%91%D7%90%D7%90%D7%A8/ → nfct__blog_movies_D7_94_D7_95_D7_A7-_D7_90_D7_97_D7_A8_D7_95_D7_9F-_D7_A9_D7_9C-_D7_9E__7ebb0d95.md (7789 bytes)
  ✓ https://nfct.org.il/blog/movies/%D7%94%D7%95%D7%A7-%D7%90%D7%97%D7%A8%D7%95%D7%9F-%D7%A9%D7%9C-%D7%9E%D7%A7%D7%A1-%D7%91%D7%90%D7%99%D7%99%D7%A8/ → nfct__blog_movies_D7_94_D7_95_D7_A7-_D7_90_D7_97_D7_A8_D7_95_D7_9F-_D7_A9_D7_9C-_D7_9E__3d600fd9.md (7807 bytes)
  ✓ https://nfct.org.il/blog/movies/%D7%94%D7%95%D7%A7-%D7%90%D7%97%D7%A8%D7%95%D7%9F-%D7%A9%D7%9C-%D7%9E%D7%A7%D7%A1-%D7%91%D7%90%D7%95%D7%90%D7%A8/ → nfct__blog_movies_D7_94_D7_95_D7_A7-_D7_90_D7_97_D7_A8_D7_95_D7_9F-_D7_A9_D7_9C-_D7_9E__7477fb65.md (7807 bytes)
  ✓ https://nfct.org.il/blog/movies/%D7%94%D7%95%D7%A7%D7%9D-%D7%9C%D7%AA%D7%97%D7%99%D7%99%D7%94/ → nfct__blog_movies_D7_94_D7_95_D7_A7_D7_9D-_D7_9C_D7_AA_D7_97_D7_99_D7_99_D7_94__8f52845f.md (8263 bytes)
  ✓ https://nfct.org.il/blog/movies/%D7%94%D7%95%D7%A7-%D7%90%D7%97%D7%A8%D7%95%D7%9F-%D7%A9%D7%9C-%D7%9E%D7%A7%D7%A1-%D7%91%D7%90%D7%A8/ → nfct__blog_movies_D7_94_D7_95_D7_A7-_D7_90_D7_97_D7_A8_D7_95_D7_9F-_D7_A9_D7_9C-_D7_9E__f2f579fd.md (8351 bytes)
  ✓ https://nfct.org.il/blog/movies/%D7%94%D7%95%D7%A8%D7%99%D7%9D-%D7%95%D7%99%D7%9C%D7%93%D7%99%D7%9D/ → nfct__blog_movies_D7_94_D7_95_D7_A8_D7_99_D7_9D-_D7_95_D7_99_D7_9C_D7_93_D7_99_D7_9D__f001cd0b.md (7672 bytes)
  ✓ https://nfct.org.il/blog/movies/%D7%94%D7%95%D7%A8%D7%99/ → nfct__blog_movies_D7_94_D7_95_D7_A8_D7_99__daac17cc.md (7543 bytes)
  ✓ https://nfct.org.il/blog/movies/%D7%94%D7%96%D7%9E%D7%A0%D7%99%D7%9D-%D7%A8%D7%A2%D7%99%D7%9D/ → nfct__blog_movies_D7_94_D7_96_D7_9E_D7_A0_D7_99_D7_9D-_D7_A8_D7_A2_D7_99_D7_9D__817324e3.md (8234 bytes)
  ✓ https://nfct.org.il/blog/movies/%D7%94%D7%97%D7%90%D7%9F/ → nfct__blog_movies_D7_94_D7_97_D7_90_D7_9F__11a145c0.md (7543 bytes)
  ✓ https://nfct.org.il/blog/movies/%D7%94%D7%97%D7%91%D7%A8-%D7%A9%D7%9C%D7%99-%D7%90%D7%91%D7%90/ → nfct__blog_movies_D7_94_D7_97_D7_91_D7_A8-_D7_A9_D7_9C_D7_99-_D7_90_D7_91_D7_90__03fdbd17.md (8237 bytes)
  ✓ https://nfct.org.il/blog/movies/%D7%94%D7%97%D7%95%D7%9E%D7%A8-%D7%9E%D7%9E%D7%A0%D7%95-%D7%A2%D7%A9%D7%95%D7%99%D7%94-%D7%90%D7%94%D7%91%D7%94/ → nfct__blog_movies_D7_94_D7_97_D7_95_D7_9E_D7_A8-_D7_9E_D7_9E_D7_A0_D7_95-_D7_A2_D7_A9___e8e987ea.md (8384 bytes)
  ✓ https://nfct.org.il/blog/movies/%D7%94%D7%97%D7%95%D7%A3-%D7%94%D7%9E%D7%A2%D7%A8%D7%91%D7%99/ → nfct__blog_movies_D7_94_D7_97_D7_95_D7_A3-_D7_94_D7_9E_D7_A2_D7_A8_D7_91_D7_99__a20a34b8.md (7654 bytes)
  ✓ https://nfct.org.il/blog/movies/%D7%94%D7%97%D7%95%D7%9C%D7%9D/ → nfct__blog_movies_D7_94_D7_97_D7_95_D7_9C_D7_9D__3e2cdbb7.md (9335 bytes)
  ✓ https://nfct.org.il/blog/movies/%D7%94%D7%97%D7%95%D7%A3/ → nfct__blog_movies_D7_94_D7_97_D7_95_D7_A3__3906ab3c.md (15922 bytes)
  ✓ https://nfct.org.il/blog/movies/%D7%94%D7%97%D7%95%D7%A6%D7%94-%D7%91%D7%A9%D7%A9/ → nfct__blog_movies_D7_94_D7_97_D7_95_D7_A6_D7_94-_D7_91_D7_A9_D7_A9__8e879ce0.md (7618 bytes)
  ✓ https://nfct.org.il/blog/movies/%D7%94%D7%97%D7%95%D7%A6%D7%94-%D7%A4%D7%A8%D7%95%D7%99%D7%93/ → nfct__blog_movies_D7_94_D7_97_D7_95_D7_A6_D7_94-_D7_A4_D7_A8_D7_95_D7_99_D7_93__3f74b8c5.md (8263 bytes)
  ✓ https://nfct.org.il/blog/movies/%D7%94%D7%97%D7%95%D7%A6%D7%9F-%D7%A4%D7%A8%D7%95%D7%99%D7%93/ → nfct__blog_movies_D7_94_D7_97_D7_95_D7_A6_D7_9F-_D7_A4_D7_A8_D7_95_D7_99_D7_93__8958b754.md (7654 bytes)
  ✓ https://nfct.org.il/blog/movies/%D7%94%D7%97%D7%95%D7%A6%D7%A4%D7%9F-%D7%A4%D7%A8%D7%95%D7%99%D7%93/ → nfct__blog_movies_D7_94_D7_97_D7_95_D7_A6_D7_A4_D7_9F-_D7_A4_D7_A8_D7_95_D7_99_D7_93__22630686.md (7672 bytes)
  ✓ https://nfct.org.il/blog/movies/%D7%94%D7%97%D7%96%D7%99%D7%AA-%D7%94%D7%A2%D7%9E%D7%9E%D7%99%D7%AA-%D7%9C%D7%A9%D7%97%D7%A8%D7%95%D7%A8-%D7%A4%D7%9C%D7%A9%D7%AA%D7%99%D7%9F/ → nfct__blog_movies_D7_94_D7_97_D7_96_D7_99_D7_AA-_D7_94_D7_A2_D7_9E_D7_9E_D7_99_D7_AA-___bdd91c88.md (7894 bytes)
  ✓ https://nfct.org.il/blog/movies/%D7%94%D7%97%D7%96%D7%A7%D7%94/ → nfct__blog_movies_D7_94_D7_97_D7_96_D7_A7_D7_94__51200188.md (7561 bytes)
  ✓ https://nfct.org.il/blog/movies/%D7%94%D7%97%D7%99%D7%99%D7%9C%D7%99%D7%9D-%D7%95%D7%A8%D7%95%D7%97-%D7%94%D7%A7%D7%95%D7%93%D7%A9-%D7%9E%D7%A4%D7%A8%D7%95%D7%99%D7%A7%D7%98-%D7%94%D7%94%D7%AA%D7%92%D7%99%D7%99%D7%A8%D7%95%D7%AA/ → nfct__blog_movies_D7_94_D7_97_D7_99_D7_99_D7_9C_D7_99_D7_9D-_D7_95_D7_A8_D7_95_D7_97-___057b1d3b.md (8059 bytes)
  ✓ https://nfct.org.il/blog/movies/%D7%94%D7%97%D7%98%D7%99%D7%A4%D7%94/ → nfct__blog_movies_D7_94_D7_97_D7_98_D7_99_D7_A4_D7_94__2df6e9ea.md (8159 bytes)
  ✓ https://nfct.org.il/blog/movies/%D7%94%D7%97%D7%99%D7%99%D7%9C%D7%99%D7%9D-%D7%95%D7%94%D7%A8%D7%95%D7%97-%D7%94%D7%A7%D7%93%D7%95%D7%A9%D7%94-%D7%9E%D7%A4%D7%A8%D7%95%D7%99%D7%A7%D7%98-%D7%94%D7%9E%D7%A8%D7%94/ → nfct__blog_movies_D7_94_D7_97_D7_99_D7_99_D7_9C_D7_99_D7_9D-_D7_95_D7_94_D7_A8_D7_95_D__938e7926.md (8005 bytes)
  ✓ https://nfct.org.il/blog/movies/%D7%94%D7%97%D7%96%D7%A7%D7%AA-%D7%A2%D7%A0%D7%99%D7%99%D7%A0%D7%99%D7%9D/ → nfct__blog_movies_D7_94_D7_97_D7_96_D7_A7_D7_AA-_D7_A2_D7_A0_D7_99_D7_99_D7_A0_D7_99_D__c8e8dd49.md (8299 bytes)
  ✓ https://nfct.org.il/blog/movies/%D7%94%D7%97%D7%99%D7%99%D7%9C%D7%99%D7%9D-%D7%95%D7%A8%D7%95%D7%97-%D7%94%D7%A7%D7%95%D7%93%D7%A9-%D7%9E%D7%A4%D7%A8%D7%95%D7%99%D7%A7%D7%98-%D7%94%D7%9E%D7%A8%D7%94/ → nfct__blog_movies_D7_94_D7_97_D7_99_D7_99_D7_9C_D7_99_D7_9D-_D7_95_D7_A8_D7_95_D7_97-___37d49995.md (7969 bytes)
  ✓ https://nfct.org.il/blog/movies/%D7%94%D7%97%D7%99%D7%99%D7%9C%D7%99%D7%9D-%D7%95%D7%A8%D7%95%D7%97-%D7%94%D7%A7%D7%95%D7%93%D7%A9/ → nfct__blog_movies_D7_94_D7_97_D7_99_D7_99_D7_9C_D7_99_D7_9D-_D7_95_D7_A8_D7_95_D7_97-___cfcc8ac3.md (7765 bytes)
  ✓ https://nfct.org.il/blog/movies/%D7%94%D7%97%D7%99%D7%99%D7%9C%D7%99%D7%9D/ → nfct__blog_movies_D7_94_D7_97_D7_99_D7_99_D7_9C_D7_99_D7_9D__787b964b.md (8177 bytes)
  ✓ https://nfct.org.il/blog/movies/%D7%94%D7%97%D7%99%D7%99%D7%9C-%D7%93%D7%A2%D7%AA%D7%95/ → nfct__blog_movies_D7_94_D7_97_D7_99_D7_99_D7_9C-_D7_93_D7_A2_D7_AA_D7_95__1c765000.md (7636 bytes)
  ✓ https://nfct.org.il/blog/movies/%D7%94%D7%97%D7%99%D7%99%D7%9C-%D7%A9%D7%97%D7%95%D7%A9%D7%91/ → nfct__blog_movies_D7_94_D7_97_D7_99_D7_99_D7_9C-_D7_A9_D7_97_D7_95_D7_A9_D7_91__53e53ea5.md (7654 bytes)
  ✓ https://nfct.org.il/blog/movies/%D7%94%D7%97%D7%99%D7%99%D7%9D-%D7%95%D7%94%D7%98%D7%A8%D7%92%D7%93%D7%99%D7%94-%D7%A9%D7%9C-%D7%98%D7%98%D7%99%D7%90%D7%A0%D7%94-%D7%94%D7%99%D7%99%D7%A7%D7%99%D7%9F/ → nfct__blog_movies_D7_94_D7_97_D7_99_D7_99_D7_9D-_D7_95_D7_94_D7_98_D7_A8_D7_92_D7_93_D__3814753e.md (8549 bytes)
  ✓ https://nfct.org.il/blog/movies/%D7%94%D7%97%D7%99%D7%99%D7%9D-%D7%95%D7%94%D7%98%D7%A8%D7%92%D7%93%D7%99%D7%94-%D7%A9%D7%9C-%D7%98%D7%98%D7%99%D7%90%D7%A0%D7%94-%D7%97%D7%90%D7%99%D7%A7%D7%99%D7%9F/ → nfct__blog_movies_D7_94_D7_97_D7_99_D7_99_D7_9D-_D7_95_D7_94_D7_98_D7_A8_D7_92_D7_93_D__ed652433.md (7969 bytes)
  ✓ https://nfct.org.il/blog/movies/%D7%94%D7%97%D7%99%D7%99%D7%9D-%D7%95%D7%94%D7%98%D7%A8%D7%92%D7%93%D7%99%D7%94-%D7%A9%D7%9C-%D7%98%D7%98%D7%99%D7%90%D7%A0%D7%94-%D7%97%D7%99%D7%99%D7%A7%D7%99%D7%9F/ → nfct__blog_movies_D7_94_D7_97_D7_99_D7_99_D7_9D-_D7_95_D7_94_D7_98_D7_A8_D7_92_D7_93_D__90703905.md (7969 bytes)
  ✓ https://nfct.org.il/blog/movies/%D7%94%D7%97%D7%99%D7%99%D7%9D-%D7%95%D7%94%D7%9E%D7%95%D7%95%D7%AA-%D7%A9%D7%9C-%D7%90%D7%A0%D7%94-%D7%9C%D7%99%D7%A1%D7%99%D7%A1/ → nfct__blog_movies_D7_94_D7_97_D7_99_D7_99_D7_9D-_D7_95_D7_94_D7_9E_D7_95_D7_95_D7_AA-___59dd962c.md (8441 bytes)
  ✓ https://nfct.org.il/blog/movies/%D7%94%D7%97%D7%99%D7%99%D7%9D-%D7%95%D7%94%D7%9E%D7%95%D7%95%D7%AA-%D7%A9%D7%9C-%D7%90%D7%A0%D7%94-%D7%9C%D7%99%D7%A1/ → nfct__blog_movies_D7_94_D7_97_D7_99_D7_99_D7_9D-_D7_95_D7_94_D7_9E_D7_95_D7_95_D7_AA-___2a9c8a2a.md (7825 bytes)
  ✓ https://nfct.org.il/blog/movies/%D7%94%D7%97%D7%99%D7%99%D7%9D-%D7%95%D7%94%D7%98%D7%A8%D7%92%D7%93%D7%99%D7%94-%D7%A9%D7%9C-%D7%98%D7%98%D7%99%D7%90%D7%A0%D7%94-%D7%97%D7%99%D7%A7%D7%99%D7%9F/ → nfct__blog_movies_D7_94_D7_97_D7_99_D7_99_D7_9D-_D7_95_D7_94_D7_98_D7_A8_D7_92_D7_93_D__3ea3c8e5.md (8531 bytes)
  ✓ https://nfct.org.il/blog/movies/%D7%94%D7%97%D7%99%D7%99%D7%9D-%D7%9C%D7%A4%D7%99-%D7%A2%D6%B9%D7%94%D7%93/ → nfct__blog_movies_D7_94_D7_97_D7_99_D7_99_D7_9D-_D7_9C_D7_A4_D7_99-_D7_A2_D6_B9_D7_94___c82e59fd.md (7693 bytes)
  ✓ https://nfct.org.il/blog/movies/%D7%94%D7%97%D7%99%D7%99%D7%9D-%D7%99%D7%A4%D7%99%D7%9D/ → nfct__blog_movies_D7_94_D7_97_D7_99_D7_99_D7_9D-_D7_99_D7_A4_D7_99_D7_9D__638c6aa7.md (16727 bytes)
  ✓ https://nfct.org.il/blog/movies/%D7%94%D7%97%D7%99%D7%99%D7%9D-%D7%A2%D7%9C-%D7%A4%D7%99-%D7%A2%D7%95%D7%9E%D7%A8/ → nfct__blog_movies_D7_94_D7_97_D7_99_D7_99_D7_9D-_D7_A2_D7_9C-_D7_A4_D7_99-_D7_A2_D7_95__a7319d8c.md (7714 bytes)
  ✓ https://nfct.org.il/blog/movies/%D7%94%D7%97%D7%99%D7%A4%D7%95%D7%A9-%D7%90%D7%97%D7%A8-%D7%94%D7%97%D7%9C%D7%A7-%D7%94%D7%97%D7%A1%D7%A8/ → nfct__blog_movies_D7_94_D7_97_D7_99_D7_A4_D7_95_D7_A9-_D7_90_D7_97_D7_A8-_D7_94_D7_97___af65b699.md (8366 bytes)
  ✓ https://nfct.org.il/blog/movies/%D7%94%D7%97%D7%9C%D7%95%D7%9D-%D7%94%D7%90%D7%99%D7%A8%D7%95%D7%A4%D7%90%D7%99/ → nfct__blog_movies_D7_94_D7_97_D7_9C_D7_95_D7_9D-_D7_94_D7_90_D7_99_D7_A8_D7_95_D7_A4_D__9ccbae2a.md (8288 bytes)
  ✓ https://nfct.org.il/blog/movies/%D7%94%D7%97%D7%9C%D7%95%D7%9D-%D7%94%D7%99%D7%A8%D7%95%D7%A9%D7%9C%D7%9E%D7%99/ → nfct__blog_movies_D7_94_D7_97_D7_9C_D7_95_D7_9D-_D7_94_D7_99_D7_A8_D7_95_D7_A9_D7_9C_D__61db57ce.md (7708 bytes)
  ✓ https://nfct.org.il/blog/movies/%D7%94%D7%97%D7%9C%D7%95%D7%9D-%D7%A9%D7%9C-%D7%90%D7%9E%D7%90-%D7%94%D7%99%D7%94%D7%95%D7%93%D7%99%D7%99%D7%94-%D7%A9%D7%9C%D7%99/ → nfct__blog_movies_D7_94_D7_97_D7_9C_D7_95_D7_9D-_D7_A9_D7_9C-_D7_90_D7_9E_D7_90-_D7_94__a809d75f.md (7861 bytes)
  ✓ https://nfct.org.il/blog/movies/%D7%94%D7%97%D7%9C%D7%95%D7%9D-%D7%A9%D7%9C-%D7%90%D7%9E%D7%90-%D7%94%D7%99%D7%99%D7%93%D7%99%D7%A9-%D7%A9%D7%9C%D7%99/ → nfct__blog_movies_D7_94_D7_97_D7_9C_D7_95_D7_9D-_D7_A9_D7_9C-_D7_90_D7_9E_D7_90-_D7_94__a4017280.md (7825 bytes)
  ✓ https://nfct.org.il/blog/movies/%D7%94%D7%97%D7%9C%D7%95%D7%9D-%D7%A9%D7%9C-%D7%90%D7%9E%D7%90-%D7%99%D7%99%D7%93%D7%99%D7%A9/ → nfct__blog_movies_D7_94_D7_97_D7_9C_D7_95_D7_9D-_D7_A9_D7_9C-_D7_90_D7_9E_D7_90-_D7_99__1c1825b9.md (7750 bytes)
  ✓ https://nfct.org.il/blog/movies/%D7%94%D7%97%D7%9C%D7%95%D7%9D-%D7%A9%D7%9C-%D7%90%D7%9E%D7%90-%D7%94%D7%99%D7%99%D7%93%D7%99%D7%A9/ → nfct__blog_movies_D7_94_D7_97_D7_9C_D7_95_D7_9D-_D7_A9_D7_9C-_D7_90_D7_9E_D7_90-_D7_94__e33ddaa5.md (7768 bytes)
  ✓ https://nfct.org.il/blog/movies/%D7%94%D7%97%D7%9C%D7%95%D7%9D-%D7%A9%D7%9C-%D7%90%D7%9E%D7%90-%D7%99%D7%99%D7%93%D7%99%D7%A9-%D7%A9%D7%9C%D7%99/ → nfct__blog_movies_D7_94_D7_97_D7_9C_D7_95_D7_9D-_D7_A9_D7_9C-_D7_90_D7_9E_D7_90-_D7_99__95b5eeaa.md (8387 bytes)
  ✓ https://nfct.org.il/blog/movies/%D7%94%D7%97%D7%9C%D7%95%D7%9D-%D7%A9%D7%9C-%D7%90%D7%9E%D7%90-%D7%99%D7%A7%D7%A8%D7%94-%D7%A9%D7%9C%D7%99/ → nfct__blog_movies_D7_94_D7_97_D7_9C_D7_95_D7_9D-_D7_A9_D7_9C-_D7_90_D7_9E_D7_90-_D7_99__50492560.md (8369 bytes)
  ✓ https://nfct.org.il/blog/movies/%D7%94%D7%97%D7%9C%D7%95%D7%9D-%D7%A9%D7%9C-%D7%94%D7%9E%D7%A4%D7%A2%D7%9C/ → nfct__blog_movies_D7_94_D7_97_D7_9C_D7_95_D7_9D-_D7_A9_D7_9C-_D7_94_D7_9E_D7_A4_D7_A2___9f38ccd1.md (8302 bytes)
  ✓ https://nfct.org.il/blog/movies/%D7%94%D7%97%D7%9C%D7%98%D7%94/ → nfct__blog_movies_D7_94_D7_97_D7_9C_D7_98_D7_94__16584617.md (8141 bytes)
  ✓ https://nfct.org.il/blog/movies/%D7%94%D7%97%D7%9C%D7%98%D7%95%D7%A8%D7%94/ → nfct__blog_movies_D7_94_D7_97_D7_9C_D7_98_D7_95_D7_A8_D7_94__036adfa7.md (7597 bytes)
  ✓ https://nfct.org.il/blog/movies/%D7%94%D7%97%D7%9C%D7%98%D7%A8%D7%94/ → nfct__blog_movies_D7_94_D7_97_D7_9C_D7_98_D7_A8_D7_94__36c69d75.md (7579 bytes)
  ✓ https://nfct.org.il/blog/movies/%D7%94%D7%97%D7%9C%D7%95%D7%A6%D7%95%D7%AA/ → nfct__blog_movies_D7_94_D7_97_D7_9C_D7_95_D7_A6_D7_95_D7_AA__62c7698c.md (9443 bytes)
  ✓ https://nfct.org.il/blog/movies/%D7%94%D7%97%D7%9C%D7%A7%D7%94/ → nfct__blog_movies_D7_94_D7_97_D7_9C_D7_A7_D7_94__be7a9244.md (8141 bytes)
  ✓ https://nfct.org.il/blog/movies/%D7%94%D7%97%D7%A7%D7%99%D7%A8%D7%94/ → nfct__blog_movies_D7_94_D7_97_D7_A7_D7_99_D7_A8_D7_94__99b20213.md (7579 bytes)
  ✓ https://nfct.org.il/blog/movies/%D7%94%D7%98%D7%90%D7%91%D7%95-%D7%A9%D7%9C-%D7%99%D7%A2%D7%A7%D7%91/ → nfct__blog_movies_D7_94_D7_98_D7_90_D7_91_D7_95-_D7_A9_D7_9C-_D7_99_D7_A2_D7_A7_D7_91__64c3ebb0.md (7675 bytes)
  ✓ https://nfct.org.il/blog/movies/%D7%94%D7%98%D7%91%D7%A2%D7%AA-%D7%A9%D7%9C%D7%A0%D7%95/ → nfct__blog_movies_D7_94_D7_98_D7_91_D7_A2_D7_AA-_D7_A9_D7_9C_D7_A0_D7_95__250010da.md (7636 bytes)
  ✓ https://nfct.org.il/blog/movies/%D7%94%D7%98%D7%94%D7%95%D7%A8%D7%99%D7%9D/ → nfct__blog_movies_D7_94_D7_98_D7_94_D7_95_D7_A8_D7_99_D7_9D__636ab400.md (7597 bytes)
  ✓ https://nfct.org.il/blog/movies/%D7%94%D7%98%D7%90%D7%A7%D7%91%D7%90%D7%A7%D7%A8%D7%99%D7%9D/ → nfct__blog_movies_D7_94_D7_98_D7_90_D7_A7_D7_91_D7_90_D7_A7_D7_A8_D7_99_D7_9D__3d1e61b9.md (8231 bytes)
  ✗ https://nfct.org.il/blog/movies/%D7%94%D7%97%D7%91%D7%A8%D7%94-%D7%94%D7%92%D7%A8%D7%95%D7%A2%D7%94-%D7%91%D7%A2%D7%95%D7%9C%D7%9D/: HTTPSConnectionPool(host='crawl4ai-wrapper-559961100092.europe-west1.run.app', port=443): Read timed out. (read timeout=120)
  ✓ https://nfct.org.il/blog/movies/%D7%94%D7%98%D7%94%D7%95%D7%A8/ → nfct__blog_movies_D7_94_D7_98_D7_94_D7_95_D7_A8__c32a13c8.md (7561 bytes)
  ✓ https://nfct.org.il/blog/movies/%D7%94%D7%98%D7%99%D7%99%D7%9C%D7%AA/ → nfct__blog_movies_D7_94_D7_98_D7_99_D7_99_D7_9C_D7_AA__5d7c00ff.md (7579 bytes)
  ✓ https://nfct.org.il/blog/movies/%D7%94%D7%98%D7%99%D7%95%D7%9C-%D7%A9%D7%9C-%D7%9E%D7%99%D7%99%D7%9C%D7%95-%D7%91%D7%91%D7%95%D7%A7%D7%A8/ → nfct__blog_movies_D7_94_D7_98_D7_99_D7_95_D7_9C-_D7_A9_D7_9C-_D7_9E_D7_99_D7_99_D7_9C___12cdbfb9.md (7786 bytes)
  ✓ https://nfct.org.il/blog/movies/%D7%94%D7%98%D7%9E%D7%90%D7%99%D7%9D/ → nfct__blog_movies_D7_94_D7_98_D7_9E_D7_90_D7_99_D7_9D__821f4fc5.md (7579 bytes)
  ✓ https://nfct.org.il/blog/movies/%D7%94%D7%98%D7%A8%D7%93%D7%94/ → nfct__blog_movies_D7_94_D7_98_D7_A8_D7_93_D7_94__173ee3f8.md (7561 bytes)
  ✓ https://nfct.org.il/blog/movies/%D7%94%D7%98%D7%A8%D7%95%D7%A8%D7%99%D7%A1%D7%98-%D7%A9%D7%9C%D7%99/ → nfct__blog_movies_D7_94_D7_98_D7_A8_D7_95_D7_A8_D7_99_D7_A1_D7_98-_D7_A9_D7_9C_D7_99__ff69c855.md (7672 bytes)
  ✓ https://nfct.org.il/blog/movies/%D7%94%D7%99%D7%93%D7%A8%D7%95%D7%9E-%D7%90%D7%9C%D7%99%D7%A1-%D7%9C%D7%90-%D7%92%D7%A8%D7%94-%D7%9B%D7%90%D7%9F-%D7%90%D7%A3-%D7%A4%D7%A2%D7%9D/ → nfct__blog_movies_D7_94_D7_99_D7_93_D7_A8_D7_95_D7_9E-_D7_90_D7_9C_D7_99_D7_A1-_D7_9C___d29291fe.md (7903 bytes)
  ✓ https://nfct.org.il/blog/movies/%D7%94%D7%99%D7%94-%D7%94%D7%99%D7%94-%D7%A4%D7%A2%D7%9D-%D7%91%D7%99%D7%AA-%D7%A1%D7%A4%D7%A8/ → nfct__blog_movies_D7_94_D7_99_D7_94-_D7_94_D7_99_D7_94-_D7_A4_D7_A2_D7_9D-_D7_91_D7_99__ab01ae7c.md (7753 bytes)
  ✓ https://nfct.org.il/blog/movies/%D7%94%D7%99%D7%94-%D7%9C%D7%94-%D7%A9%D7%9D-%D7%96%D7%94%D7%94%D7%91%D7%94/ → nfct__blog_movies_D7_94_D7_99_D7_94-_D7_9C_D7_94-_D7_A9_D7_9D-_D7_96_D7_94_D7_94_D7_91__ead62f3c.md (8276 bytes)
  ✓ https://nfct.org.il/blog/movies/%D7%94%D7%99%D7%94-%D7%94%D7%99%D7%94-%D7%9E%D7%9C%D7%9A/ → nfct__blog_movies_D7_94_D7_99_D7_94-_D7_94_D7_99_D7_94-_D7_9E_D7_9C_D7_9A__daa6ffcf.md (8219 bytes)
  ✓ https://nfct.org.il/blog/movies/%D7%94%D7%99%D7%99%D7%A0%D7%95-%D7%94%D7%90%D7%97%D7%A8%D7%95%D7%AA/ → nfct__blog_movies_D7_94_D7_99_D7_99_D7_A0_D7_95-_D7_94_D7_90_D7_97_D7_A8_D7_95_D7_AA__ee27f758.md (7672 bytes)
  ✓ https://nfct.org.il/blog/movies/%D7%94%D7%99%D7%94-%D7%A9%D7%9C%D7%95%D7%9D-%D7%A4%D7%98%D7%A8-%D7%A9%D7%95%D7%95%D7%A8%D7%A5/ → nfct__blog_movies_D7_94_D7_99_D7_94-_D7_A9_D7_9C_D7_95_D7_9D-_D7_A4_D7_98_D7_A8-_D7_A9__a2496b0a.md (8330 bytes)
  ✓ https://nfct.org.il/blog/movies/%D7%94%D7%99%D7%99%D7%A0%D7%95-%D7%94%D7%90%D7%97%D7%A8%D7%99%D7%9D/ → nfct__blog_movies_D7_94_D7_99_D7_99_D7_A0_D7_95-_D7_94_D7_90_D7_97_D7_A8_D7_99_D7_9D__a92e6ca6.md (7672 bytes)
  ✓ https://nfct.org.il/blog/movies/%D7%94%D7%99%D7%99%D7%A9%D7%95%D7%91-%D7%94%D7%99%D7%94%D7%95%D7%93%D7%99/ → nfct__blog_movies_D7_94_D7_99_D7_99_D7_A9_D7_95_D7_91-_D7_94_D7_99_D7_94_D7_95_D7_93_D__00a1f674.md (8270 bytes)
  ✓ https://nfct.org.il/blog/movies/%D7%94%D7%99%D7%99%D7%A9%D7%95%D7%91-%D7%94%D7%99%D7%94%D7%95%D7%93%D7%99-%D7%91%D7%9E%D7%A8%D7%9B%D7%96-%D7%94%D7%A2%D7%99%D7%A8/ → nfct__blog_movies_D7_94_D7_99_D7_99_D7_A9_D7_95_D7_91-_D7_94_D7_99_D7_94_D7_95_D7_93_D__35be9dfe.md (8438 bytes)
  ✓ https://nfct.org.il/blog/movies/%D7%94%D7%99%D7%99-%D7%95%D7%95%D7%A1%D7%98-%D7%97%D7%91%D7%A8%D7%95%D7%9F/ → nfct__blog_movies_D7_94_D7_99_D7_99-_D7_95_D7_95_D7_A1_D7_98-_D7_97_D7_91_D7_A8_D7_95___dcd83860.md (7693 bytes)
  ✓ https://nfct.org.il/blog/movies/%D7%94%D7%99%D7%9B%D7%95%D7%9F/ → nfct__blog_movies_D7_94_D7_99_D7_9B_D7_95_D7_9F__5b5a2de3.md (7561 bytes)
  ✓ https://nfct.org.il/blog/movies/%D7%94%D7%99%D7%9B%D7%95%D7%A0%D7%95/ → nfct__blog_movies_D7_94_D7_99_D7_9B_D7_95_D7_A0_D7_95__d5fa0f7f.md (8159 bytes)
  ✓ https://nfct.org.il/blog/movies/%D7%94%D7%99%D7%9B%D7%9F-%D7%90%D7%9F-%D7%A4%D7%A8%D7%A0%D7%A7/ → nfct__blog_movies_D7_94_D7_99_D7_9B_D7_9F-_D7_90_D7_9F-_D7_A4_D7_A8_D7_A0_D7_A7__aac8c636.md (7657 bytes)
  ✓ https://nfct.org.il/blog/movies/%D7%94%D7%99%D7%99-%D7%95%D7%A1%D7%98-%D7%97%D7%91%D7%A8%D7%95%D7%9F/ → nfct__blog_movies_D7_94_D7_99_D7_99-_D7_95_D7_A1_D7_98-_D7_97_D7_91_D7_A8_D7_95_D7_9F__47d36129.md (8284 bytes)
  ✓ https://nfct.org.il/blog/movies/%D7%94%D7%99%D7%9B%D7%9F-%D7%90%D7%A0%D7%94-%D7%A4%D7%A8%D7%A0%D7%A7/ → nfct__blog_movies_D7_94_D7_99_D7_9B_D7_9F-_D7_90_D7_A0_D7_94-_D7_A4_D7_A8_D7_A0_D7_A7__3ca6bc42.md (8284 bytes)
  ✓ https://nfct.org.il/blog/movies/%D7%94%D7%99%D7%9B%D7%9F-%D7%A9%D7%94%D7%A9%D7%9E%D7%99%D7%99%D7%9D-%D7%A0%D7%92%D7%9E%D7%A8%D7%99%D7%9D/ → nfct__blog_movies_D7_94_D7_99_D7_9B_D7_9F-_D7_A9_D7_94_D7_A9_D7_9E_D7_99_D7_99_D7_9D-___340f67d8.md (7783 bytes)
  ✓ https://nfct.org.il/blog/movies/%D7%94%D7%99%D7%9B%D7%A8%D7%95%D7%AA-%D7%91%D7%A2%D7%9E/ → nfct__blog_movies_D7_94_D7_99_D7_9B_D7_A8_D7_95_D7_AA-_D7_91_D7_A2_D7_9E__c2d31db5.md (7636 bytes)
  ✓ https://nfct.org.il/blog/movies/%D7%94%D7%99%D7%9C%D7%93%D7%99%D7%9D-%D7%A9%D7%9C-%D7%A1%D7%9F-%D7%A1%D7%99%D7%9E%D7%95%D7%9F/ → nfct__blog_movies_D7_94_D7_99_D7_9C_D7_93_D7_99_D7_9D-_D7_A9_D7_9C-_D7_A1_D7_9F-_D7_A1__b422d0c8.md (7750 bytes)
  ✓ https://nfct.org.il/blog/movies/%D7%94%D7%99%D7%9C%D7%93-%D7%9E%D7%91%D6%BC%D7%A8%D7%A2%D7%A1%D7%9C%D7%95%D7%91/ → nfct__blog_movies_D7_94_D7_99_D7_9C_D7_93-_D7_9E_D7_91_D6_BC_D7_A8_D7_A2_D7_A1_D7_9C_D__10b6888f.md (7708 bytes)
  ✓ https://nfct.org.il/blog/movies/%D7%94%D7%99%D7%9C%D7%93-%D7%9E%D7%A1%D7%A4%D7%A8%D7%93/ → nfct__blog_movies_D7_94_D7_99_D7_9C_D7_93-_D7_9E_D7_A1_D7_A4_D7_A8_D7_93__a9ed5eae.md (8216 bytes)
  ✓ https://nfct.org.il/blog/movies/%D7%94%D7%99%D7%9C%D7%93-%D7%9E%D7%91%D7%A8%D7%A1%D7%9C%D7%91/ → nfct__blog_movies_D7_94_D7_99_D7_9C_D7_93-_D7_9E_D7_91_D7_A8_D7_A1_D7_9C_D7_91__ee91b7a1.md (13665 bytes)
  ✓ https://nfct.org.il/blog/movies/%D7%94%D7%99%D7%9D/ → nfct__blog_movies_D7_94_D7_99_D7_9D__bc0b511a.md (7525 bytes)
  ✓ https://nfct.org.il/blog/movies/%D7%94%D7%99%D7%A4%D7%A1%D7%98%D7%A8%D7%99%D7%9D/ → nfct__blog_movies_D7_94_D7_99_D7_A4_D7_A1_D7_98_D7_A8_D7_99_D7_9D__927afe33.md (7615 bytes)
  ✓ https://nfct.org.il/blog/movies/%D7%94%D7%99%D7%A9%D7%90%D7%9D-%D7%90%D7%99-%D7%A9%D7%9D/ → nfct__blog_movies_D7_94_D7_99_D7_A9_D7_90_D7_9D-_D7_90_D7_99-_D7_A9_D7_9D__1457af38.md (7639 bytes)
  ✓ https://nfct.org.il/blog/movies/%D7%94%D7%9B%D7%91%D7%A9-%D7%94%D7%A9%D7%99%D7%A9%D7%94-%D7%A2%D7%A9%D7%A8/ → nfct__blog_movies_D7_94_D7_9B_D7_91_D7_A9-_D7_94_D7_A9_D7_99_D7_A9_D7_94-_D7_A2_D7_A9___fa0b9dea.md (7693 bytes)
  ✓ https://nfct.org.il/blog/movies/%D7%94%D7%9B%D7%99%D7%91%D7%95%D7%A9-%D7%94%D7%A0%D7%90%D7%A6%D7%99/ → nfct__blog_movies_D7_94_D7_9B_D7_99_D7_91_D7_95_D7_A9-_D7_94_D7_A0_D7_90_D7_A6_D7_99__b1d878d7.md (7672 bytes)
  ✓ https://nfct.org.il/blog/movies/%D7%94%D7%9B%D7%90%D7%95%D7%A1-%D7%A9%D7%91%D7%A4%D7%A0%D7%99%D7%9D/ → nfct__blog_movies_D7_94_D7_9B_D7_90_D7_95_D7_A1-_D7_A9_D7_91_D7_A4_D7_A0_D7_99_D7_9D__c0c25023.md (9668 bytes)
  ✓ https://nfct.org.il/blog/movies/%D7%94%D7%9B%D7%99%D7%A4%D7%94/ → nfct__blog_movies_D7_94_D7_9B_D7_99_D7_A4_D7_94__aa3a33cf.md (8141 bytes)
  ✓ https://nfct.org.il/blog/movies/%D7%94%D7%9B%D7%99%D7%A9%D7%A4%D7%94-%D7%9E%D7%A8%D7%97%D7%95%D7%91-%D7%9E%D7%9C%D7%A6%D7%98/ → nfct__blog_movies_D7_94_D7_9B_D7_99_D7_A9_D7_A4_D7_94-_D7_9E_D7_A8_D7_97_D7_95_D7_91-___5794b3e4.md (8327 bytes)
  ✓ https://nfct.org.il/blog/movies/%D7%94%D7%9B%D7%99%D7%AA%D7%94/ → nfct__blog_movies_D7_94_D7_9B_D7_99_D7_AA_D7_94__5b99c509.md (8170 bytes)
  ✓ https://nfct.org.il/blog/movies/%D7%94%D7%9B%D7%9C%D7%95%D7%91-%D7%94%D7%9E%D7%95%D7%96%D7%94%D7%91/ → nfct__blog_movies_D7_94_D7_9B_D7_9C_D7_95_D7_91-_D7_94_D7_9E_D7_95_D7_96_D7_94_D7_91__1e1512d3.md (7672 bytes)
  ✓ https://nfct.org.il/blog/movies/%D7%94%D7%9B%D7%9C-%D7%A2%D7%9C%D7%99%D7%A0%D7%95-%D7%94%D7%A8%D7%A6%D7%9C/ → nfct__blog_movies_D7_94_D7_9B_D7_9C-_D7_A2_D7_9C_D7_99_D7_A0_D7_95-_D7_94_D7_A8_D7_A6___d66ba753.md (7693 bytes)
  ✓ https://nfct.org.il/blog/movies/%D7%94%D7%9B%D7%9C-%D7%A2%D7%9C-%D7%93%D7%A0%D7%99-%D7%95%D7%90%D7%99%D7%9A-%D7%94%D7%95%D7%90-%D7%94%D7%A8%D7%92-%D7%90%D7%AA-%D7%92%D7%A0%D7%93%D7%99/ → nfct__blog_movies_D7_94_D7_9B_D7_9C-_D7_A2_D7_9C-_D7_93_D7_A0_D7_99-_D7_95_D7_90_D7_99__95eecbf6.md (7924 bytes)
  ✓ https://nfct.org.il/blog/movies/%D7%94%D7%9B%D7%A0%D7%95%D7%AA-%D7%9C%D7%A4%D7%A8%D7%99%D7%93%D7%94/ → nfct__blog_movies_D7_94_D7_9B_D7_A0_D7_95_D7_AA-_D7_9C_D7_A4_D7_A8_D7_99_D7_93_D7_94__d7e1afe8.md (8252 bytes)
  ✓ https://nfct.org.il/blog/movies/%D7%94%D7%9B%D7%A0%D7%95%D7%A4%D7%99%D7%94-%D7%94%D7%99%D7%94%D7%95%D7%93%D7%99%D7%AA/ → nfct__blog_movies_D7_94_D7_9B_D7_A0_D7_95_D7_A4_D7_99_D7_94-_D7_94_D7_99_D7_94_D7_95_D__fe2c43af.md (8306 bytes)
  ✓ https://nfct.org.il/blog/movies/%D7%94%D7%9B%D7%A4%D7%A4%D7%94/ → nfct__blog_movies_D7_94_D7_9B_D7_A4_D7_A4_D7_94__7ea23215.md (7561 bytes)
  ✓ https://nfct.org.il/blog/movies/%D7%94%D7%9B%D7%A4%D7%A8-%D7%94%D7%91%D7%9C%D7%AA%D7%99-%D7%9E%D7%95%D7%9B%D7%A8/ → nfct__blog_movies_D7_94_D7_9B_D7_A4_D7_A8-_D7_94_D7_91_D7_9C_D7_AA_D7_99-_D7_9E_D7_95___7176b423.md (8291 bytes)
  ✓ https://nfct.org.il/blog/movies/%D7%94%D7%9B%D7%A4%D7%A8-%D7%94%D7%9C%D7%90-%D7%9E%D7%95%D7%9B%D7%A8/ → nfct__blog_movies_D7_94_D7_9B_D7_A4_D7_A8-_D7_94_D7_9C_D7_90-_D7_9E_D7_95_D7_9B_D7_A8__8fbbf054.md (7675 bytes)
  ✓ https://nfct.org.il/blog/movies/%D7%94%D7%9B%D7%A8%D7%95%D7%A0%D7%99%D7%A7%D7%94-%D7%94%D7%99%D7%94%D7%95%D7%93%D7%99%D7%AA/ → nfct__blog_movies_D7_94_D7_9B_D7_A8_D7_95_D7_A0_D7_99_D7_A7_D7_94-_D7_94_D7_99_D7_94_D__61b3f856.md (7744 bytes)
  ✓ https://nfct.org.il/blog/movies/%D7%94%D7%9B%D7%A4%D7%A8-%D7%94%D7%9E%D7%A2%D7%A8%D7%91%D7%99-%D7%91%D7%97%D7%91%D7%A8%D7%95%D7%9F/ → nfct__blog_movies_D7_94_D7_9B_D7_A4_D7_A8-_D7_94_D7_9E_D7_A2_D7_A8_D7_91_D7_99-_D7_91___350546d5.md (8374 bytes)
  ✓ https://nfct.org.il/blog/movies/%D7%94%D7%9B%D7%A9%D7%A4%D7%94-%D7%9E%D7%A8%D7%97-%D7%9E%D7%9C%D7%A6%D7%98/ → nfct__blog_movies_D7_94_D7_9B_D7_A9_D7_A4_D7_94-_D7_9E_D7_A8_D7_97-_D7_9E_D7_9C_D7_A6___8b9c800d.md (7693 bytes)
  ✗ https://nfct.org.il/blog/movies/%D7%94%D7%98%D7%9C%D7%A0%D7%95%D7%91%D7%9C%D7%94-%D7%A9%D7%9C%D7%99/: HTTPSConnectionPool(host='crawl4ai-wrapper-559961100092.europe-west1.run.app', port=443): Read timed out. (read timeout=120)
  ✓ https://nfct.org.il/blog/movies/%D7%94%D7%9B%D7%AA%D7%A8-%D7%9C%D7%9C%D7%90-%D7%9E%D7%9C%D7%9B%D7%94-%D7%A9%D7%9C-%D7%94%D7%92%D7%9F/ → nfct__blog_movies_D7_94_D7_9B_D7_AA_D7_A8-_D7_9C_D7_9C_D7_90-_D7_9E_D7_9C_D7_9B_D7_94-__8e816c1b.md (7771 bytes)
  ✓ https://nfct.org.il/blog/movies/%D7%94%D7%9B%D7%AA%D7%A8-%D7%A9%D7%9C-%D7%92%D7%9F-%D7%94%D7%A2%D7%93%D7%9F/ → nfct__blog_movies_D7_94_D7_9B_D7_AA_D7_A8-_D7_A9_D7_9C-_D7_92_D7_9F-_D7_94_D7_A2_D7_93__ba22ee4e.md (7696 bytes)
  ✓ https://nfct.org.il/blog/movies/%D7%94%D7%9B%D7%AA%D7%A8-%D7%A9%D7%9C-%D7%92%D7%9F/ → nfct__blog_movies_D7_94_D7_9B_D7_AA_D7_A8-_D7_A9_D7_9C-_D7_92_D7_9F__2260d4ef.md (7621 bytes)
  ✓ https://nfct.org.il/blog/movies/%D7%94%D7%9B%D7%AA%D7%A8-%D7%A9%D7%9C-%D7%9E%D7%9C%D7%9B%D7%AA-%D7%94%D7%92%D7%9F/ → nfct__blog_movies_D7_94_D7_9B_D7_AA_D7_A8-_D7_A9_D7_9C-_D7_9E_D7_9C_D7_9B_D7_AA-_D7_94__6dd782d2.md (7714 bytes)
  ✓ https://nfct.org.il/blog/movies/%D7%94%D7%9B%D7%AA%D7%A8-%D7%A9%D7%9C-%D7%94%D7%92%D7%9F/ → nfct__blog_movies_D7_94_D7_9B_D7_AA_D7_A8-_D7_A9_D7_9C-_D7_94_D7_92_D7_9F__d6918c19.md (7639 bytes)
  ✓ https://nfct.org.il/blog/movies/%D7%94%D7%9C%D7%90-%D7%98%D7%94%D7%95%D7%A8/ → nfct__blog_movies_D7_94_D7_9C_D7_90-_D7_98_D7_94_D7_95_D7_A8__ae8b67f7.md (7600 bytes)
  ✓ https://nfct.org.il/blog/movies/%D7%94%D7%9C%D7%90-%D7%9E%D7%95%D7%9B%D7%A8%D7%99%D7%9D/ → nfct__blog_movies_D7_94_D7_9C_D7_90-_D7_9E_D7_95_D7_9B_D7_A8_D7_99_D7_9D__ccd5fbc9.md (7636 bytes)
  ✓ https://nfct.org.il/blog/movies/%D7%94%D7%9C%D7%95%D7%95%D7%99%D7%94-%D7%90%D7%9C%D7%98%D7%A8%D7%A0%D7%98%D7%99%D7%91%D7%99%D7%AA/ → nfct__blog_movies_D7_94_D7_9C_D7_95_D7_95_D7_99_D7_94-_D7_90_D7_9C_D7_98_D7_A8_D7_A0_D__eaf76185.md (7762 bytes)
  ✓ https://nfct.org.il/blog/movies/%D7%94%D7%9C%D7%95%D7%9A-%D7%95%D7%A9%D7%95%D7%91/ → nfct__blog_movies_D7_94_D7_9C_D7_95_D7_9A-_D7_95_D7_A9_D7_95_D7_91__c75078f7.md (7618 bytes)
  ✓ https://nfct.org.il/blog/movies/%D7%94%D7%9C%D7%98%D7%A8%D7%94/ → nfct__blog_movies_D7_94_D7_9C_D7_98_D7_A8_D7_94__ce1ca23f.md (8141 bytes)
  ✓ https://nfct.org.il/blog/movies/%D7%94%D7%9C%D7%99%D7%92%D7%94-%D7%94%D7%90%D7%97%D7%A8%D7%95%D7%A0%D7%94/ → nfct__blog_movies_D7_94_D7_9C_D7_99_D7_92_D7_94-_D7_94_D7_90_D7_97_D7_A8_D7_95_D7_A0_D__4638809c.md (7690 bytes)
  ✓ https://nfct.org.il/blog/movies/%D7%94%D7%9C%D7%99%D7%9B%D7%94-%D7%91%D7%91%D7%95%D7%A7%D7%A8-%D7%A9%D7%9C-%D7%9E%D7%99%D7%9C%D7%95%D7%90/ → nfct__blog_movies_D7_94_D7_9C_D7_99_D7_9B_D7_94-_D7_91_D7_91_D7_95_D7_A7_D7_A8-_D7_A9___b48c4542.md (8366 bytes)
  ✓ https://nfct.org.il/blog/movies/%D7%94%D7%9C%D7%98%D7%95%D7%A8%D7%94/ → nfct__blog_movies_D7_94_D7_9C_D7_98_D7_95_D7_A8_D7_94__3365f488.md (8188 bytes)
  ✓ https://nfct.org.il/blog/movies/%D7%94%D7%9C%D7%99%D7%9B%D7%94-%D7%91%D7%91%D7%95%D7%A7%D7%A8-%D7%A9%D7%9C-%D7%9E%D7%99%D7%9C%D7%95/ → nfct__blog_movies_D7_94_D7_9C_D7_99_D7_9B_D7_94-_D7_91_D7_91_D7_95_D7_A7_D7_A8-_D7_A9___bd145f20.md (7768 bytes)
  ✓ https://nfct.org.il/blog/movies/%D7%94%D7%9C%D7%99%D7%9B%D7%94-%D7%9C%D7%90%D7%99%D7%91%D7%95%D7%93/ → nfct__blog_movies_D7_94_D7_9C_D7_99_D7_9B_D7_94-_D7_9C_D7_90_D7_99_D7_91_D7_95_D7_93__c0d1cb4b.md (8281 bytes)
  ✓ https://nfct.org.il/blog/movies/%D7%94%D7%9C%D7%99%D7%9B%D7%94-%D7%A9%D7%9C-%D7%94%D7%91%D7%95%D7%A7%D7%A8-%D7%A9%D7%9C-%D7%9E%D7%99%D7%9C%D7%95/ → nfct__blog_movies_D7_94_D7_9C_D7_99_D7_9B_D7_94-_D7_A9_D7_9C-_D7_94_D7_91_D7_95_D7_A7___5cde51af.md (7807 bytes)
  ✓ https://nfct.org.il/blog/movies/%D7%94%D7%9C%D7%99%D7%9B%D7%94-%D7%A9%D7%9C-%D7%94%D7%91%D7%95%D7%A7%D7%A8-%D7%A9%D7%9C-%D7%9E%D7%99%D7%9C%D7%95%D7%90/ → nfct__blog_movies_D7_94_D7_9C_D7_99_D7_9B_D7_94-_D7_A9_D7_9C-_D7_94_D7_91_D7_95_D7_A7___38cb3672.md (8434 bytes)
  ✓ https://nfct.org.il/blog/movies/%D7%94%D7%9C%D7%99%D7%9B%D7%94-%D7%A9%D7%9C-%D7%9E%D7%99%D7%9C%D7%95%D7%90%D7%99%D7%9E%D7%A0%D7%99%D7%A7-%D7%91%D7%91%D7%95%D7%A7%D7%A8/ → nfct__blog_movies_D7_94_D7_9C_D7_99_D7_9B_D7_94-_D7_A9_D7_9C-_D7_9E_D7_99_D7_9C_D7_95___720d26bb.md (7876 bytes)
  ✓ https://nfct.org.il/blog/movies/%D7%94%D7%9C%D7%99%D7%9B%D7%94-%D7%A9%D7%9C-%D7%9E%D7%99%D7%9C%D7%95%D7%90%D7%99%D7%9E%D7%A0%D7%99%D7%A7/ → nfct__blog_movies_D7_94_D7_9C_D7_99_D7_9B_D7_94-_D7_A9_D7_9C-_D7_9E_D7_99_D7_9C_D7_95___bc6d0329.md (7783 bytes)
  ✓ https://nfct.org.il/blog/movies/%D7%94%D7%9C%D7%99%D7%9B%D7%94-%D7%A9%D7%9C-%D7%9E%D7%99%D7%9C%D7%95%D7%90%D7%99/ → nfct__blog_movies_D7_94_D7_9C_D7_99_D7_9B_D7_94-_D7_A9_D7_9C-_D7_9E_D7_99_D7_9C_D7_95___18c939d2.md (7711 bytes)
  ✓ https://nfct.org.il/blog/movies/%D7%94%D7%9C%D7%99%D7%9B%D7%94-%D7%A9%D7%9C-%D7%9E%D7%99%D7%9C%D7%95%D7%90-%D7%91%D7%91%D7%95%D7%A7%D7%A8/ → nfct__blog_movies_D7_94_D7_9C_D7_99_D7_9B_D7_94-_D7_A9_D7_9C-_D7_9E_D7_99_D7_9C_D7_95___9efdc701.md (8366 bytes)
  ✓ https://nfct.org.il/blog/movies/%D7%94%D7%9C%D7%99%D7%9B%D7%94-%D7%A9%D7%9C-%D7%9E%D7%99%D7%9C%D7%95%D7%90-%D7%94%D7%91%D7%95%D7%A7%D7%A8/ → nfct__blog_movies_D7_94_D7_9C_D7_99_D7_9B_D7_94-_D7_A9_D7_9C-_D7_9E_D7_99_D7_9C_D7_95___673a2f96.md (7786 bytes)
  ✓ https://nfct.org.il/blog/movies/%D7%94%D7%9C%D7%99%D7%9B%D7%94-%D7%A9%D7%9C-%D7%9E%D7%99%D7%9C%D7%95%D7%90/ → nfct__blog_movies_D7_94_D7_9C_D7_99_D7_9B_D7_94-_D7_A9_D7_9C-_D7_9E_D7_99_D7_9C_D7_95___76ecc1bc.md (7693 bytes)
  ✓ https://nfct.org.il/blog/movies/%D7%94%D7%9C%D7%99%D7%9B%D7%94-%D7%A9%D7%9C-%D7%9E%D7%99%D7%9C%D7%95%D7%90%D7%99-%D7%91%D7%91%D7%95%D7%A7%D7%A8/ → nfct__blog_movies_D7_94_D7_9C_D7_99_D7_9B_D7_94-_D7_A9_D7_9C-_D7_9E_D7_99_D7_9C_D7_95___930bd251.md (10064 bytes)
  ✓ https://nfct.org.il/blog/movies/%D7%94%D7%9C%D7%99%D7%9B%D7%94-%D7%A9%D7%9C-%D7%9E%D7%99%D7%9C%D7%95-%D7%91%D7%91%D7%95%D7%A7%D7%A8/ → nfct__blog_movies_D7_94_D7_9C_D7_99_D7_9B_D7_94-_D7_A9_D7_9C-_D7_9E_D7_99_D7_9C_D7_95-__0a2df658.md (7768 bytes)
  ✓ https://nfct.org.il/blog/movies/%D7%94%D7%9C%D7%99%D7%9B%D7%94-%D7%A9%D7%9C-%D7%A6%D7%99%D7%95%D7%94-%D7%91%D7%91%D7%95%D7%A7%D7%A8/ → nfct__blog_movies_D7_94_D7_9C_D7_99_D7_9B_D7_94-_D7_A9_D7_9C-_D7_A6_D7_99_D7_95_D7_94-__e2cfdd20.md (7768 bytes)
  ✓ https://nfct.org.il/blog/movies/%D7%94%D7%9C%D7%99%D7%9B%D7%AA-%D7%94%D7%91%D7%95%D7%A7%D7%A8-%D7%A9%D7%9C-%D7%9E%D7%99%D7%9C%D7%95%D7%90/ → nfct__blog_movies_D7_94_D7_9C_D7_99_D7_9B_D7_AA-_D7_94_D7_91_D7_95_D7_A7_D7_A8-_D7_A9___29fad4a7.md (8395 bytes)
  ✓ https://nfct.org.il/blog/movies/%D7%94%D7%9C%D7%99%D7%9B%D7%AA-%D7%94%D7%91%D7%95%D7%A7%D7%A8-%D7%A9%D7%9C-%D7%9E%D7%99%D7%9C%D7%95/ → nfct__blog_movies_D7_94_D7_9C_D7_99_D7_9B_D7_AA-_D7_94_D7_91_D7_95_D7_A7_D7_A8-_D7_A9___b1cd200b.md (7768 bytes)
  ✓ https://nfct.org.il/blog/movies/%D7%94%D7%9C%D7%99%D7%9C%D7%94-%D7%94%D7%A8%D7%90%D7%A9%D7%95%D7%9F/ → nfct__blog_movies_D7_94_D7_9C_D7_99_D7_9C_D7_94-_D7_94_D7_A8_D7_90_D7_A9_D7_95_D7_9F__b3048697.md (7672 bytes)
  ✓ https://nfct.org.il/blog/movies/%D7%94%D7%9C%D7%9B%D7%94/ → nfct__blog_movies_D7_94_D7_9C_D7_9B_D7_94__1baf3643.md (8123 bytes)
  ✗ https://nfct.org.il/blog/movies/%D7%94%D7%9B%D7%95%D7%A9%D7%99%D7%9D-%D7%94%D7%A2%D7%91%D7%A8%D7%99%D7%99%D7%9D/: HTTPSConnectionPool(host='crawl4ai-wrapper-559961100092.europe-west1.run.app', port=443): Read timed out. (read timeout=120)
  ✓ https://nfct.org.il/blog/movies/%D7%94%D7%9C%D7%9C%D7%95-%D7%90%D7%AA-%D7%94%D7%97%D7%96%D7%99%D7%A8/ → nfct__blog_movies_D7_94_D7_9C_D7_9C_D7_95-_D7_90_D7_AA-_D7_94_D7_97_D7_96_D7_99_D7_A8__4b4c1a37.md (7675 bytes)
  ✓ https://nfct.org.il/blog/movies/%D7%94%D7%9C%D7%9C%D7%95-%D7%90%D7%AA-%D7%94%D7%97%D7%A8%D7%91/ → nfct__blog_movies_D7_94_D7_9C_D7_9C_D7_95-_D7_90_D7_AA-_D7_94_D7_97_D7_A8_D7_91__41cbbb64.md (8237 bytes)
  ✓ https://nfct.org.il/blog/movies/%D7%94%D7%9C%D7%9C%D7%95-%D7%90%D7%AA-%D7%94%D7%9C%D7%95%D7%A8%D7%93/ → nfct__blog_movies_D7_94_D7_9C_D7_9C_D7_95-_D7_90_D7_AA-_D7_94_D7_9C_D7_95_D7_A8_D7_93__4a1a2f76.md (8284 bytes)
  ✓ https://nfct.org.il/blog/movies/%D7%94%D7%9C%D7%9C%D7%95-%D7%90%D7%AA-%D7%94%D7%A9%D7%95%D7%9E%D7%9F/ → nfct__blog_movies_D7_94_D7_9C_D7_9C_D7_95-_D7_90_D7_AA-_D7_94_D7_A9_D7_95_D7_9E_D7_9F__66faff47.md (7675 bytes)
  ✓ https://nfct.org.il/blog/movies/%D7%94%D7%9C%D7%AA%D7%95%D7%A8%D7%94/ → nfct__blog_movies_D7_94_D7_9C_D7_AA_D7_95_D7_A8_D7_94__4664e3a5.md (7579 bytes)
  ✓ https://nfct.org.il/blog/movies/%D7%94%D7%9C%D7%AA%D7%A8%D7%94/ → nfct__blog_movies_D7_94_D7_9C_D7_AA_D7_A8_D7_94__d84fd352.md (7561 bytes)
  ✓ https://nfct.org.il/blog/movies/%D7%94%D7%9E%D7%90%D7%94%D7%91-%D7%92%D7%A0%D7%91-%D7%94%D7%A9%D7%A2%D7%95%D7%A0%D7%99%D7%9D-%D7%A9%D7%9C%D7%99/ → nfct__blog_movies_D7_94_D7_9E_D7_90_D7_94_D7_91-_D7_92_D7_A0_D7_91-_D7_94_D7_A9_D7_A2___4d004279.md (8384 bytes)
  ✓ https://nfct.org.il/blog/movies/%D7%94%D7%9E%D7%90%D7%94%D7%91-%D7%A9%D7%9C%D7%99-%D7%92%D7%A0%D7%91-%D7%94%D7%A9%D7%A2%D7%95%D7%A0%D7%99%D7%9D/ → nfct__blog_movies_D7_94_D7_9E_D7_90_D7_94_D7_91-_D7_A9_D7_9C_D7_99-_D7_92_D7_A0_D7_91-__3c171750.md (7804 bytes)
  ✓ https://nfct.org.il/blog/movies/%D7%94%D7%9E%D7%93%D7%A8%D7%97%D7%95%D7%91/ → nfct__blog_movies_D7_94_D7_9E_D7_93_D7_A8_D7_97_D7_95_D7_91__eafae342.md (7597 bytes)
  ✓ https://nfct.org.il/blog/movies/%D7%94%D7%9E%D7%90%D7%94%D7%91-%D7%92%D7%A0%D7%91-%D7%94%D7%A9%D7%A2%D7%95%D7%A0%D7%99%D7%9D/ → nfct__blog_movies_D7_94_D7_9E_D7_90_D7_94_D7_91-_D7_92_D7_A0_D7_91-_D7_94_D7_A9_D7_A2___cc40e238.md (8356 bytes)
  ✓ https://nfct.org.il/blog/movies/%D7%94%D7%9E%D7%93%D7%A8%D7%99%D7%9A-%D7%9C%D7%9B%D7%99%D7%A1%D7%95%D7%99-%D7%AA%D7%97%D7%AA/ → nfct__blog_movies_D7_94_D7_9E_D7_93_D7_A8_D7_99_D7_9A-_D7_9C_D7_9B_D7_99_D7_A1_D7_95_D__ce146931.md (8327 bytes)
  ✓ https://nfct.org.il/blog/movies/%D7%94%D7%9E%D7%94%D7%A4%D7%9B%D7%94-%D7%94%D7%90%D7%99%D7%A1%D7%9C%D7%90%D7%9E%D7%99%D7%AA-%D7%91%D7%90%D7%99%D7%A8%D7%90%D7%9F/ → nfct__blog_movies_D7_94_D7_9E_D7_94_D7_A4_D7_9B_D7_94-_D7_94_D7_90_D7_99_D7_A1_D7_9C_D__fc5462e4.md (8435 bytes)
  ✓ https://nfct.org.il/blog/movies/%D7%94%D7%9E%D7%95%D7%93%D7%9C/ → nfct__blog_movies_D7_94_D7_9E_D7_95_D7_93_D7_9C__a5f919db.md (7561 bytes)
  ✓ https://nfct.org.il/blog/movies/%D7%94%D7%9E%D7%95%D7%94%D7%9C/ → nfct__blog_movies_D7_94_D7_9E_D7_95_D7_94_D7_9C__c1d83190.md (7561 bytes)
  ✓ https://nfct.org.il/blog/movies/%D7%94%D7%9E%D7%95%D7%96%D7%99%D7%90%D7%95%D7%9F-%D7%A4%D7%9C%D7%90%D7%96%D7%94/ → nfct__blog_movies_D7_94_D7_9E_D7_95_D7_96_D7_99_D7_90_D7_95_D7_9F-_D7_A4_D7_9C_D7_90_D__3cb3577e.md (7708 bytes)
  ✓ https://nfct.org.il/blog/movies/%D7%94%D7%9E%D7%95%D7%96%D7%99%D7%90%D7%95%D7%9F-%D7%A4%D7%9C%D7%96%D7%94/ → nfct__blog_movies_D7_94_D7_9E_D7_95_D7_96_D7_99_D7_90_D7_95_D7_9F-_D7_A4_D7_9C_D7_96_D__7efb5038.md (8270 bytes)
  ✓ https://nfct.org.il/blog/movies/%D7%94%D7%9E%D7%95%D7%A1%D7%A7%D7%91%D7%99%D7%94/ → nfct__blog_movies_D7_94_D7_9E_D7_95_D7_A1_D7_A7_D7_91_D7_99_D7_94__8361fb1c.md (8195 bytes)
  ✓ https://nfct.org.il/blog/movies/%D7%94%D7%9E%D7%95%D7%97-%D7%94%D7%99%D7%94%D7%95%D7%93%D7%99-%D7%9E%D7%9E%D7%A6%D7%99%D7%90-%D7%A4%D7%98%D7%A0%D7%98%D7%99%D7%9D/ → nfct__blog_movies_D7_94_D7_9E_D7_95_D7_97-_D7_94_D7_99_D7_94_D7_95_D7_93_D7_99-_D7_9E___20923140.md (7858 bytes)
  ✓ https://nfct.org.il/blog/movies/%D7%94%D7%9E%D7%95%D7%A2%D7%93%D7%95%D7%9F-%D7%A9%D7%9C-%D7%91%D7%99%D7%AA-%D7%94%D7%A7%D7%91%D7%A8%D7%95%D7%AA/ → nfct__blog_movies_D7_94_D7_9E_D7_95_D7_A2_D7_93_D7_95_D7_9F-_D7_A9_D7_9C-_D7_91_D7_99___aadc0313.md (7804 bytes)
  ✓ https://nfct.org.il/blog/movies/%D7%94%D7%9E%D7%95%D7%A1%D7%A7%D7%95%D7%91%D7%99%D7%94/ → nfct__blog_movies_D7_94_D7_9E_D7_95_D7_A1_D7_A7_D7_95_D7_91_D7_99_D7_94__792cd0cc.md (8242 bytes)
  ✓ https://nfct.org.il/blog/movies/%D7%94%D7%9E%D7%95%D7%A0%D7%95%D7%9C%D7%95%D7%92%D7%99%D7%9D-%D7%A9%D7%9C-%D7%96%D7%A0%D7%95%D7%AA/ → nfct__blog_movies_D7_94_D7_9E_D7_95_D7_A0_D7_95_D7_9C_D7_95_D7_92_D7_99_D7_9D-_D7_A9_D__8ed48683.md (8374 bytes)
  ✓ https://nfct.org.il/blog/movies/%D7%94%D7%9E%D7%95%D7%A4%D7%A2-%D7%A9%D7%9C-%D7%98%D7%99%D7%9E%D7%95%D7%A8/ → nfct__blog_movies_D7_94_D7_9E_D7_95_D7_A4_D7_A2-_D7_A9_D7_9C-_D7_98_D7_99_D7_9E_D7_95___672a2a68.md (8302 bytes)
  ✓ https://nfct.org.il/blog/movies/%D7%94%D7%9E%D7%95%D7%A4%D7%A2-%D7%A9%D7%9C-%D7%9E%D7%A9%D7%A4%D7%97%D7%AA-%D7%92%D7%90%D7%95%D7%9F/ → nfct__blog_movies_D7_94_D7_9E_D7_95_D7_A4_D7_A2-_D7_A9_D7_9C-_D7_9E_D7_A9_D7_A4_D7_97___15e2a6cd.md (7768 bytes)
  ✓ https://nfct.org.il/blog/movies/%D7%94%D7%9E%D7%95%D7%A7%D7%A4%D7%A6%D7%99%D7%9D/ → nfct__blog_movies_D7_94_D7_9E_D7_95_D7_A7_D7_A4_D7_A6_D7_99_D7_9D__6cc4ae8e.md (7615 bytes)
  ✓ https://nfct.org.il/blog/movies/%D7%94%D7%9E%D7%95%D7%A9%D7%9C%D7%9B%D7%99%D7%9D/ → nfct__blog_movies_D7_94_D7_9E_D7_95_D7_A9_D7_9C_D7_9B_D7_99_D7_9D__7371173c.md (7615 bytes)
  ✓ https://nfct.org.il/blog/movies/%D7%94%D7%9E%D7%97%D7%9C%D7%A7%D7%94-%D7%94%D7%A4%D7%A1%D7%99%D7%9B%D7%95-%D7%92%D7%A8%D7%99%D7%90%D7%98%D7%A8%D7%99%D7%AA/ → nfct__blog_movies_D7_94_D7_9E_D7_97_D7_9C_D7_A7_D7_94-_D7_94_D7_A4_D7_A1_D7_99_D7_9B_D__ecda1848.md (8446 bytes)
  ✓ https://nfct.org.il/blog/movies/%D7%94%D7%9E%D7%97%D7%9C%D7%A7%D7%AA-%D7%94%D7%A4%D7%A1%D7%99%D7%9B%D7%95-%D7%92%D7%A8%D7%99%D7%90%D7%98%D7%A8%D7%99%D7%AA/ → nfct__blog_movies_D7_94_D7_9E_D7_97_D7_9C_D7_A7_D7_AA-_D7_94_D7_A4_D7_A1_D7_99_D7_9B_D__459723da.md (8417 bytes)
  ✓ https://nfct.org.il/blog/movies/%D7%94%D7%9E%D7%97%D7%A6%D7%99%D7%AA-%D7%94%D7%A9%D7%A0%D7%99%D7%94/ → nfct__blog_movies_D7_94_D7_9E_D7_97_D7_A6_D7_99_D7_AA-_D7_94_D7_A9_D7_A0_D7_99_D7_94__b4f69cde.md (8252 bytes)
  ✓ https://nfct.org.il/blog/movies/%D7%94%D7%9E%D7%9B%D7%95%D7%9F-%D7%94%D7%A4%D7%95%D7%A8%D7%A0%D7%96%D7%99/ → nfct__blog_movies_D7_94_D7_9E_D7_9B_D7_95_D7_9F-_D7_94_D7_A4_D7_95_D7_A8_D7_A0_D7_96_D__bf3bf9c9.md (8299 bytes)
  ✓ https://nfct.org.il/blog/movies/%D7%94%D7%9E%D7%9B%D7%95%D7%9F-%D7%94%D7%A4%D7%AA%D7%95%D7%9C%D7%95%D7%92%D7%99/ → nfct__blog_movies_D7_94_D7_9E_D7_9B_D7_95_D7_9F-_D7_94_D7_A4_D7_AA_D7_95_D7_9C_D7_95_D__c7adfbf6.md (7708 bytes)
  ✓ https://nfct.org.il/blog/movies/%D7%94%D7%9E%D7%9C%D7%97%D7%9E%D7%94-%D7%94%D7%A0%D7%99%D7%AA%D7%A0%D7%AA-%D7%9C%D7%9E%D7%A0%D7%99%D7%A2%D7%94/ → nfct__blog_movies_D7_94_D7_9E_D7_9C_D7_97_D7_9E_D7_94-_D7_94_D7_A0_D7_99_D7_AA_D7_A0_D__ed39cf3b.md (7801 bytes)
  ✓ https://nfct.org.il/blog/movies/%D7%94%D7%9E%D7%9B%D7%A9%D7%A4%D7%94-%D7%9E%D7%A8%D7%97%D7%95%D7%91-%D7%9E%D7%9C%D7%A6%D7%98/ → nfct__blog_movies_D7_94_D7_9E_D7_9B_D7_A9_D7_A4_D7_94-_D7_9E_D7_A8_D7_97_D7_95_D7_91-___3201fc9c.md (7747 bytes)
  ✓ https://nfct.org.il/blog/movies/%D7%94%D7%9E%D7%9C%D7%97%D7%9E%D7%94-%D7%A9%D7%9C-%D7%A8%D7%A2%D7%99%D7%94-%D7%A1%D7%99%D7%A0%D7%99%D7%A6%D7%99%D7%A0%D7%94/ → nfct__blog_movies_D7_94_D7_9E_D7_9C_D7_97_D7_9E_D7_94-_D7_A9_D7_9C-_D7_A8_D7_A2_D7_99___cb2cafe9.md (7840 bytes)
  ✓ https://nfct.org.il/blog/movies/%D7%94%D7%9E%D7%9C%D7%97%D7%9E%D7%94-%D7%9C%D7%A9%D7%A9%D7%AA-%D7%94%D7%99%D7%9E%D7%99%D7%9D/ → nfct__blog_movies_D7_94_D7_9E_D7_9C_D7_97_D7_9E_D7_94-_D7_9C_D7_A9_D7_A9_D7_AA-_D7_94___5c99702c.md (7747 bytes)
  ✓ https://nfct.org.il/blog/movies/%D7%94%D7%9E%D7%9C%D7%97%D7%9E%D7%94-%D7%94%D7%A0%D7%9E%D7%A0%D7%A2%D7%AA/ → nfct__blog_movies_D7_94_D7_9E_D7_9C_D7_97_D7_9E_D7_94-_D7_94_D7_A0_D7_9E_D7_A0_D7_A2_D__2672585d.md (8299 bytes)
  ✓ https://nfct.org.il/blog/movies/%D7%94%D7%9E%D7%9C%D7%9A-%D7%91%D7%99%D7%91%D7%99/ → nfct__blog_movies_D7_94_D7_9E_D7_9C_D7_9A-_D7_91_D7_99_D7_91_D7_99__9a1b20a7.md (8198 bytes)
  ✓ https://nfct.org.il/blog/movies/%D7%94%D7%9E%D7%9C%D7%9A-%D7%97%D7%90%D7%98/ → nfct__blog_movies_D7_94_D7_9E_D7_9C_D7_9A-_D7_97_D7_90_D7_98__d0827093.md (7600 bytes)
  ✓ https://nfct.org.il/blog/movies/%D7%94%D7%9E%D7%9C%D7%9A-%D7%97%D7%AA/ → nfct__blog_movies_D7_94_D7_9E_D7_9C_D7_9A-_D7_97_D7_AA__a78891b1.md (8162 bytes)
  ✓ https://nfct.org.il/blog/movies/%D7%94%D7%9E%D7%9C%D7%9A-%D7%A9%D7%9C-%D7%91%D7%95%D7%A8%D7%A7%D7%A1/ → nfct__blog_movies_D7_94_D7_9E_D7_9C_D7_9A-_D7_A9_D7_9C-_D7_91_D7_95_D7_A8_D7_A7_D7_A1__54842d66.md (8284 bytes)
  ✓ https://nfct.org.il/blog/movies/%D7%94%D7%9E%D7%9C%D7%9A-%D7%A9%D7%9C-%D7%94%D7%A8%D7%99%D7%99%D7%98%D7%99%D7%A0%D7%92/ → nfct__blog_movies_D7_94_D7_9E_D7_9C_D7_9A-_D7_A9_D7_9C-_D7_94_D7_A8_D7_99_D7_99_D7_98___29a512b2.md (8309 bytes)
  ✓ https://nfct.org.il/blog/movies/%D7%94%D7%9E%D7%9C%D7%9B%D7%94-%D7%9C%D7%9C%D7%90-%D7%9B%D7%AA%D7%A8-%D7%A9%D7%9C-%D7%94%D7%92%D7%9F/ → nfct__blog_movies_D7_94_D7_9E_D7_9C_D7_9B_D7_94-_D7_9C_D7_9C_D7_90-_D7_9B_D7_AA_D7_A8-__c0117818.md (8351 bytes)
  ✓ https://nfct.org.il/blog/movies/%D7%94%D7%9E%D7%9C%D7%9A-%D7%A9%D7%9C-%D7%91%D7%95%D7%A8%D7%A7/ → nfct__blog_movies_D7_94_D7_9E_D7_9C_D7_9A-_D7_A9_D7_9C-_D7_91_D7_95_D7_A8_D7_A7__a03acba9.md (9623 bytes)
  ✓ https://nfct.org.il/blog/movies/%D7%94%D7%9E%D7%9C%D7%9B%D7%94-%D7%9C%D7%9C%D7%90-%D7%9B%D7%AA%D7%A8/ → nfct__blog_movies_D7_94_D7_9E_D7_9C_D7_9B_D7_94-_D7_9C_D7_9C_D7_90-_D7_9B_D7_AA_D7_A8__0ae7cff4.md (7675 bytes)
  ✓ https://nfct.org.il/blog/movies/%D7%94%D7%9E%D7%9C%D7%9B%D7%95%D7%93%D7%AA-%D7%94%D7%93%D7%91%D7%A9/ → nfct__blog_movies_D7_94_D7_9E_D7_9C_D7_9B_D7_95_D7_93_D7_AA-_D7_94_D7_93_D7_91_D7_A9__529e0fc9.md (7672 bytes)
  ✓ https://nfct.org.il/blog/movies/%D7%94%D7%9E%D7%9E%D7%9C%D7%9B%D7%94-%D7%94%D7%A0%D7%A4%D7%9C%D7%90%D7%94-%D7%A9%D7%9C-%D7%A4%D7%90%D7%A4%D7%90-%D7%A2%D7%9C%D7%99%D7%99%D7%91/ → nfct__blog_movies_D7_94_D7_9E_D7_9E_D7_9C_D7_9B_D7_94-_D7_94_D7_A0_D7_A4_D7_9C_D7_90_D__5b6d79f1.md (7897 bytes)
  ✓ https://nfct.org.il/blog/movies/%D7%94%D7%9E%D7%9C%D7%9B%D7%94-%D7%97%D7%A1%D7%A8%D7%AA-%D7%94%D7%9B%D7%AA%D7%A8-%D7%A9%D7%9C-%D7%94%D7%92%D7%9F/ → nfct__blog_movies_D7_94_D7_9E_D7_9C_D7_9B_D7_94-_D7_97_D7_A1_D7_A8_D7_AA-_D7_94_D7_9B___a37ca8c1.md (8416 bytes)
  ✓ https://nfct.org.il/blog/movies/%D7%94%D7%9E%D7%A0%D7%93%D7%98-%D7%94%D7%91%D7%A8%D7%99%D7%98%D7%99/ → nfct__blog_movies_D7_94_D7_9E_D7_A0_D7_93_D7_98-_D7_94_D7_91_D7_A8_D7_99_D7_98_D7_99__c30ee446.md (8281 bytes)
  ✓ https://nfct.org.il/blog/movies/%D7%94%D7%9E%D7%A1%D7%A2-%D7%90%D7%97%D7%A8-%D7%94%D7%97%D7%9C%D7%A7-%D7%94%D7%97%D7%A1%D7%A8/ → nfct__blog_movies_D7_94_D7_9E_D7_A1_D7_A2-_D7_90_D7_97_D7_A8-_D7_94_D7_97_D7_9C_D7_A7-__61d2fa3f.md (7750 bytes)
  ✓ https://nfct.org.il/blog/movies/%D7%94%D7%9E%D7%A1%D7%A4%D7%A8%D7%95%D7%AA/ → nfct__blog_movies_D7_94_D7_9E_D7_A1_D7_A4_D7_A8_D7_95_D7_AA__a351e15d.md (7597 bytes)
  ✓ https://nfct.org.il/blog/movies/%D7%94%D7%9E%D7%A1%D7%AA%D7%95%D7%A8%D7%99%D7%9F-%D7%A9%D7%9C-%D7%90%D7%A8%D7%99%D7%A1-%D7%A1%D7%90%D7%9F/ → nfct__blog_movies_D7_94_D7_9E_D7_A1_D7_AA_D7_95_D7_A8_D7_99_D7_9F-_D7_A9_D7_9C-_D7_90___dc27cefd.md (8366 bytes)
  ✓ https://nfct.org.il/blog/movies/%D7%94%D7%9E%D7%A1%D7%A2-%D7%9C%D7%97%D7%AA%D7%99%D7%9B%D7%94-%D7%94%D7%97%D7%A1%D7%A8%D7%94/ → nfct__blog_movies_D7_94_D7_9E_D7_A1_D7_A2-_D7_9C_D7_97_D7_AA_D7_99_D7_9B_D7_94-_D7_94___8ef07356.md (8327 bytes)
  ✗ https://nfct.org.il/blog/movies/%D7%94%D7%9C%D7%9C-%D7%90%D7%AA-%D7%94%D7%A9%D7%95%D7%9E%D7%9F/: HTTPSConnectionPool(host='crawl4ai-wrapper-559961100092.europe-west1.run.app', port=443): Read timed out. (read timeout=120)
  ✓ https://nfct.org.il/blog/movies/%D7%94%D7%9E%D7%A1%D7%AA%D7%95%D7%A8%D7%99%D7%9F-%D7%A9%D7%9C-%D7%94%D7%A4%D7%97-%D7%94%D7%99%D7%A8%D7%95%D7%A7/ → nfct__blog_movies_D7_94_D7_9E_D7_A1_D7_AA_D7_95_D7_A8_D7_99_D7_9F-_D7_A9_D7_9C-_D7_94___516296bf.md (7804 bytes)
  ✓ https://nfct.org.il/blog/movies/%D7%94%D7%9E%D7%A1%D7%A4%D7%A8%D7%99%D7%9D/ → nfct__blog_movies_D7_94_D7_9E_D7_A1_D7_A4_D7_A8_D7_99_D7_9D__3620691b.md (7597 bytes)
  ✓ https://nfct.org.il/blog/movies/%D7%94%D7%9E%D7%A2%D7%91%D7%93%D7%94-%D7%94%D7%9B%D7%95%D7%91%D7%A9%D7%AA/ → nfct__blog_movies_D7_94_D7_9E_D7_A2_D7_91_D7_93_D7_94-_D7_94_D7_9B_D7_95_D7_91_D7_A9_D__78a7bb4a.md (8270 bytes)
  ✓ https://nfct.org.il/blog/movies/%D7%94%D7%9E%D7%A2%D7%A8%D7%91-%D7%94%D7%A4%D7%A8%D7%95%D7%A2-%D7%97%D7%91%D7%A8%D7%95%D7%9F/ → nfct__blog_movies_D7_94_D7_9E_D7_A2_D7_A8_D7_91-_D7_94_D7_A4_D7_A8_D7_95_D7_A2-_D7_97___7309b1ce.md (7747 bytes)
  ✓ https://nfct.org.il/blog/movies/%D7%94%D7%9E%D7%A4%D7%A5-%D7%94%D7%92%D7%93%D7%95%D7%9C/ → nfct__blog_movies_D7_94_D7_9E_D7_A4_D7_A5-_D7_94_D7_92_D7_93_D7_95_D7_9C__387c9cf2.md (7636 bytes)
  ✓ https://nfct.org.il/blog/movies/%D7%94%D7%9E%D7%A7%D7%95%D7%9C%D7%9C%D7%AA/ → nfct__blog_movies_D7_94_D7_9E_D7_A7_D7_95_D7_9C_D7_9C_D7_AA__570dc4df.md (8177 bytes)
  ✓ https://nfct.org.il/blog/movies/%D7%94%D7%9E%D7%A6%D7%9C%D7%9E%D7%94-%D7%A9%D7%9C-%D7%93%D7%A8-%D7%9E%D7%95%D7%A8%D7%99%D7%A1/ → nfct__blog_movies_D7_94_D7_9E_D7_A6_D7_9C_D7_9E_D7_94-_D7_A9_D7_9C-_D7_93_D7_A8-_D7_9E__0d843ac9.md (7750 bytes)
  ✓ https://nfct.org.il/blog/movies/%D7%94%D7%9E%D7%A2%D7%92%D7%9F/ → nfct__blog_movies_D7_94_D7_9E_D7_A2_D7_92_D7_9F__61abf9fe.md (7561 bytes)
  ✗ https://nfct.org.il/blog/movies/%D7%94%D7%9E%D7%A8%D7%93%D7%A3-%D7%90%D7%97%D7%A8-%D7%94%D7%90%D7%95%D7%A6%D7%A8/: 429 Client Error: Too Many Requests for url: https://crawl4ai-wrapper-559961100092.europe-west1.run.app/scrape
  ✓ https://nfct.org.il/blog/movies/%D7%94%D7%9E%D7%A2%D7%91%D7%93%D7%94-%D7%9C%D7%9B%D7%99%D7%91%D7%95%D7%A9/ → nfct__blog_movies_D7_94_D7_9E_D7_A2_D7_91_D7_93_D7_94-_D7_9C_D7_9B_D7_99_D7_91_D7_95_D__9c6b901c.md (9722 bytes)
  ✓ https://nfct.org.il/blog/movies/%D7%94%D7%9E%D7%A8%D7%92%D7%9C-%D7%A9%D7%91%D7%90-%D7%9E%D7%94%D7%A7%D7%95%D7%A8/ → nfct__blog_movies_D7_94_D7_9E_D7_A8_D7_92_D7_9C-_D7_A9_D7_91_D7_90-_D7_9E_D7_94_D7_A7___0bbd4004.md (8291 bytes)
  ✓ https://nfct.org.il/blog/movies/%D7%94%D7%9E%D7%A8%D7%92%D7%9C-%D7%A9%D7%97%D7%A9%D7%91%D7%AA%D7%99/ → nfct__blog_movies_D7_94_D7_9E_D7_A8_D7_92_D7_9C-_D7_A9_D7_97_D7_A9_D7_91_D7_AA_D7_99__ab78a892.md (7672 bytes)
  ✓ https://nfct.org.il/blog/movies/%D7%94%D7%9E%D7%A4%D7%A7%D7%97/ → nfct__blog_movies_D7_94_D7_9E_D7_A4_D7_A7_D7_97__be5a5f1a.md (8141 bytes)
  ✓ https://nfct.org.il/blog/movies/%D7%94%D7%9E%D7%A8%D7%93-%D7%94%D7%99%D7%94%D7%95%D7%93%D7%99/ → nfct__blog_movies_D7_94_D7_9E_D7_A8_D7_93-_D7_94_D7_99_D7_94_D7_95_D7_93_D7_99__8921092f.md (7654 bytes)
  ✓ https://nfct.org.il/blog/movies/%D7%94%D7%9E%D7%A8%D7%94/ → nfct__blog_movies_D7_94_D7_9E_D7_A8_D7_94__21fb49ae.md (8123 bytes)
  ✓ https://nfct.org.il/blog/movies/%D7%94%D7%9E%D7%A8%D7%A4%D7%A1%D7%AA/ → nfct__blog_movies_D7_94_D7_9E_D7_A8_D7_A4_D7_A1_D7_AA__86b55cce.md (8159 bytes)
  ✓ https://nfct.org.il/blog/movies/%D7%94%D7%9E%D7%A8%D7%93%D7%A3-%D7%90%D7%97%D7%A8-%D7%A9%D7%9E%D7%A9%D7%95%D7%9F/ → nfct__blog_movies_D7_94_D7_9E_D7_A8_D7_93_D7_A3-_D7_90_D7_97_D7_A8-_D7_A9_D7_9E_D7_A9___5dc8d12e.md (8320 bytes)
  ✓ https://nfct.org.il/blog/movies/%D7%94%D7%9E%D7%A8%D7%A7%D7%97%D7%94-%D7%94%D7%9E%D7%93%D7%91%D7%A8%D7%99%D7%AA/ → nfct__blog_movies_D7_94_D7_9E_D7_A8_D7_A7_D7_97_D7_94-_D7_94_D7_9E_D7_93_D7_91_D7_A8_D__666bfabd.md (7708 bytes)
  ✓ https://nfct.org.il/blog/movies/%D7%94%D7%9E%D7%A8%D7%A7%D7%9D/ → nfct__blog_movies_D7_94_D7_9E_D7_A8_D7_A7_D7_9D__4eca8f50.md (7561 bytes)
  ✓ https://nfct.org.il/blog/movies/%D7%94%D7%9E%D7%A8%D7%AA/ → nfct__blog_movies_D7_94_D7_9E_D7_A8_D7_AA__27bbc62a.md (7543 bytes)
  ✓ https://nfct.org.il/blog/movies/%D7%94%D7%9E%D7%A8%D7%93%D7%A3-%D7%90%D7%97%D7%A8-%D7%94%D7%91%D7%9C%D7%A9/ → nfct__blog_movies_D7_94_D7_9E_D7_A8_D7_93_D7_A3-_D7_90_D7_97_D7_A8-_D7_94_D7_91_D7_9C___b9fe1afb.md (8273 bytes)
  ✓ https://nfct.org.il/blog/movies/%D7%94%D7%9E%D7%A8%D7%AA-%D7%A4%D7%A8%D7%95%D7%99%D7%A7%D7%98/ → nfct__blog_movies_D7_94_D7_9E_D7_A8_D7_AA-_D7_A4_D7_A8_D7_95_D7_99_D7_A7_D7_98__cda57b5d.md (8234 bytes)
  ✓ https://nfct.org.il/blog/movies/%D7%94%D7%9E%D7%A9%D7%A4%D7%97%D7%94-%D7%A9%D7%9C%D7%99-%D7%93%D7%91%D7%95%D7%A8%D7%94/ → nfct__blog_movies_D7_94_D7_9E_D7_A9_D7_A4_D7_97_D7_94-_D7_A9_D7_9C_D7_99-_D7_93_D7_91___a5b60628.md (7729 bytes)
  ✓ https://nfct.org.il/blog/movies/%D7%94%D7%9E%D7%A9%D7%97%D7%A7-%D7%A9%D7%9C-%D7%90%D7%9E%D7%AA-%D7%95%D7%A9%D7%A7%D7%A8/ → nfct__blog_movies_D7_94_D7_9E_D7_A9_D7_97_D7_A7-_D7_A9_D7_9C-_D7_90_D7_9E_D7_AA-_D7_95__f94d0fa1.md (8341 bytes)
  ✓ https://nfct.org.il/blog/movies/%D7%94%D7%9E%D7%A9%D7%AA%D7%9B%D7%A9%D7%A4%D7%95%D7%AA/ → nfct__blog_movies_D7_94_D7_9E_D7_A9_D7_AA_D7_9B_D7_A9_D7_A4_D7_95_D7_AA__53713fe6.md (7633 bytes)
  ✓ https://nfct.org.il/blog/movies/%D7%94%D7%9E%D7%A9%D7%A4%D7%97%D7%94-%D7%A9%D7%9C-%D7%92%D7%90%D7%95%D7%9F/ → nfct__blog_movies_D7_94_D7_9E_D7_A9_D7_A4_D7_97_D7_94-_D7_A9_D7_9C-_D7_92_D7_90_D7_95___345612fd.md (8302 bytes)
  ✓ https://nfct.org.il/blog/movies/%D7%94%D7%9E%D7%A9%D7%A4%D7%97%D7%94-%D7%A9%D7%9C%D7%99/ → nfct__blog_movies_D7_94_D7_9E_D7_A9_D7_A4_D7_97_D7_94-_D7_A9_D7_9C_D7_99__65847e0f.md (8245 bytes)
  ✓ https://nfct.org.il/blog/movies/%D7%94%D7%9E%D7%AA%D7%99%D7%99%D7%A9%D7%91%D7%99%D7%9D/ → nfct__blog_movies_D7_94_D7_9E_D7_AA_D7_99_D7_99_D7_A9_D7_91_D7_99_D7_9D__1baad6b0.md (7633 bytes)
  ✓ https://nfct.org.il/blog/movies/%D7%94%D7%9E%D7%AA%D7%A7%D7%A9%D7%A8%D7%99%D7%9D/ → nfct__blog_movies_D7_94_D7_9E_D7_AA_D7_A7_D7_A9_D7_A8_D7_99_D7_9D__82744450.md (7615 bytes)
  ✓ https://nfct.org.il/blog/movies/%D7%94%D7%9E-%D7%A2%D7%91%D7%93%D7%94/ → nfct__blog_movies_D7_94_D7_9E-_D7_A2_D7_91_D7_93_D7_94__df31afdc.md (7582 bytes)
  ✓ https://nfct.org.il/blog/movies/%D7%94%D7%9E%D7%AA%D7%A0%D7%97%D7%A9%D7%99%D7%9D/ → nfct__blog_movies_D7_94_D7_9E_D7_AA_D7_A0_D7_97_D7_A9_D7_99_D7_9D__7466e5c2.md (8224 bytes)
  ✓ https://nfct.org.il/blog/movies/%D7%94%D7%A0%D7%96%D7%A8%D7%A7%D7%95%D7%AA/ → nfct__blog_movies_D7_94_D7_A0_D7_96_D7_A8_D7_A7_D7_95_D7_AA__fff5e28a.md (7597 bytes)
  ✓ https://nfct.org.il/blog/movies/%D7%94%D7%A0%D7%A1%D7%99%D7%9B%D7%94-%D7%A9%D7%95%D7%90%D7%95/ → nfct__blog_movies_D7_94_D7_A0_D7_A1_D7_99_D7_9B_D7_94-_D7_A9_D7_95_D7_90_D7_95__7fc2ee3a.md (7654 bytes)
  ✓ https://nfct.org.il/blog/movies/%D7%94%D7%A0%D7%91%D7%99%D7%90/ → nfct__blog_movies_D7_94_D7_A0_D7_91_D7_99_D7_90__e4abdf49.md (17102 bytes)
  ✓ https://nfct.org.il/blog/movies/%D7%94%D7%A0%D7%97%D7%9C/ → nfct__blog_movies_D7_94_D7_A0_D7_97_D7_9C__ca30076c.md (7543 bytes)
  ✓ https://nfct.org.il/blog/movies/%D7%94%D7%A0%D7%A2%D7%A8-%D7%94%D7%99%D7%94%D7%95%D7%93%D7%99-%D7%94%D7%92%D7%90%D7%94/ → nfct__blog_movies_D7_94_D7_A0_D7_A2_D7_A8-_D7_94_D7_99_D7_94_D7_95_D7_93_D7_99-_D7_94___35ca744d.md (8309 bytes)
  ✓ https://nfct.org.il/blog/movies/%D7%94%D7%A0%D7%A9%D7%99%D7%90-%D7%A4%D7%95%D7%A8%D7%93/ → nfct__blog_movies_D7_94_D7_A0_D7_A9_D7_99_D7_90-_D7_A4_D7_95_D7_A8_D7_93__c31dd263.md (7636 bytes)
  ✓ https://nfct.org.il/blog/movies/%D7%94%D7%A0%D7%A9%D7%9E%D7%94/ → nfct__blog_movies_D7_94_D7_A0_D7_A9_D7_9E_D7_94__67bc108b.md (7561 bytes)
  ✓ https://nfct.org.il/blog/movies/%D7%94%D7%A1%D7%95%D7%93-%D7%A9%D7%9C%D7%99/ → nfct__blog_movies_D7_94_D7_A1_D7_95_D7_93-_D7_A9_D7_9C_D7_99__c25d49da.md (7600 bytes)
  ✓ https://nfct.org.il/blog/movies/%D7%94%D7%A1%D7%95%D7%93%D7%95%D7%AA-%D7%A9%D7%9C-%D7%90%D7%99%D7%99%D7%93%D7%94/ → nfct__blog_movies_D7_94_D7_A1_D7_95_D7_93_D7_95_D7_AA-_D7_A9_D7_9C-_D7_90_D7_99_D7_99___283ce67b.md (8291 bytes)
  ✓ https://nfct.org.il/blog/movies/%D7%94%D7%A1%D7%99%D7%95%D7%A8-%D7%94%D7%A4%D7%A0%D7%99%D7%9E%D7%99/ → nfct__blog_movies_D7_94_D7_A1_D7_99_D7_95_D7_A8-_D7_94_D7_A4_D7_A0_D7_99_D7_9E_D7_99__d47dd38c.md (7672 bytes)
  ✓ https://nfct.org.il/blog/movies/%D7%94%D7%A1%D7%92%D7%A8%D7%94/ → nfct__blog_movies_D7_94_D7_A1_D7_92_D7_A8_D7_94__5df3b9e1.md (8170 bytes)
  ✓ https://nfct.org.il/blog/movies/%D7%94%D7%A1%D7%99%D7%9E%D7%9F-%D7%94%D7%9E%D7%99%D7%9D/ → nfct__blog_movies_D7_94_D7_A1_D7_99_D7_9E_D7_9F-_D7_94_D7_9E_D7_99_D7_9D__2189f839.md (7636 bytes)
  ✓ https://nfct.org.il/blog/movies/%D7%94%D7%A1%D7%99%D7%9E%D7%9F-%D7%9C%D7%90%D7%94%D7%91%D7%94/ → nfct__blog_movies_D7_94_D7_A1_D7_99_D7_9E_D7_9F-_D7_9C_D7_90_D7_94_D7_91_D7_94__4655cb8d.md (8234 bytes)
  ✓ https://nfct.org.il/blog/movies/%D7%94%D7%A1%D7%99%D7%A4%D7%95%D7%A8-%D7%94%D7%90%D7%97%D7%A8%D7%95%D7%9F-%D7%A9%D7%9C-%D7%A7%D7%A4%D7%A7%D7%90/ → nfct__blog_movies_D7_94_D7_A1_D7_99_D7_A4_D7_95_D7_A8-_D7_94_D7_90_D7_97_D7_A8_D7_95_D__9fc40218.md (8384 bytes)
  ✓ https://nfct.org.il/blog/movies/%D7%94%D7%A1%D7%99%D7%A4%D7%95%D7%A8-%D7%A2%D7%9C-%D7%94%D7%97%D7%91%D7%A8-%D7%A9%D7%9C%D7%99-%D7%93%D7%A0%D7%99-%D7%95%D7%90%D7%99%D7%9A-%D7%94%D7%95%D7%90-%D7%94%D7%A8%D7%92-%D7%90%D7%AA-%D7%92%D7%A0%D7%93%D7%99/ → nfct__blog_movies_D7_94_D7_A1_D7_99_D7_A4_D7_95_D7_A8-_D7_A2_D7_9C-_D7_94_D7_97_D7_91___fc474f0f.md (8110 bytes)
  ✓ https://nfct.org.il/blog/movies/%D7%94%D7%A1%D7%99%D7%A4%D7%95%D7%A8-%D7%A9%D7%9C-%D7%A9%D7%91%D7%90%D7%A7-%D7%A1/ → nfct__blog_movies_D7_94_D7_A1_D7_99_D7_A4_D7_95_D7_A8-_D7_A9_D7_9C-_D7_A9_D7_91_D7_90___13111780.md (7714 bytes)
  ✓ https://nfct.org.il/blog/movies/%D7%94%D7%A1%D7%99%D7%A4%D7%95%D7%A8-%D7%A9%D7%9C-%D7%A9%D7%91%D7%9B/ → nfct__blog_movies_D7_94_D7_A1_D7_99_D7_A4_D7_95_D7_A8-_D7_A9_D7_9C-_D7_A9_D7_91_D7_9B__a97bb3a5.md (8284 bytes)
  ✓ https://nfct.org.il/blog/movies/%D7%94%D7%A1%D7%9B%D7%A1%D7%95%D7%9A-%D7%94%D7%99%D7%94%D7%95%D7%93%D7%99-%D7%A2%D7%A8%D7%91%D7%99/ → nfct__blog_movies_D7_94_D7_A1_D7_9B_D7_A1_D7_95_D7_9A-_D7_94_D7_99_D7_94_D7_95_D7_93_D__c01e6f62.md (7765 bytes)
  ✓ https://nfct.org.il/blog/movies/%D7%94%D7%A1%D7%9B%D7%A1%D7%95%D7%9A-%D7%94%D7%99%D7%94%D7%95%D7%93%D7%99-%D7%A4%D7%9C%D7%A1%D7%98%D7%99%D7%A0%D7%99/ → nfct__blog_movies_D7_94_D7_A1_D7_9B_D7_A1_D7_95_D7_9A-_D7_94_D7_99_D7_94_D7_95_D7_93_D__3d29db05.md (8399 bytes)
  ✓ https://nfct.org.il/blog/movies/%D7%94%D7%A1%D7%9B%D7%9E%D7%99-%D7%A4%D7%A8%D7%99%D7%96/ → nfct__blog_movies_D7_94_D7_A1_D7_9B_D7_9E_D7_99-_D7_A4_D7_A8_D7_99_D7_96__6d0301b2.md (8245 bytes)
  ✓ https://nfct.org.il/blog/movies/%D7%94%D7%A1%D7%9C%D7%A2-%D7%A9%D7%9C%D7%99/ → nfct__blog_movies_D7_94_D7_A1_D7_9C_D7_A2-_D7_A9_D7_9C_D7_99__4e552629.md (8180 bytes)
  ✓ https://nfct.org.il/blog/movies/%D7%94%D7%A1%D7%9E%D7%95%D7%A8%D7%90%D7%99-%D7%A2%D7%9D-%D7%9E%D7%A7%D7%A8%D7%90%D7%99/ → nfct__blog_movies_D7_94_D7_A1_D7_9E_D7_95_D7_A8_D7_90_D7_99-_D7_A2_D7_9D-_D7_9E_D7_A7___4a4fcb7d.md (8309 bytes)
  ✓ https://nfct.org.il/blog/movies/%D7%94%D7%A1%D7%A4%D7%99%D7%A0%D7%94-%D7%94%D7%A1%D7%99%D7%95%D7%A8/ → nfct__blog_movies_D7_94_D7_A1_D7_A4_D7_99_D7_A0_D7_94-_D7_94_D7_A1_D7_99_D7_95_D7_A8__3376ec31.md (7672 bytes)
  ✓ https://nfct.org.il/blog/movies/%D7%94%D7%A1%D7%A6%D7%A0%D7%94-%D7%94%D7%90%D7%97%D7%A8%D7%95%D7%A0%D7%94/ → nfct__blog_movies_D7_94_D7_A1_D7_A6_D7_A0_D7_94-_D7_94_D7_90_D7_97_D7_A8_D7_95_D7_A0_D__9d2d198d.md (7690 bytes)
  ✓ https://nfct.org.il/blog/movies/%D7%94%D7%A1%D7%A8%D7%98-%D7%94%D7%A7%D7%9C%D7%90%D7%A1%D7%99/ → nfct__blog_movies_D7_94_D7_A1_D7_A8_D7_98-_D7_94_D7_A7_D7_9C_D7_90_D7_A1_D7_99__b9472f04.md (7654 bytes)
  ✓ https://nfct.org.il/blog/movies/%D7%94%D7%A1%D7%AA%D7%92%D7%9C%D7%95%D7%AA-%D7%9C%D7%97%D7%A9%D7%99%D7%9B%D7%94/ → nfct__blog_movies_D7_94_D7_A1_D7_AA_D7_92_D7_9C_D7_95_D7_AA-_D7_9C_D7_97_D7_A9_D7_99_D__88442612.md (7708 bytes)
  ✓ https://nfct.org.il/blog/movies/%D7%94%D7%A1%D7%AA%D7%92%D7%9C%D7%95%D7%AA-%D7%9C%D7%97%D7%A9%D7%9B%D7%94/ → nfct__blog_movies_D7_94_D7_A1_D7_AA_D7_92_D7_9C_D7_95_D7_AA-_D7_9C_D7_97_D7_A9_D7_9B_D__60104336.md (7690 bytes)
  ✓ https://nfct.org.il/blog/movies/%D7%94%D7%A2%D7%91%D7%A8%D7%94-%D7%91%D7%99%D7%9F-%D7%93%D7%95%D7%A8%D7%99%D7%AA/ → nfct__blog_movies_D7_94_D7_A2_D7_91_D7_A8_D7_94-_D7_91_D7_99_D7_9F-_D7_93_D7_95_D7_A8___2e9a50bf.md (7711 bytes)
  ✓ https://nfct.org.il/blog/movies/%D7%94%D7%A1%D7%AA%D7%A8%D7%94/ → nfct__blog_movies_D7_94_D7_A1_D7_AA_D7_A8_D7_94__738c23be.md (7561 bytes)
  ✓ https://nfct.org.il/blog/movies/%D7%94%D7%A2%D7%91%D7%A8%D7%94/ → nfct__blog_movies_D7_94_D7_A2_D7_91_D7_A8_D7_94__dfb2038f.md (7561 bytes)
  ✓ https://nfct.org.il/blog/movies/%D7%94%D7%A2%D7%91%D7%A8%D7%AA-%D7%9E%D7%A1%D7%A8%D7%99%D7%9D/ → nfct__blog_movies_D7_94_D7_A2_D7_91_D7_A8_D7_AA-_D7_9E_D7_A1_D7_A8_D7_99_D7_9D__3b04997e.md (7654 bytes)
  ✓ https://nfct.org.il/blog/movies/%D7%94%D7%A1%D7%A8%D7%98/ → nfct__blog_movies_D7_94_D7_A1_D7_A8_D7_98__3e847729.md (15750 bytes)
  ✓ https://nfct.org.il/blog/movies/%D7%94%D7%A2%D7%91%D7%A8%D7%99%D7%9D/ → nfct__blog_movies_D7_94_D7_A2_D7_91_D7_A8_D7_99_D7_9D__aa9d6535.md (8159 bytes)
  ✓ https://nfct.org.il/blog/movies/%D7%94%D7%A2%D7%95%D7%9C%D7%9D-%D7%94%D7%91%D7%90/ → nfct__blog_movies_D7_94_D7_A2_D7_95_D7_9C_D7_9D-_D7_94_D7_91_D7_90__1138c5e9.md (8227 bytes)
  ✓ https://nfct.org.il/blog/movies/%D7%94%D7%A2%D7%95%D7%A0%D7%94-%D7%A9%D7%9C-%D7%A9%D7%96%D7%99%D7%A4%D7%99-%D7%94%D7%91%D7%A8/ → nfct__blog_movies_D7_94_D7_A2_D7_95_D7_A0_D7_94-_D7_A9_D7_9C-_D7_A9_D7_96_D7_99_D7_A4___da736472.md (7750 bytes)
  ✓ https://nfct.org.il/blog/movies/%D7%94%D7%A2%D7%95%D7%A0%D7%94-%D7%A9%D7%9C-%D7%94%D7%90%D7%A8%D7%98%D7%99%D7%A9%D7%95%D7%A7/ → nfct__blog_movies_D7_94_D7_A2_D7_95_D7_A0_D7_94-_D7_A9_D7_9C-_D7_94_D7_90_D7_A8_D7_98___a4e03128.md (8327 bytes)
  ✓ https://nfct.org.il/blog/movies/%D7%94%D7%A2%D7%95%D7%A8%D7%91-%E2%80%93-%D7%96%D7%90%D7%91-%D7%96%D7%91%D7%95%D7%98%D7%99%D7%A0%D7%A1%D7%A7%D7%99/ → nfct__blog_movies_D7_94_D7_A2_D7_95_D7_A8_D7_91-_E2_80_93-_D7_96_D7_90_D7_91-_D7_96_D7__f492b820.md (7813 bytes)
  ✓ https://nfct.org.il/blog/movies/%D7%94%D7%A2%D7%95%D7%A0%D7%94-%D7%A9%D7%9C-%D7%A4%D7%99%D7%A8%D7%95%D7%AA-%D7%94%D7%91%D7%A8/ → nfct__blog_movies_D7_94_D7_A2_D7_95_D7_A0_D7_94-_D7_A9_D7_9C-_D7_A4_D7_99_D7_A8_D7_95___a94375d7.md (8359 bytes)
  ✓ https://nfct.org.il/blog/movies/%D7%94%D7%A2%D7%95%D7%A0%D7%A9/ → nfct__blog_movies_D7_94_D7_A2_D7_95_D7_A0_D7_A9__54bdeb3f.md (7561 bytes)
  ✓ https://nfct.org.il/blog/movies/%D7%94%D7%A2%D7%99%D7%A7%D7%A8%D7%95%D7%9F-%D7%A9%D7%9C-%D7%97%D7%A1%D7%93/ → nfct__blog_movies_D7_94_D7_A2_D7_99_D7_A7_D7_A8_D7_95_D7_9F-_D7_A9_D7_9C-_D7_97_D7_A1___61baccdc.md (7693 bytes)
  ✓ https://nfct.org.il/blog/movies/%D7%94%D7%A2%D7%9C%D7%90%D7%AA-%D7%94%D7%A9%D7%95%D7%90%D7%94/ → nfct__blog_movies_D7_94_D7_A2_D7_9C_D7_90_D7_AA-_D7_94_D7_A9_D7_95_D7_90_D7_94__473683f2.md (7654 bytes)
  ✓ https://nfct.org.il/blog/movies/%D7%94%D7%A2%D7%9C%D7%90%D7%AA-%D7%94%D7%95%D7%9C%D7%95%D7%A7%D7%95%D7%A1%D7%98/ → nfct__blog_movies_D7_94_D7_A2_D7_9C_D7_90_D7_AA-_D7_94_D7_95_D7_9C_D7_95_D7_A7_D7_95_D__9bf6d035.md (7708 bytes)
  ✓ https://nfct.org.il/blog/movies/%D7%94%D7%A2%D7%9C%D7%90%D7%AA-%D7%96%D7%9B%D7%A8%D7%95%D7%9F-%D7%94%D7%A9%D7%95%D7%90%D7%94/ → nfct__blog_movies_D7_94_D7_A2_D7_9C_D7_90_D7_AA-_D7_96_D7_9B_D7_A8_D7_95_D7_9F-_D7_94___fd809448.md (7747 bytes)
  ✓ https://nfct.org.il/blog/movies/%D7%94%D7%A2%D7%99%D7%A8/ → nfct__blog_movies_D7_94_D7_A2_D7_99_D7_A8__55dc93fb.md (18901 bytes)
  ✓ https://nfct.org.il/blog/movies/%D7%94%D7%A2%D7%9C%D7%9E%D7%94-%D7%94%D7%A2%D7%99%D7%95%D7%95%D7%A8%D7%AA/ → nfct__blog_movies_D7_94_D7_A2_D7_9C_D7_9E_D7_94-_D7_94_D7_A2_D7_99_D7_95_D7_95_D7_A8_D__97fba24b.md (8270 bytes)
  ✓ https://nfct.org.il/blog/movies/%D7%94%D7%A2%D7%A1%D7%A7%D7%94/ → nfct__blog_movies_D7_94_D7_A2_D7_A1_D7_A7_D7_94__5ff5c197.md (7561 bytes)
  ✓ https://nfct.org.il/blog/movies/%D7%94%D7%A2%D7%A6%D7%9E%D7%94-%D7%A0%D7%A9%D7%99%D7%AA/ → nfct__blog_movies_D7_94_D7_A2_D7_A6_D7_9E_D7_94-_D7_A0_D7_A9_D7_99_D7_AA__51d1776f.md (8245 bytes)
  ✗ https://nfct.org.il/blog/movies/%D7%94%D7%A0%D7%91%D7%95%D7%90%D7%94-%D7%A9%D7%9C-%D7%A7%D7%A1%D7%A0%D7%93%D7%A8%D7%94/: HTTPSConnectionPool(host='crawl4ai-wrapper-559961100092.europe-west1.run.app', port=443): Read timed out. (read timeout=120)
  ✓ https://nfct.org.il/blog/movies/%D7%94%D7%A4%D7%95%D7%90%D7%99%D7%99%D7%94/ → nfct__blog_movies_D7_94_D7_A4_D7_95_D7_90_D7_99_D7_99_D7_94__b58513b8.md (7597 bytes)
  ✓ https://nfct.org.il/blog/movies/%D7%94%D7%A4%D7%92%D7%A0%D7%94/ → nfct__blog_movies_D7_94_D7_A4_D7_92_D7_A0_D7_94__a3cf3ff1.md (11509 bytes)
  ✓ https://nfct.org.il/blog/movies/%D7%94%D7%A4%D7%95%D7%9A/ → nfct__blog_movies_D7_94_D7_A4_D7_95_D7_9A__50be6304.md (8123 bytes)
  ✓ https://nfct.org.il/blog/movies/%D7%94%D7%A2%D7%A8%D7%9A-%D7%A9%D7%9C-%D7%A2%D7%A8%D7%9B%D7%99%D7%9D/ → nfct__blog_movies_D7_94_D7_A2_D7_A8_D7_9A-_D7_A9_D7_9C-_D7_A2_D7_A8_D7_9B_D7_99_D7_9D__29bcc870.md (9677 bytes)
  ✓ https://nfct.org.il/blog/movies/%D7%94%D7%A4%D7%98%D7%A8%D7%99%D7%90%D7%A8%D7%9A/ → nfct__blog_movies_D7_94_D7_A4_D7_98_D7_A8_D7_99_D7_90_D7_A8_D7_9A__ce023947.md (7615 bytes)
  ✓ https://nfct.org.il/blog/movies/%D7%94%D7%A4%D7%97-%D7%94%D7%99%D7%A8%D7%95%D7%A7/ → nfct__blog_movies_D7_94_D7_A4_D7_97-_D7_94_D7_99_D7_A8_D7_95_D7_A7__849362eb.md (8227 bytes)
  ✓ https://nfct.org.il/blog/movies/%D7%94%D7%A4%D7%99%D7%94-%D7%94%D7%91%D7%99%D7%98%D7%95%D7%97%D7%99%D7%AA/ → nfct__blog_movies_D7_94_D7_A4_D7_99_D7_94-_D7_94_D7_91_D7_99_D7_98_D7_95_D7_97_D7_99_D__258af18b.md (7690 bytes)
  ✓ https://nfct.org.il/blog/movies/%D7%94%D7%A4%D7%99%D7%94-%D7%A9%D7%9C-%D7%94%D7%91%D7%99%D7%98%D7%95%D7%97/ → nfct__blog_movies_D7_94_D7_A4_D7_99_D7_94-_D7_A9_D7_9C-_D7_94_D7_91_D7_99_D7_98_D7_95___3618fd08.md (7693 bytes)
  ✓ https://nfct.org.il/blog/movies/%D7%94%D7%A4%D7%99%D7%94-%D7%94%D7%9E%D7%91%D7%98%D7%97%D7%AA/ → nfct__blog_movies_D7_94_D7_A4_D7_99_D7_94-_D7_94_D7_9E_D7_91_D7_98_D7_97_D7_AA__98551566.md (7654 bytes)
  ✓ https://nfct.org.il/blog/movies/%D7%94%D7%A4%D7%99%D7%9B%D7%94/ → nfct__blog_movies_D7_94_D7_A4_D7_99_D7_9B_D7_94__6b45e3f2.md (8170 bytes)
  ✓ https://nfct.org.il/blog/movies/%D7%94%D7%A4%D7%99%D7%94-%D7%A9%D7%9C-%D7%91%D7%99%D7%98%D7%95%D7%97/ → nfct__blog_movies_D7_94_D7_A4_D7_99_D7_94-_D7_A9_D7_9C-_D7_91_D7_99_D7_98_D7_95_D7_97__3b0009c7.md (8284 bytes)
  ✓ https://nfct.org.il/blog/movies/%D7%94%D7%A4%D7%99%D7%9C%D7%9E%D7%A1%D7%94/ → nfct__blog_movies_D7_94_D7_A4_D7_99_D7_9C_D7_9E_D7_A1_D7_94__9868eff9.md (8206 bytes)
  ✓ https://nfct.org.il/blog/movies/%D7%94%D7%A4%D7%99%D7%A8%D7%90%D7%98%D7%99%D7%9D-%D7%94%D7%99%D7%A6%D7%99%D7%A8%D7%AA%D7%99%D7%99%D7%9D-%D7%9E%D7%A7%D7%A8%D7%99%D7%AA-%D7%A9%D7%9C%D7%95%D7%9D/ → nfct__blog_movies_D7_94_D7_A4_D7_99_D7_A8_D7_90_D7_98_D7_99_D7_9D-_D7_94_D7_99_D7_A6_D__5ae0ffb2.md (7948 bytes)
  ✓ https://nfct.org.il/blog/movies/%D7%94%D7%A4%D7%A1%D7%99%D7%9B%D7%95-%D7%92%D7%A8%D7%99%D7%90%D7%98%D7%A8%D7%99%D7%AA/ → nfct__blog_movies_D7_94_D7_A4_D7_A1_D7_99_D7_9B_D7_95-_D7_92_D7_A8_D7_99_D7_90_D7_98_D__c5f72193.md (7726 bytes)
  ✓ https://nfct.org.il/blog/movies/%D7%94%D7%A4%D7%A1%D7%A0%D7%AA%D7%A8%D7%9F/ → nfct__blog_movies_D7_94_D7_A4_D7_A1_D7_A0_D7_AA_D7_A8_D7_9F__717c6b5c.md (7597 bytes)
  ✓ https://nfct.org.il/blog/movies/%D7%94%D7%A4%D7%A1%D7%A7%D7%94/ → nfct__blog_movies_D7_94_D7_A4_D7_A1_D7_A7_D7_94__4b301c88.md (14375 bytes)
  ✓ https://nfct.org.il/blog/movies/%D7%94%D7%A4%D7%A2%D7%9E%D7%95%D7%A0%D7%99%D7%9D-%D7%9E%D7%A6%D7%9C%D7%A6%D7%9C%D7%99%D7%9D-%E2%80%93-%D7%90%D7%94%D7%95%D7%91%D7%94-%D7%A2%D7%95%D7%96%D7%A8%D7%99/ → nfct__blog_movies_D7_94_D7_A4_D7_A2_D7_9E_D7_95_D7_A0_D7_99_D7_9D-_D7_9E_D7_A6_D7_9C_D__b6ec6826.md (7960 bytes)
  ✓ https://nfct.org.il/blog/movies/%D7%94%D7%A4%D7%A2%D7%9E%D7%95%D7%A0%D7%99%D7%9D-%E2%80%93-%D7%90%D7%94%D7%95%D7%91%D7%94-%D7%A2%D7%95%D7%96%D7%A8%D7%99/ → nfct__blog_movies_D7_94_D7_A4_D7_A2_D7_9E_D7_95_D7_A0_D7_99_D7_9D-_E2_80_93-_D7_90_D7___9fc4660f.md (7831 bytes)
  ✓ https://nfct.org.il/blog/movies/%D7%94%D7%A4%D7%A8%D7%93%D7%94-%D7%A9%D7%A0%D7%99%D7%99%D7%94/ → nfct__blog_movies_D7_94_D7_A4_D7_A8_D7_93_D7_94-_D7_A9_D7_A0_D7_99_D7_99_D7_94__bf5489bb.md (7654 bytes)
  ✓ https://nfct.org.il/blog/movies/%D7%94%D7%A4%D7%A1%D7%A7%D7%94-%D7%92%D7%93%D7%95%D7%9C%D7%94/ → nfct__blog_movies_D7_94_D7_A4_D7_A1_D7_A7_D7_94-_D7_92_D7_93_D7_95_D7_9C_D7_94__8da5b84e.md (14955 bytes)
  ✓ https://nfct.org.il/blog/movies/%D7%94%D7%A4%D7%A8%D7%95%D7%96%D7%93%D7%95%D7%A8/ → nfct__blog_movies_D7_94_D7_A4_D7_A8_D7_95_D7_96_D7_93_D7_95_D7_A8__a7fdb94f.md (8195 bytes)
  ✓ https://nfct.org.il/blog/movies/%D7%94%D7%A4%D7%A8%D7%95%D7%99%D7%A7%D7%98-%D7%A9%D7%9C%D7%99-%D7%90%D7%99%D7%A7%D7%A1/ → nfct__blog_movies_D7_94_D7_A4_D7_A8_D7_95_D7_99_D7_A7_D7_98-_D7_A9_D7_9C_D7_99-_D7_90___8dacf919.md (7729 bytes)
  ✓ https://nfct.org.il/blog/movies/%D7%94%D7%A4%D7%A8%D7%95%D7%99%D7%A7%D7%98-%D7%A9%D7%9C%D7%99-X/ → nfct__blog_movies_D7_94_D7_A4_D7_A8_D7_95_D7_99_D7_A7_D7_98-_D7_A9_D7_9C_D7_99-X__e709d5e6.md (7660 bytes)
  ✓ https://nfct.org.il/blog/movies/%D7%94%D7%A4%D7%A8%D7%95%D7%99%D7%A7%D7%98-%D7%A9%D7%9C-%D7%94%D7%9E%D7%A7%D7%95%D7%9D/ → nfct__blog_movies_D7_94_D7_A4_D7_A8_D7_95_D7_99_D7_A7_D7_98-_D7_A9_D7_9C-_D7_94_D7_9E___34ae583a.md (8338 bytes)
  ✓ https://nfct.org.il/blog/movies/%D7%94%D7%A4%D7%A8%D7%95%D7%99%D7%A7%D7%98-%D7%A9%D7%9C-%D7%9E%D7%A7%D7%95%D7%9D/ → nfct__blog_movies_D7_94_D7_A4_D7_A8_D7_95_D7_99_D7_A7_D7_98-_D7_A9_D7_9C-_D7_9E_D7_A7___e2aa1605.md (7711 bytes)
  ✓ https://nfct.org.il/blog/movies/%D7%94%D7%A4%D7%A8%D7%99%D7%94-%D7%97%D7%95%D7%A5-%D7%92%D7%95%D7%A4%D7%99%D7%AA/ → nfct__blog_movies_D7_94_D7_A4_D7_A8_D7_99_D7_94-_D7_97_D7_95_D7_A5-_D7_92_D7_95_D7_A4___a035203b.md (8320 bytes)
  ✓ https://nfct.org.il/blog/movies/%D7%94%D7%A4%D7%A8%D7%A2%D7%95%D7%AA-%D7%A0%D7%A4%D7%A9%D7%99%D7%95%D7%AA/ → nfct__blog_movies_D7_94_D7_A4_D7_A8_D7_A2_D7_95_D7_AA-_D7_A0_D7_A4_D7_A9_D7_99_D7_95_D__69c0285e.md (7690 bytes)
  ✓ https://nfct.org.il/blog/movies/%D7%94%D7%A4%D7%A8%D7%A9%D7%99-%D7%92%D7%99%D7%9C%D7%90%D7%99%D7%9D/ → nfct__blog_movies_D7_94_D7_A4_D7_A8_D7_A9_D7_99-_D7_92_D7_99_D7_9C_D7_90_D7_99_D7_9D__781c3739.md (7672 bytes)
  ✓ https://nfct.org.il/blog/movies/%D7%94%D7%A4%D7%A8%D7%98%D7%99%D7%96%D7%9F/ → nfct__blog_movies_D7_94_D7_A4_D7_A8_D7_98_D7_99_D7_96_D7_9F__f03bee42.md (15267 bytes)
  ✓ https://nfct.org.il/blog/movies/%D7%94%D7%A6%D7%90%D7%A6%D7%90-%D7%94%D7%90%D7%97%D7%A8%D7%95%D7%9F/ → nfct__blog_movies_D7_94_D7_A6_D7_90_D7_A6_D7_90-_D7_94_D7_90_D7_97_D7_A8_D7_95_D7_9F__5c0c4763.md (8281 bytes)
  ✓ https://nfct.org.il/blog/movies/%D7%94%D7%A6%D7%93%D7%99%D7%A7-%D7%94%D7%90%D7%97%D7%A8%D7%95%D7%9F/ → nfct__blog_movies_D7_94_D7_A6_D7_93_D7_99_D7_A7-_D7_94_D7_90_D7_97_D7_A8_D7_95_D7_9F__b10cd98c.md (18681 bytes)
  ✓ https://nfct.org.il/blog/movies/%D7%94%D7%A6%D7%99%D7%A4%D7%95%D7%A8%D7%99%D7%9D/ → nfct__blog_movies_D7_94_D7_A6_D7_99_D7_A4_D7_95_D7_A8_D7_99_D7_9D__fbc3d0b6.md (8224 bytes)
  ✓ https://nfct.org.il/blog/movies/%D7%94%D7%A6%D7%9C%D7%95%D7%97%D7%99%D7%AA-%D7%94%D7%9B%D7%A1%D7%95%D7%A4%D7%94/ → nfct__blog_movies_D7_94_D7_A6_D7_9C_D7_95_D7_97_D7_99_D7_AA-_D7_94_D7_9B_D7_A1_D7_95_D__c0b089b6.md (8288 bytes)
  ✓ https://nfct.org.il/blog/movies/%D7%94%D7%A6%D7%9C%D7%AA-%D7%99%D7%94%D7%95%D7%93%D7%99-%D7%92%D7%A8%D7%9E%D7%A0%D7%99%D7%94/ → nfct__blog_movies_D7_94_D7_A6_D7_9C_D7_AA-_D7_99_D7_94_D7_95_D7_93_D7_99-_D7_92_D7_A8___465fb111.md (7747 bytes)
  ✓ https://nfct.org.il/blog/movies/%D7%94%D7%A6%D7%9C%D7%97%D7%AA-%D7%94%D7%9B%D7%A1%D7%A3/ → nfct__blog_movies_D7_94_D7_A6_D7_9C_D7_97_D7_AA-_D7_94_D7_9B_D7_A1_D7_A3__e7f06cfb.md (7636 bytes)
  ✓ https://nfct.org.il/blog/movies/%D7%94%D7%A6%D7%A8%D7%97%D7%94/ → nfct__blog_movies_D7_94_D7_A6_D7_A8_D7_97_D7_94__fa3c6767.md (7561 bytes)
  ✓ https://nfct.org.il/blog/movies/%D7%94%D7%A7%D7%95%D7%90%D7%A5/ → nfct__blog_movies_D7_94_D7_A7_D7_95_D7_90_D7_A5__e7525beb.md (7561 bytes)
  ✓ https://nfct.org.il/blog/movies/%D7%94%D7%A7%D7%95%D7%93/ → nfct__blog_movies_D7_94_D7_A7_D7_95_D7_93__86c94a0a.md (7543 bytes)
  ✓ https://nfct.org.il/blog/movies/%D7%94%D7%A7%D7%95%D7%9E%D7%99%D7%A7%D7%A0%D7%98/ → nfct__blog_movies_D7_94_D7_A7_D7_95_D7_9E_D7_99_D7_A7_D7_A0_D7_98__388f62d6.md (8195 bytes)
  ✓ https://nfct.org.il/blog/movies/%D7%94%D7%A7%D7%95%D7%9E%D7%A0%D7%93%D7%90%D7%A0%D7%98/ → nfct__blog_movies_D7_94_D7_A7_D7_95_D7_9E_D7_A0_D7_93_D7_90_D7_A0_D7_98__128b2606.md (8213 bytes)
  ✓ https://nfct.org.il/blog/movies/%D7%94%D7%A7%D7%95%D7%A0%D7%A4%D7%9C%D7%99%D7%A7%D7%98-%D7%94%D7%99%D7%A9%D7%A8%D7%90%D7%9C%D7%99-%D7%A4%D7%9C%D7%A1%D7%98%D7%99%D7%A0%D7%99/ → nfct__blog_movies_D7_94_D7_A7_D7_95_D7_A0_D7_A4_D7_9C_D7_99_D7_A7_D7_98-_D7_94_D7_99_D__6861d6ec.md (7891 bytes)
  ✓ https://nfct.org.il/blog/movies/%D7%94%D7%A7%D7%95%D7%9E%D7%99%D7%93%D7%99%D7%90%D7%A0%D7%98/ → nfct__blog_movies_D7_94_D7_A7_D7_95_D7_9E_D7_99_D7_93_D7_99_D7_90_D7_A0_D7_98__302ce65f.md (9605 bytes)
  ✓ https://nfct.org.il/blog/movies/%D7%94%D7%A7%D7%95-%D7%94%D7%99%D7%A8%D7%95%D7%A7/ → nfct__blog_movies_D7_94_D7_A7_D7_95-_D7_94_D7_99_D7_A8_D7_95_D7_A7__a4a07273.md (7618 bytes)
  ✓ https://nfct.org.il/blog/movies/%D7%94%D7%A7%D7%98%D7%99%D7%A4%D7%94/ → nfct__blog_movies_D7_94_D7_A7_D7_98_D7_99_D7_A4_D7_94__bad66282.md (8188 bytes)
  ✓ https://nfct.org.il/blog/movies/%D7%94%D7%A7%D7%9C%D7%A3-%D7%94%D7%90%D7%97%D7%A8%D7%95%D7%9F/ → nfct__blog_movies_D7_94_D7_A7_D7_9C_D7_A3-_D7_94_D7_90_D7_97_D7_A8_D7_95_D7_9F__2a49da8d.md (7654 bytes)
  ✓ https://nfct.org.il/blog/movies/%D7%94%D7%A7%D7%A4%D7%98%D7%A0%D7%99%D7%9D/ → nfct__blog_movies_D7_94_D7_A7_D7_A4_D7_98_D7_A0_D7_99_D7_9D__403eef44.md (7597 bytes)
  ✓ https://nfct.org.il/blog/movies/%D7%94%D7%A7%D7%A2%D7%A8%D7%94-%D7%94%D7%9B%D7%A1%D7%A3/ → nfct__blog_movies_D7_94_D7_A7_D7_A2_D7_A8_D7_94-_D7_94_D7_9B_D7_A1_D7_A3__80cbbf5e.md (8216 bytes)
  ✓ https://nfct.org.il/blog/movies/%D7%94%D7%A7%D7%A8%D7%91-%D7%94%D7%90%D7%97%D7%A8%D7%95%D7%9F-%D7%A9%D7%9C-%D7%99%D7%9C%D7%93%D7%99-%D7%98%D7%94%D7%A8%D7%9F/ → nfct__blog_movies_D7_94_D7_A7_D7_A8_D7_91-_D7_94_D7_90_D7_97_D7_A8_D7_95_D7_9F-_D7_A9___523c0b8a.md (7843 bytes)
  ✓ https://nfct.org.il/blog/movies/%D7%94%D7%A7%D7%A8%D7%9F-%D7%94%D7%97%D7%93%D7%A9%D7%94-%D7%9C%D7%A7%D7%95%D7%9C%D7%A0%D7%95%D7%A2-%D7%95%D7%9C%D7%98%D7%9C%D7%95%D7%95%D7%99%D7%96%D7%99%D7%94/ → nfct__blog_movies_D7_94_D7_A7_D7_A8_D7_9F-_D7_94_D7_97_D7_93_D7_A9_D7_94-_D7_9C_D7_A7___ef431585.md (7948 bytes)
  ✓ https://nfct.org.il/blog/movies/%D7%94%D7%A7%D7%A8%D7%A7%D7%A1-%D7%A9%D7%9C-%D7%92%D7%99%D7%95/ → nfct__blog_movies_D7_94_D7_A7_D7_A8_D7_A7_D7_A1-_D7_A9_D7_9C-_D7_92_D7_99_D7_95__1720d76f.md (7657 bytes)
  ✓ https://nfct.org.il/blog/movies/%D7%94%D7%A7%D7%A8%D7%91-%D7%A9%D7%9C-%D7%A0%D7%99%D7%9C%D7%99/ → nfct__blog_movies_D7_94_D7_A7_D7_A8_D7_91-_D7_A9_D7_9C-_D7_A0_D7_99_D7_9C_D7_99__8faa6079.md (8237 bytes)
  ✗ https://nfct.org.il/blog/movies/%D7%94%D7%A4%D7%95%D7%A2%D7%9C-%D7%AA%D7%9C-%D7%90%D7%91%D7%99%D7%91/: HTTPSConnectionPool(host='crawl4ai-wrapper-559961100092.europe-west1.run.app', port=443): Read timed out. (read timeout=120)
  ✓ https://nfct.org.il/blog/movies/%D7%94%D7%A7%D7%A8%D7%91-%D7%94%D7%90%D7%97%D7%A8%D7%95%D7%9F-%D7%A9%D7%9C-%D7%A0%D7%9C%D7%A1%D7%95%D7%9F/ → nfct__blog_movies_D7_94_D7_A7_D7_A8_D7_91-_D7_94_D7_90_D7_97_D7_A8_D7_95_D7_9F-_D7_A9___aca73391.md (10010 bytes)
  ✓ https://nfct.org.il/blog/movies/%D7%94%D7%A7%D7%A9%D7%99%D7%91%D7%95-%D7%9C%D7%A7%D7%95%D7%9C%D7%99/ → nfct__blog_movies_D7_94_D7_A7_D7_A9_D7_99_D7_91_D7_95-_D7_9C_D7_A7_D7_95_D7_9C_D7_99__6c36f8b5.md (7672 bytes)
  ✓ https://nfct.org.il/blog/movies/%D7%94%D7%A7%D7%A9%D7%91-%D7%9C%D7%A7%D7%95%D7%9C%D7%99/ → nfct__blog_movies_D7_94_D7_A7_D7_A9_D7_91-_D7_9C_D7_A7_D7_95_D7_9C_D7_99__cf750631.md (7636 bytes)
  ✓ https://nfct.org.il/blog/movies/%D7%94%D7%A7%D7%A9%D7%99%D7%91%D7%99-%D7%9C%D7%A7%D7%95%D7%9C%D7%99/ → nfct__blog_movies_D7_94_D7_A7_D7_A9_D7_99_D7_91_D7_99-_D7_9C_D7_A7_D7_95_D7_9C_D7_99__bfac22ee.md (7672 bytes)
  ✓ https://nfct.org.il/blog/movies/%D7%94%D7%A8%D7%90%D7%A9%D7%95%D7%9F-%D7%91%D7%91%D7%99%D7%93%D7%95%D7%A8/ → nfct__blog_movies_D7_94_D7_A8_D7_90_D7_A9_D7_95_D7_9F-_D7_91_D7_91_D7_99_D7_93_D7_95_D__5168ea8b.md (7690 bytes)
  ✓ https://nfct.org.il/blog/movies/%D7%94%D7%A8%D7%90%D7%A9%D7%95%D7%9F-%D7%99%D7%94%D7%99%D7%94-%D7%94%D7%90%D7%97%D7%A8%D7%95%D7%9F/ → nfct__blog_movies_D7_94_D7_A8_D7_90_D7_A9_D7_95_D7_9F-_D7_99_D7_94_D7_99_D7_94-_D7_94___ec88c604.md (7765 bytes)
  ✓ https://nfct.org.il/blog/movies/%D7%94%D7%A8%D7%91%D7%99-%D7%9E%D7%94%D7%97%D7%9E%D7%90%D7%A1/ → nfct__blog_movies_D7_94_D7_A8_D7_91_D7_99-_D7_9E_D7_94_D7_97_D7_9E_D7_90_D7_A1__6c1db30d.md (8234 bytes)
  ✓ https://nfct.org.il/blog/movies/%D7%94%D7%A8%D7%90%D7%A9%D7%95%D7%9F-%D7%99%D7%94%D7%99%D7%94-%D7%90%D7%97%D7%A8%D7%95%D7%9F/ → nfct__blog_movies_D7_94_D7_A8_D7_90_D7_A9_D7_95_D7_9F-_D7_99_D7_94_D7_99_D7_94-_D7_90___c3bcc687.md (7747 bytes)
  ✓ https://nfct.org.il/blog/movies/%D7%94%D7%A8%D7%91%D7%99-%D7%9E%D7%97%D7%96%D7%91%D7%90%D7%9C%D7%9C%D7%94/ → nfct__blog_movies_D7_94_D7_A8_D7_91_D7_99-_D7_9E_D7_97_D7_96_D7_91_D7_90_D7_9C_D7_9C_D__30b2003d.md (8270 bytes)
  ✓ https://nfct.org.il/blog/movies/%D7%94%D7%A8%D7%91%D7%99-%D7%9E%D7%97%D7%96%D7%91%D7%9C%D7%94/ → nfct__blog_movies_D7_94_D7_A8_D7_91_D7_99-_D7_9E_D7_97_D7_96_D7_91_D7_9C_D7_94__bd17cce3.md (7654 bytes)
  ✓ https://nfct.org.il/blog/movies/%D7%94%D7%A8%D7%91-%D7%9E%D7%94%D7%97%D7%96%D7%91%D7%90%D7%9C%D7%9C%D7%94/ → nfct__blog_movies_D7_94_D7_A8_D7_91-_D7_9E_D7_94_D7_97_D7_96_D7_91_D7_90_D7_9C_D7_9C_D__91436eab.md (7690 bytes)
  ✓ https://nfct.org.il/blog/movies/%D7%94%D7%A8%D7%91-%D7%9E%D7%94%D7%97%D7%99%D7%96%D7%91%D7%90%D7%9C%D7%9C%D7%94/ → nfct__blog_movies_D7_94_D7_A8_D7_91-_D7_9E_D7_94_D7_97_D7_99_D7_96_D7_91_D7_90_D7_9C_D__9847715e.md (7708 bytes)
  ✓ https://nfct.org.il/blog/movies/%D7%94%D7%A8%D7%91-%D7%9E%D7%97%D7%96%D7%91%D7%90%D7%9C%D7%9C%D7%94/ → nfct__blog_movies_D7_94_D7_A8_D7_91-_D7_9E_D7_97_D7_96_D7_91_D7_90_D7_9C_D7_9C_D7_94__6e518702.md (8252 bytes)
  ✓ https://nfct.org.il/blog/movies/%D7%94%D7%A8%D7%91-%D7%9E%D7%97%D7%99%D7%96%D7%91%D7%90%D7%9C%D7%9C%D7%94/ → nfct__blog_movies_D7_94_D7_A8_D7_91-_D7_9E_D7_97_D7_99_D7_96_D7_91_D7_90_D7_9C_D7_9C_D__a341ca8a.md (7690 bytes)
  ✓ https://nfct.org.il/blog/movies/%D7%94%D7%A8%D7%91%D7%99-%D7%9E%D7%97%D7%99%D7%96%D7%91%D7%90%D7%9C%D7%9C%D7%94/ → nfct__blog_movies_D7_94_D7_A8_D7_91_D7_99-_D7_9E_D7_97_D7_99_D7_96_D7_91_D7_90_D7_9C_D__5c452202.md (9776 bytes)
  ✓ https://nfct.org.il/blog/movies/%D7%94%D7%A8%D7%91-%D7%9E%D7%A4%D7%A0%D7%99-%D7%97%D7%99%D7%96%D7%91%D7%90%D7%9C%D7%9C%D7%94/ → nfct__blog_movies_D7_94_D7_A8_D7_91-_D7_9E_D7_A4_D7_A0_D7_99-_D7_97_D7_99_D7_96_D7_91___383efd21.md (7747 bytes)
  ✓ https://nfct.org.il/blog/movies/%D7%94%D7%A8%D7%94%D7%95%D7%A8%D7%99%D7%9D/ → nfct__blog_movies_D7_94_D7_A8_D7_94_D7_95_D7_A8_D7_99_D7_9D__6aa56ffb.md (7597 bytes)
  ✓ https://nfct.org.il/blog/movies/%D7%94%D7%A8%D7%A2%D7%9C%D7%94/ → nfct__blog_movies_D7_94_D7_A8_D7_A2_D7_9C_D7_94__89882c80.md (7561 bytes)
  ✓ https://nfct.org.il/blog/movies/%D7%94%D7%A8%D7%95%D7%91%D7%94/ → nfct__blog_movies_D7_94_D7_A8_D7_95_D7_91_D7_94__c2bdcef1.md (7561 bytes)
  ✓ https://nfct.org.il/blog/movies/%D7%94%D7%A8%D7%99%D7%A7%D7%95%D7%93-%D7%94%D7%90%D7%97%D7%A8%D7%95%D7%9F/ → nfct__blog_movies_D7_94_D7_A8_D7_99_D7_A7_D7_95_D7_93-_D7_94_D7_90_D7_97_D7_A8_D7_95_D__adb6bc23.md (8270 bytes)
  ✓ https://nfct.org.il/blog/movies/%D7%94%D7%A8%D7%A6%D7%97-%E2%80%93-%D7%AA%D7%A2%D7%9C%D7%95%D7%9E%D7%AA-%D7%9E%D7%95%D7%AA%D7%95-%D7%A9%D7%9C-%D7%97%D7%99%D7%99%D7%9D-%D7%90%D7%A8%D7%9C%D7%95%D7%96%D7%A8%D7%95%D7%91/ → nfct__blog_movies_D7_94_D7_A8_D7_A6_D7_97-_E2_80_93-_D7_AA_D7_A2_D7_9C_D7_95_D7_9E_D7___be4fc5e3.md (8020 bytes)
  ✓ https://nfct.org.il/blog/movies/%D7%94%D7%A8%D7%A9%D7%90%D7%94-%D7%9C%D7%96%D7%9B%D7%95%D7%A8/ → nfct__blog_movies_D7_94_D7_A8_D7_A9_D7_90_D7_94-_D7_9C_D7_96_D7_9B_D7_95_D7_A8__5f283d62.md (8263 bytes)
  ✓ https://nfct.org.il/blog/movies/%D7%94%D7%A8%D7%A9%D7%A2-%D7%94%D7%98%D7%95%D7%91/ → nfct__blog_movies_D7_94_D7_A8_D7_A9_D7_A2-_D7_94_D7_98_D7_95_D7_91__2b73d09f.md (8198 bytes)
  ✓ https://nfct.org.il/blog/movies/%D7%94%D7%A8-%D7%92%D7%A8%D7%99%D7%96%D7%99%D7%9D/ → nfct__blog_movies_D7_94_D7_A8-_D7_92_D7_A8_D7_99_D7_96_D7_99_D7_9D__184728ba.md (8198 bytes)
  ✓ https://nfct.org.il/blog/movies/%D7%94%D7%A8%D7%A6%D7%97/ → nfct__blog_movies_D7_94_D7_A8_D7_A6_D7_97__4e51298b.md (18141 bytes)
  ✓ https://nfct.org.il/blog/movies/%D7%94%D7%A9%D7%91%D7%99%D7%9C-%D7%94%D7%97%D7%9C%D7%91/ → nfct__blog_movies_D7_94_D7_A9_D7_91_D7_99_D7_9C-_D7_94_D7_97_D7_9C_D7_91__0e054fa4.md (7636 bytes)
  ✓ https://nfct.org.il/blog/movies/%D7%94%D7%A9%D7%95%D7%9E%D7%A8%D7%95%D7%A0%D7%99%D7%9D-%E2%80%93-%D7%91%D7%92%D7%9C%D7%99%D7%9E%D7%95%D7%AA-%D7%9C%D7%91%D7%A0%D7%95%D7%AA-%D7%95%D7%91%D7%92%D7%99%D7%A0%D7%A1-%D7%9B%D7%97%D7%95%D7%9C%D7%99%D7%9D/ → nfct__blog_movies_D7_94_D7_A9_D7_95_D7_9E_D7_A8_D7_95_D7_A0_D7_99_D7_9D-_E2_80_93-_D7___546eac28.md (8107 bytes)
  ✓ https://nfct.org.il/blog/movies/%D7%94%D7%A9%D7%91%D7%99%D7%9C-%D7%94%D7%97%D7%9C%D7%91%D7%99/ → nfct__blog_movies_D7_94_D7_A9_D7_91_D7_99_D7_9C-_D7_94_D7_97_D7_9C_D7_91_D7_99__7a244711.md (7654 bytes)
  ✓ https://nfct.org.il/blog/movies/%D7%94%D7%A9%D7%95%D7%9E%D7%A8%D7%95%D7%A0%D7%99%D7%9D---%D7%A2%D7%93%D7%94-%D7%AA%D7%95%D7%A8%D7%94-%D7%94%D7%A8/ → nfct__blog_movies_D7_94_D7_A9_D7_95_D7_9E_D7_A8_D7_95_D7_A0_D7_99_D7_9D---_D7_A2_D7_93__9cfce752.md (21162 bytes)
  ✓ https://nfct.org.il/blog/movies/%D7%94%D7%A9%D7%95%D7%9E%D7%A8%D7%95%D7%A0%D7%99%D7%9D---%D7%91%D7%92%D7%9C%D7%99%D7%9E%D7%95%D7%AA-%D7%9C%D7%91%D7%A0%D7%95%D7%AA-%D7%95%D7%91%D7%92%D7%99%D7%A0%D7%A1-%D7%9B%D7%97%D7%95%D7%9C%D7%99%D7%9D/ → nfct__blog_movies_D7_94_D7_A9_D7_95_D7_9E_D7_A8_D7_95_D7_A0_D7_99_D7_9D---_D7_91_D7_92__731c485b.md (8083 bytes)
  ✓ https://nfct.org.il/blog/movies/%D7%94%D7%A9%D7%95%D7%9E%D7%A8%D7%95%D7%A0%D7%99%D7%9D-%E2%80%93-%D7%A2%D7%93%D7%94-%D7%AA%D7%95%D7%A8%D7%94-%D7%94%D7%A8/ → nfct__blog_movies_D7_94_D7_A9_D7_95_D7_9E_D7_A8_D7_95_D7_A0_D7_99_D7_9D-_E2_80_93-_D7___6710ca8d.md (8443 bytes)
  ✓ https://nfct.org.il/blog/movies/%D7%94%D7%A9%D7%95%D7%A2%D7%9C-%D7%94%D7%A2%D7%95%D7%A8%D7%91/ → nfct__blog_movies_D7_94_D7_A9_D7_95_D7_A2_D7_9C-_D7_94_D7_A2_D7_95_D7_A8_D7_91__b33d5458.md (7654 bytes)
  ✓ https://nfct.org.il/blog/movies/%D7%94%D7%A9%D7%97%D7%A7%D7%A0%D7%99%D7%9D/ → nfct__blog_movies_D7_94_D7_A9_D7_97_D7_A7_D7_A0_D7_99_D7_9D__00bf06f0.md (7597 bytes)
  ✓ https://nfct.org.il/blog/movies/%D7%94%D7%A9%D7%95%D7%9E%D7%A8%D7%95%D7%A0%D7%99-%D7%A2%D7%9D-%D7%9E%D7%A7%D7%A8%D7%90%D7%99/ → nfct__blog_movies_D7_94_D7_A9_D7_95_D7_9E_D7_A8_D7_95_D7_A0_D7_99-_D7_A2_D7_9D-_D7_9E___1f16cc7d.md (7747 bytes)
  ✓ https://nfct.org.il/blog/movies/%D7%94%D7%A9%D7%98%D7%97/ → nfct__blog_movies_D7_94_D7_A9_D7_98_D7_97__cc5328eb.md (7543 bytes)
  ✓ https://nfct.org.il/blog/movies/%D7%94%D7%A9%D7%98%D7%9F-%D7%94%D7%91%D7%90/ → nfct__blog_movies_D7_94_D7_A9_D7_98_D7_9F-_D7_94_D7_91_D7_90__c893486a.md (7600 bytes)
  ✓ https://nfct.org.il/blog/movies/%D7%94%D7%A9%D7%98%D7%9F-%D7%9E%D7%9E%D7%95%D7%9C/ → nfct__blog_movies_D7_94_D7_A9_D7_98_D7_9F-_D7_9E_D7_9E_D7_95_D7_9C__253a2e6b.md (8198 bytes)
  ✓ https://nfct.org.il/blog/movies/%D7%94%D7%A9%D7%98%D7%9F-%D7%A9%D7%9B%D7%9F-%D7%9E%D7%9E%D7%95%D7%9C/ → nfct__blog_movies_D7_94_D7_A9_D7_98_D7_9F-_D7_A9_D7_9B_D7_9F-_D7_9E_D7_9E_D7_95_D7_9C__6a255590.md (7675 bytes)
  ✓ https://nfct.org.il/blog/movies/%D7%94%D7%A9%D7%99%D7%91%D7%94-%D7%9E%D7%94%D7%95%D7%93%D7%95/ → nfct__blog_movies_D7_94_D7_A9_D7_99_D7_91_D7_94-_D7_9E_D7_94_D7_95_D7_93_D7_95__b721a1c8.md (7654 bytes)
  ✓ https://nfct.org.il/blog/movies/%D7%94%D7%A9%D7%98%D7%9F-%D7%A9%D7%9B%D7%9F/ → nfct__blog_movies_D7_94_D7_A9_D7_98_D7_9F-_D7_A9_D7_9B_D7_9F__fff24d6a.md (7600 bytes)
  ✓ https://nfct.org.il/blog/movies/%D7%94%D7%A9%D7%99%D7%91%D7%94-%D7%9C%D7%9B%D7%95%D7%9B%D7%91/ → nfct__blog_movies_D7_94_D7_A9_D7_99_D7_91_D7_94-_D7_9C_D7_9B_D7_95_D7_9B_D7_91__8c3eff8d.md (7654 bytes)
  ✓ https://nfct.org.il/blog/movies/%D7%94%D7%A9%D7%99%D7%91%D7%94-%D7%9E%D7%9B%D7%95%D7%9B%D7%91/ → nfct__blog_movies_D7_94_D7_A9_D7_99_D7_91_D7_94-_D7_9E_D7_9B_D7_95_D7_9B_D7_91__06808271.md (8234 bytes)
  ✓ https://nfct.org.il/blog/movies/%D7%94%D7%A9%D7%99%D7%91%D7%94-%D7%A9%D7%9C-%D7%9B%D7%95%D7%9B%D7%91%D7%AA/ → nfct__blog_movies_D7_94_D7_A9_D7_99_D7_91_D7_94-_D7_A9_D7_9C-_D7_9B_D7_95_D7_9B_D7_91___e443214c.md (7693 bytes)
  ✓ https://nfct.org.il/blog/movies/%D7%94%D7%A9%D7%99%D7%91%D7%94-%D7%A9%D7%9C-%D7%9B%D7%95%D7%9B%D7%91/ → nfct__blog_movies_D7_94_D7_A9_D7_99_D7_91_D7_94-_D7_A9_D7_9C-_D7_9B_D7_95_D7_9B_D7_91__e4da0262.md (8255 bytes)
  ✓ https://nfct.org.il/blog/movies/%D7%94%D7%A9%D7%99%D7%91%D7%94/ → nfct__blog_movies_D7_94_D7_A9_D7_99_D7_91_D7_94__927be50e.md (8170 bytes)
  ✓ https://nfct.org.il/blog/movies/%D7%94%D7%A9%D7%99%D7%A8%D7%94-%D7%A9%D7%9C-%D7%94%D7%9C%D7%90-%D7%A2%D7%A6%D7%9E%D7%99/ → nfct__blog_movies_D7_94_D7_A9_D7_99_D7_A8_D7_94-_D7_A9_D7_9C-_D7_94_D7_9C_D7_90-_D7_A2__4e99e596.md (7732 bytes)
  ✓ https://nfct.org.il/blog/movies/%D7%94%D7%A9%D7%99%D7%A8-%D7%A9%D7%9C-%D7%94%D7%9C%D7%90-%D7%A2%D7%A6%D7%9E%D7%99/ → nfct__blog_movies_D7_94_D7_A9_D7_99_D7_A8-_D7_A9_D7_9C-_D7_94_D7_9C_D7_90-_D7_A2_D7_A6__d9f35b54.md (7714 bytes)
  ✗ https://nfct.org.il/blog/movies/%D7%94%D7%A7%D7%A9%D7%A8-%D7%94%D7%97%D7%99%D7%95%D7%A0%D7%99-%E2%80%93-%D7%A1%D7%99%D7%A4%D7%95%D7%A8%D7%95-%D7%A9%D7%9C-%D7%95%D7%99%D7%9C%D7%A4%D7%A8%D7%99%D7%93-%D7%99%D7%A9%D7%A8%D7%90%D7%9C/: HTTPSConnectionPool(host='crawl4ai-wrapper-559961100092.europe-west1.run.app', port=443): Read timed out. (read timeout=120)
  ✓ https://nfct.org.il/blog/movies/%D7%94%D7%A9%D7%9E%D7%99%D7%99%D7%9D-%D7%A7%D7%A8%D7%95%D7%91%D7%99%D7%9D-%D7%99%D7%95%D7%AA%D7%A8-%D7%91%D7%97%D7%95%D7%9E%D7%A9/ → nfct__blog_movies_D7_94_D7_A9_D7_9E_D7_99_D7_99_D7_9D-_D7_A7_D7_A8_D7_95_D7_91_D7_99_D__2cdba246.md (8438 bytes)
  ✓ https://nfct.org.il/blog/movies/%D7%94%D7%A9%D7%A8%D7%A9%D7%A8%D7%AA-%D7%94%D7%A7%D7%95%D7%9C%D7%99%D7%A0%D7%A8%D7%99%D7%AA/ → nfct__blog_movies_D7_94_D7_A9_D7_A8_D7_A9_D7_A8_D7_AA-_D7_94_D7_A7_D7_95_D7_9C_D7_99_D__664120a9.md (7744 bytes)
  ✓ https://nfct.org.il/blog/movies/%D7%94%D7%A9%D7%9E%D7%99%D7%99%D7%9D-%D7%A7%D7%A8%D7%95%D7%91%D7%99%D7%9D-%D7%99%D7%95%D7%AA%D7%A8-%D7%91%D7%94%D7%95%D7%9E%D7%A9/ → nfct__blog_movies_D7_94_D7_A9_D7_9E_D7_99_D7_99_D7_9D-_D7_A7_D7_A8_D7_95_D7_91_D7_99_D__e9239c77.md (8467 bytes)
  ✓ https://nfct.org.il/blog/movies/%D7%94%D7%A9%D7%A8%D7%A9%D7%A8%D7%AA-%D7%94%D7%AA%D7%96%D7%95%D7%A0%D7%AA%D7%99%D7%AA/ → nfct__blog_movies_D7_94_D7_A9_D7_A8_D7_A9_D7_A8_D7_AA-_D7_94_D7_AA_D7_96_D7_95_D7_A0_D__83dd628a.md (7726 bytes)
  ✓ https://nfct.org.il/blog/movies/%D7%94%D7%A9%D7%A4%D7%A2%D7%AA-%D7%94%D7%A8%D7%AA%D7%97%D7%94/ → nfct__blog_movies_D7_94_D7_A9_D7_A4_D7_A2_D7_AA-_D7_94_D7_A8_D7_AA_D7_97_D7_94__738c7a9e.md (8234 bytes)
  ✓ https://nfct.org.il/blog/movies/%D7%94%D7%A9%D7%AA%D7%A7%D7%A4%D7%95%D7%99%D7%95%D7%AA/ → nfct__blog_movies_D7_94_D7_A9_D7_AA_D7_A7_D7_A4_D7_95_D7_99_D7_95_D7_AA__8b4ceebb.md (7633 bytes)
  ✓ https://nfct.org.il/blog/movies/%D7%94%D7%AA%D7%90%D7%95%D7%A9%D7%A9%D7%95%D7%AA-%D7%A9%D7%9C-%D7%9E%D7%A2%D7%9E%D7%93-%D7%94%D7%A4%D7%95%D7%A2%D7%9C%D7%99%D7%9D/ → nfct__blog_movies_D7_94_D7_AA_D7_90_D7_95_D7_A9_D7_A9_D7_95_D7_AA-_D7_A9_D7_9C-_D7_9E___0c55042d.md (7858 bytes)
  ✓ https://nfct.org.il/blog/movies/%D7%94%D7%AA%D7%92%D7%9C%D7%95%D7%AA/ → nfct__blog_movies_D7_94_D7_AA_D7_92_D7_9C_D7_95_D7_AA__8774b38f.md (7579 bytes)
  ✓ https://nfct.org.il/blog/movies/%D7%94%D7%AA%D7%90%D7%95%D7%A9%D7%A9%D7%95%D7%AA-%D7%9E%D7%A2%D7%9E%D7%93-%D7%94%D7%A4%D7%95%D7%A2%D7%9C%D7%99%D7%9D/ → nfct__blog_movies_D7_94_D7_AA_D7_90_D7_95_D7_A9_D7_A9_D7_95_D7_AA-_D7_9E_D7_A2_D7_9E_D__06331c6a.md (8428 bytes)
  ✓ https://nfct.org.il/blog/movies/%D7%94%D7%AA%D7%97%D7%91%D7%90%D7%95%D7%AA/ → nfct__blog_movies_D7_94_D7_AA_D7_97_D7_91_D7_90_D7_95_D7_AA__9ec72d92.md (7597 bytes)
  ✓ https://nfct.org.il/blog/movies/%D7%94%D7%AA%D7%92%D7%99%D7%99%D7%A8%D7%95%D7%AA/ → nfct__blog_movies_D7_94_D7_AA_D7_92_D7_99_D7_99_D7_A8_D7_95_D7_AA__a92509ce.md (8224 bytes)
  ✓ https://nfct.org.il/blog/movies/%D7%94%D7%AA%D7%9E%D7%9B%D7%A8%D7%95%D7%99%D7%95%D7%AA/ → nfct__blog_movies_D7_94_D7_AA_D7_9E_D7_9B_D7_A8_D7_95_D7_99_D7_95_D7_AA__d01f338d.md (8213 bytes)
  ✓ https://nfct.org.il/blog/movies/%D7%94%D7%AA%D7%94%D7%95%D7%95%D7%AA/ → nfct__blog_movies_D7_94_D7_AA_D7_94_D7_95_D7_95_D7_AA__b1113f45.md (8159 bytes)
  ✓ https://nfct.org.il/blog/movies/%D7%94%D7%AA%D7%9E%D7%9C%D7%95%D7%9C%D7%99%D7%9D-%D7%9E%D7%A9%D7%A0%D7%AA-1957/ → nfct__blog_movies_D7_94_D7_AA_D7_9E_D7_9C_D7_95_D7_9C_D7_99_D7_9D-_D7_9E_D7_A9_D7_A0_D__afdb5c89.md (8285 bytes)
  ✓ https://nfct.org.il/blog/movies/%D7%94%D7%AA%D7%99%D7%A9%D7%91%D7%95%D7%AA/ → nfct__blog_movies_D7_94_D7_AA_D7_99_D7_A9_D7_91_D7_95_D7_AA__ca199bce.md (8206 bytes)
  ✓ https://nfct.org.il/blog/movies/%D7%94%D7%AA%D7%9E%D7%9C%D7%95%D7%9C%D7%99%D7%9D-%D7%9E-1957/ → nfct__blog_movies_D7_94_D7_AA_D7_9E_D7_9C_D7_95_D7_9C_D7_99_D7_9D-_D7_9E-1957__976f2756.md (7651 bytes)
  ✓ https://nfct.org.il/blog/movies/%D7%94%D7%AA%D7%97%D7%A0%D7%94-%D7%94%D7%9E%D7%A8%D7%9B%D7%96%D7%99%D7%AA-%D7%94%D7%97%D7%93%D7%A9%D7%94-%D7%91%D7%AA%D7%9C-%D7%90%D7%91%D7%99%D7%91/ → nfct__blog_movies_D7_94_D7_AA_D7_97_D7_A0_D7_94-_D7_94_D7_9E_D7_A8_D7_9B_D7_96_D7_99_D__379a753b.md (8495 bytes)
  ✓ https://nfct.org.il/blog/movies/%D7%94%D7%AA%D7%9E%D7%A8%D7%94/ → nfct__blog_movies_D7_94_D7_AA_D7_9E_D7_A8_D7_94__03a98724.md (7561 bytes)
  ✓ https://nfct.org.il/blog/movies/%D7%94%D7%AA%D7%A2%D7%9C%D7%95%D7%9E%D7%94-%D7%A9%D7%9C-%D7%90%D7%A8%D7%99%D7%A1-%D7%A1%D7%90%D7%9F/ → nfct__blog_movies_D7_94_D7_AA_D7_A2_D7_9C_D7_95_D7_9E_D7_94-_D7_A9_D7_9C-_D7_90_D7_A8___c0a3f357.md (8348 bytes)
  ✓ https://nfct.org.il/blog/movies/%D7%94%D7%AA%D7%9E%D7%A8%D7%95%D7%AA/ → nfct__blog_movies_D7_94_D7_AA_D7_9E_D7_A8_D7_95_D7_AA__d030aa96.md (8188 bytes)
  ✓ https://nfct.org.il/blog/movies/%D7%94%D7%AA%D7%A4%D7%A8%D7%A7%D7%95%D7%AA/ → nfct__blog_movies_D7_94_D7_AA_D7_A4_D7_A8_D7_A7_D7_95_D7_AA__54f01f51.md (8206 bytes)
  ✓ https://nfct.org.il/blog/movies/%D7%94%D7%AA%D7%A7%D7%95%D7%9E%D7%9E%D7%95%D7%AA-%D7%94%D7%9B%D7%A1%D7%A3/ → nfct__blog_movies_D7_94_D7_AA_D7_A7_D7_95_D7_9E_D7_9E_D7_95_D7_AA-_D7_94_D7_9B_D7_A1_D__7d3d170a.md (7690 bytes)
  ✓ https://nfct.org.il/blog/movies/%D7%94%D7%AA%D7%A7%D7%95%D7%9E%D7%9E%D7%95%D7%AA-%D7%A9%D7%9C-%D7%9B%D7%A1%D7%A3/ → nfct__blog_movies_D7_94_D7_AA_D7_A7_D7_95_D7_9E_D7_9E_D7_95_D7_AA-_D7_A9_D7_9C-_D7_9B___fbb92f6b.md (8320 bytes)
  ✓ https://nfct.org.il/blog/movies/%D7%94%D7%AA%D7%A7%D7%95%D7%9E%D7%9E%D7%95%D7%AA-%D7%A9%D7%9C-%D7%A1%D7%99%D7%9C%D7%91%D7%A8/ → nfct__blog_movies_D7_94_D7_AA_D7_A7_D7_95_D7_9E_D7_9E_D7_95_D7_AA-_D7_A9_D7_9C-_D7_A1___d3133d5a.md (8327 bytes)
  ✓ https://nfct.org.il/blog/movies/%D7%94%D7%AA%D7%9E%D7%9C%D7%95%D7%9C%D7%99%D7%9D-%D7%A9%D7%9C-1957/ → nfct__blog_movies_D7_94_D7_AA_D7_9E_D7_9C_D7_95_D7_9C_D7_99_D7_9D-_D7_A9_D7_9C-1957__7ba71393.md (8249 bytes)
  ✓ https://nfct.org.il/blog/movies/%D7%94%D7%AA%D7%A8%D7%A4%D7%99%D7%94/ → nfct__blog_movies_D7_94_D7_AA_D7_A8_D7_A4_D7_99_D7_94__bfe67d0f.md (7579 bytes)
  ✓ https://nfct.org.il/blog/movies/%D7%95%D7%90%D7%93%D7%99-%D7%92%D7%A8%D7%A0%D7%93-%D7%A7%D7%A0%D7%99%D7%95%D7%9F/ → nfct__blog_movies_D7_95_D7_90_D7_93_D7_99-_D7_92_D7_A8_D7_A0_D7_93-_D7_A7_D7_A0_D7_99___7c6e0a81.md (7711 bytes)
  ✓ https://nfct.org.il/blog/movies/%D7%95%D7%90%D7%9D-%D7%A0%D7%A0%D7%99%D7%97-%D7%9C%D7%A8%D7%92%D7%A2-%D7%A9%D7%99%D7%A9-%D7%90%D7%9C%D7%95%D7%94%D7%99%D7%9D/ → nfct__blog_movies_D7_95_D7_90_D7_9D-_D7_A0_D7_A0_D7_99_D7_97-_D7_9C_D7_A8_D7_92_D7_A2-__8884fb2c.md (7843 bytes)
  ✓ https://nfct.org.il/blog/movies/%D7%95%D7%90%D7%93%D7%99-%D7%A8%D7%A9%D7%9E%D7%99%D7%94/ → nfct__blog_movies_D7_95_D7_90_D7_93_D7_99-_D7_A8_D7_A9_D7_9E_D7_99_D7_94__c30e347b.md (8216 bytes)
  ✓ https://nfct.org.il/blog/movies/%D7%95%D7%92%D7%9D-%D7%94%D7%99%D7%99%D7%AA%D7%99-%D7%A9%D7%9D/ → nfct__blog_movies_D7_95_D7_92_D7_9D-_D7_94_D7_99_D7_99_D7_AA_D7_99-_D7_A9_D7_9D__bb387d8c.md (7657 bytes)
  ✓ https://nfct.org.il/blog/movies/%D7%94%D7%AA%D7%A8%D7%95%D7%9E%D7%9E%D7%95%D7%AA/ → nfct__blog_movies_D7_94_D7_AA_D7_A8_D7_95_D7_9E_D7_9E_D7_95_D7_AA__25cd6b59.md (14111 bytes)
  ✓ https://nfct.org.il/blog/movies/%D7%95%D7%94%D7%99%D7%94-%D7%A2%D7%A8%D7%91-%D7%95%D7%94%D7%99%D7%94-%D7%91%D7%95%D7%A7%D7%A8-%D7%91%D7%99%D7%95%D7%9D-%D7%94%D7%A8%D7%90%D7%A9%D7%95%D7%9F/ → nfct__blog_movies_D7_95_D7_94_D7_99_D7_94-_D7_A2_D7_A8_D7_91-_D7_95_D7_94_D7_99_D7_94-__e25ca817.md (7936 bytes)
  ✓ https://nfct.org.il/blog/movies/%D7%95%D7%94%D7%99%D7%94-%D7%A2%D7%A8%D7%91-%D7%95%D7%94%D7%99%D7%94-%D7%91%D7%95%D7%A7%D7%A8-%D7%94%D7%99%D7%95%D7%9E%D7%94%D7%95%D7%9C%D7%93%D7%AA-%D7%94%D7%A8%D7%90%D7%A9%D7%95%D7%9F/ → nfct__blog_movies_D7_95_D7_94_D7_99_D7_94-_D7_A2_D7_A8_D7_91-_D7_95_D7_94_D7_99_D7_94-__1b23c01d.md (8635 bytes)
  ✓ https://nfct.org.il/blog/movies/%D7%95%D7%94%D7%99%D7%94-%D7%A2%D7%A8%D7%91-%D7%95%D7%94%D7%99%D7%94-%D7%91%D7%95%D7%A7%D7%A8-%D7%95%D7%94%D7%99%D7%95%D7%9D-%D7%94%D7%A8%D7%90%D7%A9%D7%95%D7%9F-%D7%94%D7%99%D7%94/ → nfct__blog_movies_D7_95_D7_94_D7_99_D7_94-_D7_A2_D7_A8_D7_91-_D7_95_D7_94_D7_99_D7_94-__27dd77df.md (8591 bytes)
  ✗ https://nfct.org.il/blog/movies/%D7%95%D7%90%D7%93%D7%99-%D7%92%D7%A8%D7%90%D7%A0%D7%93-%D7%A7%D7%A0%D7%99%D7%95%D7%9F/: 429 Client Error: Too Many Requests for url: https://crawl4ai-wrapper-559961100092.europe-west1.run.app/scrape
  ✓ https://nfct.org.il/blog/movies/%D7%95%D7%94%D7%99%D7%94-%D7%A2%D7%A8%D7%91-%D7%95%D7%94%D7%99%D7%94-%D7%91%D7%95%D7%A7%D7%A8-%D7%95%D7%94%D7%99%D7%95%D7%9D-%D7%94%D7%A8%D7%90%D7%A9%D7%95%D7%9F/ → nfct__blog_movies_D7_95_D7_94_D7_99_D7_94-_D7_A2_D7_A8_D7_91-_D7_95_D7_94_D7_99_D7_94-__238e214f.md (8534 bytes)
  ✓ https://nfct.org.il/blog/movies/%D7%95%D7%94%D7%99%D7%99%D7%AA%D7%99-%D7%A9%D7%9D/ → nfct__blog_movies_D7_95_D7_94_D7_99_D7_99_D7_AA_D7_99-_D7_A9_D7_9D__f0f5cf70.md (7618 bytes)
  ✓ https://nfct.org.il/blog/movies/%D7%95%D7%94%D7%99%D7%94-%D7%A2%D7%A8%D7%91-%D7%95%D7%94%D7%99%D7%94-%D7%91%D7%95%D7%A7%D7%A8-%D7%95%D7%99%D7%94%D7%99-%D7%94%D7%99%D7%95%D7%9D-%D7%94%D7%A8%D7%90%D7%A9%D7%95%D7%9F/ → nfct__blog_movies_D7_95_D7_94_D7_99_D7_94-_D7_A2_D7_A8_D7_91-_D7_95_D7_94_D7_99_D7_94-__1fbb395e.md (8011 bytes)
  ✓ https://nfct.org.il/blog/movies/%D7%95%D7%95%D7%90%D7%97%D7%AA-%D7%90%D7%9C-%D7%A1%D7%9C%D7%90%D7%9D/ → nfct__blog_movies_D7_95_D7_95_D7_90_D7_97_D7_AA-_D7_90_D7_9C-_D7_A1_D7_9C_D7_90_D7_9D__711f3c6b.md (7675 bytes)
  ✓ https://nfct.org.il/blog/movies/%D7%95%D7%94%D7%99%D7%94-%D7%A2%D7%A8%D7%91-%D7%95%D7%94%D7%99%D7%94-%D7%91%D7%95%D7%A7%D7%A8/ → nfct__blog_movies_D7_95_D7_94_D7_99_D7_94-_D7_A2_D7_A8_D7_91-_D7_95_D7_94_D7_99_D7_94-__2df5fa33.md (8330 bytes)
  ✓ https://nfct.org.il/blog/movies/%D7%95%D7%95%D7%90%D7%98%D7%A1%D7%90%D7%A4-%D7%92%D7%A8%D7%99%D7%9F-%D7%92%D7%9C%D7%91%D7%95%D7%A2/ → nfct__blog_movies_D7_95_D7_95_D7_90_D7_98_D7_A1_D7_90_D7_A4-_D7_92_D7_A8_D7_99_D7_9F-___980c0345.md (8345 bytes)
  ✓ https://nfct.org.il/blog/movies/%D7%95%D7%95%D7%90%D7%98%D7%A8%D7%93%D7%A8%D7%99%D7%9E/ → nfct__blog_movies_D7_95_D7_95_D7_90_D7_98_D7_A8_D7_93_D7_A8_D7_99_D7_9E__4e821498.md (7633 bytes)
  ✓ https://nfct.org.il/blog/movies/%D7%95%D7%95%D7%90%D7%98%D7%A1%D7%90%D7%A4-%D7%92%D7%A8%D7%A2%D7%99%D7%9F-%D7%92%D7%99%D7%9C%D7%91%D7%95%D7%A2/ → nfct__blog_movies_D7_95_D7_95_D7_90_D7_98_D7_A1_D7_90_D7_A4-_D7_92_D7_A8_D7_A2_D7_99_D__e6893392.md (8381 bytes)
  ✓ https://nfct.org.il/blog/movies/%D7%95%D7%94%D7%A2%D7%A8%D7%91-%D7%95%D7%94%D7%91%D7%95%D7%A7%D7%A8-%D7%94%D7%99%D7%95-%D7%94%D7%99%D7%9E%D7%99%D7%9D-%D7%94%D7%A8%D7%90%D7%A9%D7%95%D7%A0%D7%99%D7%9D/ → nfct__blog_movies_D7_95_D7_94_D7_A2_D7_A8_D7_91-_D7_95_D7_94_D7_91_D7_95_D7_A7_D7_A8-___6b30043c.md (7969 bytes)
  ✓ https://nfct.org.il/blog/movies/%D7%95%D7%95%D7%90%D7%A0%D7%98%D7%93/ → nfct__blog_movies_D7_95_D7_95_D7_90_D7_A0_D7_98_D7_93__8371ae95.md (8159 bytes)
  ✓ https://nfct.org.il/blog/movies/%D7%95%D7%95%D7%98%D7%9E%D7%A8%D7%A7%D7%A1/ → nfct__blog_movies_D7_95_D7_95_D7_98_D7_9E_D7_A8_D7_A7_D7_A1__72cc8fa5.md (7597 bytes)
  ✓ https://nfct.org.il/blog/movies/%D7%95%D7%95%D7%91-20/ → nfct__blog_movies_D7_95_D7_95_D7_91-20__9dda18f8.md (8114 bytes)
  ✓ https://nfct.org.il/blog/movies/%D7%95%D7%95%D7%98%D7%A1%D7%90%D7%A4-%D7%92%D7%A8%D7%A2%D7%99%D7%9F-%D7%92%D7%9C%D7%91%D7%95%D7%A2/ → nfct__blog_movies_D7_95_D7_95_D7_98_D7_A1_D7_90_D7_A4-_D7_92_D7_A8_D7_A2_D7_99_D7_9F-___9ebb658c.md (7765 bytes)
  ✓ https://nfct.org.il/blog/movies/%D7%95%D7%95%D7%98%D7%A8%D7%93%D7%A8%D7%99%D7%9E/ → nfct__blog_movies_D7_95_D7_95_D7_98_D7_A8_D7_93_D7_A8_D7_99_D7_9E__2e20250d.md (7615 bytes)
  ✓ https://nfct.org.il/blog/movies/%D7%95%D7%95%D7%98%D7%A8%D7%9E%D7%90%D7%A8%D7%A7%D7%A1/ → nfct__blog_movies_D7_95_D7_95_D7_98_D7_A8_D7_9E_D7_90_D7_A8_D7_A7_D7_A1__5d35b730.md (8213 bytes)
  ✓ https://nfct.org.il/blog/movies/%D7%95%D7%95%D7%98%D7%A1%D7%90%D7%A4-%D7%92%D7%A8%D7%99%D7%9F-%D7%92%D7%9C%D7%91%D7%95%D7%A2/ → nfct__blog_movies_D7_95_D7_95_D7_98_D7_A1_D7_90_D7_A4-_D7_92_D7_A8_D7_99_D7_9F-_D7_92___1795db45.md (8356 bytes)
  ✓ https://nfct.org.il/blog/movies/%D7%95%D7%95%D7%9C/ → nfct__blog_movies_D7_95_D7_95_D7_9C__940ef8fb.md (8105 bytes)
  ✓ https://nfct.org.il/blog/movies/%D7%95%D7%95%D7%98%D7%A1%D7%90%D7%A4-%D7%92%D7%A8%D7%A2%D7%99%D7%9F-%D7%92%D7%99%D7%9C%D7%91%D7%95%D7%A2/ → nfct__blog_movies_D7_95_D7_95_D7_98_D7_A1_D7_90_D7_A4-_D7_92_D7_A8_D7_A2_D7_99_D7_9F-___51d98bc7.md (8392 bytes)
  ✓ https://nfct.org.il/blog/movies/%D7%95%D7%95%D7%AA%D7%99%D7%A7%D7%99%D7%9D-%D7%9E%D7%A2%D7%99%D7%9C-%D7%9E%D7%9C%D7%90-%D7%9E%D7%93%D7%9C%D7%99%D7%95%D7%AA/ → nfct__blog_movies_D7_95_D7_95_D7_AA_D7_99_D7_A7_D7_99_D7_9D-_D7_9E_D7_A2_D7_99_D7_9C-___281f9e3b.md (7840 bytes)
  ✓ https://nfct.org.il/blog/movies/%D7%95%D7%95%D7%99%D7%A7%D7%99-%D7%9C%D7%A0%D7%93/ → nfct__blog_movies_D7_95_D7_95_D7_99_D7_A7_D7_99-_D7_9C_D7_A0_D7_93__837a33bf.md (7618 bytes)
  ✓ https://nfct.org.il/blog/movies/%D7%95%D7%99%D7%93%D7%90%D7%95-%D7%90%D7%99%D7%A0%D7%A1%D7%98%D7%9C%D7%99%D7%99%D7%A9%D7%9F/ → nfct__blog_movies_D7_95_D7_99_D7_93_D7_90_D7_95-_D7_90_D7_99_D7_A0_D7_A1_D7_98_D7_9C_D__6a502b59.md (7744 bytes)
  ✓ https://nfct.org.il/blog/movies/%D7%95%D7%95%D7%A7%D7%A8/ → nfct__blog_movies_D7_95_D7_95_D7_A7_D7_A8__fd413460.md (8152 bytes)
  ✓ https://nfct.org.il/blog/movies/%D7%95%D7%99%D7%93%D7%95%D7%99%D7%95-%D7%A9%D7%9C-%D7%94%D7%A9%D7%98%D7%9F-%D7%A1%D7%A8%D7%98%D7%99-%D7%90%D7%99%D7%99%D7%9B%D7%9E%D7%9F-%D7%94%D7%90%D7%91%D7%95%D7%93%D7%99%D7%9D/ → nfct__blog_movies_D7_95_D7_99_D7_93_D7_95_D7_99_D7_95-_D7_A9_D7_9C-_D7_94_D7_A9_D7_98___5fddf732.md (8588 bytes)
  ✓ https://nfct.org.il/blog/movies/%D7%95%D7%99%D7%93%D7%95%D7%99-%D7%A9%D7%9C-%D7%94%D7%A9%D7%98%D7%9F-%D7%A1%D7%A8%D7%98%D7%99-%D7%90%D7%99%D7%99%D7%9B%D7%9E%D7%9F-%D7%94%D7%90%D7%91%D7%95%D7%93%D7%99%D7%9D/ → nfct__blog_movies_D7_95_D7_99_D7_93_D7_95_D7_99-_D7_A9_D7_9C-_D7_94_D7_A9_D7_98_D7_9F-__44288356.md (7990 bytes)
  ✓ https://nfct.org.il/blog/movies/%D7%95%D7%95%D7%AA%D7%99%D7%A7%D7%99%D7%9D-%D7%9E%D7%A2%D7%99%D7%9C-%D7%9E%D7%9C%D7%90-%D7%9E%D7%93%D7%9C%D7%99%D7%94/ → nfct__blog_movies_D7_95_D7_95_D7_AA_D7_99_D7_A7_D7_99_D7_9D-_D7_9E_D7_A2_D7_99_D7_9C-___95880fc0.md (7822 bytes)
  ✓ https://nfct.org.il/blog/movies/%D7%95%D7%99%D7%98%D7%94-%D7%90%D7%A7%D7%98%D7%99%D7%91%D7%94-%D7%91%D7%99%D7%95%D7%92%D7%A8%D7%A4%D7%99%D7%94-%D7%A8%D7%95%D7%97%D7%A0%D7%99%D7%AA-%D7%A9%D7%9C-%D7%97%D7%A0%D7%94-%D7%90%D7%A8%D7%A0%D7%93%D7%98/ → nfct__blog_movies_D7_95_D7_99_D7_98_D7_94-_D7_90_D7_A7_D7_98_D7_99_D7_91_D7_94-_D7_91___12db69d0.md (8101 bytes)
  ✓ https://nfct.org.il/blog/movies/%D7%95%D7%99%D7%93%D7%95%D7%99-%D7%94%D7%A9%D7%98%D7%9F-%D7%A1%D7%A8%D7%98%D7%99-%D7%90%D7%99%D7%99%D7%9B%D7%9E%D7%9F-%D7%94%D7%90%D7%91%D7%95%D7%93%D7%99%D7%9D/ → nfct__blog_movies_D7_95_D7_99_D7_93_D7_95_D7_99-_D7_94_D7_A9_D7_98_D7_9F-_D7_A1_D7_A8___14dedf33.md (7951 bytes)
  ✓ https://nfct.org.il/blog/movies/%D7%95%D7%99%D7%98%D7%94-%D7%90%D7%A7%D7%98%D7%99%D7%91%D7%94-%D7%A8%D7%95%D7%97%D7%9F-%D7%A9%D7%9C-%D7%97%D7%A0%D7%94-%D7%90%D7%A8%D7%A0%D7%93%D7%98/ → nfct__blog_movies_D7_95_D7_99_D7_98_D7_94-_D7_90_D7_A7_D7_98_D7_99_D7_91_D7_94-_D7_A8___43e23bcd.md (7918 bytes)
  ✓ https://nfct.org.il/blog/movies/%D7%95%D7%99%D7%98%D7%94-%D7%90%D7%A7%D7%98%D7%99%D7%91%D7%94-%D7%A8%D7%95%D7%97%D7%9D-%D7%A9%D7%9C-%D7%97%D7%A0%D7%94-%D7%90%D7%A8%D7%A0%D7%93%D7%98/ → nfct__blog_movies_D7_95_D7_99_D7_98_D7_94-_D7_90_D7_A7_D7_98_D7_99_D7_91_D7_94-_D7_A8___ec2978c3.md (7918 bytes)
  ✓ https://nfct.org.il/blog/movies/%D7%95%D7%99%D7%98%D7%94-%D7%90%D7%A7%D7%98%D7%99%D7%91%D7%94-%D7%A8%D7%95%D7%97%D7%94-%D7%A9%D7%9C-%D7%97%D7%A0%D7%94-%D7%90%D7%A8%D7%A0%D7%93%D7%98/ → nfct__blog_movies_D7_95_D7_99_D7_98_D7_94-_D7_90_D7_A7_D7_98_D7_99_D7_91_D7_94-_D7_A8___364a7f81.md (8498 bytes)
  ✓ https://nfct.org.il/blog/movies/%D7%95%D7%99%D7%94-%D7%93%D7%95%D7%9C%D7%95%D7%A8%D7%95%D7%96%D7%94/ → nfct__blog_movies_D7_95_D7_99_D7_94-_D7_93_D7_95_D7_9C_D7_95_D7_A8_D7_95_D7_96_D7_94__8cccf10b.md (8252 bytes)
  ✓ https://nfct.org.il/blog/movies/%D7%95%D7%99%D7%98%D7%94-%D7%90%D7%A7%D7%98%D7%99%D7%91%D7%94-%D7%A8%D7%95%D7%97-%D7%90%D7%A0%D7%94-%D7%90%D7%A8%D7%90%D7%A0%D7%93%D7%98/ → nfct__blog_movies_D7_95_D7_99_D7_98_D7_94-_D7_90_D7_A7_D7_98_D7_99_D7_91_D7_94-_D7_A8___f8f2c3e2.md (7879 bytes)
  ✓ https://nfct.org.il/blog/movies/%D7%95%D7%99%D7%98%D7%94-%D7%90%D7%A7%D7%98%D7%99%D7%91%D7%94-%D7%A8%D7%95%D7%97-%D7%94%D7%93%D7%91%D7%A8%D7%99%D7%9D-%D7%A9%D7%9C-%D7%97%D7%A0%D7%94-%D7%90%D7%A8%D7%A0%D7%93%D7%98/ → nfct__blog_movies_D7_95_D7_99_D7_98_D7_94-_D7_90_D7_A7_D7_98_D7_99_D7_91_D7_94-_D7_A8___b8da1db2.md (8011 bytes)
  ✓ https://nfct.org.il/blog/movies/%D7%95%D7%99%D7%98%D7%94-%D7%90%D7%A7%D7%98%D7%99%D7%91%D7%94-%D7%A8%D7%95%D7%97-%D7%90%D7%A0%D7%94-%D7%90%D7%A8%D7%90%D7%A0%D7%98/ → nfct__blog_movies_D7_95_D7_99_D7_98_D7_94-_D7_90_D7_A7_D7_98_D7_99_D7_91_D7_94-_D7_A8___61b8cd3e.md (7861 bytes)
  ✓ https://nfct.org.il/blog/movies/%D7%95%D7%99%D7%98%D7%94-%D7%90%D7%A7%D7%98%D7%99%D7%91%D7%94-%D7%A8%D7%95%D7%97-%D7%94%D7%93%D7%99%D7%A0%D7%90-%D7%90%D7%A8%D7%90%D7%A0%D7%98/ → nfct__blog_movies_D7_95_D7_99_D7_98_D7_94-_D7_90_D7_A7_D7_98_D7_99_D7_91_D7_94-_D7_A8___19fc2d12.md (7897 bytes)
  ✓ https://nfct.org.il/blog/movies/%D7%95%D7%99%D7%99%D7%91%D7%A1-%D7%98%D7%95%D7%91%D7%99%D7%9D/ → nfct__blog_movies_D7_95_D7_99_D7_99_D7_91_D7_A1-_D7_98_D7_95_D7_91_D7_99_D7_9D__04e64f80.md (7654 bytes)
  ✓ https://nfct.org.il/blog/movies/%D7%95%D7%99%D7%98%D7%94-%D7%90%D7%A7%D7%98%D7%99%D7%91%D7%94-%D7%A8%D7%95%D7%97-%D7%94%D7%93%D7%99%D7%90%D7%9C%D7%95%D7%92-%D7%A9%D7%9C-%D7%97%D7%A0%D7%94-%D7%90%D7%A8%D7%A0%D7%93%D7%98/ → nfct__blog_movies_D7_95_D7_99_D7_98_D7_94-_D7_90_D7_A7_D7_98_D7_99_D7_91_D7_94-_D7_A8___cce0f7f6.md (8609 bytes)
  ✓ https://nfct.org.il/blog/movies/%D7%95%D7%99%D7%98%D7%94-%D7%90%D7%A7%D7%98%D7%99%D7%91%D7%94-%D7%A8%D7%95%D7%97-%D7%94%D7%93%D7%94-%D7%90%D7%A8%D7%90%D7%A0%D7%98/ → nfct__blog_movies_D7_95_D7_99_D7_98_D7_94-_D7_90_D7_A7_D7_98_D7_99_D7_91_D7_94-_D7_A8___e209ddbb.md (8470 bytes)
  ✓ https://nfct.org.il/blog/movies/%D7%95%D7%A0%D7%A2%D7%91%D7%95%D7%A8-%D7%9C%D7%A4%D7%A8%D7%A1%D7%95%D7%9E%D7%95%D7%AA%E2%80%A6/ → nfct__blog_movies_D7_95_D7_A0_D7_A2_D7_91_D7_95_D7_A8-_D7_9C_D7_A4_D7_A8_D7_A1_D7_95_D__0e07cca2.md (7753 bytes)
  ✓ https://nfct.org.il/blog/movies/%D7%95%D7%99%D7%A4%D7%90%D7%A1%D7%90%D7%A0%D7%94/ → nfct__blog_movies_D7_95_D7_99_D7_A4_D7_90_D7_A1_D7_90_D7_A0_D7_94__06adc824.md (7615 bytes)
  ✓ https://nfct.org.il/blog/movies/%D7%95%D7%A8%D7%95%D7%93%D7%94-%D7%92%D7%91%D7%A8%D7%AA/ → nfct__blog_movies_D7_95_D7_A8_D7_95_D7_93_D7_94-_D7_92_D7_91_D7_A8_D7_AA__38f79cca.md (7636 bytes)
  ✓ https://nfct.org.il/blog/movies/%D7%95%D7%A8%D7%95%D7%93-%D7%92%D7%91%D7%A8%D7%AA/ → nfct__blog_movies_D7_95_D7_A8_D7_95_D7_93-_D7_92_D7_91_D7_A8_D7_AA__e241e1c8.md (7618 bytes)
  ✓ https://nfct.org.il/blog/movies/%D7%95%D7%A0%D7%A6%D7%95%D7%90%D7%9C%D7%94/ → nfct__blog_movies_D7_95_D7_A0_D7_A6_D7_95_D7_90_D7_9C_D7_94__44869789.md (8206 bytes)
  ✓ https://nfct.org.il/blog/movies/%D7%95%D7%AA%D7%99%D7%A7%D7%99%D7%9D-%D7%9E%D7%A2%D7%99%D7%9C-%D7%9E%D7%9C%D7%90-%D7%9E%D7%93%D7%9C%D7%99%D7%94/ → nfct__blog_movies_D7_95_D7_AA_D7_99_D7_A7_D7_99_D7_9D-_D7_9E_D7_A2_D7_99_D7_9C-_D7_9E___d8171b34.md (8384 bytes)
  ✓ https://nfct.org.il/blog/movies/%D7%95%D7%A8%D7%95%D7%93%D7%94/ → nfct__blog_movies_D7_95_D7_A8_D7_95_D7_93_D7_94__ed037b10.md (8170 bytes)
  ✓ https://nfct.org.il/blog/movies/%D7%95-%D7%A0%D7%A2%D7%91%D7%95%D7%A8-%D7%9C%D7%A4%D7%A8%D7%A1%D7%95%D7%9E%D7%95%D7%AA%E2%80%A6/ → nfct__blog_movies_D7_95-_D7_A0_D7_A2_D7_91_D7_95_D7_A8-_D7_9C_D7_A4_D7_A8_D7_A1_D7_95___a29509b8.md (8336 bytes)
  ✓ https://nfct.org.il/blog/movies/%D7%96%D7%94%D7%91%D7%94-%D7%91%D7%9F-%E2%80%93-%D7%94%D7%9B%D7%95%D7%9B%D7%91%D7%AA-%D7%94%D7%91%D7%95%D7%93%D7%93%D7%94/ → nfct__blog_movies_D7_96_D7_94_D7_91_D7_94-_D7_91_D7_9F-_E2_80_93-_D7_94_D7_9B_D7_95_D7__4ab8901b.md (7834 bytes)
  ✓ https://nfct.org.il/blog/movies/%D7%96%D7%94%D7%91%D7%94-%D7%91%D7%9F-%E2%80%93-%D7%94%D7%9B%D7%95%D7%9B%D7%91-%D7%94%D7%91%D7%95%D7%93%D7%93/ → nfct__blog_movies_D7_96_D7_94_D7_91_D7_94-_D7_91_D7_9F-_E2_80_93-_D7_94_D7_9B_D7_95_D7__f06f78aa.md (8407 bytes)
  ✓ https://nfct.org.il/blog/movies/%D7%96%D7%94%D7%91%D7%94-%D7%91%D7%9F--%D7%9B%D7%95%D7%9B%D7%91-%D7%90%D7%97%D7%93-%D7%9C%D7%91%D7%93/ → nfct__blog_movies_D7_96_D7_94_D7_91_D7_94-_D7_91_D7_9F--_D7_9B_D7_95_D7_9B_D7_91-_D7_9__a5db226c.md (15428 bytes)
  ✓ https://nfct.org.il/blog/movies/%D7%96%D7%94%D7%91%D7%94-%D7%91%D7%9F---%D7%94%D7%9B%D7%95%D7%9B%D7%91-%D7%94%D7%91%D7%95%D7%93%D7%93/ → nfct__blog_movies_D7_96_D7_94_D7_91_D7_94-_D7_91_D7_9F---_D7_94_D7_9B_D7_95_D7_9B_D7_9__1f3c7672.md (8354 bytes)
  ✓ https://nfct.org.il/blog/movies/%D7%96%D7%94%D7%91%D7%94-%D7%91%D7%9F---%D7%9B%D7%95%D7%9B%D7%91-%D7%90%D7%97%D7%93-%D7%9C%D7%91%D7%93/ → nfct__blog_movies_D7_96_D7_94_D7_91_D7_94-_D7_91_D7_9F---_D7_9B_D7_95_D7_9B_D7_91-_D7___f4fd9ecb.md (15431 bytes)
  ✓ https://nfct.org.il/blog/movies/%D7%96%D7%94%D7%95-%D7%90%D7%A8%D7%A6%D7%99/ → nfct__blog_movies_D7_96_D7_94_D7_95-_D7_90_D7_A8_D7_A6_D7_99__dbe8847b.md (7600 bytes)
  ✓ https://nfct.org.il/blog/movies/%D7%96%D7%94%D7%95%D7%AA-%D7%9B%D7%A4%D7%95%D7%9C%D7%94/ → nfct__blog_movies_D7_96_D7_94_D7_95_D7_AA-_D7_9B_D7_A4_D7_95_D7_9C_D7_94__16eb9ebf.md (7636 bytes)
  ✗ https://nfct.org.il/blog/movies/%D7%96%D7%94-%D7%94%D7%90%D7%A8%D7%A5-%D7%A9%D7%9C%D7%99/: 429 Client Error: Too Many Requests for url: https://crawl4ai-wrapper-559961100092.europe-west1.run.app/scrape
  ✓ https://nfct.org.il/blog/movies/%D7%96%D7%94%D7%95-%D7%94%D7%90%D7%A8%D7%A5-%D7%A9%D7%9C%D7%99/ → nfct__blog_movies_D7_96_D7_94_D7_95-_D7_94_D7_90_D7_A8_D7_A5-_D7_A9_D7_9C_D7_99__f1ed6031.md (7657 bytes)
  ✓ https://nfct.org.il/blog/movies/%D7%96%D7%94%D7%91%D7%94-%D7%91%D7%9F---%D7%94%D7%9B%D7%95%D7%9B%D7%91%D7%AA-%D7%94%D7%91%D7%95%D7%93%D7%93%D7%94/ → nfct__blog_movies_D7_96_D7_94_D7_91_D7_94-_D7_91_D7_9F---_D7_94_D7_9B_D7_95_D7_9B_D7_9__f9472f91.md (8419 bytes)
  ✓ https://nfct.org.il/blog/movies/%D7%96%D7%94%D7%A8---%D7%94%D7%A9%D7%99%D7%91%D7%94/ → nfct__blog_movies_D7_96_D7_94_D7_A8---_D7_94_D7_A9_D7_99_D7_91_D7_94__60d1daed.md (7624 bytes)
  ✓ https://nfct.org.il/blog/movies/%D7%96%D7%94%D7%A8---%D7%94%D7%97%D7%96%D7%A8%D7%94/ → nfct__blog_movies_D7_96_D7_94_D7_A8---_D7_94_D7_97_D7_96_D7_A8_D7_94__11aa87fc.md (7624 bytes)
  ✓ https://nfct.org.il/blog/movies/%D7%96%D7%94-%D7%A7%D7%A6%D7%AA-%D7%9E%D7%A4%D7%97%D7%99%D7%93-%D7%90%D7%95%D7%AA%D7%99/ → nfct__blog_movies_D7_96_D7_94-_D7_A7_D7_A6_D7_AA-_D7_9E_D7_A4_D7_97_D7_99_D7_93-_D7_90__3deaa756.md (7732 bytes)
  ✓ https://nfct.org.il/blog/movies/%D7%96%D7%94-%D7%A7%D7%A8%D7%94-%D7%A2%D7%9C-%D7%90%D7%93%D7%9E%D7%AA%D7%A0%D7%95/ → nfct__blog_movies_D7_96_D7_94-_D7_A7_D7_A8_D7_94-_D7_A2_D7_9C-_D7_90_D7_93_D7_9E_D7_AA__5bc5eb57.md (7714 bytes)
  ✓ https://nfct.org.il/blog/movies/%D7%96%D7%94-%D7%A9%D7%9C%D7%99/ → nfct__blog_movies_D7_96_D7_94-_D7_A9_D7_9C_D7_99__2f7cc800.md (8144 bytes)
  ✓ https://nfct.org.il/blog/movies/%D7%96%D7%94-%D7%A7%D7%A8%D7%94-%D7%91%D7%90%D7%93%D7%9E%D7%AA%D7%A0%D7%95/ → nfct__blog_movies_D7_96_D7_94-_D7_A7_D7_A8_D7_94-_D7_91_D7_90_D7_93_D7_9E_D7_AA_D7_A0___4e749e3b.md (8302 bytes)
  ✓ https://nfct.org.il/blog/movies/%D7%96%D7%94-%D7%A7%D7%A8%D7%94-%D7%91%D7%90%D7%93%D7%9E%D7%94-%D7%A9%D7%9C%D7%A0%D7%95/ → nfct__blog_movies_D7_96_D7_94-_D7_A7_D7_A8_D7_94-_D7_91_D7_90_D7_93_D7_9E_D7_94-_D7_A9__e433521c.md (8341 bytes)
  ✓ https://nfct.org.il/blog/movies/%D7%96%D7%95%D7%94%D7%A8-%E2%80%93-%D7%94%D7%A9%D7%99%D7%91%D7%94/ → nfct__blog_movies_D7_96_D7_95_D7_94_D7_A8-_E2_80_93-_D7_94_D7_A9_D7_99_D7_91_D7_94__d959c1ff.md (8246 bytes)
  ✓ https://nfct.org.il/blog/movies/%D7%96%D7%94-%D7%A8%D7%A7-%D7%90%D7%A0%D7%99/ → nfct__blog_movies_D7_96_D7_94-_D7_A8_D7_A7-_D7_90_D7_A0_D7_99__6cc58ff9.md (8212 bytes)
  ✓ https://nfct.org.il/blog/movies/%D7%96%D7%95%D7%9C%D7%A0%D7%93/ → nfct__blog_movies_D7_96_D7_95_D7_9C_D7_A0_D7_93__4e23d5b3.md (7561 bytes)
  ✓ https://nfct.org.il/blog/movies/%D7%96%D7%95%D7%92-%D7%96%D7%95%D7%92/ → nfct__blog_movies_D7_96_D7_95_D7_92-_D7_96_D7_95_D7_92__9325b8e1.md (8162 bytes)
  ✓ https://nfct.org.il/blog/movies/%D7%96%D7%96%D7%9C%D7%A0%D7%93/ → nfct__blog_movies_D7_96_D7_96_D7_9C_D7_A0_D7_93__8f13be57.md (7561 bytes)
  ✓ https://nfct.org.il/blog/movies/%D7%96%D7%99%D7%9B%D7%A8%D7%95%D7%9F-%D7%93%D7%91%D7%A8%D7%99%D7%9D-%D7%A4%D7%A1%D7%99%D7%9B%D7%93%D7%9C%D7%99/ → nfct__blog_movies_D7_96_D7_99_D7_9B_D7_A8_D7_95_D7_9F-_D7_93_D7_91_D7_A8_D7_99_D7_9D-___bd3d5a81.md (7801 bytes)
  ✓ https://nfct.org.il/blog/movies/%D7%96%D7%99%D7%9B%D7%A8%D7%95%D7%9F-%D7%92%D7%95%D7%A3/ → nfct__blog_movies_D7_96_D7_99_D7_9B_D7_A8_D7_95_D7_9F-_D7_92_D7_95_D7_A3__4bed1b5e.md (8216 bytes)
  ✓ https://nfct.org.il/blog/movies/%D7%96%D7%96%D7%90%D7%9C%D7%A0%D7%93/ → nfct__blog_movies_D7_96_D7_96_D7_90_D7_9C_D7_A0_D7_93__daac0a9d.md (7579 bytes)
  ✓ https://nfct.org.il/blog/movies/%D7%96%D7%9E%D7%9F-%D7%97%D7%95%D7%91%D7%94/ → nfct__blog_movies_D7_96_D7_9E_D7_9F-_D7_97_D7_95_D7_91_D7_94__46daf87c.md (7600 bytes)
  ✓ https://nfct.org.il/blog/movies/%D7%96%D7%9E%D7%9F-%D7%97%D7%A1%D7%93/ → nfct__blog_movies_D7_96_D7_9E_D7_9F-_D7_97_D7_A1_D7_93__79dff1ff.md (8162 bytes)
  ✓ https://nfct.org.il/blog/movies/%D7%96%D7%9E%D7%A0%D7%99%D7%AA-%D7%94%D7%95%D7%A1%D7%A8/ → nfct__blog_movies_D7_96_D7_9E_D7_A0_D7_99_D7_AA-_D7_94_D7_95_D7_A1_D7_A8__bbf5416b.md (8216 bytes)
  ✓ https://nfct.org.il/blog/movies/%D7%96%D7%9B%D7%A8%D7%95%D7%A0%D7%95%D7%AA-%D7%A9%D7%98%D7%95%D7%A4%D7%99%D7%9D/ → nfct__blog_movies_D7_96_D7_9B_D7_A8_D7_95_D7_A0_D7_95_D7_AA-_D7_A9_D7_98_D7_95_D7_A4_D__51392351.md (8288 bytes)
  ✓ https://nfct.org.il/blog/movies/%D7%96%D7%9E%D7%A0%D7%99%D7%9D-%D7%A8%D7%A2%D7%99%D7%9D/ → nfct__blog_movies_D7_96_D7_9E_D7_A0_D7_99_D7_9D-_D7_A8_D7_A2_D7_99_D7_9D__a705ea09.md (7636 bytes)
  ✓ https://nfct.org.il/blog/movies/%D7%96%D7%9E%D7%9F-%D7%9E%D7%91%D7%97%D7%9F/ → nfct__blog_movies_D7_96_D7_9E_D7_9F-_D7_9E_D7_91_D7_97_D7_9F__b6b5f2fe.md (8180 bytes)
  ✓ https://nfct.org.il/blog/movies/%D7%96%D7%A2%D7%A7%D7%94/ → nfct__blog_movies_D7_96_D7_A2_D7_A7_D7_94__492ea919.md (7543 bytes)
  ✓ https://nfct.org.il/blog/movies/%D7%96%D7%9E%D7%A8-%D7%99%D7%95%D7%95%D7%A0%D7%99/ → nfct__blog_movies_D7_96_D7_9E_D7_A8-_D7_99_D7_95_D7_95_D7_A0_D7_99__8b4bfd61.md (7618 bytes)
  ✓ https://nfct.org.il/blog/movies/%D7%96%D7%A0%D7%96%D7%99%D7%91%D7%A8/ → nfct__blog_movies_D7_96_D7_A0_D7_96_D7_99_D7_91_D7_A8__43439338.md (7579 bytes)
  ✓ https://nfct.org.il/blog/movies/%D7%96%D7%A2%D7%A7%D7%95%D7%AA-%D7%9C%D7%A4%D7%A0%D7%99-%D7%94%D7%A9%D7%A7%D7%98/ → nfct__blog_movies_D7_96_D7_A2_D7_A7_D7_95_D7_AA-_D7_9C_D7_A4_D7_A0_D7_99-_D7_94_D7_A9___95114528.md (7711 bytes)
  ✓ https://nfct.org.il/blog/movies/%D7%96%D7%A2%D7%A7%D7%95%D7%AA-%D7%9C%D7%A4%D7%A0%D7%99-%D7%A9%D7%A7%D7%98/ → nfct__blog_movies_D7_96_D7_A2_D7_A7_D7_95_D7_AA-_D7_9C_D7_A4_D7_A0_D7_99-_D7_A9_D7_A7___fd7ec06a.md (7693 bytes)
  ✗ https://nfct.org.il/blog/movies/%D7%96%D7%A0%D7%98/: 429 Client Error: Too Many Requests for url: https://crawl4ai-wrapper-559961100092.europe-west1.run.app/scrape
  ✓ https://nfct.org.il/blog/movies/%D7%96%D7%A8%D7%99%D7%9E%D7%94-%D7%97%D7%95%D7%A4%D7%A9%D7%99%D7%AA/ → nfct__blog_movies_D7_96_D7_A8_D7_99_D7_9E_D7_94-_D7_97_D7_95_D7_A4_D7_A9_D7_99_D7_AA__c4d5cf34.md (8252 bytes)
  ✗ https://nfct.org.il/blog/movies/%D7%96%D7%A2%D7%A7%D7%95%D7%AA-%D7%9C%D7%A4%D7%A0%D7%99-%D7%94%D7%93%D7%9E%D7%9E%D7%94/: 429 Client Error: Too Many Requests for url: https://crawl4ai-wrapper-559961100092.europe-west1.run.app/scrape
  ✓ https://nfct.org.il/blog/movies/%D7%96%D7%A2%D7%A7%D7%95%D7%AA-%D7%9C%D7%A4%D7%A0%D7%99-%D7%93%D7%9E%D7%9E%D7%94/ → nfct__blog_movies_D7_96_D7_A2_D7_A7_D7_95_D7_AA-_D7_9C_D7_A4_D7_A0_D7_99-_D7_93_D7_9E___4f8af2ec.md (7711 bytes)
  ✓ https://nfct.org.il/blog/movies/%D7%97%D7%91%D7%9C%D7%94/ → nfct__blog_movies_D7_97_D7_91_D7_9C_D7_94__bbcc0591.md (7543 bytes)
  ✓ https://nfct.org.il/blog/movies/%D7%97%D7%91%D7%A8%D7%99%D7%9D-%D7%A9%D7%9C-%D7%A0%D7%93%D7%99%D7%94/ → nfct__blog_movies_D7_97_D7_91_D7_A8_D7_99_D7_9D-_D7_A9_D7_9C-_D7_A0_D7_93_D7_99_D7_94__1ed72289.md (7675 bytes)
  ✓ https://nfct.org.il/blog/movies/%D7%96%D7%A8%D7%A2%D7%99%D7%9D-%D7%A9%D7%9C-%D7%A7%D7%99%D7%A5/ → nfct__blog_movies_D7_96_D7_A8_D7_A2_D7_99_D7_9D-_D7_A9_D7_9C-_D7_A7_D7_99_D7_A5__8cb54ba2.md (7657 bytes)
  ✓ https://nfct.org.il/blog/movies/%D7%97%D7%91%D7%A8-%D7%93%D7%91/ → nfct__blog_movies_D7_97_D7_91_D7_A8-_D7_93_D7_91__bb118af3.md (7564 bytes)
  ✓ https://nfct.org.il/blog/movies/%D7%97%D7%91%D7%A8-%D7%A2%D7%A8%D7%91%D7%99-%D7%A9%D7%9C%D7%99/ → nfct__blog_movies_D7_97_D7_91_D7_A8-_D7_A2_D7_A8_D7_91_D7_99-_D7_A9_D7_9C_D7_99__db6e928f.md (8237 bytes)
  ✓ https://nfct.org.il/blog/movies/%D7%97%D7%93%D7%A8-%D7%94%D7%90%D7%91-%D7%94%D7%A7%D7%93%D7%95%D7%A9/ → nfct__blog_movies_D7_97_D7_93_D7_A8-_D7_94_D7_90_D7_91-_D7_94_D7_A7_D7_93_D7_95_D7_A9__b0c8b165.md (7675 bytes)
  ✓ https://nfct.org.il/blog/movies/%D7%96%D7%A8%D7%A2%D7%99-%D7%A7%D7%A5/ → nfct__blog_movies_D7_96_D7_A8_D7_A2_D7_99-_D7_A7_D7_A5__7527fb85.md (7582 bytes)
  ✓ https://nfct.org.il/blog/movies/%D7%97%D7%93%D7%A8-%D7%94%D7%90%D7%91-%D7%94%D7%A7%D7%93%D7%9E%D7%95%D7%9F/ → nfct__blog_movies_D7_97_D7_93_D7_A8-_D7_94_D7_90_D7_91-_D7_94_D7_A7_D7_93_D7_9E_D7_95___2c9e5673.md (7693 bytes)
  ✓ https://nfct.org.il/blog/movies/%D7%97%D7%91%D7%95%D7%A8%D7%AA-%D7%94%D7%A9%D7%95%D7%A7%D7%95%D7%9C%D7%93/ → nfct__blog_movies_D7_97_D7_91_D7_95_D7_A8_D7_AA-_D7_94_D7_A9_D7_95_D7_A7_D7_95_D7_9C_D__e2bf2142.md (8270 bytes)
  ✓ https://nfct.org.il/blog/movies/%D7%97%D7%92-%D7%90%D7%9C-%D7%A2%D7%95%D7%A8%D7%A4%D7%99/ → nfct__blog_movies_D7_97_D7_92-_D7_90_D7_9C-_D7_A2_D7_95_D7_A8_D7_A4_D7_99__fdee7def.md (7639 bytes)
  ✓ https://nfct.org.il/blog/movies/%D7%97%D7%93%D7%A8-%D7%9E%D7%93%D7%A8%D7%92%D7%95%D7%AA/ → nfct__blog_movies_D7_97_D7_93_D7_A8-_D7_9E_D7_93_D7_A8_D7_92_D7_95_D7_AA__eb198136.md (8216 bytes)
  ✓ https://nfct.org.il/blog/movies/%D7%97%D7%93%D7%A8-%D7%94%D7%A4%D7%98%D7%A8%D7%99%D7%90%D7%A8%D7%9A/ → nfct__blog_movies_D7_97_D7_93_D7_A8-_D7_94_D7_A4_D7_98_D7_A8_D7_99_D7_90_D7_A8_D7_9A__64ae302e.md (7672 bytes)
  ✓ https://nfct.org.il/blog/movies/%D7%97%D7%93%D7%A8-%D7%9E%D7%AA%D7%99%D7%9D/ → nfct__blog_movies_D7_97_D7_93_D7_A8-_D7_9E_D7_AA_D7_99_D7_9D__ac2767c9.md (7600 bytes)
  ✓ https://nfct.org.il/blog/movies/%D7%97%D7%95%D7%95%D7%94-%D7%97%D7%95%D7%A4%D7%A9-%D7%A2%D7%95%D7%A0%D7%94-2/ → nfct__blog_movies_D7_97_D7_95_D7_95_D7_94-_D7_97_D7_95_D7_A4_D7_A9-_D7_A2_D7_95_D7_A0___c8ba03aa.md (7699 bytes)
  ✓ https://nfct.org.il/blog/movies/%D7%97%D7%95%D7%95%D7%AA-%D7%93%D7%A2%D7%AA-%D7%94%D7%97%D7%99%D7%99%D7%9C/ → nfct__blog_movies_D7_97_D7_95_D7_95_D7_AA-_D7_93_D7_A2_D7_AA-_D7_94_D7_97_D7_99_D7_99___72314f3b.md (7693 bytes)
  ✓ https://nfct.org.il/blog/movies/%D7%97%D7%93%D7%A8/ → nfct__blog_movies_D7_97_D7_93_D7_A8__d5089f29.md (13190 bytes)
  ✓ https://nfct.org.il/blog/movies/%D7%97%D7%95%D7%95%D7%AA-%D7%97%D7%95%D7%A4%D7%A9-%D7%A2%D7%95%D7%A0%D7%94-2/ → nfct__blog_movies_D7_97_D7_95_D7_95_D7_AA-_D7_97_D7_95_D7_A4_D7_A9-_D7_A2_D7_95_D7_A0___ede4c8e8.md (7699 bytes)
  ✗ https://nfct.org.il/blog/movies/%D7%97%D7%95%D7%95%D7%AA-%D7%94%D7%99%D7%9C%D7%93%D7%99%D7%9D-%D7%90%D7%A0%D7%99-%D7%9C%D7%90-%D7%92%D7%95%D7%A3-%D7%90%D7%99%D7%9F-%D7%9C%D7%99-%D7%92%D7%95%D7%A3/: 429 Client Error: Too Many Requests for url: https://crawl4ai-wrapper-559961100092.europe-west1.run.app/scrape
  ✓ https://nfct.org.il/blog/movies/%D7%97%D7%95%D7%95%D7%AA-%D7%93%D7%A8%D7%95%D7%A8-%D7%A2%D7%95%D7%A0%D7%94-2/ → nfct__blog_movies_D7_97_D7_95_D7_95_D7_AA-_D7_93_D7_A8_D7_95_D7_A8-_D7_A2_D7_95_D7_A0___44c44a59.md (7699 bytes)
  ✓ https://nfct.org.il/blog/movies/%D7%97%D7%95%D7%9C%D7%AA%D7%94/ → nfct__blog_movies_D7_97_D7_95_D7_9C_D7_AA_D7_94__988c83e3.md (8141 bytes)
  ✓ https://nfct.org.il/blog/movies/%D7%97%D7%95%D7%A3-%D7%9B%D7%A9%D7%A8/ → nfct__blog_movies_D7_97_D7_95_D7_A3-_D7_9B_D7_A9_D7_A8__555361dd.md (7582 bytes)
  ✗ https://nfct.org.il/blog/movies/%D7%97%D7%95%D7%9E%D7%94-%D7%A9%D7%9C-%D7%99%D7%A2%D7%A7%D7%91/: 429 Client Error: Too Many Requests for url: https://crawl4ai-wrapper-559961100092.europe-west1.run.app/scrape
  ✗ https://nfct.org.il/blog/movies/%D7%97%D7%95%D7%9E%D7%AA-%D7%94%D7%94%D7%A4%D7%A8%D7%93%D7%94/: 429 Client Error: Too Many Requests for url: https://crawl4ai-wrapper-559961100092.europe-west1.run.app/scrape
  ✓ https://nfct.org.il/blog/movies/%D7%97%D7%95%D7%A4%D7%A9%D7%AA-%D7%94%D7%91%D7%A8%D7%90%D7%94/ → nfct__blog_movies_D7_97_D7_95_D7_A4_D7_A9_D7_AA-_D7_94_D7_91_D7_A8_D7_90_D7_94__16d64bd3.md (9614 bytes)
  ✓ https://nfct.org.il/blog/movies/%D7%97%D7%95%D7%A9%D7%A0%D7%99%D7%94-%E2%80%93-%D7%A1%D7%95%D7%93%D7%95%D7%AA-%D7%9E%D7%9C%D7%97%D7%9E%D7%94/ → nfct__blog_movies_D7_97_D7_95_D7_A9_D7_A0_D7_99_D7_94-_E2_80_93-_D7_A1_D7_95_D7_93_D7___68a452e2.md (8375 bytes)
  ✓ https://nfct.org.il/blog/movies/%D7%97%D7%95%D7%A9%D7%A0%D7%99%D7%94---%D7%A1%D7%95%D7%93%D7%95%D7%AA-%D7%9E%D7%9C%D7%97%D7%9E%D7%94/ → nfct__blog_movies_D7_97_D7_95_D7_A9_D7_A0_D7_99_D7_94---_D7_A1_D7_95_D7_93_D7_95_D7_AA__21ac9b31.md (14662 bytes)
  ✓ https://nfct.org.il/blog/movies/%D7%97%D7%95%D7%AA%D7%9B%D7%99%D7%9D-%D7%99%D7%A9%D7%A8/ → nfct__blog_movies_D7_97_D7_95_D7_AA_D7_9B_D7_99_D7_9D-_D7_99_D7_A9_D7_A8__bfc7b37f.md (8245 bytes)
  ✓ https://nfct.org.il/blog/movies/%D7%97%D7%95%D7%AA%D7%9A-%D7%90%D7%AA-%D7%94%D7%9B%D7%90%D7%91/ → nfct__blog_movies_D7_97_D7_95_D7_AA_D7_9A-_D7_90_D7_AA-_D7_94_D7_9B_D7_90_D7_91__9191e8c8.md (7657 bytes)
  ✓ https://nfct.org.il/blog/movies/%D7%97%D7%96%D7%95%D7%A8/ → nfct__blog_movies_D7_97_D7_96_D7_95_D7_A8__c487c2dc.md (8123 bytes)
  ✓ https://nfct.org.il/blog/movies/%D7%97%D7%95%D7%AA%D7%9B%D7%99%D7%9D-%D7%9C%D7%A2%D7%A0%D7%99%D7%99%D7%9F/ → nfct__blog_movies_D7_97_D7_95_D7_AA_D7_9B_D7_99_D7_9D-_D7_9C_D7_A2_D7_A0_D7_99_D7_99_D__001e5b1f.md (7690 bytes)
  ✓ https://nfct.org.il/blog/movies/%D7%97%D7%96%D7%99%D7%95%D7%A0%D7%95%D7%AA-%D7%9C%D7%9C%D7%90-%D7%94%D7%A4%D7%A1%D7%A7%D7%94/ → nfct__blog_movies_D7_97_D7_96_D7_99_D7_95_D7_A0_D7_95_D7_AA-_D7_9C_D7_9C_D7_90-_D7_94___1df5f6ac.md (7747 bytes)
  ✓ https://nfct.org.il/blog/movies/%D7%97%D7%96%D7%A8%D7%94-%D7%91%D7%A9%D7%90%D7%9C%D7%94/ → nfct__blog_movies_D7_97_D7_96_D7_A8_D7_94-_D7_91_D7_A9_D7_90_D7_9C_D7_94__61ad9e1e.md (7636 bytes)
  ✓ https://nfct.org.il/blog/movies/%D7%97%D7%96%D7%94/ → nfct__blog_movies_D7_97_D7_96_D7_94__fbb4562d.md (8134 bytes)
  ✓ https://nfct.org.il/blog/movies/%D7%97%D7%96%D7%A8%D7%95%D7%AA-%D7%9C%D7%99%D7%A6%D7%99%D7%90%D7%94/ → nfct__blog_movies_D7_97_D7_96_D7_A8_D7_95_D7_AA-_D7_9C_D7_99_D7_A6_D7_99_D7_90_D7_94__336230dc.md (7672 bytes)
  ✓ https://nfct.org.il/blog/movies/%D7%97%D7%96%D7%A8%D7%94/ → nfct__blog_movies_D7_97_D7_96_D7_A8_D7_94__ed69caf5.md (8123 bytes)
  ✓ https://nfct.org.il/blog/movies/%D7%97%D7%96%D7%A8%D7%95%D7%AA-%D7%92%D7%A0%D7%A8%D7%9C%D7%99%D7%95%D7%AA-%D7%9C%D7%99%D7%A6%D7%99%D7%90%D7%94/ → nfct__blog_movies_D7_97_D7_96_D7_A8_D7_95_D7_AA-_D7_92_D7_A0_D7_A8_D7_9C_D7_99_D7_95_D__ad6bc362.md (7801 bytes)
  ✓ https://nfct.org.il/blog/movies/%D7%97%D7%98%D7%99%D7%A4%D7%AA-%D7%A1%D7%91%D7%A0%D7%94---%D7%94%D7%92%D7%A8%D7%A1%D7%94-%D7%A9%D7%9C%D7%99/ → nfct__blog_movies_D7_97_D7_98_D7_99_D7_A4_D7_AA-_D7_A1_D7_91_D7_A0_D7_94---_D7_94_D7_9__0766bcc9.md (7792 bytes)
  ✓ https://nfct.org.il/blog/movies/%D7%97%D7%99%D7%93%D7%AA-%D7%A9%D7%91%D7%90%D7%96%D7%99/ → nfct__blog_movies_D7_97_D7_99_D7_93_D7_AA-_D7_A9_D7_91_D7_90_D7_96_D7_99__35089658.md (8216 bytes)
  ✓ https://nfct.org.il/blog/movies/%D7%97%D7%99%D7%95%D7%9A-%D7%A9%D7%9C-%D7%9B%D7%99%D7%90%D7%A8%D7%94/ → nfct__blog_movies_D7_97_D7_99_D7_95_D7_9A-_D7_A9_D7_9C-_D7_9B_D7_99_D7_90_D7_A8_D7_94__fb905376.md (7675 bytes)
  ✓ https://nfct.org.il/blog/movies/%D7%97%D7%96%D7%A8%D7%94-%D7%9C%D7%9E%D7%A2%D7%9E%D7%93-%D7%94%D7%A4%D7%95%D7%A2%D7%9C%D7%99%D7%9D/ → nfct__blog_movies_D7_97_D7_96_D7_A8_D7_94-_D7_9C_D7_9E_D7_A2_D7_9E_D7_93-_D7_94_D7_A4___11bbbee0.md (7765 bytes)
  ✓ https://nfct.org.il/blog/movies/%D7%97%D7%99%D7%95%D7%9B%D7%94-%D7%A9%D7%9C-%D7%97%D7%99%D7%99%D7%A8%D7%94/ → nfct__blog_movies_D7_97_D7_99_D7_95_D7_9B_D7_94-_D7_A9_D7_9C-_D7_97_D7_99_D7_99_D7_A8___c781a9ea.md (8273 bytes)
  ✓ https://nfct.org.il/blog/movies/%D7%97%D7%99%D7%96%D7%95%D7%A8/ → nfct__blog_movies_D7_97_D7_99_D7_96_D7_95_D7_A8__5c2fa6c5.md (7561 bytes)
  ✓ https://nfct.org.il/blog/movies/%D7%97%D7%96%D7%A8%D7%95%D7%AA-%D7%9C%D7%A7%D7%A8%D7%90%D7%AA-%D7%99%D7%A6%D7%99%D7%90%D7%94/ → nfct__blog_movies_D7_97_D7_96_D7_A8_D7_95_D7_AA-_D7_9C_D7_A7_D7_A8_D7_90_D7_AA-_D7_99___1cd395d0.md (7747 bytes)
  ✓ https://nfct.org.il/blog/movies/%D7%97%D7%99%D7%99%D7%94-%D7%95%D7%98%D7%A8%D7%92%D7%93%D7%99%D7%94-%D7%A9%D7%9C-%D7%98%D7%98%D7%99%D7%90%D7%A0%D7%94-%D7%97%D7%99%D7%99%D7%A7%D7%99%D7%9F/ → nfct__blog_movies_D7_97_D7_99_D7_99_D7_94-_D7_95_D7_98_D7_A8_D7_92_D7_93_D7_99_D7_94-___9c5a0a20.md (7933 bytes)
  ✓ https://nfct.org.il/blog/movies/%D7%97%D7%99%D7%99%D7%94-%D7%95%D7%98%D7%A8%D7%92-%D0%B5%D1%91-%D7%A9%D7%9C-%D7%98%D7%98%D7%99%D7%90%D7%A0%D7%94-%D7%94%D7%99%D7%99%D7%A7%D7%99%D7%9F/ → nfct__blog_movies_D7_97_D7_99_D7_99_D7_94-_D7_95_D7_98_D7_A8_D7_92-_D0_B5_D1_91-_D7_A9__5763a315.md (7918 bytes)
  ✓ https://nfct.org.il/blog/movies/%D7%97%D7%99%D7%93%D7%AA-%D7%A9%D7%90%D7%91%D7%90%D7%96%D7%99/ → nfct__blog_movies_D7_97_D7_99_D7_93_D7_AA-_D7_A9_D7_90_D7_91_D7_90_D7_96_D7_99__d2304854.md (8234 bytes)
  ✗ https://nfct.org.il/blog/movies/%D7%97%D7%99%D7%99%D7%9D-%D7%91%D7%90%D7%A9%D7%9C%D7%99%D7%95%D7%AA-%D7%94%D7%A1%D7%99%D7%A4%D7%95%D7%A8-%D7%94%D7%9E%D7%95%D7%A4%D7%9C%D7%90-%D7%A2%D7%9C-%D7%A6%D7%99%D7%A7%D7%95-%D7%95%D7%93%D7%99%D7%A7%D7%95/: 429 Client Error: Too Many Requests for url: https://crawl4ai-wrapper-559961100092.europe-west1.run.app/scrape
  ✓ https://nfct.org.il/blog/movies/%D7%97%D7%99%D7%99%D7%94-%D7%95%D7%98%D7%A8%D7%92-%D0%B5%D1%91-%D7%A9%D7%9C-%D7%98%D7%98%D7%99%D7%90%D7%A0%D7%94-%D7%97%D7%99%D7%A7%D7%99%D7%9F/ → nfct__blog_movies_D7_97_D7_99_D7_99_D7_94-_D7_95_D7_98_D7_A8_D7_92-_D0_B5_D1_91-_D7_A9__9befe7ac.md (7900 bytes)
  ✓ https://nfct.org.il/blog/movies/%D7%97%D7%99%D7%99%D7%95-%D7%9E%D7%9C%D7%90%D7%99-%D7%A9%D7%99%D7%A8-%E2%80%93-%D7%A1%D7%99%D7%A4%D7%95%D7%A8%D7%95-%D7%A9%D7%9C-%D7%90%D7%91%D7%A8%D7%94%D7%9D-%D7%97%D7%9C%D7%A4%D7%99/ → nfct__blog_movies_D7_97_D7_99_D7_99_D7_95-_D7_9E_D7_9C_D7_90_D7_99-_D7_A9_D7_99_D7_A8-__a4e32809.md (8632 bytes)
  ✓ https://nfct.org.il/blog/movies/%D7%97%D7%99%D7%99%D7%9D-%D7%91%D7%A1%D7%A8%D7%98/ → nfct__blog_movies_D7_97_D7_99_D7_99_D7_9D-_D7_91_D7_A1_D7_A8_D7_98__7d6f21c4.md (8198 bytes)
  ✓ https://nfct.org.il/blog/movies/%D7%97%D7%99%D7%99%D7%95-%D7%9E%D7%9C%D7%90%D7%99-%D7%A9%D7%99%D7%A8---%D7%A1%D7%99%D7%A4%D7%95%D7%A8%D7%95-%D7%A9%D7%9C-%D7%90%D7%91%D7%A8%D7%94%D7%9D-%D7%97%D7%9C%D7%A4%D7%99/ → nfct__blog_movies_D7_97_D7_99_D7_99_D7_95-_D7_9E_D7_9C_D7_90_D7_99-_D7_A9_D7_99_D7_A8-__ef3d6b62.md (18830 bytes)
  ✓ https://nfct.org.il/blog/movies/%D7%97%D7%99%D7%99%D7%9D-%D7%91%D7%A1%D7%98%D7%99%D7%9C%D7%A1/ → nfct__blog_movies_D7_97_D7_99_D7_99_D7_9D-_D7_91_D7_A1_D7_98_D7_99_D7_9C_D7_A1__72502871.md (8234 bytes)
  ✓ https://nfct.org.il/blog/movies/%D7%97%D7%99%D7%99%D7%9D-%D7%91%D7%AA%D7%95%D7%9A-%D7%A1%D7%A8%D7%98%D7%99%D7%9D/ → nfct__blog_movies_D7_97_D7_99_D7_99_D7_9D-_D7_91_D7_AA_D7_95_D7_9A-_D7_A1_D7_A8_D7_98___8ef70ddf.md (7711 bytes)
  ✓ https://nfct.org.il/blog/movies/%D7%97%D7%99%D7%99%D7%9D-%D7%91%D7%A7%D7%95%D7%A4%D7%A1%D7%90%D7%95%D7%AA/ → nfct__blog_movies_D7_97_D7_99_D7_99_D7_9D-_D7_91_D7_A7_D7_95_D7_A4_D7_A1_D7_90_D7_95_D__d7d93b76.md (8299 bytes)
  ✓ https://nfct.org.il/blog/movies/%D7%97%D7%99%D7%99%D7%9D-%D7%91%D7%AA%D7%95%D7%9A-%D7%93%D7%99%D7%9E%D7%95%D7%99%D7%99%D7%9D/ → nfct__blog_movies_D7_97_D7_99_D7_99_D7_9D-_D7_91_D7_AA_D7_95_D7_9A-_D7_93_D7_99_D7_9E___ba4249ef.md (8356 bytes)
  ✓ https://nfct.org.il/blog/movies/%D7%97%D7%99%D7%99%D7%9D-%D7%91%D7%A6%D7%9C%D7%97%D7%AA/ → nfct__blog_movies_D7_97_D7_99_D7_99_D7_9D-_D7_91_D7_A6_D7_9C_D7_97_D7_AA__da767494.md (9560 bytes)
  ✓ https://nfct.org.il/blog/movies/%D7%97%D7%99%D7%99-%D7%94%D7%90%D7%A7-%D7%9C%D7%96%D7%95%D7%92%D7%95%D7%AA/ → nfct__blog_movies_D7_97_D7_99_D7_99-_D7_94_D7_90_D7_A7-_D7_9C_D7_96_D7_95_D7_92_D7_95___ae64913b.md (7693 bytes)
  ✓ https://nfct.org.il/blog/movies/%D7%97%D7%99%D7%99%D7%9D-%D7%91%D7%AA%D7%95%D7%9A-%D7%AA%D7%9E%D7%95%D7%A0%D7%95%D7%AA/ → nfct__blog_movies_D7_97_D7_99_D7_99_D7_9D-_D7_91_D7_AA_D7_95_D7_9A-_D7_AA_D7_9E_D7_95___ff84f7ae.md (7729 bytes)
  ✓ https://nfct.org.il/blog/movies/%D7%97%D7%99%D7%99-%D7%95%D7%AA%D7%95%D7%92%D7%AA-%D7%98%D7%98%D7%99%D7%90%D7%A0%D7%94-%D7%97%D7%99%D7%A7%D7%99%D7%9F/ → nfct__blog_movies_D7_97_D7_99_D7_99-_D7_95_D7_AA_D7_95_D7_92_D7_AA-_D7_98_D7_98_D7_99___c66ddce3.md (7822 bytes)
  ✓ https://nfct.org.il/blog/movies/%D7%97%D7%99%D7%99-%D7%A9%D7%99%D7%A8%D7%94-%E2%80%93-%D7%A1%D7%99%D7%A4%D7%95%D7%A8%D7%95-%D7%A9%D7%9C-%D7%90%D7%91%D7%A8%D7%94%D7%9D-%D7%97%D7%9C%D7%A4%D7%99/ → nfct__blog_movies_D7_97_D7_99_D7_99-_D7_A9_D7_99_D7_A8_D7_94-_E2_80_93-_D7_A1_D7_99_D7__9ccbccab.md (7948 bytes)
  ✓ https://nfct.org.il/blog/movies/%D7%97%D7%99%D7%99-%D7%A9%D7%99%D7%A8%D7%94---%D7%A1%D7%99%D7%A4%D7%95%D7%A8%D7%95-%D7%A9%D7%9C-%D7%90%D7%91%D7%A8%D7%94%D7%9D-%D7%97%D7%9C%D7%A4%D7%99/ → nfct__blog_movies_D7_97_D7_99_D7_99-_D7_A9_D7_99_D7_A8_D7_94---_D7_A1_D7_99_D7_A4_D7_9__10fc9454.md (8504 bytes)
  ✓ https://nfct.org.il/blog/movies/%D7%97%D7%99%D7%9C-%D7%94%D7%AA%D7%95%D7%AA%D7%97%D7%A0%D7%99%D7%9D/ → nfct__blog_movies_D7_97_D7_99_D7_9C-_D7_94_D7_AA_D7_95_D7_AA_D7_97_D7_A0_D7_99_D7_9D__f77e5453.md (8252 bytes)
  ✓ https://nfct.org.il/blog/movies/%D7%97%D7%99%D7%AA%D7%95%D7%9A-%D7%94%D7%97%D7%91%D7%9C/ → nfct__blog_movies_D7_97_D7_99_D7_AA_D7_95_D7_9A-_D7_94_D7_97_D7_91_D7_9C__43145a07.md (8216 bytes)
  ✓ https://nfct.org.il/blog/movies/%D7%97%D7%99%D7%99-%D7%9E%D7%97%D7%9E%D7%93/ → nfct__blog_movies_D7_97_D7_99_D7_99-_D7_9E_D7_97_D7_9E_D7_93__51f1d454.md (8209 bytes)
  ✓ https://nfct.org.il/blog/movies/%D7%97%D7%99%D7%AA%D7%95%D7%9A-%D7%97%D7%91%D7%9C/ → nfct__blog_movies_D7_97_D7_99_D7_AA_D7_95_D7_9A-_D7_97_D7_91_D7_9C__1b018aed.md (8198 bytes)
  ✓ https://nfct.org.il/blog/movies/%D7%97%D7%9C%D7%91-%D7%90%D7%9D/ → nfct__blog_movies_D7_97_D7_9C_D7_91-_D7_90_D7_9D__ac74207a.md (8144 bytes)
  ✓ https://nfct.org.il/blog/movies/%D7%97%D7%99%D7%AA%D7%95%D7%9A-%D7%97%D7%95%D7%A4%D7%A9%D7%99-%D7%9E%D7%A1%D7%95%D7%96%D7%99/ → nfct__blog_movies_D7_97_D7_99_D7_AA_D7_95_D7_9A-_D7_97_D7_95_D7_A4_D7_A9_D7_99-_D7_9E___8bd120a5.md (8327 bytes)
  ✓ https://nfct.org.il/blog/movies/%D7%97%D7%9C%D7%95%D7%9D-%D7%9E%D7%99%D7%9D/ → nfct__blog_movies_D7_97_D7_9C_D7_95_D7_9D-_D7_9E_D7_99_D7_9D__da9cfb08.md (8180 bytes)
  ✓ https://nfct.org.il/blog/movies/%D7%97%D7%9C%D7%95%D7%9D-%D7%A9%D7%9C-%D7%90%D7%9E%D7%90-%D7%99%D7%99%D7%93%D7%99%D7%A9/ → nfct__blog_movies_D7_97_D7_9C_D7_95_D7_9D-_D7_A9_D7_9C-_D7_90_D7_9E_D7_90-_D7_99_D7_99__bd273ecc.md (8341 bytes)
  ✓ https://nfct.org.il/blog/movies/%D7%97%D7%9C%D7%95%D7%9E%D7%95%D7%AA-%D7%A9%D7%9C-%D7%93%D7%95%D7%91%D7%99%D7%9D/ → nfct__blog_movies_D7_97_D7_9C_D7_95_D7_9E_D7_95_D7_AA-_D7_A9_D7_9C-_D7_93_D7_95_D7_91___519c6b10.md (8291 bytes)
  ✓ https://nfct.org.il/blog/movies/%D7%97%D7%9C%D7%98%D7%A8%D7%94/ → nfct__blog_movies_D7_97_D7_9C_D7_98_D7_A8_D7_94__83e49364.md (7561 bytes)
  ✓ https://nfct.org.il/blog/movies/%D7%97%D7%9C%D7%95%D7%A7%D7%99%D7%9D-%D7%9C%D7%91%D7%A0%D7%99%D7%9D-%D7%9E%D7%9B%D7%A0%D7%A1%D7%99%D7%99%D7%9D-%D7%9B%D7%97%D7%95%D7%9C%D7%99%D7%9D/ → nfct__blog_movies_D7_97_D7_9C_D7_95_D7_A7_D7_99_D7_9D-_D7_9C_D7_91_D7_A0_D7_99_D7_9D-___03bb00da.md (8521 bytes)
  ✓ https://nfct.org.il/blog/movies/%D7%97%D7%9C%D7%95%D7%9D-%D7%A4%D7%A0%D7%A7%D7%A1/ → nfct__blog_movies_D7_97_D7_9C_D7_95_D7_9D-_D7_A4_D7_A0_D7_A7_D7_A1__14d8ef80.md (7618 bytes)
  ✓ https://nfct.org.il/blog/movies/%D7%97%D7%9C%D7%98%D7%95%D7%A8%D7%94/ → nfct__blog_movies_D7_97_D7_9C_D7_98_D7_95_D7_A8_D7_94__58da2e56.md (15110 bytes)
  ✓ https://nfct.org.il/blog/movies/%D7%97%D7%9C%D7%99%D7%A7/ → nfct__blog_movies_D7_97_D7_9C_D7_99_D7_A7__d43ea2fb.md (8123 bytes)
  ✓ https://nfct.org.il/blog/movies/%D7%97%D7%9E%D7%90%D7%A8%D7%94-%E2%80%93-%D7%9E%D7%A7%D7%95%D7%9D-%D7%9C%D7%99%D7%93-%D7%94%D7%97%D7%99%D7%99%D7%9D/ → nfct__blog_movies_D7_97_D7_9E_D7_90_D7_A8_D7_94-_E2_80_93-_D7_9E_D7_A7_D7_95_D7_9D-_D7__b87446f5.md (7816 bytes)
  ✓ https://nfct.org.il/blog/movies/%D7%97%D7%9E%D7%90%D7%A8%D7%94---%D7%9E%D7%A7%D7%95%D7%9D-%D7%9C%D7%99%D7%93-%D7%94%D7%97%D7%99%D7%99%D7%9D/ → nfct__blog_movies_D7_97_D7_9E_D7_90_D7_A8_D7_94---_D7_9E_D7_A7_D7_95_D7_9D-_D7_9C_D7_9__442eabd4.md (15287 bytes)
  ✓ https://nfct.org.il/blog/movies/%D7%97%D7%9E%D7%99%D7%A9%D7%99%D7%9D-%D7%9B%D7%9C%D7%91%D7%99%D7%9D-%D7%99%D7%A9%D7%A0%D7%99%D7%9D/ → nfct__blog_movies_D7_97_D7_9E_D7_99_D7_A9_D7_99_D7_9D-_D7_9B_D7_9C_D7_91_D7_99_D7_9D-___9efb43cf.md (7765 bytes)
  ✓ https://nfct.org.il/blog/movies/%D7%97%D7%9C%D7%9C%D7%99-%D7%A6%D7%94%D7%9C/ → nfct__blog_movies_D7_97_D7_9C_D7_9C_D7_99-_D7_A6_D7_94_D7_9C__1772f0db.md (7600 bytes)
  ✗ https://nfct.org.il/blog/movies/%D7%97%D7%99%D7%99%D7%94-%D7%95%D7%9E%D7%95%D7%AA%D7%94-%D7%A9%D7%9C-%D7%98%D7%98%D7%99%D7%90%D7%A0%D7%94-%D7%97%D7%90%D7%99%D7%A7%D7%99%D7%9F/: HTTPSConnectionPool(host='crawl4ai-wrapper-559961100092.europe-west1.run.app', port=443): Read timed out. (read timeout=120)
  ✓ https://nfct.org.il/blog/movies/%D7%97%D7%9E%D7%9E%D7%AA-%D7%A1%D7%A8%D7%98%D7%99%D7%9D/ → nfct__blog_movies_D7_97_D7_9E_D7_9E_D7_AA-_D7_A1_D7_A8_D7_98_D7_99_D7_9D__2f722c4a.md (7636 bytes)
  ✓ https://nfct.org.il/blog/movies/%D7%97%D7%9C%D7%A7%D7%94/ → nfct__blog_movies_D7_97_D7_9C_D7_A7_D7_94__e3b46e24.md (8123 bytes)
  ✓ https://nfct.org.il/blog/movies/%D7%97%D7%9E%D7%A8%D7%94-%E2%80%93-%D7%9E%D7%A7%D7%95%D7%9D-%D7%9E%D7%97%D7%95%D7%A5-%D7%9C%D7%97%D7%99%D7%99%D7%9D/ → nfct__blog_movies_D7_97_D7_9E_D7_A8_D7_94-_E2_80_93-_D7_9E_D7_A7_D7_95_D7_9D-_D7_9E_D7__6ea34470.md (7816 bytes)
  ✓ https://nfct.org.il/blog/movies/%D7%97%D7%9E%D7%A9%D7%AA-%D7%94%D7%91%D7%AA%D7%99%D7%9D-%D7%A9%D7%9C-%D7%9C%D7%90%D7%94-%D7%92%D7%95%D7%9C%D7%93%D7%91%D7%A8%D7%92/ → nfct__blog_movies_D7_97_D7_9E_D7_A9_D7_AA-_D7_94_D7_91_D7_AA_D7_99_D7_9D-_D7_A9_D7_9C-__b6fa989b.md (7861 bytes)
  ✓ https://nfct.org.il/blog/movies/%D7%97%D7%9E%D7%A9-%D7%91%D7%AA%D7%99-%D7%9C%D7%90%D7%94-%D7%92%D7%95%D7%9C%D7%93%D7%91%D7%A8%D7%92/ → nfct__blog_movies_D7_97_D7_9E_D7_A9-_D7_91_D7_AA_D7_99-_D7_9C_D7_90_D7_94-_D7_92_D7_95__6f906a2f.md (7768 bytes)
  ✗ https://nfct.org.il/blog/movies/%D7%97%D7%A1%D7%99%D7%93-%D7%90%D7%95%D7%9E%D7%95%D7%AA-%D7%A2%D7%95%D7%9C%D7%9D/: 429 Client Error: Too Many Requests for url: https://crawl4ai-wrapper-559961100092.europe-west1.run.app/scrape
  ✓ https://nfct.org.il/blog/movies/%D7%97%D7%9E%D7%9E%D7%94/ → nfct__blog_movies_D7_97_D7_9E_D7_9E_D7_94__4656c12b.md (7543 bytes)
  ✓ https://nfct.org.il/blog/movies/%D7%97%D7%A1%D7%A8-%D7%91%D7%95%D7%A9%D7%94/ → nfct__blog_movies_D7_97_D7_A1_D7_A8-_D7_91_D7_95_D7_A9_D7_94__d64eda90.md (7600 bytes)
  ✓ https://nfct.org.il/blog/movies/%D7%97%D7%9E%D7%A9-%D7%94%D7%97%D7%A6%D7%A8%D7%95%D7%AA-%D7%A9%D7%9C-%D7%9C%D7%90%D7%94-%D7%92%D7%95%D7%9C%D7%93%D7%91%D7%A8%D7%92/ → nfct__blog_movies_D7_97_D7_9E_D7_A9-_D7_94_D7_97_D7_A6_D7_A8_D7_95_D7_AA-_D7_A9_D7_9C-__80676ff7.md (10235 bytes)
  ✓ https://nfct.org.il/blog/movies/%D7%97%D7%9E%D7%A9-%D7%94%D7%93%D7%99%D7%A8%D7%95%D7%AA-%D7%A9%D7%9C-%D7%9C%D7%90%D7%94-%D7%92%D7%95%D7%9C%D7%93%D7%91%D7%A8%D7%92/ → nfct__blog_movies_D7_97_D7_9E_D7_A9-_D7_94_D7_93_D7_99_D7_A8_D7_95_D7_AA-_D7_A9_D7_9C-__10ab1453.md (7861 bytes)
  ✓ https://nfct.org.il/blog/movies/%D7%97%D7%A1%D7%A8-%D7%A9%D7%9D/ → nfct__blog_movies_D7_97_D7_A1_D7_A8-_D7_A9_D7_9D__5d890d0b.md (8144 bytes)
  ✓ https://nfct.org.il/blog/movies/%D7%97%D7%A1%D7%9F-%D7%A0%D7%A1%D7%A8%D7%90%D7%9C%D7%9C%D7%94/ → nfct__blog_movies_D7_97_D7_A1_D7_9F-_D7_A0_D7_A1_D7_A8_D7_90_D7_9C_D7_9C_D7_94__8de55aed.md (9614 bytes)
  ✓ https://nfct.org.il/blog/movies/%D7%97%D7%A6%D7%99-%D7%98%D7%95%D7%9F-%D7%90%D7%A8%D7%93/ → nfct__blog_movies_D7_97_D7_A6_D7_99-_D7_98_D7_95_D7_9F-_D7_90_D7_A8_D7_93__adbda828.md (8248 bytes)
  ✓ https://nfct.org.il/blog/movies/%D7%97%D7%A1%D7%93-%D7%A0%D7%A2%D7%95%D7%A8%D7%99%D7%9D/ → nfct__blog_movies_D7_97_D7_A1_D7_93-_D7_A0_D7_A2_D7_95_D7_A8_D7_99_D7_9D__502b2787.md (7636 bytes)
  ✓ https://nfct.org.il/blog/movies/%D7%97%D7%A6%D7%95%D7%AA-%D7%90%D7%93%D7%95%D7%9D/ → nfct__blog_movies_D7_97_D7_A6_D7_95_D7_AA-_D7_90_D7_93_D7_95_D7_9D__6ee31b15.md (8227 bytes)
  ✓ https://nfct.org.il/blog/movies/%D7%97%D7%A7%D7%95%D7%A8-%D7%90%D7%AA-%D7%9C%D7%99%D7%91%D7%99/ → nfct__blog_movies_D7_97_D7_A7_D7_95_D7_A8-_D7_90_D7_AA-_D7_9C_D7_99_D7_91_D7_99__f643e1d6.md (7657 bytes)
  ✓ https://nfct.org.il/blog/movies/%D7%97%D7%A4%D7%99%D7%A8%D7%95%D7%AA/ → nfct__blog_movies_D7_97_D7_A4_D7_99_D7_A8_D7_95_D7_AA__12e50278.md (8159 bytes)
  ✗ https://nfct.org.il/blog/movies/%D7%97%D7%A6%D7%A8-%D7%91%D7%99%D7%AA-%D7%94%D7%A1%D7%A4%D7%A8-%D7%A1%D7%99%D7%A4%D7%95%D7%A8-%D7%A9%D7%9C%D7%90-%D7%A1%D7%95%D7%A4%D7%A8/: 429 Client Error: Too Many Requests for url: https://crawl4ai-wrapper-559961100092.europe-west1.run.app/scrape
  ✓ https://nfct.org.il/blog/movies/%D7%97%D7%AA%D7%95%D7%9A/ → nfct__blog_movies_D7_97_D7_AA_D7_95_D7_9A__a7ce9550.md (8123 bytes)
  ✓ https://nfct.org.il/blog/movies/%D7%97%D7%AA%D7%95%D7%9C%D7%99-%D7%91%D7%99%D7%AA/ → nfct__blog_movies_D7_97_D7_AA_D7_95_D7_9C_D7_99-_D7_91_D7_99_D7_AA__0dd967c1.md (8227 bytes)
  ✗ https://nfct.org.il/blog/movies/%D7%97%D7%AA%D7%9A-%D7%9C%D7%94%D7%97%D7%9C%D7%9E%D7%94/: 429 Client Error: Too Many Requests for url: https://crawl4ai-wrapper-559961100092.europe-west1.run.app/scrape
  ✗ https://nfct.org.il/blog/movies/%D7%97%D7%AA%D7%9A-%D7%A2%D7%93-%D7%94%D7%A2%D7%A6%D7%9D/: 429 Client Error: Too Many Requests for url: https://crawl4ai-wrapper-559961100092.europe-west1.run.app/scrape
  ✓ https://nfct.org.il/blog/movies/%D7%97%D7%AA%D7%95%D7%A0%D7%94-%D7%A9%D7%9C-%D7%94%D7%A9%D7%A0%D7%94/ → nfct__blog_movies_D7_97_D7_AA_D7_95_D7_A0_D7_94-_D7_A9_D7_9C-_D7_94_D7_A9_D7_A0_D7_94__c4cb2ba6.md (8284 bytes)
  ✓ https://nfct.org.il/blog/movies/%D7%97%D7%AA%D7%95%D7%A0%D7%AA-%D7%9C%D7%99%D7%9C%D7%94/ → nfct__blog_movies_D7_97_D7_AA_D7_95_D7_A0_D7_AA-_D7_9C_D7_99_D7_9C_D7_94__10422369.md (8245 bytes)
  ✓ https://nfct.org.il/blog/movies/%D7%97%D7%AA%D7%99%D7%9B%D7%AA-%D7%AA%D7%9E%D7%99%D7%9E%D7%95%D7%AA/ → nfct__blog_movies_D7_97_D7_AA_D7_99_D7_9B_D7_AA-_D7_AA_D7_9E_D7_99_D7_9E_D7_95_D7_AA__cc3cd62e.md (7672 bytes)
  ✗ https://nfct.org.il/blog/movies/%D7%98%D7%90%D7%96%D7%95/: 429 Client Error: Too Many Requests for url: https://crawl4ai-wrapper-559961100092.europe-west1.run.app/scrape
  ✓ https://nfct.org.il/blog/movies/%D7%97%D7%AA%D7%9A-%D7%90%D7%9C-%D7%94%D7%A2%D7%95%D7%A0%D7%92/ → nfct__blog_movies_D7_97_D7_AA_D7_9A-_D7_90_D7_9C-_D7_94_D7_A2_D7_95_D7_A0_D7_92__60443fd0.md (8266 bytes)
  ✓ https://nfct.org.il/blog/movies/%D7%98%D7%94%D7%95%D7%A8-%D7%9C%D7%A0%D7%A6%D7%97/ → nfct__blog_movies_D7_98_D7_94_D7_95_D7_A8-_D7_9C_D7_A0_D7_A6_D7_97__5c6a1879.md (7618 bytes)
  ✗ https://nfct.org.il/blog/movies/%D7%98%D7%95%D7%94%D7%A8/: 429 Client Error: Too Many Requests for url: https://crawl4ai-wrapper-559961100092.europe-west1.run.app/scrape
  ✓ https://nfct.org.il/blog/movies/%D7%98%D7%90%D7%91%D7%95/ → nfct__blog_movies_D7_98_D7_90_D7_91_D7_95__023a3e99.md (19031 bytes)
  ✓ https://nfct.org.il/blog/movies/%D7%98%D7%95%D7%91-%D7%99%D7%95%D7%AA%D7%A8-%D7%9E%D7%94%D7%91%D7%99%D7%98%D7%9C%D7%A1/ → nfct__blog_movies_D7_98_D7_95_D7_91-_D7_99_D7_95_D7_AA_D7_A8-_D7_9E_D7_94_D7_91_D7_99___88a7d543.md (7729 bytes)
  ✓ https://nfct.org.il/blog/movies/%D7%98%D7%95%D7%94%D7%A8-%D7%98%D7%94%D7%95%D7%A8/ → nfct__blog_movies_D7_98_D7_95_D7_94_D7_A8-_D7_98_D7_94_D7_95_D7_A8__92990e3a.md (8198 bytes)
  ✓ https://nfct.org.il/blog/movies/%D7%98%D7%91%D7%97-%D7%9E%D7%99%D7%A0%D7%9B%D7%9F/ → nfct__blog_movies_D7_98_D7_91_D7_97-_D7_9E_D7_99_D7_A0_D7_9B_D7_9F__95ba70c2.md (8198 bytes)
  ✓ https://nfct.org.il/blog/movies/%D7%98%D7%95%D7%9C-%D7%9B%D7%A8%D7%9D/ → nfct__blog_movies_D7_98_D7_95_D7_9C-_D7_9B_D7_A8_D7_9D__407180b8.md (7582 bytes)
  ✓ https://nfct.org.il/blog/movies/%D7%98%D7%98%D7%99%D7%90%D7%A0%D7%94-%D7%9E%D7%A1%D7%93%D7%A8%D7%95%D7%AA/ → nfct__blog_movies_D7_98_D7_98_D7_99_D7_90_D7_A0_D7_94-_D7_9E_D7_A1_D7_93_D7_A8_D7_95_D__0a96ba55.md (7690 bytes)
  ✗ https://nfct.org.il/blog/movies/%D7%98%D7%95%D7%95%D7%99%D7%A1%D7%98-%D7%93%D7%99%D7%9E%D7%95%D7%A0%D7%94/: 429 Client Error: Too Many Requests for url: https://crawl4ai-wrapper-559961100092.europe-west1.run.app/scrape
  ✓ https://nfct.org.il/blog/movies/%D7%98%D7%99%D7%95%D7%9C-%D7%94%D7%91%D7%95%D7%A7%D7%A8-%D7%A9%D7%9C-%D7%9E%D7%99%D7%99%D7%9C%D7%95/ → nfct__blog_movies_D7_98_D7_99_D7_95_D7_9C-_D7_94_D7_91_D7_95_D7_A7_D7_A8-_D7_A9_D7_9C-__3958e9cc.md (7768 bytes)
  ✓ https://nfct.org.il/blog/movies/%D7%98%D7%95%D7%9C%D7%90%D7%99-%D7%92%D7%A8%D7%9E%D7%9F-%D7%A9%D7%A0%D7%95%D7%AA-%D7%90%D7%A9-%D7%95%D7%92%D7%97%D7%9C%D7%99%D7%9D/ → nfct__blog_movies_D7_98_D7_95_D7_9C_D7_90_D7_99-_D7_92_D7_A8_D7_9E_D7_9F-_D7_A9_D7_A0___86aefff7.md (7861 bytes)
  ✓ https://nfct.org.il/blog/movies/%D7%98%D7%99%D7%95%D7%9C-%D7%94%D7%91%D7%95%D7%A7%D7%A8-%D7%A9%D7%9C-%D7%9E%D7%99%D7%9C%D7%95/ → nfct__blog_movies_D7_98_D7_99_D7_95_D7_9C-_D7_94_D7_91_D7_95_D7_A7_D7_A8-_D7_A9_D7_9C-__40b2ed7f.md (7750 bytes)
  ✓ https://nfct.org.il/blog/movies/%D7%98%D7%95%D7%A0%D7%92-%D7%9E%D7%90%D7%97%D7%95%D7%A8%D7%99-%D7%94%D7%A9%D7%99%D7%A0%D7%99%D7%99%D7%9D/ → nfct__blog_movies_D7_98_D7_95_D7_A0_D7_92-_D7_9E_D7_90_D7_97_D7_95_D7_A8_D7_99-_D7_94___43971402.md (8363 bytes)
  ✓ https://nfct.org.il/blog/movies/%D7%98%D7%95%D7%9C%D7%90%D7%99-%D7%92%D7%A8%D7%9E%D7%9F-%D7%A9%D7%A0%D7%99%D7%9D-%D7%A9%D7%9C-%D7%90%D7%A9-%D7%95%D7%92%D7%97%D7%9C%D7%99%D7%9D/ → nfct__blog_movies_D7_98_D7_95_D7_9C_D7_90_D7_99-_D7_92_D7_A8_D7_9E_D7_9F-_D7_A9_D7_A0___4bd4bb2f.md (8509 bytes)
  ✓ https://nfct.org.il/blog/movies/%D7%98%D7%99%D7%99%D7%A1%D7%99%D7%9D/ → nfct__blog_movies_D7_98_D7_99_D7_99_D7_A1_D7_99_D7_9D__350b9718.md (8159 bytes)
  ✓ https://nfct.org.il/blog/movies/%D7%98%D7%99%D7%A1%D7%94-1812-%D7%92%D7%99%D7%9C%D7%95%D7%99-%D7%9E%D7%97%D7%93%D7%A9-%D7%A9%D7%9C-%D7%90%D7%9E%D7%90/ → nfct__blog_movies_D7_98_D7_99_D7_A1_D7_94-1812-_D7_92_D7_99_D7_9C_D7_95_D7_99-_D7_9E_D__212fad60.md (7822 bytes)
  ✓ https://nfct.org.il/blog/movies/%D7%98%D7%99%D7%95%D7%9C-%D7%94%D7%91%D7%95%D7%A7%D7%A8-%D7%A9%D7%9C-%D7%9E%D7%99%D7%9C%D7%95%D7%90/ → nfct__blog_movies_D7_98_D7_99_D7_95_D7_9C-_D7_94_D7_91_D7_95_D7_A7_D7_A8-_D7_A9_D7_9C-__74e9fbef.md (8348 bytes)
  ✓ https://nfct.org.il/blog/movies/%D7%98%D7%99%D7%A1%D7%94-1812-%D7%9C%D7%92%D7%9C%D7%95%D7%AA-%D7%9E%D7%97%D7%93%D7%A9-%D7%90%D7%AA-%D7%90%D7%9E%D7%90/ → nfct__blog_movies_D7_98_D7_99_D7_A1_D7_94-1812-_D7_9C_D7_92_D7_9C_D7_95_D7_AA-_D7_9E_D__f4bcd502.md (7822 bytes)
  ✓ https://nfct.org.il/blog/movies/%D7%98%D7%99%D7%99%D7%9C%D7%AA/ → nfct__blog_movies_D7_98_D7_99_D7_99_D7_9C_D7_AA__f2564025.md (8141 bytes)
  ✓ https://nfct.org.il/blog/movies/%D7%98%D7%99%D7%A4%D7%94-%D7%91%D7%90%D7%95%D7%A7%D7%99%D7%99%D7%A0%D7%95%D7%A1/ → nfct__blog_movies_D7_98_D7_99_D7_A4_D7_94-_D7_91_D7_90_D7_95_D7_A7_D7_99_D7_99_D7_A0_D__a50f58b2.md (8288 bytes)
  ✓ https://nfct.org.il/blog/movies/%D7%98%D7%99%D7%99%D7%A4%D7%A1-%D7%90%D7%95%D7%A3-%D7%A8%D7%91%D7%95%D7%9C%D7%95%D7%A9%D7%9F/ → nfct__blog_movies_D7_98_D7_99_D7_99_D7_A4_D7_A1-_D7_90_D7_95_D7_A3-_D7_A8_D7_91_D7_95___6d226ea3.md (7747 bytes)
  ✓ https://nfct.org.il/blog/movies/%D7%98%D7%99%D7%A4%D7%95%D7%9C-%D7%90%D7%99%D7%9E%D7%95%D7%A5/ → nfct__blog_movies_D7_98_D7_99_D7_A4_D7_95_D7_9C-_D7_90_D7_99_D7_9E_D7_95_D7_A5__3f1a1c50.md (7654 bytes)
  ✓ https://nfct.org.il/blog/movies/%D7%98%D7%99%D7%A0%D7%93%D7%A8/ → nfct__blog_movies_D7_98_D7_99_D7_A0_D7_93_D7_A8__101b47f7.md (7561 bytes)
  ✗ https://nfct.org.il/blog/movies/%D7%98%D7%99%D7%A7%D7%A8%D7%94/: 429 Client Error: Too Many Requests for url: https://crawl4ai-wrapper-559961100092.europe-west1.run.app/scrape
  ✓ https://nfct.org.il/blog/movies/%D7%98%D7%99%D7%A4%D7%95%D7%9C-%D7%91%D7%91%D7%9E%D7%A1%D7%95%D7%92%D7%A8%D7%99%D7%9D/ → nfct__blog_movies_D7_98_D7_99_D7_A4_D7_95_D7_9C-_D7_91_D7_91_D7_9E_D7_A1_D7_95_D7_92_D__477ba3e0.md (7726 bytes)
  ✓ https://nfct.org.il/blog/movies/%D7%98%D7%99%D7%A4%D7%95%D7%9C-%D7%91%D7%9E%D7%A1%D7%95%D7%92%D7%A8%D7%99%D7%9D/ → nfct__blog_movies_D7_98_D7_99_D7_A4_D7_95_D7_9C-_D7_91_D7_9E_D7_A1_D7_95_D7_92_D7_A8_D__b502e7d3.md (8288 bytes)
  ✗ https://nfct.org.il/blog/movies/%D7%98%D7%A1%D7%98-%D7%A8%D7%90%D7%9F/: 429 Client Error: Too Many Requests for url: https://crawl4ai-wrapper-559961100092.europe-west1.run.app/scrape
  ✓ https://nfct.org.il/blog/movies/%D7%98%D7%99%D7%A1%D7%AA-%D7%A6%D7%99%D7%A4%D7%95%D7%A8/ → nfct__blog_movies_D7_98_D7_99_D7_A1_D7_AA-_D7_A6_D7_99_D7_A4_D7_95_D7_A8__285d2c14.md (8245 bytes)
  ✓ https://nfct.org.il/blog/movies/%D7%98%D7%A0%D7%96%D7%99%D7%9F-%D7%94%D7%93%D7%90%D7%9C%D7%99-%D7%9C%D7%90%D7%9E%D7%94/ → nfct__blog_movies_D7_98_D7_A0_D7_96_D7_99_D7_9F-_D7_94_D7_93_D7_90_D7_9C_D7_99-_D7_9C___d4ce4a3c.md (7729 bytes)
  ✓ https://nfct.org.il/blog/movies/%D7%98%D7%A2%D7%9D-%D7%A9%D7%9C-%D7%92%D7%9F-%D7%A2%D7%93%D7%9F/ → nfct__blog_movies_D7_98_D7_A2_D7_9D-_D7_A9_D7_9C-_D7_92_D7_9F-_D7_A2_D7_93_D7_9F__4f6b8ecd.md (8240 bytes)
  ✓ https://nfct.org.il/blog/movies/%D7%98%D7%99%D7%A4%D7%99%D7%9D-%D7%9C%D7%90%D7%95%D7%94%D7%91%D7%99%D7%9D/ → nfct__blog_movies_D7_98_D7_99_D7_A4_D7_99_D7_9D-_D7_9C_D7_90_D7_95_D7_94_D7_91_D7_99_D__ba71c309.md (8299 bytes)
  ✓ https://nfct.org.il/blog/movies/%D7%98%D7%9C%D7%A0%D7%95%D7%91%D7%9C%D7%94-%D7%9E%D7%A9%D7%9C%D7%99/ → nfct__blog_movies_D7_98_D7_9C_D7_A0_D7_95_D7_91_D7_9C_D7_94-_D7_9E_D7_A9_D7_9C_D7_99__3cb755d9.md (8252 bytes)
  ✓ https://nfct.org.il/blog/movies/%D7%98%D7%A8%D7%95%D7%A8%D7%99%D7%A1%D7%98%D7%99%D7%AA/ → nfct__blog_movies_D7_98_D7_A8_D7_95_D7_A8_D7_99_D7_A1_D7_98_D7_99_D7_AA__36c14bf0.md (7633 bytes)
  ✓ https://nfct.org.il/blog/movies/%D7%98%D7%A2%D7%9D-%D7%9E%D7%90%D7%97%D7%95%D7%A8%D7%99-%D7%94%D7%A9%D7%99%D7%A0%D7%99%D7%99%D7%9D/ → nfct__blog_movies_D7_98_D7_A2_D7_9D-_D7_9E_D7_90_D7_97_D7_95_D7_A8_D7_99-_D7_94_D7_A9___f6210310.md (8374 bytes)
  ✓ https://nfct.org.il/blog/movies/%D7%98%D7%A9%D7%98%D7%95%D7%A9/ → nfct__blog_movies_D7_98_D7_A9_D7_98_D7_95_D7_A9__9a97b68e.md (7561 bytes)
  ✓ https://nfct.org.il/blog/movies/%D7%98%D7%A8%D7%91/ → nfct__blog_movies_D7_98_D7_A8_D7_91__3bb3b452.md (8134 bytes)
  ✓ https://nfct.org.il/blog/movies/%D7%99%D6%B4%D7%A0%D6%B0%D7%93%D6%B8%D6%BC%D7%90%D7%9C/ → nfct__blog_movies_D7_99_D6_B4_D7_A0_D6_B0_D7_93_D6_B8_D6_BC_D7_90_D7_9C__5f6c71cb.md (7633 bytes)
  ✗ https://nfct.org.il/blog/movies/%D7%98%D7%A8%D7%A0%D7%93%D7%99%D7%9D/: 429 Client Error: Too Many Requests for url: https://crawl4ai-wrapper-559961100092.europe-west1.run.app/scrape
  ✗ https://nfct.org.il/blog/movies/%D7%98%D7%A8%D7%A8%D7%91/: 429 Client Error: Too Many Requests for url: https://crawl4ai-wrapper-559961100092.europe-west1.run.app/scrape
  ✓ https://nfct.org.il/blog/movies/%D7%99%D7%90%D7%A0%D7%95%D7%A9-%D7%A7%D7%95%D7%A8%D7%A6%D7%90%D7%A7/ → nfct__blog_movies_D7_99_D7_90_D7_A0_D7_95_D7_A9-_D7_A7_D7_95_D7_A8_D7_A6_D7_90_D7_A7__4585dd80.md (7672 bytes)
  ✗ https://nfct.org.il/blog/movies/%D7%99%D7%94%D7%95%D7%93%D7%99%D7%9D-%D7%AA%D7%99%D7%9E%D7%A0%D7%99%D7%9D/: 429 Client Error: Too Many Requests for url: https://crawl4ai-wrapper-559961100092.europe-west1.run.app/scrape
  ✓ https://nfct.org.il/blog/movies/%D7%99%D7%90%D7%A4%D7%99/ → nfct__blog_movies_D7_99_D7_90_D7_A4_D7_99__3e4d3b4e.md (8123 bytes)
  ✓ https://nfct.org.il/blog/movies/%D7%99%D7%93%D7%99%D7%A9%D7%A2-%D7%9E%D7%90%D7%9E%D7%90/ → nfct__blog_movies_D7_99_D7_93_D7_99_D7_A9_D7_A2-_D7_9E_D7_90_D7_9E_D7_90__f0b54b58.md (7636 bytes)
  ✗ https://nfct.org.il/blog/movies/%D7%99%D7%94%D7%9C%D7%95%D7%9E%D7%99%D7%9D-%D7%95%D7%97%D7%9C%D7%95%D7%93%D7%94/: 429 Client Error: Too Many Requests for url: https://crawl4ai-wrapper-559961100092.europe-west1.run.app/scrape
  ✓ https://nfct.org.il/blog/movies/%D7%99%D7%94%D7%93%D7%95%D7%AA-%D7%91%D7%95%D7%9B%D7%A8%D7%94/ → nfct__blog_movies_D7_99_D7_94_D7_93_D7_95_D7_AA-_D7_91_D7_95_D7_9B_D7_A8_D7_94__f8f4571c.md (7654 bytes)
  ✓ https://nfct.org.il/blog/movies/%D7%99%D7%94%D7%93%D7%95%D7%AA-%D7%90%D7%A8%D7%A6%D7%95%D7%AA-%D7%A2%D7%A8%D7%91/ → nfct__blog_movies_D7_99_D7_94_D7_93_D7_95_D7_AA-_D7_90_D7_A8_D7_A6_D7_95_D7_AA-_D7_A2___a59a4fcf.md (8291 bytes)
  ✓ https://nfct.org.il/blog/movies/%D7%99%D7%94%D7%95%D7%93%D7%99-%D7%91%D7%95%D7%93%D7%94%D7%99%D7%A1%D7%98/ → nfct__blog_movies_D7_99_D7_94_D7_95_D7_93_D7_99-_D7_91_D7_95_D7_93_D7_94_D7_99_D7_A1_D__83a20adc.md (8270 bytes)
  ✓ https://nfct.org.il/blog/movies/%D7%99%D7%94%D7%99-%D7%A9%D7%9D-%D7%9C%D7%93%D7%95%D7%93-%D7%94%D7%9E%D7%9C%D7%9A/ → nfct__blog_movies_D7_99_D7_94_D7_99-_D7_A9_D7_9D-_D7_9C_D7_93_D7_95_D7_93-_D7_94_D7_9E__5d82265e.md (8294 bytes)
  ✗ https://nfct.org.il/blog/movies/%D7%99%D7%95%D7%9D-%D7%90%D7%97%D7%A8%D7%99-%D7%94%D7%A9%D7%9C%D7%95%D7%9D/: 429 Client Error: Too Many Requests for url: https://crawl4ai-wrapper-559961100092.europe-west1.run.app/scrape
  ✓ https://nfct.org.il/blog/movies/%D7%99%D7%94%D7%9C%D7%95%D7%9E%D7%99%D7%9D-%D7%9E%D7%AA%D7%95%D7%A6%D7%A8%D7%AA-%D7%94%D7%90%D7%A8%D7%A5/ → nfct__blog_movies_D7_99_D7_94_D7_9C_D7_95_D7_9E_D7_99_D7_9D-_D7_9E_D7_AA_D7_95_D7_A6_D__b787c269.md (7783 bytes)
  ✓ https://nfct.org.il/blog/movies/%D7%99%D7%95%D7%90%D7%9C-%D7%99%D7%A9%D7%A8%D7%90%D7%9C%D7%90-%D7%95-%D7%94%D7%A4%D7%A1%D7%A7%D7%95%D7%95%D7%99%D7%9C%D7%99%D7%9D/ → nfct__blog_movies_D7_99_D7_95_D7_90_D7_9C-_D7_99_D7_A9_D7_A8_D7_90_D7_9C_D7_90-_D7_95-__f569c4fc.md (8467 bytes)
  ✓ https://nfct.org.il/blog/movies/%D7%99%D7%94%D7%9E%D7%97%D7%A9%D7%91-%D7%94%D7%A6%D7%99%D7%95%D7%A0%D7%99/ → nfct__blog_movies_D7_99_D7_94_D7_9E_D7_97_D7_A9_D7_91-_D7_94_D7_A6_D7_99_D7_95_D7_A0_D__d4a73ed2.md (7690 bytes)
  ✗ https://nfct.org.il/blog/movies/%D7%99%D7%95%D7%9D-%D7%94%D7%9B%D7%99%D7%A4%D7%95%D7%A8%D7%99%D7%9D-%D7%9E%D7%9C%D7%97%D7%9E%D7%94/: 429 Client Error: Too Many Requests for url: https://crawl4ai-wrapper-559961100092.europe-west1.run.app/scrape
  ✓ https://nfct.org.il/blog/movies/%D7%99%D7%95%D7%98%D7%99%D7%95%D7%91%D7%A8%D7%99%D7%9D/ → nfct__blog_movies_D7_99_D7_95_D7_98_D7_99_D7_95_D7_91_D7_A8_D7_99_D7_9D__1e1b5ef2.md (7633 bytes)
  ✓ https://nfct.org.il/blog/movies/%D7%99%D7%95%D7%9D-%D7%90%D7%97%D7%A8%D7%99-%D7%A9%D7%9C%D7%95%D7%9D/ → nfct__blog_movies_D7_99_D7_95_D7_9D-_D7_90_D7_97_D7_A8_D7_99-_D7_A9_D7_9C_D7_95_D7_9D__5ecf9f5b.md (7675 bytes)
  ✓ https://nfct.org.il/blog/movies/%D7%99%D7%95%D7%9D-%D7%91%D7%97%D7%95%D7%A5/ → nfct__blog_movies_D7_99_D7_95_D7_9D-_D7_91_D7_97_D7_95_D7_A5__c8eb4224.md (7600 bytes)
  ✓ https://nfct.org.il/blog/movies/%D7%99%D7%95%D7%9D-%D7%97%D7%95%D7%A4%D7%A9/ → nfct__blog_movies_D7_99_D7_95_D7_9D-_D7_97_D7_95_D7_A4_D7_A9__dc2cd145.md (8180 bytes)
  ✓ https://nfct.org.il/blog/movies/%D7%99%D7%95%D7%9D-%D7%99%D7%A6%D7%99%D7%90%D7%94/ → nfct__blog_movies_D7_99_D7_95_D7_9D-_D7_99_D7_A6_D7_99_D7_90_D7_94__bc0d17cf.md (7618 bytes)
  ✗ https://nfct.org.il/blog/movies/%D7%99%D7%95%D7%9E%D7%9F-%D7%9E%D7%A6%D7%95%D7%9C%D7%9D-1990-1999/: 429 Client Error: Too Many Requests for url: https://crawl4ai-wrapper-559961100092.europe-west1.run.app/scrape
  ✓ https://nfct.org.il/blog/movies/%D7%99%D7%95%D7%9D-%D7%94%D7%95%D7%9C%D7%93%D7%AA-%D7%A9%D7%9E%D7%97/ → nfct__blog_movies_D7_99_D7_95_D7_9D-_D7_94_D7_95_D7_9C_D7_93_D7_AA-_D7_A9_D7_9E_D7_97__1414aaf3.md (18179 bytes)
  ✓ https://nfct.org.il/blog/movies/%D7%99%D7%95%D7%9E%D7%99%D7%99%D7%9D-%D7%91%D7%99%D7%95%D7%9D/ → nfct__blog_movies_D7_99_D7_95_D7_9E_D7_99_D7_99_D7_9D-_D7_91_D7_99_D7_95_D7_9D__6579f2a6.md (7654 bytes)
  ✓ https://nfct.org.il/blog/movies/%D7%99%D7%95%D7%9E%D7%9F-%D7%9E%D7%A6%D7%95%D7%9E%D7%A6%D7%9D-1990-1999/ → nfct__blog_movies_D7_99_D7_95_D7_9E_D7_9F-_D7_9E_D7_A6_D7_95_D7_9E_D7_A6_D7_9D-1990-19__2a7913bc.md (7684 bytes)
  ✓ https://nfct.org.il/blog/movies/%D7%99%D7%95%D7%9E%D7%99%D7%99%D7%9D-%D7%91%D7%A9%D7%A0%D7%94/ → nfct__blog_movies_D7_99_D7_95_D7_9E_D7_99_D7_99_D7_9D-_D7_91_D7_A9_D7_A0_D7_94__4933268d.md (7654 bytes)
  ✓ https://nfct.org.il/blog/movies/%D7%99%D7%95%D7%9E%D7%99%D7%99%D7%9D-%D7%99%D7%9C%D7%93%D7%99%D7%9D/ → nfct__blog_movies_D7_99_D7_95_D7_9E_D7_99_D7_99_D7_9D-_D7_99_D7_9C_D7_93_D7_99_D7_9D__1a2c6598.md (9668 bytes)
  ✓ https://nfct.org.il/blog/movies/%D7%99%D7%95%D7%A0%D7%94-%D7%A1%D7%95%D7%A2%D7%A8%D7%AA/ → nfct__blog_movies_D7_99_D7_95_D7_A0_D7_94-_D7_A1_D7_95_D7_A2_D7_A8_D7_AA__da7e13bb.md (7636 bytes)
  ✓ https://nfct.org.il/blog/movies/%D7%99%D7%95%D7%A0%D7%AA%D7%9F-%D7%93%D7%92%D7%A9/ → nfct__blog_movies_D7_99_D7_95_D7_A0_D7_AA_D7_9F-_D7_93_D7_92_D7_A9__c8074feb.md (7618 bytes)
  ✓ https://nfct.org.il/blog/movies/%D7%99%D7%95%D7%9E%D7%9F-%D7%9E%D7%AA%D7%95%D7%A7%D7%9F-1990-1999/ → nfct__blog_movies_D7_99_D7_95_D7_9E_D7_9F-_D7_9E_D7_AA_D7_95_D7_A7_D7_9F-1990-1999__31e2a09f.md (9650 bytes)
  ✓ https://nfct.org.il/blog/movies/%D7%99%D7%95%D7%A1%D7%A3-%D7%95%D7%9E%D7%A8%D7%99%D7%9D/ → nfct__blog_movies_D7_99_D7_95_D7_A1_D7_A3-_D7_95_D7_9E_D7_A8_D7_99_D7_9D__c3346f7f.md (7636 bytes)
  ✓ https://nfct.org.il/blog/movies/%D7%99%D7%95%D7%A6%D7%90%D7%99-%D7%90%D7%AA%D7%99%D7%95%D7%A4%D7%99%D7%94/ → nfct__blog_movies_D7_99_D7_95_D7_A6_D7_90_D7_99-_D7_90_D7_AA_D7_99_D7_95_D7_A4_D7_99_D__d046b90b.md (7690 bytes)
  ✓ https://nfct.org.il/blog/movies/%D7%99%D7%95%D7%A7%D7%9C%D7%99/ → nfct__blog_movies_D7_99_D7_95_D7_A7_D7_9C_D7_99__59a339bc.md (7561 bytes)
  ✓ https://nfct.org.il/blog/movies/%D7%99%D7%95%D7%A8%D7%99%D7%9D-%D7%95%D7%91%D7%95%D7%9B%D7%99%D7%9D/ → nfct__blog_movies_D7_99_D7_95_D7_A8_D7_99_D7_9D-_D7_95_D7_91_D7_95_D7_9B_D7_99_D7_9D__e0b9882a.md (8252 bytes)
  ✗ https://nfct.org.il/blog/movies/%D7%99%D7%95%D7%AA%D7%A8-%D7%9E%D7%93%D7%99-%D7%9E%D7%A6%D7%99%D7%90%D7%95%D7%AA/: 429 Client Error: Too Many Requests for url: https://crawl4ai-wrapper-559961100092.europe-west1.run.app/scrape
  ✓ https://nfct.org.il/blog/movies/%D7%99%D7%95%D7%A8%D7%A9%D7%99%D7%9D/ → nfct__blog_movies_D7_99_D7_95_D7_A8_D7_A9_D7_99_D7_9D__e6696884.md (7579 bytes)
  ✓ https://nfct.org.il/blog/movies/%D7%99%D7%95%D7%AA%D7%A8-%D7%9E%D7%90%D7%A3-%D7%9E%D7%99%D7%9C%D7%99%D7%99%D7%9D/ → nfct__blog_movies_D7_99_D7_95_D7_AA_D7_A8-_D7_9E_D7_90_D7_A3-_D7_9E_D7_99_D7_9C_D7_99___eb230100.md (8291 bytes)
  ✗ https://nfct.org.il/blog/movies/%D7%99%D7%95%D7%AA%D7%A8-%D7%9E%D7%97%D7%91%D7%A8%D7%99%D7%9D/: 429 Client Error: Too Many Requests for url: https://crawl4ai-wrapper-559961100092.europe-west1.run.app/scrape
  ✓ https://nfct.org.il/blog/movies/%D7%99%D7%95%D7%AA%D7%A8-%D7%9E%D7%97%D7%91%D7%A8%D7%94/ → nfct__blog_movies_D7_99_D7_95_D7_AA_D7_A8-_D7_9E_D7_97_D7_91_D7_A8_D7_94__e977b548.md (7636 bytes)
  ✓ https://nfct.org.il/blog/movies/%D7%99%D7%95%D7%AA%D7%A8-%D7%98%D7%95%D7%91-%D7%9E%D7%94%D7%91%D7%99%D7%98%D7%9C%D7%A1/ → nfct__blog_movies_D7_99_D7_95_D7_AA_D7_A8-_D7_98_D7_95_D7_91-_D7_9E_D7_94_D7_91_D7_99___1da28dd9.md (7729 bytes)
  ✗ https://nfct.org.il/blog/movies/%D7%99%D7%97%D7%A1%D7%99%D7%9D-%D7%95%D7%99%D7%A8%D7%98%D7%95%D7%90%D7%9C%D7%99%D7%99%D7%9D/: 429 Client Error: Too Many Requests for url: https://crawl4ai-wrapper-559961100092.europe-west1.run.app/scrape
  ✓ https://nfct.org.il/blog/movies/%D7%99%D7%95%D7%AA%D7%A8-%D7%9E%D7%97%D7%91%D7%A8%D7%95%D7%AA/ → nfct__blog_movies_D7_99_D7_95_D7_AA_D7_A8-_D7_9E_D7_97_D7_91_D7_A8_D7_95_D7_AA__2749cbd4.md (8263 bytes)
  ✗ https://nfct.org.il/blog/movies/%D7%99%D7%97%D7%A1%D7%99-%D7%90%D7%91%D7%90-%D7%95%D7%91%D7%9F/: 429 Client Error: Too Many Requests for url: https://crawl4ai-wrapper-559961100092.europe-west1.run.app/scrape
  ✓ https://nfct.org.il/blog/movies/%D7%99%D7%95%D7%AA%D7%A8-%D7%9E%D7%99%D7%93%D7%99%D7%93%D7%99%D7%9D/ → nfct__blog_movies_D7_99_D7_95_D7_AA_D7_A8-_D7_9E_D7_99_D7_93_D7_99_D7_93_D7_99_D7_9D__0c7f0ec6.md (7672 bytes)
  ✗ https://nfct.org.il/blog/movies/%D7%99%D7%97%D7%A1%D7%99-%D7%90%D7%91-%D7%91%D7%AA/: 429 Client Error: Too Many Requests for url: https://crawl4ai-wrapper-559961100092.europe-west1.run.app/scrape
  ✗ https://nfct.org.il/blog/movies/%D7%99%D7%97%D7%A1%D7%99-%D7%90%D7%9D-%D7%91%D7%9F/: 429 Client Error: Too Many Requests for url: https://crawl4ai-wrapper-559961100092.europe-west1.run.app/scrape
  ✗ https://nfct.org.il/blog/movies/%D7%99%D7%97%D7%A1%D7%99-%D7%90%D7%9D-%D7%91%D7%AA/: 429 Client Error: Too Many Requests for url: https://crawl4ai-wrapper-559961100092.europe-west1.run.app/scrape
  ✓ https://nfct.org.il/blog/movies/%D7%99%D7%97%D7%99-%D7%94%D7%9E%D7%9C%D7%9A-%D7%93%D7%95%D7%93/ → nfct__blog_movies_D7_99_D7_97_D7_99-_D7_94_D7_9E_D7_9C_D7_9A-_D7_93_D7_95_D7_93__205ff1c8.md (8266 bytes)
  ✗ https://nfct.org.il/blog/movies/%D7%99%D7%97%D7%A1/: 429 Client Error: Too Many Requests for url: https://crawl4ai-wrapper-559961100092.europe-west1.run.app/scrape
  ✗ https://nfct.org.il/blog/movies/%D7%99%D7%99%D7%93%D7%99%D7%A9%D7%A2-%D7%9E%D7%90%D7%9E%D7%90/: 429 Client Error: Too Many Requests for url: https://crawl4ai-wrapper-559961100092.europe-west1.run.app/scrape
  ✓ https://nfct.org.il/blog/movies/%D7%99%D7%97%D7%A1%D7%99-%D7%90%D7%91-%D7%91%D7%9F/ → nfct__blog_movies_D7_99_D7_97_D7_A1_D7_99-_D7_90_D7_91-_D7_91_D7_9F__3786ce92.md (7621 bytes)
  ✗ https://nfct.org.il/blog/movies/%D7%99%D7%9C%D7%93%D7%94-%D7%90%D7%99%D7%A9%D7%94/: 429 Client Error: Too Many Requests for url: https://crawl4ai-wrapper-559961100092.europe-west1.run.app/scrape
  ✓ https://nfct.org.il/blog/movies/%D7%99%D7%97%D7%A1%D7%99%D7%9D-%D7%A4%D7%AA%D7%95%D7%97%D7%99%D7%9D/ → nfct__blog_movies_D7_99_D7_97_D7_A1_D7_99_D7_9D-_D7_A4_D7_AA_D7_95_D7_97_D7_99_D7_9D__593bd8d5.md (9668 bytes)
  ✗ https://nfct.org.il/blog/movies/%D7%99%D7%9C%D7%93%D7%94-%D7%91%D7%A1%D7%99%D7%9B%D7%95%D7%9F/: 429 Client Error: Too Many Requests for url: https://crawl4ai-wrapper-559961100092.europe-west1.run.app/scrape
  ✗ https://nfct.org.il/blog/movies/%D7%99%D7%95%D7%A1%D7%99-%D7%94%D7%A9%D7%9C%D7%95%D7%A9%D7%94/: HTTPSConnectionPool(host='crawl4ai-wrapper-559961100092.europe-west1.run.app', port=443): Read timed out. (read timeout=120)
  ✓ https://nfct.org.il/blog/movies/%D7%99%D7%97%D7%A1%D7%99-%D7%99%D7%A9%D7%A8%D7%90%D7%9C-%D7%90%D7%A8%D7%94%D7%91/ → nfct__blog_movies_D7_99_D7_97_D7_A1_D7_99-_D7_99_D7_A9_D7_A8_D7_90_D7_9C-_D7_90_D7_A8___60172a00.md (8291 bytes)
  ✓ https://nfct.org.il/blog/movies/%D7%99%D7%99%D7%A7%D7%99%D7%9D/ → nfct__blog_movies_D7_99_D7_99_D7_A7_D7_99_D7_9D__178459c5.md (8141 bytes)
  ✓ https://nfct.org.il/blog/movies/%D7%99%D7%9C%D7%93%D7%94-%D7%90%D7%9E%D7%90/ → nfct__blog_movies_D7_99_D7_9C_D7_93_D7_94-_D7_90_D7_9E_D7_90__c02f3479.md (7600 bytes)
  ✓ https://nfct.org.il/blog/movies/%D7%99%D7%9C%D7%93%D7%99-%D7%90%D7%A8%D7%A0%D7%94/ → nfct__blog_movies_D7_99_D7_9C_D7_93_D7_99-_D7_90_D7_A8_D7_A0_D7_94__a99f864f.md (7618 bytes)
  ✗ https://nfct.org.il/blog/movies/%D7%99%D7%9C%D7%93%D7%99-%D7%94%D7%A4%D7%A8%D7%90/: 429 Client Error: Too Many Requests for url: https://crawl4ai-wrapper-559961100092.europe-west1.run.app/scrape
  ✓ https://nfct.org.il/blog/movies/%D7%99%D7%9C%D7%93%D7%95%D7%AA/ → nfct__blog_movies_D7_99_D7_9C_D7_93_D7_95_D7_AA__0c1745f1.md (8141 bytes)
  ✓ https://nfct.org.il/blog/movies/%D7%99%D7%9C%D7%93%D7%99%D7%9D-%D7%A4%D7%A8%D7%90%D7%99%D7%99%D7%9D/ → nfct__blog_movies_D7_99_D7_9C_D7_93_D7_99_D7_9D-_D7_A4_D7_A8_D7_90_D7_99_D7_99_D7_9D__85a17fa1.md (9668 bytes)
  ✓ https://nfct.org.il/blog/movies/%D7%99%D7%9C%D7%93%D7%99-%D7%94%D7%90%D7%A9%D7%A8%D7%90%D7%9D-%D7%90%D7%99%D7%9F-%D7%9C%D7%99-%D7%92%D7%95%D7%A3-%D7%90%D7%99%D7%9F-%D7%9C%D7%99-%D7%92%D7%95%D7%A3/ → nfct__blog_movies_D7_99_D7_9C_D7_93_D7_99-_D7_94_D7_90_D7_A9_D7_A8_D7_90_D7_9D-_D7_90___595ac096.md (7960 bytes)
  ✗ https://nfct.org.il/blog/movies/%D7%99%D7%9C%D7%93%D7%99-%D7%A9%D7%9C%D7%95%D7%9D/: 429 Client Error: Too Many Requests for url: https://crawl4ai-wrapper-559961100092.europe-west1.run.app/scrape
  ✓ https://nfct.org.il/blog/movies/%D7%99%D7%9C%D7%93%D7%99-%D7%94%D7%90%D7%A9%D7%A8%D7%90%D7%9D-%D7%90%D7%99%D7%9F-%D7%9C%D7%99-%D7%92%D7%95%D7%A3-%D7%90%D7%99%D7%9F-%D7%9C%D7%99-%D7%A0%D7%A4%D7%A9/ → nfct__blog_movies_D7_99_D7_9C_D7_93_D7_99-_D7_94_D7_90_D7_A9_D7_A8_D7_90_D7_9D-_D7_90___5d0168eb.md (7960 bytes)
  ✗ https://nfct.org.il/blog/movies/%D7%99%D7%9C%D7%93-%D7%93%D7%95%D7%9C%D7%A4%D7%99%D7%9F/: 429 Client Error: Too Many Requests for url: https://crawl4ai-wrapper-559961100092.europe-west1.run.app/scrape
  ✓ https://nfct.org.il/blog/movies/%D7%99%D7%9C%D7%93%D7%99-%D7%A2%D7%A8%D7%A0%D7%94/ → nfct__blog_movies_D7_99_D7_9C_D7_93_D7_99-_D7_A2_D7_A8_D7_A0_D7_94__f42664dd.md (7618 bytes)
  ✓ https://nfct.org.il/blog/movies/%D7%99%D7%9C%D7%93%D7%99-%D7%A1%D7%9F-%D7%A1%D7%99%D7%9E%D7%95%D7%9F/ → nfct__blog_movies_D7_99_D7_9C_D7_93_D7_99-_D7_A1_D7_9F-_D7_A1_D7_99_D7_9E_D7_95_D7_9F__ef8e8d8e.md (7675 bytes)
  ✗ https://nfct.org.il/blog/movies/%D7%99%D7%9C%D7%93-%D7%9E%D7%95%D7%98%D7%A8/: 429 Client Error: Too Many Requests for url: https://crawl4ai-wrapper-559961100092.europe-west1.run.app/scrape
  ✓ https://nfct.org.il/blog/movies/%D7%99%D7%9C%D7%93%D7%99-%D7%9E%D7%A0%D7%96%D7%A8-%D7%A1%D7%9F-%D7%A1%D7%99%D7%9E%D7%95%D7%9F/ → nfct__blog_movies_D7_99_D7_9C_D7_93_D7_99-_D7_9E_D7_A0_D7_96_D7_A8-_D7_A1_D7_9F-_D7_A1__4ee89484.md (7750 bytes)
  ✓ https://nfct.org.il/blog/movies/%D7%99%D7%9C%D7%93-%D7%99%D7%94%D7%95%D7%93%D7%99-%D7%92%D7%90%D7%94/ → nfct__blog_movies_D7_99_D7_9C_D7_93-_D7_99_D7_94_D7_95_D7_93_D7_99-_D7_92_D7_90_D7_94__4c582aad.md (7675 bytes)
  ✓ https://nfct.org.il/blog/movies/%D7%99%D7%9C%D7%93-%D7%92%D7%90%D7%94/ → nfct__blog_movies_D7_99_D7_9C_D7_93-_D7_92_D7_90_D7_94__a12ac764.md (7582 bytes)
  ✓ https://nfct.org.il/blog/movies/%D7%99%D7%9C%D7%93-%D7%A9%D7%9C%D7%90-%D7%98%D7%95%D7%A2%D7%94/ → nfct__blog_movies_D7_99_D7_9C_D7_93-_D7_A9_D7_9C_D7_90-_D7_98_D7_95_D7_A2_D7_94__3e159ba3.md (8266 bytes)
  ✗ https://nfct.org.il/blog/movies/%D7%99%D7%9C%D7%93-%D7%A9%D7%9C-%D7%93%D7%99%D7%90%D7%A0%D7%94/: 429 Client Error: Too Many Requests for url: https://crawl4ai-wrapper-559961100092.europe-west1.run.app/scrape
  ✗ https://nfct.org.il/blog/movies/%D7%99%D7%9D-%D7%9E%D7%A4%D7%9C%D7%99%D7%92/: 429 Client Error: Too Many Requests for url: https://crawl4ai-wrapper-559961100092.europe-west1.run.app/scrape
  ✓ https://nfct.org.il/blog/movies/%D7%99%D7%9C%D7%93-%D7%9E%D7%95%D7%95%D7%AA%D7%A8/ → nfct__blog_movies_D7_99_D7_9C_D7_93-_D7_9E_D7_95_D7_95_D7_AA_D7_A8__98e589b5.md (7618 bytes)
  ✓ https://nfct.org.il/blog/movies/%D7%99%D7%9C%D7%93-%D7%A9%D7%9C%D7%90-%D7%94%D7%95%D7%97%D7%9C%D7%A3/ → nfct__blog_movies_D7_99_D7_9C_D7_93-_D7_A9_D7_9C_D7_90-_D7_94_D7_95_D7_97_D7_9C_D7_A3__942a9309.md (7675 bytes)
  ✓ https://nfct.org.il/blog/movies/%D7%99%D7%9C%D7%93-%D7%A9%D7%9C%D7%90-%D7%98%D7%A2%D7%94/ → nfct__blog_movies_D7_99_D7_9C_D7_93-_D7_A9_D7_9C_D7_90-_D7_98_D7_A2_D7_94__642e6567.md (8219 bytes)
  ✓ https://nfct.org.il/blog/movies/%D7%99%D7%9E%D7%99-%D7%94%D7%A7%D7%99%D7%A5-%D7%94%D7%90%D7%97%D7%A8%D7%95%D7%A0%D7%99%D7%9D/ → nfct__blog_movies_D7_99_D7_9E_D7_99-_D7_94_D7_A7_D7_99_D7_A5-_D7_94_D7_90_D7_97_D7_A8___91478369.md (7747 bytes)
  ✓ https://nfct.org.il/blog/movies/%D7%99%D7%9E%D7%A0%D7%94%D7%A1-%D7%91%D7%9C%D7%A1%D7%99%D7%A0%D7%92/ → nfct__blog_movies_D7_99_D7_9E_D7_A0_D7_94_D7_A1-_D7_91_D7_9C_D7_A1_D7_99_D7_A0_D7_92__534ac5ef.md (7672 bytes)
  ✗ https://nfct.org.il/blog/movies/%D7%99%D7%A2%D7%A7%D7%91-%D7%93%D7%94%D7%90%D7%9F-%D7%A7%D7%95%D7%9C-%D7%9E%D7%97%D7%95%D7%A5-%D7%9C%D7%96%D7%9E%D7%9F/: 429 Client Error: Too Many Requests for url: https://crawl4ai-wrapper-559961100092.europe-west1.run.app/scrape
  ✓ https://nfct.org.il/blog/movies/%D7%99%D7%A0%D7%93%D7%90%D7%9C/ → nfct__blog_movies_D7_99_D7_A0_D7_93_D7_90_D7_9C__22e119b1.md (7561 bytes)
  ✓ https://nfct.org.il/blog/movies/%D7%99%D7%9E%D7%99%D7%9D-%D7%91%D7%94%D7%99%D7%A8%D7%99%D7%9D/ → nfct__blog_movies_D7_99_D7_9E_D7_99_D7_9D-_D7_91_D7_94_D7_99_D7_A8_D7_99_D7_9D__3333ca82.md (8234 bytes)
  ✓ https://nfct.org.il/blog/movies/%D7%99%D7%9C%D7%93-%D7%A9%D7%9C%D7%90-%D7%98%D7%95%D7%A2%D7%99%D7%9D-%D7%91%D7%95/ → nfct__blog_movies_D7_99_D7_9C_D7_93-_D7_A9_D7_9C_D7_90-_D7_98_D7_95_D7_A2_D7_99_D7_9D-__47734ce8.md (7714 bytes)
  ✗ https://nfct.org.il/blog/movies/%D7%99%D7%A2%D7%A7%D7%91-%D7%93%D7%94-%D7%94%D7%90%D7%9F-%D7%A7%D7%95%D7%9C-%D7%9E%D7%AA%D7%95%D7%9A-%D7%94%D7%96%D7%9E%D7%9F/: 429 Client Error: Too Many Requests for url: https://crawl4ai-wrapper-559961100092.europe-west1.run.app/scrape
  ✗ https://nfct.org.il/blog/movies/%D7%99%D7%A2%D7%A7%D7%91-%D7%93%D7%94-%D7%94%D7%90%D7%9F-%D7%A7%D7%95%D7%9C-%D7%9E%D7%AA%D7%95%D7%9A-%D7%96%D7%9E%D7%9F/: 429 Client Error: Too Many Requests for url: https://crawl4ai-wrapper-559961100092.europe-west1.run.app/scrape
  ✓ https://nfct.org.il/blog/movies/%D7%99%D7%9E%D7%A0%D7%94-%D7%91%D7%9C%D7%A1%D7%99%D7%A0%D7%92/ → nfct__blog_movies_D7_99_D7_9E_D7_A0_D7_94-_D7_91_D7_9C_D7_A1_D7_99_D7_A0_D7_92__19407be6.md (7654 bytes)
  ✓ https://nfct.org.il/blog/movies/%D7%99%D7%A2%D7%A7%D7%91-%D7%93%D7%94%D7%90%D7%9F-%D7%A7%D7%95%D7%9C-%D7%9E%D7%AA%D7%95%D7%9A-%D7%94%D7%96%D7%9E%D7%9F/ → nfct__blog_movies_D7_99_D7_A2_D7_A7_D7_91-_D7_93_D7_94_D7_90_D7_9F-_D7_A7_D7_95_D7_9C-__cb0f5617.md (7825 bytes)
  ✓ https://nfct.org.il/blog/movies/%D7%99%D7%A2%D7%A8%D7%99%D7%9D---%D7%91%D7%99%D7%AA-%D7%96%D7%9E%D7%A0%D7%99/ → nfct__blog_movies_D7_99_D7_A2_D7_A8_D7_99_D7_9D---_D7_91_D7_99_D7_AA-_D7_96_D7_9E_D7_A__c6679598.md (18151 bytes)
  ✓ https://nfct.org.il/blog/movies/%D7%99%D7%A6%D7%90%D7%94-%D7%9E%D7%94%D7%A7%D7%95%D7%A4%D7%A1%D7%94/ → nfct__blog_movies_D7_99_D7_A6_D7_90_D7_94-_D7_9E_D7_94_D7_A7_D7_95_D7_A4_D7_A1_D7_94__3ad1ce0f.md (8252 bytes)
  ✓ https://nfct.org.il/blog/movies/%D7%99%D7%A6%D7%90-%D7%91%D7%A9%D7%A9/ → nfct__blog_movies_D7_99_D7_A6_D7_90-_D7_91_D7_A9_D7_A9__c68e62fe.md (8162 bytes)
  ✓ https://nfct.org.il/blog/movies/%D7%99%D7%A6%D7%99%D7%90%D7%94-%D7%91%D7%A9%D7%90%D7%9C%D7%94/ → nfct__blog_movies_D7_99_D7_A6_D7_99_D7_90_D7_94-_D7_91_D7_A9_D7_90_D7_9C_D7_94__c8bfdd45.md (7654 bytes)
  ✗ https://nfct.org.il/blog/movies/%D7%99%D7%A8%D7%95%D7%97%D7%9D-%D7%A2%D7%95%D7%A0%D7%AA-%D7%9E%D7%A2%D7%91%D7%A8/: 429 Client Error: Too Many Requests for url: https://crawl4ai-wrapper-559961100092.europe-west1.run.app/scrape
  ✓ https://nfct.org.il/blog/movies/%D7%99%D7%A8%D7%95%D7%97%D7%9D-%D7%90%D7%95%D7%A4-%D7%A1%D7%96%D7%9F/ → nfct__blog_movies_D7_99_D7_A8_D7_95_D7_97_D7_9D-_D7_90_D7_95_D7_A4-_D7_A1_D7_96_D7_9F__4f2c1df5.md (7675 bytes)
  ✗ https://nfct.org.il/blog/movies/%D7%99%D7%A8%D7%95%D7%A9%D7%9C%D7%99%D7%9D-%D7%9E%D7%91%D7%9C%D7%91%D7%9C%D7%AA/: 429 Client Error: Too Many Requests for url: https://crawl4ai-wrapper-559961100092.europe-west1.run.app/scrape
  ✗ https://nfct.org.il/blog/movies/%D7%99%D7%A8%D7%95%D7%A9%D7%9C%D7%99%D7%9D-%D7%9E%D7%A2%D7%9C-%D7%A9%D7%9E%D7%97%D7%AA%D7%99-%D7%94%D7%92%D7%93%D7%95%D7%9C%D7%94/: 429 Client Error: Too Many Requests for url: https://crawl4ai-wrapper-559961100092.europe-west1.run.app/scrape
  ✗ https://nfct.org.il/blog/movies/%D7%99%D7%A8%D7%95%D7%A9%D7%9C%D7%99%D7%9D-%D7%A9%D7%9C-%D7%9E%D7%AA%D7%9B%D7%AA/: 429 Client Error: Too Many Requests for url: https://crawl4ai-wrapper-559961100092.europe-west1.run.app/scrape
  ✓ https://nfct.org.il/blog/movies/%D7%99%D7%A8%D7%95%D7%97%D7%9D-%D7%9E%D7%97%D7%95%D7%A5-%D7%9C%D7%A2%D7%95%D7%A0%D7%94/ → nfct__blog_movies_D7_99_D7_A8_D7_95_D7_97_D7_9D-_D7_9E_D7_97_D7_95_D7_A5-_D7_9C_D7_A2___35a4699c.md (7729 bytes)
  ✓ https://nfct.org.il/blog/movies/%D7%99%D7%A2%D7%A7%D7%91-%D7%93%D7%94%D7%90%D7%9F-%D7%A7%D7%95%D7%9C-%D7%9E%D7%AA%D7%95%D7%9A-%D7%96%D7%9E%D7%9F/ → nfct__blog_movies_D7_99_D7_A2_D7_A7_D7_91-_D7_93_D7_94_D7_90_D7_9F-_D7_A7_D7_95_D7_9C-__62aaa5c3.md (7807 bytes)
  ✗ https://nfct.org.il/blog/movies/%D7%99%D7%A8%D7%97-%D7%91%D7%95%D7%A7%D7%A8/: 429 Client Error: Too Many Requests for url: https://crawl4ai-wrapper-559961100092.europe-west1.run.app/scrape
  ✓ https://nfct.org.il/blog/movies/%D7%99%D7%A2%D7%A8%D7%99%D7%9D-%E2%80%93-%D7%91%D7%99%D7%AA-%D7%96%D7%9E%D7%A0%D7%99/ → nfct__blog_movies_D7_99_D7_A2_D7_A8_D7_99_D7_9D-_E2_80_93-_D7_91_D7_99_D7_AA-_D7_96_D7__81552068.md (8332 bytes)
  ✓ https://nfct.org.il/blog/movies/%D7%99%D7%A8%D7%97-%D7%93%D7%9D/ → nfct__blog_movies_D7_99_D7_A8_D7_97-_D7_93_D7_9D__7724f0fd.md (8144 bytes)
  ✓ https://nfct.org.il/blog/movies/%D7%99%D7%A8%D7%95%D7%A9%D7%9C%D7%99%D7%9D-%D7%9E%D7%91%D7%95%D7%9C%D7%91%D7%9C%D7%AA/ → nfct__blog_movies_D7_99_D7_A8_D7_95_D7_A9_D7_9C_D7_99_D7_9D-_D7_9E_D7_91_D7_95_D7_9C_D__11cff33c.md (8306 bytes)
  ✗ https://nfct.org.il/blog/movies/%D7%99%D7%A8%D7%97%D7%9D-%D7%90%D7%95%D7%A3-%D7%A1%D7%99%D7%96%D7%9F/: 429 Client Error: Too Many Requests for url: https://crawl4ai-wrapper-559961100092.europe-west1.run.app/scrape
  ✗ https://nfct.org.il/blog/movies/%D7%99%D7%A8%D7%97-%D7%91%D7%92%D7%9C%D7%99%D7%9C/: 429 Client Error: Too Many Requests for url: https://crawl4ai-wrapper-559961100092.europe-west1.run.app/scrape
  ✓ https://nfct.org.il/blog/movies/%D7%99%D7%A8%D7%97-%D7%9E%D7%A2%D7%9C-%D7%94%D7%92%D7%9C%D7%99%D7%9C-%D7%9E%D7%A4%D7%A8%D7%95%D7%99%D7%A7%D7%98-%D7%94%D7%92%D7%99%D7%95%D7%A8/ → nfct__blog_movies_D7_99_D7_A8_D7_97-_D7_9E_D7_A2_D7_9C-_D7_94_D7_92_D7_9C_D7_99_D7_9C-__11128a21.md (8506 bytes)
  ✗ https://nfct.org.il/blog/movies/%D7%99%D7%A8%D7%99%D7%AA%D7%99-%D7%90%D7%AA-%D7%90%D7%94%D7%95%D7%91%D7%99/: 429 Client Error: Too Many Requests for url: https://crawl4ai-wrapper-559961100092.europe-west1.run.app/scrape
  ✗ https://nfct.org.il/blog/movies/%D7%99%D7%A8%D7%99%D7%AA%D7%99-%D7%91%D7%90%D7%94%D7%95%D7%91%D7%AA%D7%99/: 429 Client Error: Too Many Requests for url: https://crawl4ai-wrapper-559961100092.europe-west1.run.app/scrape
  ✓ https://nfct.org.il/blog/movies/%D7%99%D7%A8%D7%97-%D7%9E%D7%A2%D7%9C-%D7%92%D7%9C%D7%99%D7%9C-%D7%9E%D7%A4%D7%A8%D7%95%D7%99%D7%A7%D7%98-%D7%94%D7%94%D7%AA%D7%9E%D7%A8%D7%94/ → nfct__blog_movies_D7_99_D7_A8_D7_97-_D7_9E_D7_A2_D7_9C-_D7_92_D7_9C_D7_99_D7_9C-_D7_9E__3154ac75.md (8477 bytes)
  ✓ https://nfct.org.il/blog/movies/%D7%99%D7%A8%D7%97-%D7%9E%D7%A2%D7%9C-%D7%94%D7%92%D7%9C%D7%99%D7%9C-%D7%9E%D7%A4%D7%A8%D7%95%D7%99%D7%A7%D7%98-%D7%94%D7%94%D7%AA%D7%9E%D7%A8%D7%95%D7%AA/ → nfct__blog_movies_D7_99_D7_A8_D7_97-_D7_9E_D7_A2_D7_9C-_D7_94_D7_92_D7_9C_D7_99_D7_9C-__2aca6123.md (7933 bytes)
  ✓ https://nfct.org.il/blog/movies/%D7%99%D7%A8%D7%99%D7%93%D7%94-%D7%9E%D7%94%D7%90%D7%A8%D7%A5/ → nfct__blog_movies_D7_99_D7_A8_D7_99_D7_93_D7_94-_D7_9E_D7_94_D7_90_D7_A8_D7_A5__adde49cf.md (8234 bytes)
  ✓ https://nfct.org.il/blog/movies/%D7%99%D7%A8%D7%97-%D7%9E%D7%A2%D7%9C-%D7%94%D7%92%D7%9C%D7%99%D7%9C-%D7%9E%D7%A4%D7%A8%D7%95%D7%99%D7%A7%D7%98-%D7%94%D7%9E%D7%A8%D7%94/ → nfct__blog_movies_D7_99_D7_A8_D7_97-_D7_9E_D7_A2_D7_9C-_D7_94_D7_92_D7_9C_D7_99_D7_9C-__3fa2c08f.md (8488 bytes)
  ✗ https://nfct.org.il/blog/movies/%D7%99%D7%A9%D7%A8%D7%90%D7%9C-%D7%9E%D7%95%D7%9F-%D7%90%D7%9E%D7%95%D7%A8/: 429 Client Error: Too Many Requests for url: https://crawl4ai-wrapper-559961100092.europe-west1.run.app/scrape
  ✓ https://nfct.org.il/blog/movies/%D7%99%D7%A9%D7%A8%D7%90%D7%9C%D7%99%D7%AA-%D7%91%D7%91%D7%A8%D7%9C%D7%99%D7%9D/ → nfct__blog_movies_D7_99_D7_A9_D7_A8_D7_90_D7_9C_D7_99_D7_AA-_D7_91_D7_91_D7_A8_D7_9C_D__125a200f.md (7708 bytes)
  ✗ https://nfct.org.il/blog/movies/%D7%99%D7%A9%D7%A8%D7%90%D7%9C-%D7%9E%D7%95%D7%A0-%D7%90%D7%9E%D7%95%D7%A8/: 429 Client Error: Too Many Requests for url: https://crawl4ai-wrapper-559961100092.europe-west1.run.app/scrape
  ✗ https://nfct.org.il/blog/movies/%D7%99%D7%A9%D7%A8%D7%90%D7%9C-%D7%A1%D7%A8%D7%98-%D7%91%D7%99%D7%AA%D7%99/: 429 Client Error: Too Many Requests for url: https://crawl4ai-wrapper-559961100092.europe-west1.run.app/scrape
  ✓ https://nfct.org.il/blog/movies/%D7%99%D7%A9%D7%A8%D7%90%D7%9C%D7%99%D7%9D-%D7%91%D7%92%D7%A8%D7%9E%D7%A0%D7%99%D7%94/ → nfct__blog_movies_D7_99_D7_A9_D7_A8_D7_90_D7_9C_D7_99_D7_9D-_D7_91_D7_92_D7_A8_D7_9E_D__cdac8952.md (7726 bytes)
  ✗ https://nfct.org.il/blog/movies/%D7%99%D7%A9%D7%A8%D7%90%D7%9C-%D7%A9%D7%9C%D7%99-%D7%90%D7%94%D7%91%D7%94/: 429 Client Error: Too Many Requests for url: https://crawl4ai-wrapper-559961100092.europe-west1.run.app/scrape
  ✓ https://nfct.org.il/blog/movies/%D7%99%D7%A9%D7%A8%D7%90%D7%9C%D7%99-%D7%91%D7%91%D7%A8%D7%9C%D7%99%D7%9F/ → nfct__blog_movies_D7_99_D7_A9_D7_A8_D7_90_D7_9C_D7_99-_D7_91_D7_91_D7_A8_D7_9C_D7_99_D__858d63df.md (7690 bytes)
  ✓ https://nfct.org.il/blog/movies/%D7%99%D7%A9%D7%A8%D7%90%D7%9C-%D7%A9%D7%9C%D7%99-%D7%90%D7%94%D7%95%D7%91%D7%AA%D7%99/ → nfct__blog_movies_D7_99_D7_A9_D7_A8_D7_90_D7_9C-_D7_A9_D7_9C_D7_99-_D7_90_D7_94_D7_95___96938775.md (7729 bytes)
  ✓ https://nfct.org.il/blog/movies/%D7%99%D7%A9%D7%A8%D7%90%D7%9C-%D7%9E%D7%90%D7%9F-%D7%90%D7%9E%D7%95%D7%A8/ → nfct__blog_movies_D7_99_D7_A9_D7_A8_D7_90_D7_9C-_D7_9E_D7_90_D7_9F-_D7_90_D7_9E_D7_95___6ca22e34.md (7693 bytes)
  ✓ https://nfct.org.il/blog/movies/%D7%99%D7%A9%D7%A8%D7%90%D7%9C-%D7%9E%D7%95%D7%A0%D7%99-%D7%90%D7%9E%D7%95%D7%A8/ → nfct__blog_movies_D7_99_D7_A9_D7_A8_D7_90_D7_9C-_D7_9E_D7_95_D7_A0_D7_99-_D7_90_D7_9E___136c6de4.md (8291 bytes)
  ✓ https://nfct.org.il/blog/movies/%D7%99%D7%A9%D7%AA%D7%91%D7%97-%D7%94%D7%9C%D6%B7%D7%A8%D6%B0%D7%93/ → nfct__blog_movies_D7_99_D7_A9_D7_AA_D7_91_D7_97-_D7_94_D7_9C_D6_B7_D7_A8_D6_B0_D7_93__f69b144b.md (7672 bytes)
  ✓ https://nfct.org.il/blog/movies/%D7%99%D7%A9%D7%A8%D7%90%D7%9C-%D7%A1%D7%A8%D7%98-%D7%91%D7%99%D7%AA/ → nfct__blog_movies_D7_99_D7_A9_D7_A8_D7_90_D7_9C-_D7_A1_D7_A8_D7_98-_D7_91_D7_99_D7_AA__efd9a1c9.md (7675 bytes)
  ✓ https://nfct.org.il/blog/movies/%D7%99%D7%A9-%D7%9C%D7%99-%D7%97%D7%9C%D7%95%D7%9D/ → nfct__blog_movies_D7_99_D7_A9-_D7_9C_D7_99-_D7_97_D7_9C_D7_95_D7_9D__b62f0384.md (11913 bytes)
  ✓ https://nfct.org.il/blog/movies/%D7%99%D7%A9%D7%A8%D7%90%D7%9C-%D7%A9%D7%9C%D7%99/ → nfct__blog_movies_D7_99_D7_A9_D7_A8_D7_90_D7_9C-_D7_A9_D7_9C_D7_99__a1c53a22.md (7618 bytes)
  ✓ https://nfct.org.il/blog/movies/%D7%99%D7%AA%D7%95%D7%9E%D7%99%D7%9D-%D7%9E%D7%94%D7%AA%D7%A7%D7%95%D7%9E%D7%9E%D7%95%D7%AA/ → nfct__blog_movies_D7_99_D7_AA_D7_95_D7_9E_D7_99_D7_9D-_D7_9E_D7_94_D7_AA_D7_A7_D7_95_D__32bf0f7e.md (8324 bytes)
  ✓ https://nfct.org.il/blog/movies/%D7%99%D7%AA%D7%95%D7%9E%D7%99%D7%9D-%D7%9E%D7%94%D7%AA%D7%A7%D7%95%D7%A4%D7%94/ → nfct__blog_movies_D7_99_D7_AA_D7_95_D7_9E_D7_99_D7_9D-_D7_9E_D7_94_D7_AA_D7_A7_D7_95_D__c5e08a98.md (7708 bytes)
  ✓ https://nfct.org.il/blog/movies/%D7%99%D7%A9-%D7%9C%D7%99-%D7%97%D7%9C%D7%95%D7%9D-%D7%AA%D7%9C-%D7%90%D7%91%D7%99%D7%91-%D7%99%D7%A4%D7%95/ → nfct__blog_movies_D7_99_D7_A9-_D7_9C_D7_99-_D7_97_D7_9C_D7_95_D7_9D-_D7_AA_D7_9C-_D7_9__9bd1d72a.md (7792 bytes)
  ✓ https://nfct.org.il/blog/movies/%D7%99%D7%A9%D7%AA%D7%91%D7%97-%D7%94%D7%9C%D7%95%D7%A8%D7%93/ → nfct__blog_movies_D7_99_D7_A9_D7_AA_D7_91_D7_97-_D7_94_D7_9C_D7_95_D7_A8_D7_93__c95f3bcb.md (8263 bytes)
  ✗ https://nfct.org.il/blog/movies/%D7%9B%D7%90%D7%91%D7%99%D7%9D-%D7%A4%D7%A0%D7%98%D7%95%D7%9D/: 429 Client Error: Too Many Requests for url: https://crawl4ai-wrapper-559961100092.europe-west1.run.app/scrape
  ✓ https://nfct.org.il/blog/movies/%D7%99%D7%AA%D7%95%D7%9E%D7%99%D7%9D-%D7%9E%D7%94%D7%AA%D7%A7%D7%95%D7%95%D7%94/ → nfct__blog_movies_D7_99_D7_AA_D7_95_D7_9E_D7_99_D7_9D-_D7_9E_D7_94_D7_AA_D7_A7_D7_95_D__2041eb79.md (7708 bytes)
  ✓ https://nfct.org.il/blog/movies/%D7%99%D7%AA%D7%95%D7%9E%D7%99%D7%9D-%D7%9E%D7%94%D7%AA%D7%A7%D7%95%D7%A4%D7%94-%D7%94%D7%9E%D7%94%D7%A4%D7%9B%D7%A0%D7%99%D7%AA/ → nfct__blog_movies_D7_99_D7_AA_D7_95_D7_9E_D7_99_D7_9D-_D7_9E_D7_94_D7_AA_D7_A7_D7_95_D__6a68ed6d.md (7855 bytes)
  ✓ https://nfct.org.il/blog/movies/%D7%9B%D7%90%D7%91%D7%99-%D7%92%D7%93%D7%99%D7%9C%D7%94/ → nfct__blog_movies_D7_9B_D7_90_D7_91_D7_99-_D7_92_D7_93_D7_99_D7_9C_D7_94__f281d23a.md (7636 bytes)
  ✗ https://nfct.org.il/blog/movies/%D7%9B%D7%90%D7%91%D7%99%D7%9D-%D7%92%D7%93%D7%9C%D7%99%D7%9D/: 429 Client Error: Too Many Requests for url: https://crawl4ai-wrapper-559961100092.europe-west1.run.app/scrape
  ✗ https://nfct.org.il/blog/movies/%D7%9B%D7%90%D7%91%D7%99%D7%9D-%D7%9E%D7%93%D7%95%D7%9E%D7%99%D7%9D/: 429 Client Error: Too Many Requests for url: https://crawl4ai-wrapper-559961100092.europe-west1.run.app/scrape
  ✗ https://nfct.org.il/blog/movies/%D7%9B%D7%91%D7%95%D7%93-%D7%9C%D7%90%D7%91%D7%99%D7%9A-%D7%95%D7%9C%D7%90%D7%9E%D7%9A-%D7%9C%D7%A2%D7%96%D7%90%D7%96%D7%9C/: 429 Client Error: Too Many Requests for url: https://crawl4ai-wrapper-559961100092.europe-west1.run.app/scrape
  ✗ https://nfct.org.il/blog/movies/%D7%9B%D7%91%D7%99%D7%A9-%D7%91%D7%9F-%D7%A6%D7%91%D7%99-67/: 429 Client Error: Too Many Requests for url: https://crawl4ai-wrapper-559961100092.europe-west1.run.app/scrape
  ✗ https://nfct.org.il/blog/movies/%D7%9B%D7%91%D7%99%D7%A9-65/: 429 Client Error: Too Many Requests for url: https://crawl4ai-wrapper-559961100092.europe-west1.run.app/scrape
  ✗ https://nfct.org.il/blog/movies/%D7%9B%D7%90%D7%91%D7%99%D7%9D-%D7%A8%D7%A4%D7%90%D7%99%D7%9D/: 429 Client Error: Too Many Requests for url: https://crawl4ai-wrapper-559961100092.europe-west1.run.app/scrape
  ✓ https://nfct.org.il/blog/movies/%D7%9B%D7%91%D7%93-%D7%90%D7%AA-%D7%90%D7%91%D7%99%D7%9A-%D7%95%D7%90%D7%AA-%D7%90%D7%9E%D7%9A-%D7%9C%D7%A2%D7%96%D7%90%D7%96%D7%9C/ → nfct__blog_movies_D7_9B_D7_91_D7_93-_D7_90_D7_AA-_D7_90_D7_91_D7_99_D7_9A-_D7_95_D7_90__047371f6.md (7864 bytes)
  ✗ https://nfct.org.il/blog/movies/%D7%9B%D7%95%D7%9B%D7%91%D7%94-%D7%A9%D7%9C-%D7%9E%D7%99%D7%A0%D7%93%D7%99/: 429 Client Error: Too Many Requests for url: https://crawl4ai-wrapper-559961100092.europe-west1.run.app/scrape
  ✓ https://nfct.org.il/blog/movies/%D7%9B%D7%91%D7%95%D7%93-%D7%92%D7%91%D7%A8%D7%99%D7%9D/ → nfct__blog_movies_D7_9B_D7_91_D7_95_D7_93-_D7_92_D7_91_D7_A8_D7_99_D7_9D__420fbb43.md (7636 bytes)
  ✗ https://nfct.org.il/blog/movies/%D7%9B%D7%95%D7%9B%D7%91-%D7%90%D7%97%D7%93-%D7%9C%D7%91%D7%93/: 429 Client Error: Too Many Requests for url: https://crawl4ai-wrapper-559961100092.europe-west1.run.app/scrape
  ✓ https://nfct.org.il/blog/movies/%D7%9B%D7%90%D7%91%D7%99-%D7%A8%D7%A4%D7%90%D7%99%D7%9D/ → nfct__blog_movies_D7_9B_D7_90_D7_91_D7_99-_D7_A8_D7_A4_D7_90_D7_99_D7_9D__84b17034.md (8245 bytes)
  ✓ https://nfct.org.il/blog/movies/%D7%9B%D7%91%D7%A8-%D7%9C%D7%90-%D7%AA%D7%A8%D7%90%D7%95-%D7%9B%D7%9C%D7%95%D7%9D/ → nfct__blog_movies_D7_9B_D7_91_D7_A8-_D7_9C_D7_90-_D7_AA_D7_A8_D7_90_D7_95-_D7_9B_D7_9C__5c0ff9d5.md (8294 bytes)
  ✗ https://nfct.org.il/blog/movies/%D7%9B%D7%99%D7%9B%D7%A8-%D7%94%D7%9E%D7%95%D7%96%D7%99%D7%90%D7%95%D7%9F/: 429 Client Error: Too Many Requests for url: https://crawl4ai-wrapper-559961100092.europe-west1.run.app/scrape
  ✗ https://nfct.org.il/blog/movies/%D7%9B%D7%99%D7%A1%D7%90%D7%95%D7%AA-%D7%A8%D7%A4%D7%90%D7%99%D7%9D/: 429 Client Error: Too Many Requests for url: https://crawl4ai-wrapper-559961100092.europe-west1.run.app/scrape
  ✓ https://nfct.org.il/blog/movies/%D7%9B%D7%95%D7%9B%D7%91%D7%99-%D7%A9%D7%98%D7%A8%D7%9F/ → nfct__blog_movies_D7_9B_D7_95_D7_9B_D7_91_D7_99-_D7_A9_D7_98_D7_A8_D7_9F__2f484c6e.md (8245 bytes)
  ✗ https://nfct.org.il/blog/movies/%D7%9B%D7%99%D7%A4%D7%90%D7%99%D7%94-%D7%A2%D7%99%D7%99%D7%90%D7%98%D7%99/: 429 Client Error: Too Many Requests for url: https://crawl4ai-wrapper-559961100092.europe-west1.run.app/scrape
  ✓ https://nfct.org.il/blog/movies/%D7%9B%D7%95%D7%9B%D7%91-%D7%A9%D7%9C-%D7%9E%D7%99%D7%A0%D7%93%D7%99/ → nfct__blog_movies_D7_9B_D7_95_D7_9B_D7_91-_D7_A9_D7_9C-_D7_9E_D7_99_D7_A0_D7_93_D7_99__b07ff0de.md (7675 bytes)
  ✗ https://nfct.org.il/blog/movies/%D7%9B%D7%99%D7%AA%D7%AA-%D7%94%D7%A1%D7%A8%D7%98/: 429 Client Error: Too Many Requests for url: https://crawl4ai-wrapper-559961100092.europe-west1.run.app/scrape
  ✓ https://nfct.org.il/blog/movies/%D7%9B%D7%99%D7%91%D7%93-%D7%90%D7%AA-%D7%90%D7%91%D7%99%D7%9A-%D7%95%D7%90%D7%AA-%D7%90%D7%9E%D7%9A-%D7%9C%D7%A2%D7%96%D7%90%D7%96%D7%9C/ → nfct__blog_movies_D7_9B_D7_99_D7_91_D7_93-_D7_90_D7_AA-_D7_90_D7_91_D7_99_D7_9A-_D7_95__33b559b3.md (8462 bytes)
  ✓ https://nfct.org.il/blog/movies/%D7%9B%D7%99%D7%A1%D7%95%D7%99-%D7%94%D7%A9%D7%AA%D7%99%D7%99%D7%94-%D7%A9%D7%9C-%D7%94%D7%9B%D7%AA%D7%A8/ → nfct__blog_movies_D7_9B_D7_99_D7_A1_D7_95_D7_99-_D7_94_D7_A9_D7_AA_D7_99_D7_99_D7_94-___a4fac1b8.md (7786 bytes)
  ✗ https://nfct.org.il/blog/movies/%D7%9B%D7%9C%D7%94-%D7%A9%D7%9C-%D7%94%D7%92%D7%9C%D7%99%D7%9C/: 429 Client Error: Too Many Requests for url: https://crawl4ai-wrapper-559961100092.europe-west1.run.app/scrape
  ✓ https://nfct.org.il/blog/movies/%D7%9B%D7%99%D7%A9%D7%A8%D7%95%D7%9F-%D7%9C%D7%90%D7%A8%D7%A5/ → nfct__blog_movies_D7_9B_D7_99_D7_A9_D7_A8_D7_95_D7_9F-_D7_9C_D7_90_D7_A8_D7_A5__93a87da1.md (7654 bytes)
  ✓ https://nfct.org.il/blog/movies/%D7%9B%D7%99%D7%AA%D7%AA-%D7%9C%D7%99%D7%9E%D7%95%D7%93/ → nfct__blog_movies_D7_9B_D7_99_D7_AA_D7_AA-_D7_9C_D7_99_D7_9E_D7_95_D7_93__1dca88be.md (7636 bytes)
  ✗ https://nfct.org.il/blog/movies/%D7%9B%D7%9C-%D7%90%D7%A0%D7%97%D7%A0%D7%95-%D7%94%D7%A8%D7%A6%D7%9C/: 429 Client Error: Too Many Requests for url: https://crawl4ai-wrapper-559961100092.europe-west1.run.app/scrape
  ✗ https://nfct.org.il/blog/movies/%D7%9B%D7%9C-%D7%90%D7%A0%D7%A9%D7%99-%D7%94%D7%A8%D7%A6%D7%9C/: 429 Client Error: Too Many Requests for url: https://crawl4ai-wrapper-559961100092.europe-west1.run.app/scrape
  ✗ https://nfct.org.il/blog/movies/%D7%9B%D7%9C-%D7%94%D7%98%D7%95%D7%91/: 429 Client Error: Too Many Requests for url: https://crawl4ai-wrapper-559961100092.europe-west1.run.app/scrape
  ✗ https://nfct.org.il/blog/movies/%D7%9B%D7%9C-%D7%9B%D7%9A-%D7%A7%D7%A8%D7%95%D7%91-%D7%9B%D7%9C-%D7%9B%D7%9A-%D7%A8%D7%97%D7%95%D7%A7/: 429 Client Error: Too Many Requests for url: https://crawl4ai-wrapper-559961100092.europe-west1.run.app/scrape
  ✗ https://nfct.org.il/blog/movies/%D7%9B%D7%9E%D7%94%D7%94-%D7%9C%D7%9E%D7%97%D7%A8/: 429 Client Error: Too Many Requests for url: https://crawl4ai-wrapper-559961100092.europe-west1.run.app/scrape
  ✗ https://nfct.org.il/blog/movies/%D7%9B%D7%9E%D7%94%D7%99%D7%9D-%D7%9C%D7%9E%D7%97%D7%A8/: 429 Client Error: Too Many Requests for url: https://crawl4ai-wrapper-559961100092.europe-west1.run.app/scrape
  ✓ https://nfct.org.il/blog/movies/%D7%9B%D7%9C%D7%94-%D7%A9%D7%9C-%D7%92%D7%9C%D7%99%D7%9C/ → nfct__blog_movies_D7_9B_D7_9C_D7_94-_D7_A9_D7_9C-_D7_92_D7_9C_D7_99_D7_9C__f96f69ea.md (7639 bytes)
  ✓ https://nfct.org.il/blog/movies/%D7%9B%D7%9C%D7%95%D7%91-%D7%94%D7%96%D7%94%D7%91/ → nfct__blog_movies_D7_9B_D7_9C_D7_95_D7_91-_D7_94_D7_96_D7_94_D7_91__f579e6be.md (8198 bytes)
  ✗ https://nfct.org.il/blog/movies/%D7%9B%D7%A0%D7%95%D7%A4%D7%99%D7%99%D7%AA-%D7%94%D7%A9%D7%95%D7%A7%D7%95%D7%9C%D7%93/: 429 Client Error: Too Many Requests for url: https://crawl4ai-wrapper-559961100092.europe-west1.run.app/scrape
  ✗ https://nfct.org.il/blog/movies/%D7%9B%D7%A0%D7%95%D7%A4%D7%99%D7%99%D7%AA-%D7%A9%D7%95%D7%A7%D7%95%D7%9C%D7%93/: 429 Client Error: Too Many Requests for url: https://crawl4ai-wrapper-559961100092.europe-west1.run.app/scrape
  ✗ https://nfct.org.il/blog/movies/%D7%9B%D7%A0%D7%A4%D7%99%D7%99%D7%9D-2017/: 429 Client Error: Too Many Requests for url: https://crawl4ai-wrapper-559961100092.europe-west1.run.app/scrape
  ✓ https://nfct.org.il/blog/movies/%D7%9B%D7%9E%D7%95-%D7%96%D7%95%D7%A0%D7%94-%D7%91%D7%A9%D7%91%D7%99%D7%9C%D7%9A/ → nfct__blog_movies_D7_9B_D7_9E_D7_95-_D7_96_D7_95_D7_A0_D7_94-_D7_91_D7_A9_D7_91_D7_99___6b289c1e.md (7711 bytes)
  ✗ https://nfct.org.il/blog/movies/%D7%9B%D7%A4%D7%95%D7%99/: 429 Client Error: Too Many Requests for url: https://crawl4ai-wrapper-559961100092.europe-west1.run.app/scrape
  ✓ https://nfct.org.il/blog/movies/%D7%9B%D7%9E%D7%95-%D7%A9%D7%92%D7%95%D7%A4%D7%A0%D7%95-%D7%9E%D7%95%D7%AA%D7%99%D7%A8-%D7%97%D7%95%D7%AA%D7%9D/ → nfct__blog_movies_D7_9B_D7_9E_D7_95-_D7_A9_D7_92_D7_95_D7_A4_D7_A0_D7_95-_D7_9E_D7_95___53fefb91.md (7804 bytes)
  ✗ https://nfct.org.il/blog/movies/%D7%9B%D7%A8%D7%99%D7%AA%D7%94/: 429 Client Error: Too Many Requests for url: https://crawl4ai-wrapper-559961100092.europe-west1.run.app/scrape
  ✗ https://nfct.org.il/blog/movies/%D7%9B%D7%95%D7%91%D7%A2%D7%99-%D7%99%D7%A8%D7%95%D7%A9%D7%9C%D7%99%D7%9D/: HTTPSConnectionPool(host='crawl4ai-wrapper-559961100092.europe-west1.run.app', port=443): Read timed out. (read timeout=120)
  ✗ https://nfct.org.il/blog/movies/%D7%9B%D7%A9%D7%94%D7%9B%D7%9C%D7%91%D7%99%D7%9D-%D7%94%D7%9C%D7%9C%D7%95-%D7%99%D7%A9%D7%A0%D7%99%D7%9D/: 429 Client Error: Too Many Requests for url: https://crawl4ai-wrapper-559961100092.europe-west1.run.app/scrape
  ✓ https://nfct.org.il/blog/movies/%D7%9B%D7%A1%D7%90%D7%95%D7%AA-%D7%9B%D7%90%D7%91/ → nfct__blog_movies_D7_9B_D7_A1_D7_90_D7_95_D7_AA-_D7_9B_D7_90_D7_91__d7960dca.md (7618 bytes)
  ✓ https://nfct.org.il/blog/movies/%D7%9B%D7%A4%D7%A8-%D7%94%D7%A8%D7%90%D7%94/ → nfct__blog_movies_D7_9B_D7_A4_D7_A8-_D7_94_D7_A8_D7_90_D7_94__a5e54ea7.md (7600 bytes)
  ✓ https://nfct.org.il/blog/movies/%D7%9B%D7%A9%D7%94%D7%9B%D7%9C%D7%91%D7%99%D7%9D-%D7%94%D7%99%D7%A9%D7%A0%D7%99%D7%9D-%D7%A9%D7%95%D7%9B%D7%91%D7%99%D7%9D/ → nfct__blog_movies_D7_9B_D7_A9_D7_94_D7_9B_D7_9C_D7_91_D7_99_D7_9D-_D7_94_D7_99_D7_A9_D__5413043d.md (7837 bytes)
  ✓ https://nfct.org.il/blog/movies/%D7%9B%D7%A9%D7%94%D7%9B%D7%9C%D7%91%D7%99%D7%9D-%D7%99%D7%A9%D7%A0%D7%99%D7%9D/ → nfct__blog_movies_D7_9B_D7_A9_D7_94_D7_9B_D7_9C_D7_91_D7_99_D7_9D-_D7_99_D7_A9_D7_A0_D__d2378576.md (8288 bytes)
  ✗ https://nfct.org.il/blog/movies/%D7%9B%D7%A9%D7%AA%D7%A8%D7%95%D7%9F-%D7%9C%D7%90%D7%A8%D7%A5-%D7%99%D7%A9%D7%A8%D7%90%D7%9C/: 429 Client Error: Too Many Requests for url: https://crawl4ai-wrapper-559961100092.europe-west1.run.app/scrape
  ✗ https://nfct.org.il/blog/movies/%D7%9B%D7%AA%D7%91-%D7%9E%D7%99%D7%A0%D7%95%D7%99/: 429 Client Error: Too Many Requests for url: https://crawl4ai-wrapper-559961100092.europe-west1.run.app/scrape
  ✓ https://nfct.org.il/blog/movies/%D7%9B%D7%A9%D7%9C%D7%95%D7%9F-%D7%94%D7%A4%D7%A1%D7%93%D7%99%D7%9D/ → nfct__blog_movies_D7_9B_D7_A9_D7_9C_D7_95_D7_9F-_D7_94_D7_A4_D7_A1_D7_93_D7_99_D7_9D__0175c52b.md (7672 bytes)
  ✗ https://nfct.org.il/blog/movies/%D7%9B%D7%A9%D7%94%D7%9C%D7%99%D7%9C%D7%94-%D7%99%D7%95%D7%A8%D7%93/: 429 Client Error: Too Many Requests for url: https://crawl4ai-wrapper-559961100092.europe-west1.run.app/scrape
  ✓ https://nfct.org.il/blog/movies/%D7%9B%D7%AA%D7%95%D7%91-%D7%90%D7%A0%D7%99-%D7%A2%D7%A8%D7%91%D7%99/ → nfct__blog_movies_D7_9B_D7_AA_D7_95_D7_91-_D7_90_D7_A0_D7_99-_D7_A2_D7_A8_D7_91_D7_99__8319c060.md (8284 bytes)
  ✗ https://nfct.org.il/blog/movies/%D7%9C%D7%90%D7%92%D7%95%D7%A1/: 429 Client Error: Too Many Requests for url: https://crawl4ai-wrapper-559961100092.europe-west1.run.app/scrape
  ✓ https://nfct.org.il/blog/movies/%D7%9B%D7%A9%D7%99%D7%A8%D7%95%D7%9F-%D7%9C%D7%90%D7%A8%D7%A5-%D7%99%D7%A9%D7%A8%D7%90%D7%9C/ → nfct__blog_movies_D7_9B_D7_A9_D7_99_D7_A8_D7_95_D7_9F-_D7_9C_D7_90_D7_A8_D7_A5-_D7_99___4a00a093.md (7747 bytes)
  ✗ https://nfct.org.il/blog/movies/%D7%9B%D7%9C%D7%A0%D7%95-%D7%94%D7%A8%D7%A6%D7%9C/: HTTPSConnectionPool(host='crawl4ai-wrapper-559961100092.europe-west1.run.app', port=443): Read timed out. (read timeout=120)
  ✓ https://nfct.org.il/blog/movies/%D7%9C%D7%90%D7%94%D7%91%D7%94/ → nfct__blog_movies_D7_9C_D7_90_D7_94_D7_91_D7_94__42e99a8c.md (8170 bytes)
  ✗ https://nfct.org.il/blog/movies/%D7%9C%D7%90%D7%94-%D7%A1%D7%A8%D7%A0%D7%99-%D7%94%D7%92%D7%91%D7%A8%D7%AA-%D7%91%D7%A9%D7%9E%D7%9C%D7%94-%D7%94%D7%A9%D7%97%D7%95%D7%A8%D7%94/: 429 Client Error: Too Many Requests for url: https://crawl4ai-wrapper-559961100092.europe-west1.run.app/scrape
  ✗ https://nfct.org.il/blog/movies/%D7%9C%D7%90%D7%97%D7%A8-%D7%9C%D7%99%D7%93%D7%94/: 429 Client Error: Too Many Requests for url: https://crawl4ai-wrapper-559961100092.europe-west1.run.app/scrape
  ✗ https://nfct.org.il/blog/movies/%D7%9C%D7%90%D7%A1%D7%98-%D7%90%D7%A0%D7%92%D7%9C%D7%A1-%E2%80%93-%D7%A1%D7%A8%D7%98-%D7%9E%D7%95%D7%96%D7%99%D7%A7%D7%9C%D7%99-%D7%AA%D7%99%D7%A2%D7%95%D7%93%D7%99/: 429 Client Error: Too Many Requests for url: https://crawl4ai-wrapper-559961100092.europe-west1.run.app/scrape
  ✓ https://nfct.org.il/blog/movies/%D7%9B%D7%AA%D7%A3/ → nfct__blog_movies_D7_9B_D7_AA_D7_A3__cbcfeddb.md (8105 bytes)
  ✗ https://nfct.org.il/blog/movies/%D7%9C%D7%90-%D7%90%D7%A1%D7%99%D7%A8-%D7%AA%D7%95%D7%93%D7%94/: 429 Client Error: Too Many Requests for url: https://crawl4ai-wrapper-559961100092.europe-west1.run.app/scrape
  ✓ https://nfct.org.il/blog/movies/%D7%9B-%D7%9C-%D7%9E-%D7%97-%D7%A8-%D7%AA-%D7%9E-%D7%95-%D7%97-%D7%A8/ → nfct__blog_movies_D7_9B-_D7_9C-_D7_9E-_D7_97-_D7_A8-_D7_AA-_D7_9E-_D7_95-_D7_97-_D7_A8__94fcc41d.md (7678 bytes)
  ✓ https://nfct.org.il/blog/movies/%D7%9C%D7%90-%D7%91%D7%99%D7%AA/ → nfct__blog_movies_D7_9C_D7_90-_D7_91_D7_99_D7_AA__8868fb80.md (7564 bytes)
  ✗ https://nfct.org.il/blog/movies/%D7%9C%D7%90-%D7%97%D7%95%D7%A7%D7%99-%D7%94%D7%92%D7%99%D7%A8%D7%94/: 429 Client Error: Too Many Requests for url: https://crawl4ai-wrapper-559961100092.europe-west1.run.app/scrape
  ✗ https://nfct.org.il/blog/movies/%D7%9C%D7%90-%D7%99%D7%93%D7%95%D7%A2/: 429 Client Error: Too Many Requests for url: https://crawl4ai-wrapper-559961100092.europe-west1.run.app/scrape
  ✗ https://nfct.org.il/blog/movies/%D7%9C%D7%90-%D7%99%D7%9B%D7%9C%D7%AA%D7%99-%D7%9C%D7%93%D7%A2%D7%AA/: 429 Client Error: Too Many Requests for url: https://crawl4ai-wrapper-559961100092.europe-west1.run.app/scrape
  ✗ https://nfct.org.il/blog/movies/%D7%9C%D7%90-%D7%9B%D7%9C%D7%95%D7%9D-%D7%90%D7%9C%D7%90-%D7%A6%D7%A0%D7%A6%D7%A0%D7%AA-%D7%A9%D7%9E%D7%9F/: 429 Client Error: Too Many Requests for url: https://crawl4ai-wrapper-559961100092.europe-west1.run.app/scrape
  ✓ https://nfct.org.il/blog/movies/%D7%9C%D7%90%D7%94-%D7%92%D7%95%D7%9C%D7%93%D7%91%D7%A8%D7%92-%D7%90%D7%A9%D7%94-%D7%A9%D7%97%D7%95%D7%A8%D7%94/ → nfct__blog_movies_D7_9C_D7_90_D7_94-_D7_92_D7_95_D7_9C_D7_93_D7_91_D7_A8_D7_92-_D7_90___d20fee27.md (8384 bytes)
  ✓ https://nfct.org.il/blog/movies/%D7%9C%D7%90%D7%A9%D7%94-%E2%80%93-%D7%A1%D7%99%D7%A4%D7%95%D7%A8%D7%95-%D7%A9%D7%9C-%D7%9E%D7%92%D7%96%D7%99%D7%9F-%D7%A0%D7%A9%D7%99%D7%9D/ → nfct__blog_movies_D7_9C_D7_90_D7_A9_D7_94-_E2_80_93-_D7_A1_D7_99_D7_A4_D7_95_D7_A8_D7___7d1a3c4b.md (7891 bytes)
  ✗ https://nfct.org.il/blog/movies/%D7%9C%D7%90-%D7%9E%D7%A6%D7%A4%D7%94-%D7%9C-34-%D7%A6%D7%99%D7%95%D7%A8%D7%99%D7%9D/: 429 Client Error: Too Many Requests for url: https://crawl4ai-wrapper-559961100092.europe-west1.run.app/scrape
  ✗ https://nfct.org.il/blog/movies/%D7%9C%D7%90-%D7%A0%D7%90/: 429 Client Error: Too Many Requests for url: https://crawl4ai-wrapper-559961100092.europe-west1.run.app/scrape
  ✗ https://nfct.org.il/blog/movies/%D7%9C%D7%90-%D7%A0%D7%95%D7%AA%D7%A8-%D7%93%D7%91%D7%A8/: 429 Client Error: Too Many Requests for url: https://crawl4ai-wrapper-559961100092.europe-west1.run.app/scrape
  ✓ https://nfct.org.il/blog/movies/%D7%9C%D7%90-%D7%91%D7%99%D7%95%D7%9D-%D7%95%D7%9C%D7%90-%D7%91%D7%9C%D7%99%D7%9C%D7%94/ → nfct__blog_movies_D7_9C_D7_90-_D7_91_D7_99_D7_95_D7_9D-_D7_95_D7_9C_D7_90-_D7_91_D7_9C__f013db55.md (8341 bytes)
  ✗ https://nfct.org.il/blog/movies/%D7%9C%D7%90-%D7%A0%D7%95%D7%AA%D7%A8-%D7%99%D7%9C%D7%93/: 429 Client Error: Too Many Requests for url: https://crawl4ai-wrapper-559961100092.europe-west1.run.app/scrape
  ✗ https://nfct.org.il/blog/movies/%D7%9C%D7%90-%D7%A0%D7%97%D7%A1%D7%9A-%D7%90%D7%A3-%D7%99%D7%9C%D7%93/: 429 Client Error: Too Many Requests for url: https://crawl4ai-wrapper-559961100092.europe-west1.run.app/scrape
  ✓ https://nfct.org.il/blog/movies/%D7%9C%D7%90-%D7%9E%D7%99%D7%9C%D7%94-%D7%A9%D7%9C-%D7%90%D7%9E%D7%AA/ → nfct__blog_movies_D7_9C_D7_90-_D7_9E_D7_99_D7_9C_D7_94-_D7_A9_D7_9C-_D7_90_D7_9E_D7_AA__e62e1287.md (7678 bytes)
  ✗ https://nfct.org.il/blog/movies/%D7%9C%D7%90-%D7%A0%D7%95%D7%AA%D7%A8-%D7%99%D7%9C%D7%93-%D7%90%D7%97%D7%93/: 429 Client Error: Too Many Requests for url: https://crawl4ai-wrapper-559961100092.europe-west1.run.app/scrape
  ✓ https://nfct.org.il/blog/movies/%D7%9C%D7%90-%D7%9E%D7%A6%D7%A4%D7%94-%D7%90%D7%9C%D7%90-%D7%9C-34-%D7%A6%D7%99%D7%95%D7%A8%D7%99%D7%9D/ → nfct__blog_movies_D7_9C_D7_90-_D7_9E_D7_A6_D7_A4_D7_94-_D7_90_D7_9C_D7_90-_D7_9C-34-_D__6ae8d70a.md (8360 bytes)
  ✓ https://nfct.org.il/blog/movies/%D7%9C%D7%90-%D7%A0%D7%97%D7%A1%D7%9B%D7%95-%D7%99%D7%9C%D7%93%D7%99%D7%9D/ → nfct__blog_movies_D7_9C_D7_90-_D7_A0_D7_97_D7_A1_D7_9B_D7_95-_D7_99_D7_9C_D7_93_D7_99___e703c64e.md (8273 bytes)
  ✗ https://nfct.org.il/blog/movies/%D7%9C%D7%90-%D7%A0%D7%9E%D7%A6%D7%90%D7%95-%D7%A9%D7%9E%D7%95%D7%AA/: 429 Client Error: Too Many Requests for url: https://crawl4ai-wrapper-559961100092.europe-west1.run.app/scrape
  ✓ https://nfct.org.il/blog/movies/%D7%9C%D7%90-%D7%A0%D7%9E%D7%A6%D7%90%D7%95-%D7%A1%D7%A8%D7%98%D7%99%D7%9D-%D7%A1%D7%A4%D7%A6%D7%99%D7%A4%D7%99%D7%99%D7%9D/ → nfct__blog_movies_D7_9C_D7_90-_D7_A0_D7_9E_D7_A6_D7_90_D7_95-_D7_A1_D7_A8_D7_98_D7_99___97cc593b.md (8420 bytes)
  ✗ https://nfct.org.il/blog/movies/%D7%9C%D7%90-%D7%A0%D7%A9%D7%90%D7%A8%D7%94-%D7%A2%D7%99%D7%9F-%D7%99%D7%91%D7%A9%D7%94/: 429 Client Error: Too Many Requests for url: https://crawl4ai-wrapper-559961100092.europe-west1.run.app/scrape
  ✓ https://nfct.org.il/blog/movies/%D7%9C%D7%90-%D7%A0%D7%9E%D7%A6%D7%90%D7%95-%D7%A1%D7%A8%D7%98%D7%99%D7%9D/ → nfct__blog_movies_D7_9C_D7_90-_D7_A0_D7_9E_D7_A6_D7_90_D7_95-_D7_A1_D7_A8_D7_98_D7_99___ae3448d3.md (7693 bytes)
  ✗ https://nfct.org.il/blog/movies/%D7%9C%D7%90-%D7%A0%D7%A9%D7%90%D7%A8-%D7%99%D7%9C%D7%93/: 429 Client Error: Too Many Requests for url: https://crawl4ai-wrapper-559961100092.europe-west1.run.app/scrape
  ✗ https://nfct.org.il/blog/movies/%D7%9C%D7%90%D7%93%D7%99%D7%A9/: HTTPSConnectionPool(host='crawl4ai-wrapper-559961100092.europe-west1.run.app', port=443): Read timed out. (read timeout=120)
  ✓ https://nfct.org.il/blog/movies/%D7%9C%D7%90-%D7%A0%D7%9E%D7%A6%D7%90%D7%95-%D7%A9%D7%9E%D7%95%D7%AA-%D7%A1%D7%A8%D7%98%D7%99%D7%9D/ → nfct__blog_movies_D7_9C_D7_90-_D7_A0_D7_9E_D7_A6_D7_90_D7_95-_D7_A9_D7_9E_D7_95_D7_AA-__693e31c5.md (8348 bytes)
  ✓ https://nfct.org.il/blog/movies/%D7%9C%D7%90-%D7%A0%D7%9E%D7%A6%D7%90-%D7%A9%D7%9D-%D7%A1%D7%A8%D7%98/ → nfct__blog_movies_D7_9C_D7_90-_D7_A0_D7_9E_D7_A6_D7_90-_D7_A9_D7_9D-_D7_A1_D7_A8_D7_98__535950f5.md (7678 bytes)
  ✗ https://nfct.org.il/blog/movies/%D7%9C%D7%91%D7%93%D7%99%D7%AA%D7%99-%E2%80%93-%D7%90%D7%92%D7%93%D7%94-%D7%A2%D7%9C-%D7%9E%D7%A8%D7%99%D7%9D-%D7%99%D7%9C%D7%9F-%D7%A9%D7%98%D7%A7%D7%9C%D7%99%D7%A1/: 429 Client Error: Too Many Requests for url: https://crawl4ai-wrapper-559961100092.europe-west1.run.app/scrape
  ✗ https://nfct.org.il/blog/movies/%D7%9C%D7%91%D7%93%D7%AA%D7%99-%E2%80%93-%D7%90%D7%92%D7%93%D7%94-%D7%A2%D7%9C-%D7%9E%D7%A8%D7%99%D7%9D-%D7%99%D7%9C%D7%9F-%D7%A9%D7%98%D7%A7%D7%9C%D7%99%D7%A1/: 429 Client Error: Too Many Requests for url: https://crawl4ai-wrapper-559961100092.europe-west1.run.app/scrape
  ✗ https://nfct.org.il/blog/movies/%D7%9C%D7%90-%D7%A0%D7%A9%D7%90%D7%A8%D7%95-%D7%99%D7%9C%D7%93%D7%99%D7%9D/: 429 Client Error: Too Many Requests for url: https://crawl4ai-wrapper-559961100092.europe-west1.run.app/scrape
  ✓ https://nfct.org.il/blog/movies/%D7%9C%D7%90-%D7%A6%D7%95%D7%99%D7%9F-%D7%A9%D7%9D/ → nfct__blog_movies_D7_9C_D7_90-_D7_A6_D7_95_D7_99_D7_9F-_D7_A9_D7_9D__948054bb.md (7621 bytes)
  ✗ https://nfct.org.il/blog/movies/%D7%9C%D7%91%D7%93---%D7%90%D7%92%D7%93%D7%AA-%D7%9E%D7%A8%D7%99%D7%9D-%D7%99%D7%99%D7%9C%D7%9F-%D7%A9%D7%98%D7%A7%D7%9C%D7%99%D7%A1/: 429 Client Error: Too Many Requests for url: https://crawl4ai-wrapper-559961100092.europe-west1.run.app/scrape
  ✗ https://nfct.org.il/blog/movies/%D7%9C%D7%91%D7%93---%D7%90%D7%92%D7%93%D7%AA-%D7%9E%D7%A8%D7%99%D7%9D-%D7%99%D7%9C%D7%9F-%D7%A9%D7%98%D7%A7%D7%9C%D7%99%D7%A1/: 429 Client Error: Too Many Requests for url: https://crawl4ai-wrapper-559961100092.europe-west1.run.app/scrape
  ✗ https://nfct.org.il/blog/movies/%D7%9C%D7%91%D7%97%D7%95%D7%A8-%D7%9C%D7%94%D7%99%D7%9C%D7%97%D7%9D/: 429 Client Error: Too Many Requests for url: https://crawl4ai-wrapper-559961100092.europe-west1.run.app/scrape
  ✓ https://nfct.org.il/blog/movies/%D7%9C%D7%90-%D7%A2%D7%95%D7%93-%D7%93%D7%A7%D7%94/ → nfct__blog_movies_D7_9C_D7_90-_D7_A2_D7_95_D7_93-_D7_93_D7_A7_D7_94__e7f141f3.md (7621 bytes)
  ✗ https://nfct.org.il/blog/movies/%D7%9C%D7%91%D7%A0%D7%98%D7%99%D7%A0%D7%99/: 429 Client Error: Too Many Requests for url: https://crawl4ai-wrapper-559961100092.europe-west1.run.app/scrape
  ✗ https://nfct.org.il/blog/movies/%D7%9C%D7%91-%D7%A4%D7%AA%D7%95%D7%97/: 429 Client Error: Too Many Requests for url: https://crawl4ai-wrapper-559961100092.europe-west1.run.app/scrape
  ✓ https://nfct.org.il/blog/movies/%D7%9C%D7%91%D7%93---%D7%90%D7%92%D7%93%D7%AA-%D7%9E%D7%A8%D7%99%D7%9D-%D7%99%D7%97%D7%99%D7%9C-%D7%95%D7%95%D7%A7%D7%A8/ → nfct__blog_movies_D7_9C_D7_91_D7_93---_D7_90_D7_92_D7_93_D7_AA-_D7_9E_D7_A8_D7_99_D7_9__883eb873.md (7831 bytes)
  ✗ https://nfct.org.il/blog/movies/%D7%9C%D7%94%D7%99%D7%95%D7%95%D7%9C%D7%93-%D7%9E%D7%97%D7%93%D7%A9/: 429 Client Error: Too Many Requests for url: https://crawl4ai-wrapper-559961100092.europe-west1.run.app/scrape
  ✓ https://nfct.org.il/blog/movies/%D7%9C%D7%90-%D7%A2%D7%95%D7%93-%D7%93%D7%A7%D7%94-%D7%90%D7%97%D7%AA/ → nfct__blog_movies_D7_9C_D7_90-_D7_A2_D7_95_D7_93-_D7_93_D7_A7_D7_94-_D7_90_D7_97_D7_AA__997115a2.md (8258 bytes)
  ✗ https://nfct.org.il/blog/movies/%D7%9C%D7%94%D7%99%D7%95%D7%AA-%D7%91%D7%AA-%D7%A9%D7%9C%D7%95%D7%A9-%D7%A2%D7%A9%D7%A8%D7%94/: 429 Client Error: Too Many Requests for url: https://crawl4ai-wrapper-559961100092.europe-west1.run.app/scrape
  ✗ https://nfct.org.il/blog/movies/%D7%9C%D7%94%D7%99%D7%95%D7%AA-%D7%A4%D7%95%D7%A8%D7%94-%D7%95%D7%A8%D7%91%D7%94/: 429 Client Error: Too Many Requests for url: https://crawl4ai-wrapper-559961100092.europe-west1.run.app/scrape
  ✓ https://nfct.org.il/blog/movies/%D7%9C%D7%91%D7%93---%D7%90%D7%92%D7%93%D7%AA-%D7%9E%D7%A8%D7%99%D7%9D-%D7%99%D7%97%D7%99%D7%9C-%D7%95%D7%A7%D7%A1/ → nfct__blog_movies_D7_9C_D7_91_D7_93---_D7_90_D7_92_D7_93_D7_AA-_D7_9E_D7_A8_D7_99_D7_9__69f6559c.md (7813 bytes)
  ✓ https://nfct.org.il/blog/movies/%D7%9C%D7%91%D7%A0%D7%98%D7%99%D7%9F/ → nfct__blog_movies_D7_9C_D7_91_D7_A0_D7_98_D7_99_D7_9F__0470a7b2.md (7579 bytes)
  ✗ https://nfct.org.il/blog/movies/%D7%9C%D7%94%D7%A4%D7%95%D7%9A-%D7%9C%D7%92%D7%99%D7%9C-13/: 429 Client Error: Too Many Requests for url: https://crawl4ai-wrapper-559961100092.europe-west1.run.app/scrape
  ✗ https://nfct.org.il/blog/movies/%D7%9C%D7%94%D7%A4%D7%95%D7%9A/: 429 Client Error: Too Many Requests for url: https://crawl4ai-wrapper-559961100092.europe-west1.run.app/scrape
  ✗ https://nfct.org.il/blog/movies/%D7%9C%D7%94%D7%A8%D7%92%D7%99%D7%A9-%D7%91%D7%91%D7%99%D7%AA/: 429 Client Error: Too Many Requests for url: https://crawl4ai-wrapper-559961100092.europe-west1.run.app/scrape
  ✓ https://nfct.org.il/blog/movies/%D7%9C%D7%94%D7%90%D7%9E%D7%99%D7%9F-%D7%91%D7%9E%D7%95%D7%96%D7%94/ → nfct__blog_movies_D7_9C_D7_94_D7_90_D7_9E_D7_99_D7_9F-_D7_91_D7_9E_D7_95_D7_96_D7_94__c03c2bc3.md (8252 bytes)
  ✓ https://nfct.org.il/blog/movies/%D7%9C%D7%94%D7%99%D7%95%D7%AA-%D7%A9%D7%9E%D7%97-%D7%94%D7%9C%D7%99%D7%9C%D7%94/ → nfct__blog_movies_D7_9C_D7_94_D7_99_D7_95_D7_AA-_D7_A9_D7_9E_D7_97-_D7_94_D7_9C_D7_99___1e4665e5.md (8291 bytes)
  ✗ https://nfct.org.il/blog/movies/%D7%9C%D7%94%D7%99%D7%95%D7%AA/: 429 Client Error: Too Many Requests for url: https://crawl4ai-wrapper-559961100092.europe-west1.run.app/scrape
  ✗ https://nfct.org.il/blog/movies/%D7%9C%D7%94-%D7%92%D7%A8%D7%90%D7%A0%D7%93-%D7%90%D7%A7%D7%A9%D7%90%D7%9F/: 429 Client Error: Too Many Requests for url: https://crawl4ai-wrapper-559961100092.europe-west1.run.app/scrape
  ✓ https://nfct.org.il/blog/movies/%D7%9C%D7%94%D7%99%D7%95%D7%AA-%D7%91%D7%9F-%D7%A9%D7%9C%D7%95%D7%A9-%D7%A2%D7%A9%D7%A8%D7%94/ → nfct__blog_movies_D7_9C_D7_94_D7_99_D7_95_D7_AA-_D7_91_D7_9F-_D7_A9_D7_9C_D7_95_D7_A9-__d2074c2e.md (8330 bytes)
  ✗ https://nfct.org.il/blog/movies/%D7%9C%D7%94-%D7%92%D7%A8%D7%A0%D7%93-%D7%90%D7%A7%D7%A9%D7%90%D7%9F/: 429 Client Error: Too Many Requests for url: https://crawl4ai-wrapper-559961100092.europe-west1.run.app/scrape
  ✗ https://nfct.org.il/blog/movies/%D7%9C%D7%94-%D7%92%D7%A8%D7%A0%D7%93-%D7%90%D7%A7%D7%A9%D7%9F/: 429 Client Error: Too Many Requests for url: https://crawl4ai-wrapper-559961100092.europe-west1.run.app/scrape
  ✗ https://nfct.org.il/blog/movies/%D7%9C%D7%94%D7%AA%D7%A8%D7%90%D7%95%D7%AA-%D7%94%D7%A8-%D7%A9%D7%95%D7%95%D7%A8%D7%A5/: 429 Client Error: Too Many Requests for url: https://crawl4ai-wrapper-559961100092.europe-west1.run.app/scrape
  ✓ https://nfct.org.il/blog/movies/%D7%9C%D7%94-%D7%92%D7%A8%D7%90%D7%A0%D7%93-%D7%90%D7%A7%D7%A9%D7%9F/ → nfct__blog_movies_D7_9C_D7_94-_D7_92_D7_A8_D7_90_D7_A0_D7_93-_D7_90_D7_A7_D7_A9_D7_9F__b64bf181.md (8284 bytes)
  ✗ https://nfct.org.il/blog/movies/%D7%9C%D7%95%D6%BC%D7%9C%D7%99/: 429 Client Error: Too Many Requests for url: https://crawl4ai-wrapper-559961100092.europe-west1.run.app/scrape
  ✗ https://nfct.org.il/blog/movies/%D7%9C%D7%95%D7%93-%D7%91%D7%99%D7%9F-%D7%AA%D7%A7%D7%95%D7%95%D7%94-%D7%9C%D7%99%D7%99%D7%90%D7%95%D7%A9/: 429 Client Error: Too Many Requests for url: https://crawl4ai-wrapper-559961100092.europe-west1.run.app/scrape
  ✗ https://nfct.org.il/blog/movies/%D7%9C%D7%95%D7%93-%E2%80%93-%D7%91%D7%99%D7%9F-%D7%99%D7%90%D7%95%D7%A9-%D7%9C%D7%AA%D7%A7%D7%95%D7%95%D7%94/: 429 Client Error: Too Many Requests for url: https://crawl4ai-wrapper-559961100092.europe-west1.run.app/scrape
  ✗ https://nfct.org.il/blog/movies/%D7%9C%D7%95%D7%93-%E2%80%93-%D7%91%D7%99%D7%9F-%D7%AA%D7%A7%D7%95%D7%95%D7%94-%D7%9C%D7%99%D7%99%D7%90%D7%95%D7%A9/: 429 Client Error: Too Many Requests for url: https://crawl4ai-wrapper-559961100092.europe-west1.run.app/scrape
  ✓ https://nfct.org.il/blog/movies/%D7%9C%D7%94%D7%AA%D7%A8%D7%90%D7%95%D7%AA-%D7%9E%D7%A8-%D7%A9%D7%95%D7%95%D7%A8%D7%A5/ → nfct__blog_movies_D7_9C_D7_94_D7_AA_D7_A8_D7_90_D7_95_D7_AA-_D7_9E_D7_A8-_D7_A9_D7_95___cbe25da5.md (7729 bytes)
  ✓ https://nfct.org.il/blog/movies/%D7%9C%D7%94%D7%AA%D7%A8%D7%90%D7%95%D7%AA/ → nfct__blog_movies_D7_9C_D7_94_D7_AA_D7_A8_D7_90_D7_95_D7_AA__67b445b3.md (7597 bytes)
  ✓ https://nfct.org.il/blog/movies/%D7%9C%D7%94-%D7%A4%D7%90%D7%9D-%D7%A7%D7%99-%D7%A9%D7%A8%D7%A9-%E2%80%93-La-Femme-Qui-Cherche/ → nfct__blog_movies_D7_9C_D7_94-_D7_A4_D7_90_D7_9D-_D7_A7_D7_99-_D7_A9_D7_A8_D7_A9-_E2_8__dc7bc135.md (8362 bytes)
  ✗ https://nfct.org.il/blog/movies/%D7%9C%D7%95%D7%97%D7%9E%D7%99-%D7%94%D7%97%D7%95%D7%A4%D7%A9-%D7%94%D7%91%D7%99%D7%98%D7%97%D7%95%D7%A0%D7%99%D7%99%D7%9D/: 429 Client Error: Too Many Requests for url: https://crawl4ai-wrapper-559961100092.europe-west1.run.app/scrape
  ✓ https://nfct.org.il/blog/movies/%D7%9C%D7%94-%D7%A4%D7%90%D7%9D-%D7%A7%D7%99-%D7%A9%D7%A8%D7%A9/ → nfct__blog_movies_D7_9C_D7_94-_D7_A4_D7_90_D7_9D-_D7_A7_D7_99-_D7_A9_D7_A8_D7_A9__17c20c27.md (7660 bytes)
  ✗ https://nfct.org.il/blog/movies/%D7%9C%D7%95%D7%A1-%D7%90%D7%A0%D7%92%D7%9C%D7%A1-%D7%93%D7%A8%D7%95%D7%9D-%E2%80%93-%D7%9E%D7%97%D7%96%D7%9E%D7%A8-%D7%93%D7%95%D7%A7%D7%95%D7%9E%D7%A0%D7%98%D7%A8%D7%99/: 429 Client Error: Too Many Requests for url: https://crawl4ai-wrapper-559961100092.europe-west1.run.app/scrape
  ✗ https://nfct.org.il/blog/movies/%D7%9C%D7%95%D7%95%D7%A0%D7%98%D7%99%D7%A0%D7%99/: 429 Client Error: Too Many Requests for url: https://crawl4ai-wrapper-559961100092.europe-west1.run.app/scrape
  ✓ https://nfct.org.il/blog/movies/%D7%9C%D7%95%D7%96%D7%A8%D7%99%D7%9D-%E2%80%93-%D7%A1%D7%99%D7%A4%D7%95%D7%A8-%D7%9E%D7%9C%D7%97%D7%9E%D7%94/ → nfct__blog_movies_D7_9C_D7_95_D7_96_D7_A8_D7_99_D7_9D-_E2_80_93-_D7_A1_D7_99_D7_A4_D7___943171ad.md (7795 bytes)
  ✗ https://nfct.org.il/blog/movies/%D7%9C%D7%95%D7%A1-%D7%90%D7%A0%D7%92%D7%9C%D7%A1-%E2%80%93-%D7%93%D7%95%D7%A7%D7%95%D7%9E%D7%A0%D7%98%D7%A8%D7%99-%D7%9E%D7%95%D7%96%D7%99%D7%A7%D7%9C%D7%99/: 429 Client Error: Too Many Requests for url: https://crawl4ai-wrapper-559961100092.europe-west1.run.app/scrape
  ✗ https://nfct.org.il/blog/movies/%D7%9C%D7%95%D7%A1-%D7%90%D7%A0%D7%92%D7%9C%D7%A1-%E2%80%93-%D7%A1%D7%A8%D7%98-%D7%AA%D7%99%D7%A2%D7%95%D7%93%D7%99-%D7%9E%D7%95%D7%96%D7%99%D7%A7%D7%9C%D7%99/: 429 Client Error: Too Many Requests for url: https://crawl4ai-wrapper-559961100092.europe-west1.run.app/scrape
  ✓ https://nfct.org.il/blog/movies/%D7%9C%D7%95%D7%93---%D7%91%D7%99%D7%9F-%D7%99%D7%90%D7%95%D7%A9-%D7%9C%D7%AA%D7%A7%D7%95%D7%95%D7%94/ → nfct__blog_movies_D7_9C_D7_95_D7_93---_D7_91_D7_99_D7_9F-_D7_99_D7_90_D7_95_D7_A9-_D7___1d755ae2.md (22439 bytes)
  ✗ https://nfct.org.il/blog/movies/%D7%9C%D7%95%D7%A1-%D7%90%D7%A0%D7%92%D7%9C%D7%A1/: 429 Client Error: Too Many Requests for url: https://crawl4ai-wrapper-559961100092.europe-west1.run.app/scrape
  ✗ https://nfct.org.il/blog/movies/%D7%9C%D7%95%D7%A7%D7%97-%D7%A6%D7%A2%D7%93%D7%99%D7%9D/: 429 Client Error: Too Many Requests for url: https://crawl4ai-wrapper-559961100092.europe-west1.run.app/scrape
  ✗ https://nfct.org.il/blog/movies/%D7%9C%D7%95%D7%A7-%D7%91%D7%A7%D7%A8%D7%95%D7%91-%D7%9C%D7%90-%D7%AA%D7%A8%D7%90%D7%94-%D7%9B%D7%9C%D7%95%D7%9D/: 429 Client Error: Too Many Requests for url: https://crawl4ai-wrapper-559961100092.europe-west1.run.app/scrape
  ✗ https://nfct.org.il/blog/movies/%D7%9C%D7%97%D7%99%D7%95%D7%AA-%D7%91%D7%90%D7%A9%D7%9C%D7%99%D7%95%D7%AA/: 429 Client Error: Too Many Requests for url: https://crawl4ai-wrapper-559961100092.europe-west1.run.app/scrape
  ✗ https://nfct.org.il/blog/movies/%D7%9C%D7%97%D7%99%D7%95%D7%AA-%D7%91%D7%A7%D7%95%D7%A4%D7%A1%D7%90%D7%95%D7%AA/: 429 Client Error: Too Many Requests for url: https://crawl4ai-wrapper-559961100092.europe-west1.run.app/scrape
  ✗ https://nfct.org.il/blog/movies/%D7%9C%D7%97%D7%A9%D7%95%D7%91-%D7%A4%D7%95%D7%A4%D7%A7%D7%95%D7%A8%D7%9F/: 429 Client Error: Too Many Requests for url: https://crawl4ai-wrapper-559961100092.europe-west1.run.app/scrape
  ✓ https://nfct.org.il/blog/movies/%D7%9C%D7%95%D7%97%D7%9E%D7%99-%D7%97%D7%95%D7%A4%D7%A9-%D7%94%D7%91%D7%99%D7%98%D7%97%D7%95%D7%A0%D7%99%D7%99%D7%9D/ → nfct__blog_movies_D7_9C_D7_95_D7_97_D7_9E_D7_99-_D7_97_D7_95_D7_A4_D7_A9-_D7_94_D7_91___982a912a.md (7819 bytes)
  ✗ https://nfct.org.il/blog/movies/%D7%9C%D7%97%D7%AA%D7%95%D7%9A-%D7%97%D7%95%D7%A4%D7%A9%D7%99-%D7%9E%D7%A1%D7%95%D7%96%D7%99/: 429 Client Error: Too Many Requests for url: https://crawl4ai-wrapper-559961100092.europe-west1.run.app/scrape
  ✗ https://nfct.org.il/blog/movies/%D7%9C%D7%99%D7%91%D7%94-%D7%A4%D7%A8%D7%9C%D7%94/: 429 Client Error: Too Many Requests for url: https://crawl4ai-wrapper-559961100092.europe-west1.run.app/scrape
  ✗ https://nfct.org.il/blog/movies/%D7%9C%D7%99%D7%93%D7%94-%D7%9E%D7%97%D7%93%D7%A9-%D7%9E%D7%A4%D7%A8%D7%95%D7%99%D7%A7%D7%98-%D7%94%D7%92%D7%99%D7%95%D7%A8/: 429 Client Error: Too Many Requests for url: https://crawl4ai-wrapper-559961100092.europe-west1.run.app/scrape
  ✓ https://nfct.org.il/blog/movies/%D7%9C%D7%99%D7%93%D7%94-%D7%9E%D7%97%D7%93%D7%A9-%D7%9E%D7%A4%D7%A8%D7%95%D7%99%D7%A7%D7%98-%D7%94%D7%9E%D7%A8%D7%94/ → nfct__blog_movies_D7_9C_D7_99_D7_93_D7_94-_D7_9E_D7_97_D7_93_D7_A9-_D7_9E_D7_A4_D7_A8___4465c36e.md (8431 bytes)
  ✗ https://nfct.org.il/blog/movies/%D7%9C%D7%99%D7%93-%D7%A8%D7%97%D7%95%D7%A7-%D7%A7%D7%A8%D7%91%D7%94-%D7%92%D7%95%D7%A8%D7%91%D7%94/: 429 Client Error: Too Many Requests for url: https://crawl4ai-wrapper-559961100092.europe-west1.run.app/scrape
  ✓ https://nfct.org.il/blog/movies/%D7%9C%D7%95%D7%A1-%D7%90%D7%A0%D7%92%D7%9C%D7%A1-%D7%93%D7%A8%D7%95%D7%9D---%D7%9E%D7%97%D7%96%D7%9E%D7%A8-%D7%93%D7%95%D7%A7%D7%95%D7%9E%D7%A0%D7%98%D7%A8%D7%99/ → nfct__blog_movies_D7_9C_D7_95_D7_A1-_D7_90_D7_A0_D7_92_D7_9C_D7_A1-_D7_93_D7_A8_D7_95___22f17d09.md (16029 bytes)
  ✗ https://nfct.org.il/blog/movies/%D7%9C%D7%99%D7%93-%D7%A8%D7%97%D7%95%D7%A7-%D7%A7%D7%A8%D7%95%D7%91-%D7%92%D7%95%D7%A8%D7%91%D7%94/: 429 Client Error: Too Many Requests for url: https://crawl4ai-wrapper-559961100092.europe-west1.run.app/scrape
  ✗ https://nfct.org.il/blog/movies/%D7%9C%D7%99%D7%93-%D7%A8%D7%97%D7%95%D7%A7-%D7%A7%D7%A8%D7%95%D7%91-%D7%92%D7%95%D7%A8%D7%91/: 429 Client Error: Too Many Requests for url: https://crawl4ai-wrapper-559961100092.europe-west1.run.app/scrape
  ✗ https://nfct.org.il/blog/movies/%D7%9C%D7%95%D7%A1-%D7%90%D7%A0%D7%92%D7%9C%D7%A1---%D7%93%D7%95%D7%A7%D7%95%D7%9E%D7%A0%D7%98%D7%A8%D7%99-%D7%9E%D7%95%D7%96%D7%99%D7%A7%D7%9C%D7%99/: 429 Client Error: Too Many Requests for url: https://crawl4ai-wrapper-559961100092.europe-west1.run.app/scrape
  ✗ https://nfct.org.il/blog/movies/%D7%9C%D7%99%D7%98%D7%9C-%D7%91%D7%A8%D7%95%D7%93%D7%A8/: 429 Client Error: Too Many Requests for url: https://crawl4ai-wrapper-559961100092.europe-west1.run.app/scrape
  ✓ https://nfct.org.il/blog/movies/%D7%9C%D7%95%D7%A1-%D7%90%D7%A0%D7%92%D7%9C%D7%A1-%D7%93%D7%A8%D7%95%D7%9D/ → nfct__blog_movies_D7_9C_D7_95_D7_A1-_D7_90_D7_A0_D7_92_D7_9C_D7_A1-_D7_93_D7_A8_D7_95___bead3f60.md (16023 bytes)
  ✓ https://nfct.org.il/blog/movies/%D7%9C%D7%97%D7%AA%D7%95%D7%9A-%D7%90%D7%AA-%D7%94%D7%A2%D7%99%D7%A7%D7%A8%D7%95%D7%9F/ → nfct__blog_movies_D7_9C_D7_97_D7_AA_D7_95_D7_9A-_D7_90_D7_AA-_D7_94_D7_A2_D7_99_D7_A7___c96d97dc.md (7729 bytes)
  ✓ https://nfct.org.il/blog/movies/%D7%9C%D7%99%D7%98%D7%9C-%D7%9E%D7%A0%D7%A7%D7%99_%D7%90%D7%95%D7%91%D7%99%D7%96%D7%99%D7%90%D7%A0%D7%A7%D7%94/ → nfct__blog_movies_D7_9C_D7_99_D7_98_D7_9C-_D7_9E_D7_A0_D7_A7_D7_99_D7_90_D7_95_D7_91_D__5f15420f.md (7801 bytes)
  ✗ https://nfct.org.il/blog/movies/%D7%9C%D7%99%D7%99%D7%A9%D7%94-%E2%80%93-%D7%A1%D7%99%D7%A4%D7%95%D7%A8%D7%95-%D7%A9%D7%9C-%D7%9E%D7%92%D7%96%D7%99%D7%9F-%D7%A0%D7%A9%D7%99%D7%9D/: 429 Client Error: Too Many Requests for url: https://crawl4ai-wrapper-559961100092.europe-west1.run.app/scrape
  ✗ https://nfct.org.il/blog/movies/%D7%9C%D7%99%D7%9C%D7%94-%D7%90%D7%97%D7%A8%D7%95%D7%9F/: 429 Client Error: Too Many Requests for url: https://crawl4ai-wrapper-559961100092.europe-west1.run.app/scrape
  ✓ https://nfct.org.il/blog/movies/%D7%9C%D7%99%D7%93-%D7%A8%D7%97%D7%95%D7%A7-%D7%A7%D7%A8%D7%95%D7%91%D7%91%D7%94-%D7%92%D7%95%D7%A8%D7%91%D7%94/ → nfct__blog_movies_D7_9C_D7_99_D7_93-_D7_A8_D7_97_D7_95_D7_A7-_D7_A7_D7_A8_D7_95_D7_91___bb8e0cc8.md (7804 bytes)
  ✗ https://nfct.org.il/blog/movies/%D7%9C%D7%99%D7%9C%D7%94-%D7%97%D7%A9%D7%95%D7%9A/: 429 Client Error: Too Many Requests for url: https://crawl4ai-wrapper-559961100092.europe-west1.run.app/scrape
  ✗ https://nfct.org.il/blog/movies/%D7%9C%D7%99%D7%9C%D7%94-%D7%98%D7%95%D7%91/: 429 Client Error: Too Many Requests for url: https://crawl4ai-wrapper-559961100092.europe-west1.run.app/scrape
  ✓ https://nfct.org.il/blog/movies/%D7%9C%D7%99%D7%98%D7%9C-%D7%90%D7%A8%D7%AA%D7%A7%D7%95%D7%95%D7%99%D7%A7%D7%A1/ → nfct__blog_movies_D7_9C_D7_99_D7_98_D7_9C-_D7_90_D7_A8_D7_AA_D7_A7_D7_95_D7_95_D7_99_D__6509eca7.md (7708 bytes)
  ✗ https://nfct.org.il/blog/movies/%D7%9C%D7%99%D7%9C%D7%94-%D7%9C%D7%9C%D7%90-%D7%A9%D7%97%D7%A8/: 429 Client Error: Too Many Requests for url: https://crawl4ai-wrapper-559961100092.europe-west1.run.app/scrape
  ✗ https://nfct.org.il/blog/movies/%D7%9C%D7%99%D7%9C%D7%94-%D7%A8%D7%90%D7%A9%D7%95%D7%9F/: 429 Client Error: Too Many Requests for url: https://crawl4ai-wrapper-559961100092.europe-west1.run.app/scrape
  ✗ https://nfct.org.il/blog/movies/%D7%9C%D7%99%D7%9C-%D7%90%D7%94%D7%91%D7%94/: 429 Client Error: Too Many Requests for url: https://crawl4ai-wrapper-559961100092.europe-west1.run.app/scrape
  ✗ https://nfct.org.il/blog/movies/%D7%9C%D7%99%D7%A8%D7%99%D7%A7%D7%A1-%D7%9E%D7%90%D7%AA-%D7%A8%D7%95%D7%98%D7%91%D7%9C%D7%98/: 429 Client Error: Too Many Requests for url: https://crawl4ai-wrapper-559961100092.europe-west1.run.app/scrape
  ✗ https://nfct.org.il/blog/movies/%D7%9C%D7%9A-%D7%91%D7%A9%D7%9C%D7%95%D7%9D-%D7%92%D7%A9%D7%9D/: 429 Client Error: Too Many Requests for url: https://crawl4ai-wrapper-559961100092.europe-west1.run.app/scrape
  ✓ https://nfct.org.il/blog/movies/%D7%9C%D7%99%D7%99%D7%A9%D7%94-%E2%80%93-%D7%A1%D7%99%D7%A4%D7%95%D7%A8%D7%94-%D7%A9%D7%9C-%D7%9E%D7%92%D7%96%D7%99%D7%9F-%D7%A0%D7%A9%D7%99%D7%9D/ → nfct__blog_movies_D7_9C_D7_99_D7_99_D7_A9_D7_94-_E2_80_93-_D7_A1_D7_99_D7_A4_D7_95_D7___2ae4782f.md (7909 bytes)
  ✗ https://nfct.org.il/blog/movies/%D7%9C%D7%9B%D7%95%D7%93-%D7%91%D7%A8%D7%A9%D7%AA/: 429 Client Error: Too Many Requests for url: https://crawl4ai-wrapper-559961100092.europe-west1.run.app/scrape
  ✗ https://nfct.org.il/blog/movies/%D7%9C%D7%9B%D7%9C%D7%95%D7%9A/: 429 Client Error: Too Many Requests for url: https://crawl4ai-wrapper-559961100092.europe-west1.run.app/scrape
  ✗ https://nfct.org.il/blog/movies/%D7%9C%D7%9B-%D7%A9%D7%9C%D7%95%D7%9D-%D7%92%D7%A9%D7%9D/: 429 Client Error: Too Many Requests for url: https://crawl4ai-wrapper-559961100092.europe-west1.run.app/scrape
  ✗ https://nfct.org.il/blog/movies/%D7%9C%D7%9C%D7%90-%D7%A9%D7%9D/: 429 Client Error: Too Many Requests for url: https://crawl4ai-wrapper-559961100092.europe-west1.run.app/scrape
  ✗ https://nfct.org.il/blog/movies/%D7%9C%D7%9C%D7%90-%D7%AA%D7%A4%D7%95%D7%97/: 429 Client Error: Too Many Requests for url: https://crawl4ai-wrapper-559961100092.europe-west1.run.app/scrape
  ✗ https://nfct.org.il/blog/movies/%D7%9C%D7%9E%D7%94-%D7%90%D7%9E%D7%A8%D7%AA%D7%99-%D7%90%D7%A0%D7%99-%E2%80%93-%D7%91%D7%97%D7%96%D7%A8%D7%94-%D7%9C%D7%A4%D7%A8%D7%A9%D7%AA-%D7%97%D7%A0%D7%99%D7%AA-%D7%A7%D7%99%D7%A7%D7%95%D7%A1/: 429 Client Error: Too Many Requests for url: https://crawl4ai-wrapper-559961100092.europe-west1.run.app/scrape
  ✗ https://nfct.org.il/blog/movies/%D7%9C%D7%9E%D7%94-%D7%90%D7%9E%D7%A8%D7%AA%D7%99-%D7%90%D7%A0%D7%99---%D7%91%D7%97%D7%96%D7%A8%D7%94-%D7%9C%D7%A4%D7%A8%D7%A9%D7%AA-%D7%97%D7%A0%D7%99%D7%AA-%D7%A7%D7%99%D7%A7%D7%95%D7%A1/: 429 Client Error: Too Many Requests for url: https://crawl4ai-wrapper-559961100092.europe-west1.run.app/scrape
  ✗ https://nfct.org.il/blog/movies/%D7%9C%D7%9E%D7%94-%D7%9C%D7%90-%D7%93%D7%99%D7%95%D7%95%D7%97%D7%AA%D7%99/: 429 Client Error: Too Many Requests for url: https://crawl4ai-wrapper-559961100092.europe-west1.run.app/scrape
  ✗ https://nfct.org.il/blog/movies/%D7%9C%D7%9E%D7%94-%D7%A9%D7%9C%D7%90-%D7%AA%D7%92%D7%99%D7%93-%D7%90%D7%AA-%D7%96%D7%94-%D7%A4%D7%A8%D7%95%D7%99%D7%A7%D7%98/: 429 Client Error: Too Many Requests for url: https://crawl4ai-wrapper-559961100092.europe-west1.run.app/scrape
  ✗ https://nfct.org.il/blog/movies/%D7%9C%D7%9E%D7%A2%D7%9F-%D7%94%D7%99%D7%9E%D7%99%D7%9D-%D7%94%D7%94%D7%9D/: 429 Client Error: Too Many Requests for url: https://crawl4ai-wrapper-559961100092.europe-west1.run.app/scrape
  ✗ https://nfct.org.il/blog/movies/%D7%9C%D7%9E%D7%A2%D7%9F-%D7%94%D7%9E%D7%9C%D7%9A/: 429 Client Error: Too Many Requests for url: https://crawl4ai-wrapper-559961100092.europe-west1.run.app/scrape
  ✗ https://nfct.org.il/blog/movies/%D7%9C%D7%9E%D7%A2%D7%9F-%D7%99%D7%9E%D7%99%D7%9D-%D7%A2%D7%91%D7%A8%D7%95/: 429 Client Error: Too Many Requests for url: https://crawl4ai-wrapper-559961100092.europe-west1.run.app/scrape
  ✓ https://nfct.org.il/blog/movies/%D7%9C%D7%99%D7%98%D7%9C-%D7%9E%D7%95%D7%A0%D7%A7%D7%99/ → nfct__blog_movies_D7_9C_D7_99_D7_98_D7_9C-_D7_9E_D7_95_D7_A0_D7_A7_D7_99__b033e71c.md (8216 bytes)
  ✓ https://nfct.org.il/blog/movies/%D7%9C%D7%99%D7%9C%D7%94-%D7%95%D7%99%D7%95%D7%9D/ → nfct__blog_movies_D7_9C_D7_99_D7_9C_D7_94-_D7_95_D7_99_D7_95_D7_9D__824b3013.md (7618 bytes)
  ✓ https://nfct.org.il/blog/movies/%D7%9C%D7%9A-%D7%9C%D7%A9%D7%9C%D7%95%D7%9D-%D7%A8%D7%A2%D7%99%D7%94/ → nfct__blog_movies_D7_9C_D7_9A-_D7_9C_D7_A9_D7_9C_D7_95_D7_9D-_D7_A8_D7_A2_D7_99_D7_94__70d6f4b9.md (8255 bytes)
  ✗ https://nfct.org.il/blog/movies/%D7%9C%D7%A0%D7%A6%D7%97-%D7%98%D7%94%D7%95%D7%A8/: 429 Client Error: Too Many Requests for url: https://crawl4ai-wrapper-559961100092.europe-west1.run.app/scrape
  ✓ https://nfct.org.il/blog/movies/%D7%9C%D7%9B%D7%95%D7%93%D7%99%D7%9D-%D7%91%D7%A8%D7%A9%D7%AA/ → nfct__blog_movies_D7_9C_D7_9B_D7_95_D7_93_D7_99_D7_9D-_D7_91_D7_A8_D7_A9_D7_AA__edc88fd5.md (15666 bytes)
  ✗ https://nfct.org.il/blog/movies/%D7%9C%D7%A1-%D7%9E%D7%95%D7%90%D7%94-%D7%98%D7%94-%D7%9E%D7%94/: 429 Client Error: Too Many Requests for url: https://crawl4ai-wrapper-559961100092.europe-west1.run.app/scrape
  ✗ https://nfct.org.il/blog/movies/%D7%9C%D7%A2%D7%95%D7%9C%D7%9D-%D7%9C%D7%90-%D7%A2%D7%95%D7%93/: 429 Client Error: Too Many Requests for url: https://crawl4ai-wrapper-559961100092.europe-west1.run.app/scrape
  ✓ https://nfct.org.il/blog/movies/%D7%9C%D7%9E%D7%A7%D7%A8%D7%94-%D7%A9%D7%90%D7%AA%D7%94-%D7%A2%D7%93%D7%99%D7%99%D7%9F-%D7%91%D7%A1%D7%91%D7%99%D7%91%D7%94/ → nfct__blog_movies_D7_9C_D7_9E_D7_A7_D7_A8_D7_94-_D7_A9_D7_90_D7_AA_D7_94-_D7_A2_D7_93___fd4823b6.md (8420 bytes)
  ✓ https://nfct.org.il/blog/movies/%D7%9C%D7%9E%D7%A6%D7%95%D7%90-%D7%90%D7%AA-%D7%99%D7%95%D7%A1%D7%99/ → nfct__blog_movies_D7_9C_D7_9E_D7_A6_D7_95_D7_90-_D7_90_D7_AA-_D7_99_D7_95_D7_A1_D7_99__f652a7ad.md (8255 bytes)
  ✗ https://nfct.org.il/blog/movies/%D7%9C%D7%A8%D7%9B%D7%95%D7%91-%D7%A2%D7%9D-%D7%9E%D7%A8%D7%92%D7%9C/: 429 Client Error: Too Many Requests for url: https://crawl4ai-wrapper-559961100092.europe-west1.run.app/scrape
  ✗ https://nfct.org.il/blog/movies/%D7%9C%D7%A9%D7%95%D7%9F-%D7%9E%D7%90%D7%97%D7%95%D7%A8%D7%99-%D7%94%D7%A9%D7%99%D7%A0%D7%99%D7%99%D7%9D/: 429 Client Error: Too Many Requests for url: https://crawl4ai-wrapper-559961100092.europe-west1.run.app/scrape
  ✗ https://nfct.org.il/blog/movies/%D7%9C%D7%A0%D7%A1/: 429 Client Error: Too Many Requests for url: https://crawl4ai-wrapper-559961100092.europe-west1.run.app/scrape
  ✗ https://nfct.org.il/blog/movies/%D7%9C%D7%A9%D7%9D-%D7%94%D7%99%D7%9E%D7%99%D7%9D-%D7%94%D7%94%D7%9D/: 429 Client Error: Too Many Requests for url: https://crawl4ai-wrapper-559961100092.europe-west1.run.app/scrape
  ✗ https://nfct.org.il/blog/movies/%D7%9C%D7%A9%D7%9D-%D7%96%D7%9B%D7%A8%D7%95%D7%9F-%D7%99%D7%A9%D7%9F/: 429 Client Error: Too Many Requests for url: https://crawl4ai-wrapper-559961100092.europe-west1.run.app/scrape
  ✓ https://nfct.org.il/blog/movies/%D7%9C%D7%A4%D7%A8%D7%95%D7%9D-%D7%90%D7%AA-%D7%90%D7%95%D7%A0%D7%A8%D7%90/ → nfct__blog_movies_D7_9C_D7_A4_D7_A8_D7_95_D7_9D-_D7_90_D7_AA-_D7_90_D7_95_D7_A0_D7_A8___a5ad12d0.md (7693 bytes)
  ✗ https://nfct.org.il/blog/movies/%D7%9C%D7%A0%D7%AA%D7%A7-%D7%90%D7%AA-%D7%94%D7%97%D7%91%D7%9C/: 429 Client Error: Too Many Requests for url: https://crawl4ai-wrapper-559961100092.europe-west1.run.app/scrape
  ✓ https://nfct.org.il/blog/movies/%D7%9E%D7%90%D7%94%D7%91/ → nfct__blog_movies_D7_9E_D7_90_D7_94_D7_91__eec9c475.md (7543 bytes)
  ✓ https://nfct.org.il/blog/movies/%D7%9C%D7%A2%D7%A9%D7%95%D7%AA-%D7%A9%D7%9C%D7%95%D7%9D-%D7%A2%D7%9D-%D7%92-%D7%99%D7%A4%D7%99%D7%AA/ → nfct__blog_movies_D7_9C_D7_A2_D7_A9_D7_95_D7_AA-_D7_A9_D7_9C_D7_95_D7_9D-_D7_A2_D7_9D-__8f7135b3.md (7771 bytes)
  ✗ https://nfct.org.il/blog/movies/%D7%9E%D7%90%D7%95%D7%97%D7%A8-%D7%9E%D7%93%D7%99/: 429 Client Error: Too Many Requests for url: https://crawl4ai-wrapper-559961100092.europe-west1.run.app/scrape
  ✗ https://nfct.org.il/blog/movies/%D7%9E%D7%90%D7%96-%D7%A0%D7%93%D7%91/: 429 Client Error: Too Many Requests for url: https://crawl4ai-wrapper-559961100092.europe-west1.run.app/scrape
  ✓ https://nfct.org.il/blog/movies/%D7%9C%D7%A9%D7%9B%D7%95%D7%97-%D7%90%D7%AA-%D7%96%D7%94-%D7%A9%D7%95%D7%9D-%D7%93%D7%91%D7%A8-%D7%9C%D7%90-%D7%A7%D7%A8%D7%94/ → nfct__blog_movies_D7_9C_D7_A9_D7_9B_D7_95_D7_97-_D7_90_D7_AA-_D7_96_D7_94-_D7_A9_D7_95__5c4c6de4.md (7849 bytes)
  ✗ https://nfct.org.il/blog/movies/%D7%9E%D7%90%D7%97%D7%95%D7%A8%D7%99-%D7%94%D7%94%D7%A8%D7%99%D7%9D-%D7%94%D7%90%D7%A4%D7%9C%D7%99%D7%9D/: 429 Client Error: Too Many Requests for url: https://crawl4ai-wrapper-559961100092.europe-west1.run.app/scrape
  ✗ https://nfct.org.il/blog/movies/%D7%9E%D7%90%D7%97%D7%95%D7%A8%D7%99-%D7%94%D7%94%D7%A8%D7%99%D7%9D-%D7%A9%D7%9C-%D7%94%D7%97%D7%95%D7%A9%D7%9A/: 429 Client Error: Too Many Requests for url: https://crawl4ai-wrapper-559961100092.europe-west1.run.app/scrape
  ✓ https://nfct.org.il/blog/movies/%D7%9C%D7%A9%D7%A8%D7%AA-%D7%90%D7%AA-%D7%94%D7%9E%D7%9C%D7%9A/ → nfct__blog_movies_D7_9C_D7_A9_D7_A8_D7_AA-_D7_90_D7_AA-_D7_94_D7_9E_D7_9C_D7_9A__edc23444.md (7657 bytes)
  ✗ https://nfct.org.il/blog/movies/%D7%9E%D7%90%D7%97%D7%95%D7%A8%D7%99-%D7%94%D7%A8%D7%99-%D7%94%D7%97%D7%95%D7%A9%D7%9A/: 429 Client Error: Too Many Requests for url: https://crawl4ai-wrapper-559961100092.europe-west1.run.app/scrape
  ✗ https://nfct.org.il/blog/movies/%D7%9E%D7%90%D7%99%D7%A5-%D7%97%D7%9C%D7%A7%D7%99%D7%A7%D7%99%D7%9D/: 429 Client Error: Too Many Requests for url: https://crawl4ai-wrapper-559961100092.europe-west1.run.app/scrape
  ✗ https://nfct.org.il/blog/movies/%D7%9E%D7%90%D7%AA%D7%A8-%D7%90%D7%AA-%D7%99%D7%95%D7%A1%D7%99/: 429 Client Error: Too Many Requests for url: https://crawl4ai-wrapper-559961100092.europe-west1.run.app/scrape
  ✓ https://nfct.org.il/blog/movies/%D7%9E%D7%90%D7%95%D7%96%D7%94%D7%90%D7%95%D7%96%D7%9F/ → nfct__blog_movies_D7_9E_D7_90_D7_95_D7_96_D7_94_D7_90_D7_95_D7_96_D7_9F__5aebcd22.md (8242 bytes)
  ✗ https://nfct.org.il/blog/movies/%D7%9E%D7%91%D7%95%D7%A7%D7%A9/: 429 Client Error: Too Many Requests for url: https://crawl4ai-wrapper-559961100092.europe-west1.run.app/scrape
  ✓ https://nfct.org.il/blog/movies/%D7%9E%D7%90%D7%96-%D7%A9%D7%A2%D7%96%D7%91%D7%AA/ → nfct__blog_movies_D7_9E_D7_90_D7_96-_D7_A9_D7_A2_D7_96_D7_91_D7_AA__b5e6be8c.md (8198 bytes)
  ✓ https://nfct.org.il/blog/movies/%D7%9E%D7%90%D7%94-%D7%A9%D7%A2%D7%A8%D7%99%D7%9D/ → nfct__blog_movies_D7_9E_D7_90_D7_94-_D7_A9_D7_A2_D7_A8_D7_99_D7_9D__977871f8.md (8198 bytes)
  ✓ https://nfct.org.il/blog/movies/%D7%9E%D7%90%D7%A4%D7%99%D7%9D-%D7%9C%D7%9C%D7%90-%D7%92%D7%9C%D7%95%D7%98%D7%9F/ → nfct__blog_movies_D7_9E_D7_90_D7_A4_D7_99_D7_9D-_D7_9C_D7_9C_D7_90-_D7_92_D7_9C_D7_95___41e12caf.md (7711 bytes)
  ✗ https://nfct.org.il/blog/movies/%D7%9E%D7%91%D7%98%D7%99%D7%9D-2002/: 429 Client Error: Too Many Requests for url: https://crawl4ai-wrapper-559961100092.europe-west1.run.app/scrape
  ✗ https://nfct.org.il/blog/movies/%D7%9E%D7%91%D7%98%D7%99%D7%9D-2003-%D7%99%D7%A9-%D7%9C%D7%99-%D7%97%D7%9C%D7%95%D7%9D/: 429 Client Error: Too Many Requests for url: https://crawl4ai-wrapper-559961100092.europe-west1.run.app/scrape
  ✗ https://nfct.org.il/blog/movies/%D7%9E%D7%91%D7%98%D7%99%D7%9D-2005-%E2%80%93-%D7%99%D7%A8%D7%95%D7%A9%D7%9C%D7%99%D7%9D/: 429 Client Error: Too Many Requests for url: https://crawl4ai-wrapper-559961100092.europe-west1.run.app/scrape
  ✗ https://nfct.org.il/blog/movies/%D7%9E%D7%91%D7%98%D7%99%D7%9D-2005---%D7%99%D7%A8%D7%95%D7%A9%D7%9C%D7%99%D7%9D/: 429 Client Error: Too Many Requests for url: https://crawl4ai-wrapper-559961100092.europe-west1.run.app/scrape
  ✗ https://nfct.org.il/blog/movies/%D7%9E%D7%91%D7%98%D7%99%D7%9D/: 429 Client Error: Too Many Requests for url: https://crawl4ai-wrapper-559961100092.europe-west1.run.app/scrape
  ✗ https://nfct.org.il/blog/movies/%D7%9E%D7%91%D7%A4%D7%A0%D7%99%D7%9D/: 429 Client Error: Too Many Requests for url: https://crawl4ai-wrapper-559961100092.europe-west1.run.app/scrape
  ✗ https://nfct.org.il/blog/movies/%D7%9E%D7%92%D7%91%D7%A0%D7%99%D7%A7%D7%99%D7%9D/: 429 Client Error: Too Many Requests for url: https://crawl4ai-wrapper-559961100092.europe-west1.run.app/scrape
  ✗ https://nfct.org.il/blog/movies/%D7%9E%D7%92%D7%93%D7%95/: 429 Client Error: Too Many Requests for url: https://crawl4ai-wrapper-559961100092.europe-west1.run.app/scrape
  ✗ https://nfct.org.il/blog/movies/%D7%9E%D7%92%D7%93%D7%9C-%D7%94%D7%A2%D7%9E%D7%A7/: 429 Client Error: Too Many Requests for url: https://crawl4ai-wrapper-559961100092.europe-west1.run.app/scrape
  ✗ https://nfct.org.il/blog/movies/%D7%9E%D7%92%D7%95%D7%A8%D7%99%D7%9D-%D7%9E%D7%A9%D7%95%D7%AA%D7%A4%D7%99%D7%9D/: 429 Client Error: Too Many Requests for url: https://crawl4ai-wrapper-559961100092.europe-west1.run.app/scrape
  ✓ https://nfct.org.il/blog/movies/%D7%9E%D7%90%D7%AA%D7%A8-%D7%99%D7%95%D7%A1%D7%99/ → nfct__blog_movies_D7_9E_D7_90_D7_AA_D7_A8-_D7_99_D7_95_D7_A1_D7_99__49b347c7.md (7618 bytes)
  ✗ https://nfct.org.il/blog/movies/%D7%9E%D7%92-%D7%94%D7%9B%D7%A0%D7%95%D7%AA-%D7%9C%D7%A4%D7%A8%D7%99%D7%93%D7%94/: 429 Client Error: Too Many Requests for url: https://crawl4ai-wrapper-559961100092.europe-west1.run.app/scrape
  ✓ https://nfct.org.il/blog/movies/%D7%9E%D7%91%D7%97%D7%9F-%D7%9B%D7%A9%D7%A8%D7%95%D7%AA/ → nfct__blog_movies_D7_9E_D7_91_D7_97_D7_9F-_D7_9B_D7_A9_D7_A8_D7_95_D7_AA__8a06d5fe.md (7636 bytes)
  ✓ https://nfct.org.il/blog/movies/%D7%9E%D7%91%D7%98%D7%99%D7%9D-%D7%9E%D7%A1%D7%95%D7%92%D7%A8%D7%99%D7%9D/ → nfct__blog_movies_D7_9E_D7_91_D7_98_D7_99_D7_9D-_D7_9E_D7_A1_D7_95_D7_92_D7_A8_D7_99_D__c94904f0.md (21731 bytes)
  ✓ https://nfct.org.il/blog/movies/%D7%9E%D7%91%D7%97%D7%9F-%D7%9E%D7%93%D7%91%D7%A8/ → nfct__blog_movies_D7_9E_D7_91_D7_97_D7_9F-_D7_9E_D7_93_D7_91_D7_A8__5ad38534.md (7618 bytes)
  ✓ https://nfct.org.il/blog/movies/%D7%9E%D7%92%D7%9E%D7%94-%D7%99%D7%A8%D7%95%D7%A7%D7%94/ → nfct__blog_movies_D7_9E_D7_92_D7_9E_D7_94-_D7_99_D7_A8_D7_95_D7_A7_D7_94__50f1db3f.md (8216 bytes)
  ✗ https://nfct.org.il/blog/movies/%D7%9E%D7%93%D7%91%D7%A8-%D7%A0%D7%91%D7%93%D7%A7/: 429 Client Error: Too Many Requests for url: https://crawl4ai-wrapper-559961100092.europe-west1.run.app/scrape
  ✓ https://nfct.org.il/blog/movies/%D7%9E%D7%93%D7%91%D7%A8%D7%99%D7%95%D7%AA/ → nfct__blog_movies_D7_9E_D7_93_D7_91_D7_A8_D7_99_D7_95_D7_AA__2f695068.md (7597 bytes)
  ✗ https://nfct.org.il/blog/movies/%D7%9E%D7%93%D7%A8%D7%99%D7%9A-%D7%94%D7%9B%D7%9C%D7%94/: 429 Client Error: Too Many Requests for url: https://crawl4ai-wrapper-559961100092.europe-west1.run.app/scrape
  ✗ https://nfct.org.il/blog/movies/%D7%9E%D7%93%D7%A8%D7%99%D7%9B%D7%99-%D7%95%D7%99%D7%93%D7%99%D7%90%D7%95/: 429 Client Error: Too Many Requests for url: https://crawl4ai-wrapper-559961100092.europe-west1.run.app/scrape
  ✓ https://nfct.org.il/blog/movies/%D7%9E%D7%93%D7%91%D7%A8%D7%99%D7%9D-%D7%91%D7%90%D7%94%D7%91%D7%94/ → nfct__blog_movies_D7_9E_D7_93_D7_91_D7_A8_D7_99_D7_9D-_D7_91_D7_90_D7_94_D7_91_D7_94__e64f7649.md (7672 bytes)
  ✓ https://nfct.org.il/blog/movies/%D7%9E%D7%93%D7%91%D7%A8-%D7%91%D7%A2%D7%93-%D7%A2%D7%A6%D7%9E%D7%95/ → nfct__blog_movies_D7_9E_D7_93_D7_91_D7_A8-_D7_91_D7_A2_D7_93-_D7_A2_D7_A6_D7_9E_D7_95__070cc67b.md (7675 bytes)
  ✓ https://nfct.org.il/blog/movies/%D7%9E%D7%93%D7%91%D7%A8-%D7%9B%D7%9C%D7%95%D7%AA/ → nfct__blog_movies_D7_9E_D7_93_D7_91_D7_A8-_D7_9B_D7_9C_D7_95_D7_AA__2633cb96.md (7618 bytes)
  ✗ https://nfct.org.il/blog/movies/%D7%9E%D7%94%D7%99%D7%95%D7%9D-%D7%9C%D7%94%D7%99%D7%95%D7%9D/: 429 Client Error: Too Many Requests for url: https://crawl4ai-wrapper-559961100092.europe-west1.run.app/scrape
  ✗ https://nfct.org.il/blog/movies/%D7%9E%D7%94%D7%99%D7%A8/: 429 Client Error: Too Many Requests for url: https://crawl4ai-wrapper-559961100092.europe-west1.run.app/scrape
  ✗ https://nfct.org.il/blog/movies/%D7%9E%D7%94%D7%A2%D7%9B%D7%A9%D7%99%D7%95-%D7%9C%D7%A2%D7%9B%D7%A9%D7%99%D7%95/: 429 Client Error: Too Many Requests for url: https://crawl4ai-wrapper-559961100092.europe-west1.run.app/scrape
  ✓ https://nfct.org.il/blog/movies/%D7%9E%D7%93%D7%95%D7%A8%D7%94/ → nfct__blog_movies_D7_9E_D7_93_D7_95_D7_A8_D7_94__01afb4c9.md (7561 bytes)
  ✗ https://nfct.org.il/blog/movies/%D7%9E%D7%94-%D7%AA%D7%92%D7%99%D7%93%D7%95/: 429 Client Error: Too Many Requests for url: https://crawl4ai-wrapper-559961100092.europe-west1.run.app/scrape
  ✗ https://nfct.org.il/blog/movies/%D7%9E%D7%94-%D7%AA%D7%92%D7%99%D7%93/: 429 Client Error: Too Many Requests for url: https://crawl4ai-wrapper-559961100092.europe-west1.run.app/scrape
  ✓ https://nfct.org.il/blog/movies/%D7%9E%D7%94%D7%95%D7%AA/ → nfct__blog_movies_D7_9E_D7_94_D7_95_D7_AA__6b7e23ed.md (7543 bytes)
  ✗ https://nfct.org.il/blog/movies/%D7%9E%D7%95%D7%93%D7%99%D7%A2%D7%99%D7%9F-%D7%90%D7%A0%D7%95%D7%A9%D7%99/: 429 Client Error: Too Many Requests for url: https://crawl4ai-wrapper-559961100092.europe-west1.run.app/scrape
  ✗ https://nfct.org.il/blog/movies/%D7%9E%D7%95%D7%93%D7%A8%D7%A0%D7%99%D7%98%D7%99/: 429 Client Error: Too Many Requests for url: https://crawl4ai-wrapper-559961100092.europe-west1.run.app/scrape
  ✗ https://nfct.org.il/blog/movies/%D7%9E%D7%95%D7%95%D7%AA-%D7%91%D7%97%D7%99%D7%A8%D7%90%D7%9F-%D7%90%D7%95%D7%9D/: 429 Client Error: Too Many Requests for url: https://crawl4ai-wrapper-559961100092.europe-west1.run.app/scrape
  ✓ https://nfct.org.il/blog/movies/%D7%9E%D7%94%D7%95%D7%AA-%E2%80%93-Essence/ → nfct__blog_movies_D7_9E_D7_94_D7_95_D7_AA-_E2_80_93-Essence__1e657fd7.md (7597 bytes)
  ✗ https://nfct.org.il/blog/movies/%D7%9E%D7%95%D7%95%D7%AA-%D7%A1%D7%A8%D7%98%D7%9F/: 429 Client Error: Too Many Requests for url: https://crawl4ai-wrapper-559961100092.europe-west1.run.app/scrape
  ✗ https://nfct.org.il/blog/movies/%D7%9E%D7%95%D7%96%D7%A8%D7%99%D7%9D-%D7%95%D7%A1%D7%95%D7%A4%D7%99%D7%9D/: 429 Client Error: Too Many Requests for url: https://crawl4ai-wrapper-559961100092.europe-west1.run.app/scrape
  ✓ https://nfct.org.il/blog/movies/%D7%9E%D7%94%D7%98%D7%9E%D7%94-%D7%92%D7%A0%D7%93%D7%99/ → nfct__blog_movies_D7_9E_D7_94_D7_98_D7_9E_D7_94-_D7_92_D7_A0_D7_93_D7_99__b2821bdb.md (7636 bytes)
  ✗ https://nfct.org.il/blog/movies/%D7%9E%D7%95%D7%9B%D7%9F%D7%97%D7%99/: 429 Client Error: Too Many Requests for url: https://crawl4ai-wrapper-559961100092.europe-west1.run.app/scrape
  ✗ https://nfct.org.il/blog/movies/%D7%9E%D7%95%D7%9C%D7%98%D7%99-%D7%98%D7%90%D7%A1%D7%A7%D7%99%D7%A0%D7%92/: 429 Client Error: Too Many Requests for url: https://crawl4ai-wrapper-559961100092.europe-west1.run.app/scrape
  ✓ https://nfct.org.il/blog/movies/%D7%9E%D7%94%D7%A8%D7%92%D7%A2-%D7%9C%D7%94%D7%A8%D7%92%D7%A2/ → nfct__blog_movies_D7_9E_D7_94_D7_A8_D7_92_D7_A2-_D7_9C_D7_94_D7_A8_D7_92_D7_A2__bae41bc1.md (8234 bytes)
  ✗ https://nfct.org.il/blog/movies/%D7%9E%D7%95%D7%9C-%D7%94%D7%A8%D7%95%D7%97/: 429 Client Error: Too Many Requests for url: https://crawl4ai-wrapper-559961100092.europe-west1.run.app/scrape
  ✗ https://nfct.org.il/blog/movies/%D7%9E%D7%95%D7%A0%D7%95%D7%9C%D7%95%D7%92%D7%99%D7%9D-%D7%A9%D7%9C-%D7%96%D7%A0%D7%95%D7%AA/: 429 Client Error: Too Many Requests for url: https://crawl4ai-wrapper-559961100092.europe-west1.run.app/scrape
  ✗ https://nfct.org.il/blog/movies/%D7%9E%D7%95%D7%A0%D7%95%D7%9C%D7%95%D7%92%D7%99-%D7%96%D7%A0%D7%95%D7%AA/: 429 Client Error: Too Many Requests for url: https://crawl4ai-wrapper-559961100092.europe-west1.run.app/scrape
  ✗ https://nfct.org.il/blog/movies/%D7%9E%D7%95%D7%A1%D7%90/: 429 Client Error: Too Many Requests for url: https://crawl4ai-wrapper-559961100092.europe-west1.run.app/scrape
  ✗ https://nfct.org.il/blog/movies/%D7%9E%D7%95%D7%A1%D7%93-%D7%9C%D7%A2%D7%9C%D7%99%D7%99%D7%94-%D7%91/: 429 Client Error: Too Many Requests for url: https://crawl4ai-wrapper-559961100092.europe-west1.run.app/scrape
  ✗ https://nfct.org.il/blog/movies/%D7%9E%D7%95%D7%A1%D7%94/: 429 Client Error: Too Many Requests for url: https://crawl4ai-wrapper-559961100092.europe-west1.run.app/scrape
  ✓ https://nfct.org.il/blog/movies/%D7%9E%D7%95%D7%98%D7%A7%D7%94-%D7%A7%D7%93%D7%A8/ → nfct__blog_movies_D7_9E_D7_95_D7_98_D7_A7_D7_94-_D7_A7_D7_93_D7_A8__00edfc3b.md (7618 bytes)
  ✗ https://nfct.org.il/blog/movies/%D7%9E%D7%95%D7%92%D7%90%D7%94%D7%93%D7%99%D7%9F/: 429 Client Error: Too Many Requests for url: https://crawl4ai-wrapper-559961100092.europe-west1.run.app/scrape
  ✗ https://nfct.org.il/blog/movies/%D7%9E%D7%95%D7%A2%D7%93%D7%95%D7%9F-%D7%94%D7%A7%D7%91%D7%A8/: 429 Client Error: Too Many Requests for url: https://crawl4ai-wrapper-559961100092.europe-west1.run.app/scrape
  ✓ https://nfct.org.il/blog/movies/%D7%9E%D7%95%D7%9C-%D7%94%D7%97%D7%95%D7%9E%D7%94/ → nfct__blog_movies_D7_9E_D7_95_D7_9C-_D7_94_D7_97_D7_95_D7_9E_D7_94__88d9936d.md (7618 bytes)
  ✗ https://nfct.org.il/blog/movies/%D7%9E%D7%95%D7%A4%D7%A2-%D7%98%D7%99%D7%9E%D7%95%D7%A8/: 429 Client Error: Too Many Requests for url: https://crawl4ai-wrapper-559961100092.europe-west1.run.app/scrape
  ✗ https://nfct.org.il/blog/movies/%D7%9E%D7%95%D7%A4%D7%A2-%D7%A8%D7%97%D7%95%D7%91/: 429 Client Error: Too Many Requests for url: https://crawl4ai-wrapper-559961100092.europe-west1.run.app/scrape
  ✗ https://nfct.org.il/blog/movies/%D7%9E%D7%95%D7%A4%D7%A2-%D7%AA%D7%99%D7%9E%D7%95%D7%A8/: 429 Client Error: Too Many Requests for url: https://crawl4ai-wrapper-559961100092.europe-west1.run.app/scrape
  ✗ https://nfct.org.il/blog/movies/%D7%9E%D7%95%D7%A7%D7%99%D7%A8-%D7%94%D7%A9%D7%A2%D7%95%D7%9F-%D7%A9%D7%9C%D7%99/: 429 Client Error: Too Many Requests for url: https://crawl4ai-wrapper-559961100092.europe-west1.run.app/scrape
  ✗ https://nfct.org.il/blog/movies/%D7%9E%D7%95%D7%A7%D7%A0%D7%93%D7%94-%D7%9E%D7%95%D7%93%D7%9C/: 429 Client Error: Too Many Requests for url: https://crawl4ai-wrapper-559961100092.europe-west1.run.app/scrape
  ✗ https://nfct.org.il/blog/movies/%D7%9E%D7%95%D7%A8%D7%90%D7%A0%D7%95%D7%91/: 429 Client Error: Too Many Requests for url: https://crawl4ai-wrapper-559961100092.europe-west1.run.app/scrape
  ✗ https://nfct.org.il/blog/movies/%D7%9E%D7%95%D7%A8%D7%99-%E2%80%93-%D7%97%D7%99%D7%93%D7%AA-%D7%A9%D7%90%D7%91%D7%90%D7%96%D7%99/: 429 Client Error: Too Many Requests for url: https://crawl4ai-wrapper-559961100092.europe-west1.run.app/scrape
  ✗ https://nfct.org.il/blog/movies/%D7%9E%D7%95%D7%A8%D7%99-%E2%80%93-%D7%97%D7%99%D7%93%D7%AA-%D7%A9%D7%91%D7%90%D7%96%D7%99/: 429 Client Error: Too Many Requests for url: https://crawl4ai-wrapper-559961100092.europe-west1.run.app/scrape
  ✗ https://nfct.org.il/blog/movies/%D7%9E%D7%95%D7%A8%D7%99-%E2%80%93-%D7%97%D7%99%D7%93%D7%AA-%D7%A9%D7%91%D7%96%D7%99/: 429 Client Error: Too Many Requests for url: https://crawl4ai-wrapper-559961100092.europe-west1.run.app/scrape
  ✗ https://nfct.org.il/blog/movies/%D7%9E%D7%95%D7%95%D7%AA-%D7%91%D7%98%D7%A8%D7%9E%D7%99%D7%A0%D7%9C/: 429 Client Error: Too Many Requests for url: https://crawl4ai-wrapper-559961100092.europe-west1.run.app/scrape
  ✓ https://nfct.org.il/blog/movies/%D7%9E%D7%95%D7%A1%D7%9C%D7%9D-%D7%A7%D7%95%D7%95%D7%A8%D7%98%D7%A8/ → nfct__blog_movies_D7_9E_D7_95_D7_A1_D7_9C_D7_9D-_D7_A7_D7_95_D7_95_D7_A8_D7_98_D7_A8__f34f010f.md (7672 bytes)
  ✗ https://nfct.org.il/blog/movies/%D7%9E%D7%95%D7%A8%D7%99---%D7%97%D7%99%D7%93%D7%AA-%D7%A9%D7%91%D7%96%D7%99/: 429 Client Error: Too Many Requests for url: https://crawl4ai-wrapper-559961100092.europe-west1.run.app/scrape
  ✗ https://nfct.org.il/blog/movies/%D7%9E%D7%95%D7%A8%D7%A4%D7%99%D7%95%D7%9D/: 429 Client Error: Too Many Requests for url: https://crawl4ai-wrapper-559961100092.europe-west1.run.app/scrape
  ✗ https://nfct.org.il/blog/movies/%D7%9E%D7%95%D7%A8%D7%99---%D7%97%D7%99%D7%93%D7%AA-%D7%A9%D7%91%D7%90%D7%96%D7%99/: 429 Client Error: Too Many Requests for url: https://crawl4ai-wrapper-559961100092.europe-west1.run.app/scrape
  ✓ https://nfct.org.il/blog/movies/%D7%9E%D7%95%D7%A8%D7%99---%D7%97%D7%99%D7%93%D7%AA-%D7%A9%D7%90%D7%91%D7%96%D7%99/ → nfct__blog_movies_D7_9E_D7_95_D7_A8_D7_99---_D7_97_D7_99_D7_93_D7_AA-_D7_A9_D7_90_D7_9__f2bba993.md (7717 bytes)
  ✗ https://nfct.org.il/blog/movies/%D7%9E%D7%95%D7%A8%D7%A9%D7%AA-%D7%97%D7%99%D7%93%D7%AA-%D7%A9%D7%91%D7%90%D7%96%D7%99/: 429 Client Error: Too Many Requests for url: https://crawl4ai-wrapper-559961100092.europe-west1.run.app/scrape
  ✗ https://nfct.org.il/blog/movies/%D7%9E%D7%95%D7%A8%D7%A9%D7%AA-%E2%80%93-%D7%97%D7%99%D7%93%D7%AA-%D7%A9%D7%91%D7%90%D7%96%D7%99/: 429 Client Error: Too Many Requests for url: https://crawl4ai-wrapper-559961100092.europe-west1.run.app/scrape
  ✗ https://nfct.org.il/blog/movies/%D7%9E%D7%95%D7%A8%D7%A9%D7%AA-%E2%80%93-%D7%97%D7%99%D7%93%D7%AA-%D7%A9%D7%91%D7%96%D7%99/: 429 Client Error: Too Many Requests for url: https://crawl4ai-wrapper-559961100092.europe-west1.run.app/scrape
  ✗ https://nfct.org.il/blog/movies/%D7%9E%D7%95%D7%A8-%E2%80%93-%D7%97%D7%99%D7%93%D7%AA-%D7%A9%D7%91%D7%96%D7%99/: 429 Client Error: Too Many Requests for url: https://crawl4ai-wrapper-559961100092.europe-west1.run.app/scrape
  ✗ https://nfct.org.il/blog/movies/%D7%9E%D7%95%D7%A9%D7%91%D7%A0%D7%99%D7%A7/: 429 Client Error: Too Many Requests for url: https://crawl4ai-wrapper-559961100092.europe-west1.run.app/scrape
  ✓ https://nfct.org.il/blog/movies/%D7%9E%D7%95%D7%A4%D7%A2-%D7%9E%D7%A9%D7%A4%D7%97%D7%AA-%D7%92%D7%90%D7%95%D7%9F/ → nfct__blog_movies_D7_9E_D7_95_D7_A4_D7_A2-_D7_9E_D7_A9_D7_A4_D7_97_D7_AA-_D7_92_D7_90___5af685b5.md (7711 bytes)
  ✓ https://nfct.org.il/blog/movies/%D7%9E%D7%95%D7%A8%D7%A9%D7%AA-%D7%97%D7%99%D7%93%D7%AA%D7%95-%D7%A9%D7%9C-%D7%A9%D7%91%D7%96%D7%99/ → nfct__blog_movies_D7_9E_D7_95_D7_A8_D7_A9_D7_AA-_D7_97_D7_99_D7_93_D7_AA_D7_95-_D7_A9___7b9df092.md (7768 bytes)
  ✓ https://nfct.org.il/blog/movies/%D7%9E%D7%95%D7%A2%D7%93%D7%95%D7%9F-%D7%94%D7%A7%D7%91%D7%A8%D7%A0%D7%99%D7%9D/ → nfct__blog_movies_D7_9E_D7_95_D7_A2_D7_93_D7_95_D7_9F-_D7_94_D7_A7_D7_91_D7_A8_D7_A0_D__37655506.md (8317 bytes)
  ✓ https://nfct.org.il/blog/movies/%D7%9E%D7%95%D7%AA-%D7%94%D7%A7%D7%95%D7%9C%D7%A0%D7%95%D7%A2-%D7%95%D7%90%D7%91%D7%90-%D7%A9%D7%9C%D7%99-%D7%92%D7%9D/ → nfct__blog_movies_D7_9E_D7_95_D7_AA-_D7_94_D7_A7_D7_95_D7_9C_D7_A0_D7_95_D7_A2-_D7_95___b38e3c2c.md (7825 bytes)
  ✓ https://nfct.org.il/blog/movies/%D7%9E%D7%95%D7%A8%D7%A9%D7%AA-%D7%97%D7%99%D7%93%D7%94/ → nfct__blog_movies_D7_9E_D7_95_D7_A8_D7_A9_D7_AA-_D7_97_D7_99_D7_93_D7_94__127670df.md (8216 bytes)
  ✓ https://nfct.org.il/blog/movies/%D7%9E%D7%95%D7%AA-%D7%94%D7%A7%D7%95%D7%9C%D7%A0%D7%95%D7%A2-%D7%95%D7%90%D7%91%D7%99-%D7%A9%D7%91/ → nfct__blog_movies_D7_9E_D7_95_D7_AA-_D7_94_D7_A7_D7_95_D7_9C_D7_A0_D7_95_D7_A2-_D7_95___62e4090f.md (8348 bytes)
  ✓ https://nfct.org.il/blog/movies/%D7%9E%D7%96%D7%95%D7%99%D7%A7%D7%94/ → nfct__blog_movies_D7_9E_D7_96_D7_95_D7_99_D7_A7_D7_94__eb955657.md (7579 bytes)
  ✓ https://nfct.org.il/blog/movies/%D7%9E%D7%96%D7%9E%D7%95%D7%A8-%D7%94%D7%91%D7%A8%D7%97%D7%94/ → nfct__blog_movies_D7_9E_D7_96_D7_9E_D7_95_D7_A8-_D7_94_D7_91_D7_A8_D7_97_D7_94__17d546b9.md (7654 bytes)
  ✓ https://nfct.org.il/blog/movies/%D7%9E%D7%96%D7%9E%D7%95%D7%A8-%D7%9E%D7%9C%D7%97%D7%9E%D7%94/ → nfct__blog_movies_D7_9E_D7_96_D7_9E_D7_95_D7_A8-_D7_9E_D7_9C_D7_97_D7_9E_D7_94__6c6b8694.md (7654 bytes)
  ✓ https://nfct.org.il/blog/movies/%D7%9E%D7%97%D7%91%D7%A8%D7%95%D7%AA-%D7%90%D7%9C%D7%99%D7%A9/ → nfct__blog_movies_D7_9E_D7_97_D7_91_D7_A8_D7_95_D7_AA-_D7_90_D7_9C_D7_99_D7_A9__dc1ee27c.md (7654 bytes)
  ✓ https://nfct.org.il/blog/movies/%D7%9E%D7%97%D7%95%D7%99%D7%91/ → nfct__blog_movies_D7_9E_D7_97_D7_95_D7_99_D7_91__5280e89a.md (7561 bytes)
  ✓ https://nfct.org.il/blog/movies/%D7%9E%D7%95%D7%AA-%D7%90%D7%9C-%D7%97%D7%99%D7%A8%D7%90%D7%9F/ → nfct__blog_movies_D7_9E_D7_95_D7_AA-_D7_90_D7_9C-_D7_97_D7_99_D7_A8_D7_90_D7_9F__eec68eef.md (8266 bytes)
  ✓ https://nfct.org.il/blog/movies/%D7%9E%D7%97%D7%95%D7%A5-%D7%9C%D7%9E%D7%A1%D7%92%D7%A8%D7%AA/ → nfct__blog_movies_D7_9E_D7_97_D7_95_D7_A5-_D7_9C_D7_9E_D7_A1_D7_92_D7_A8_D7_AA__f1754069.md (7654 bytes)
  ✓ https://nfct.org.il/blog/movies/%D7%9E%D7%97%D7%95%D7%A5-%D7%9C%D7%9E%D7%92%D7%A2/ → nfct__blog_movies_D7_9E_D7_97_D7_95_D7_A5-_D7_9C_D7_9E_D7_92_D7_A2__8d157b37.md (7618 bytes)
  ✓ https://nfct.org.il/blog/movies/%D7%9E%D7%97%D7%96%D7%99%D7%A7%D7%99%D7%9D-%D7%9E%D7%A2%D7%9E%D7%93/ → nfct__blog_movies_D7_9E_D7_97_D7_96_D7_99_D7_A7_D7_99_D7_9D-_D7_9E_D7_A2_D7_9E_D7_93__53c1ebac.md (8252 bytes)
  ✓ https://nfct.org.il/blog/movies/%D7%9E%D7%97%D7%95%D7%A5-%D7%9C%D7%94%D7%99%D7%A9%D7%92-%D7%99%D7%93/ → nfct__blog_movies_D7_9E_D7_97_D7_95_D7_A5-_D7_9C_D7_94_D7_99_D7_A9_D7_92-_D7_99_D7_93__52b2cc78.md (16189 bytes)
  ✓ https://nfct.org.il/blog/movies/%D7%9E%D7%97%D7%96%D7%99%D7%A7%D7%99%D7%9D/ → nfct__blog_movies_D7_9E_D7_97_D7_96_D7_99_D7_A7_D7_99_D7_9D__3b8db238.md (8206 bytes)
  ✓ https://nfct.org.il/blog/movies/%D7%9E%D7%97%D7%9B%D7%99%D7%9D/ → nfct__blog_movies_D7_9E_D7_97_D7_9B_D7_99_D7_9D__8d5f0d2a.md (8141 bytes)
  ✓ https://nfct.org.il/blog/movies/%D7%9E%D7%97%D7%9C%D7%94-%D7%A9%D7%A7%D7%95%D7%A4%D7%94/ → nfct__blog_movies_D7_9E_D7_97_D7_9C_D7_94-_D7_A9_D7_A7_D7_95_D7_A4_D7_94__072e456a.md (7636 bytes)
  ✗ https://nfct.org.il/blog/movies/%D7%9E%D7%97%D7%A0%D7%95%D7%AA-%E2%80%93-%D7%A9%D7%95%D7%90%D7%94-%D7%95%D7%A4%D7%95%D7%A8%D7%A0%D7%95%D7%92%D7%A8%D7%A4%D7%99%D7%94/: 429 Client Error: Too Many Requests for url: https://crawl4ai-wrapper-559961100092.europe-west1.run.app/scrape
  ✗ https://nfct.org.il/blog/movies/%D7%9E%D7%97%D7%A1%D7%95%D7%9D/: 429 Client Error: Too Many Requests for url: https://crawl4ai-wrapper-559961100092.europe-west1.run.app/scrape
  ✓ https://nfct.org.il/blog/movies/%D7%9E%D7%97%D7%9E%D7%AA-%D7%94%D7%A2%D7%95%D7%9C%D7%9D-%D7%94%D7%A9%D7%A0%D7%99%D7%99%D7%94/ → nfct__blog_movies_D7_9E_D7_97_D7_9E_D7_AA-_D7_94_D7_A2_D7_95_D7_9C_D7_9D-_D7_94_D7_A9___5154f5c8.md (8356 bytes)
  ✓ https://nfct.org.il/blog/movies/%D7%9E%D7%97%D7%A0%D7%95%D7%AA-%D7%9B%D7%A4%D7%99%D7%94/ → nfct__blog_movies_D7_9E_D7_97_D7_A0_D7_95_D7_AA-_D7_9B_D7_A4_D7_99_D7_94__d63a1b27.md (8245 bytes)
  ✓ https://nfct.org.il/blog/movies/%D7%9E%D7%97%D7%9B%D7%94/ → nfct__blog_movies_D7_9E_D7_97_D7_9B_D7_94__23a15bd4.md (8152 bytes)
  ✓ https://nfct.org.il/blog/movies/%D7%9E%D7%97%D7%A0%D7%95%D7%AA-%D7%A1%D7%98%D7%9C%D7%90%D7%92-%E2%80%93-%D7%A9%D7%95%D7%90%D7%94-%D7%95%D7%A4%D7%95%D7%A8%D7%A0%D7%95%D7%92%D7%A8%D7%A4%D7%99%D7%94/ → nfct__blog_movies_D7_9E_D7_97_D7_A0_D7_95_D7_AA-_D7_A1_D7_98_D7_9C_D7_90_D7_92-_E2_80___cb79023d.md (8540 bytes)
  ✓ https://nfct.org.il/blog/movies/%D7%9E%D7%98%D7%95%D7%A1%D7%99%D7%9D/ → nfct__blog_movies_D7_9E_D7_98_D7_95_D7_A1_D7_99_D7_9D__49e8ec13.md (7579 bytes)
  ✗ https://nfct.org.il/blog/movies/%D7%9E%D7%98%D7%A2%D7%9F-%D7%A6%D7%91%D7%90%D7%99/: 429 Client Error: Too Many Requests for url: https://crawl4ai-wrapper-559961100092.europe-west1.run.app/scrape
  ✗ https://nfct.org.il/blog/movies/%D7%9E%D7%99%D7%92%D7%A8%D7%A0%D7%94/: 429 Client Error: Too Many Requests for url: https://crawl4ai-wrapper-559961100092.europe-west1.run.app/scrape
  ✗ https://nfct.org.il/blog/movies/%D7%9E%D7%99%D7%98%D7%90%D7%A4%D7%95%D7%9C%D7%99%D7%A1-%E2%80%93-%D7%90%D7%95-%D7%94%D7%94%D7%A8%D7%A4%D7%AA%D7%A7%D7%94-%D7%94%D7%92%D7%93%D7%95%D7%9C%D7%94-%D7%A9%D7%9C-%D7%A8%D7%95%D7%9E%D7%99-%D7%93%D7%A1%D7%99-%D7%95%D7%90%D7%91%D7%99%D7%92%D7%99%D7%9C/: 429 Client Error: Too Many Requests for url: https://crawl4ai-wrapper-559961100092.europe-west1.run.app/scrape
  ✗ https://nfct.org.il/blog/movies/%D7%9E%D7%99%D7%98%D7%94%D7%A4%D7%95%D7%9C%D7%99%D7%A1-%E2%80%93-%D7%90%D7%95-%D7%94%D7%94%D7%A8%D7%A4%D7%AA%D7%A7%D7%94-%D7%94%D7%92%D7%93%D7%95%D7%9C%D7%94-%D7%A9%D7%9C-%D7%A8%D7%95%D7%9E%D7%99-%D7%93%D7%A1%D7%99-%D7%95%D7%90%D7%91%D7%99%D7%92%D7%99%D7%9C/: 429 Client Error: Too Many Requests for url: https://crawl4ai-wrapper-559961100092.europe-west1.run.app/scrape
  ✗ https://nfct.org.il/blog/movies/%D7%9E%D7%99%D7%98%D7%94%D7%A4%D7%95%D7%9C%D7%99%D7%A1---%D7%90%D7%95-%D7%94%D7%94%D7%A8%D7%A4%D7%AA%D7%A7%D7%94-%D7%94%D7%92%D7%93%D7%95%D7%9C%D7%94-%D7%A9%D7%9C-%D7%A8%D7%95%D7%9E%D7%99-%D7%93%D7%A1%D7%99-%D7%95%D7%90%D7%91%D7%99%D7%92%D7%99%D7%9C/: 429 Client Error: Too Many Requests for url: https://crawl4ai-wrapper-559961100092.europe-west1.run.app/scrape
  ✓ https://nfct.org.il/blog/movies/%D7%9E%D7%98%D7%90%D7%9E%D7%95%D7%A8%D7%A4%D7%95%D7%96%D7%99%D7%A1/ → nfct__blog_movies_D7_9E_D7_98_D7_90_D7_9E_D7_95_D7_A8_D7_A4_D7_95_D7_96_D7_99_D7_A1__92925f59.md (8249 bytes)
  ✓ https://nfct.org.il/blog/movies/%D7%9E%D7%98%D7%9E%D7%95%D7%A8%D7%A4%D7%95%D7%96%D7%99%D7%A1/ → nfct__blog_movies_D7_9E_D7_98_D7_9E_D7_95_D7_A8_D7_A4_D7_95_D7_96_D7_99_D7_A1__54e1d83c.md (7651 bytes)
  ✓ https://nfct.org.il/blog/movies/%D7%9E%D7%98%D7%99%D7%A1%D7%94/ → nfct__blog_movies_D7_9E_D7_98_D7_99_D7_A1_D7_94__a04f7e13.md (7561 bytes)
  ✓ https://nfct.org.il/blog/movies/%D7%9E%D7%99%D7%98%D7%A4%D7%95%D7%9C%D7%99%D7%A1---%D7%90%D7%95-%D7%94%D7%94%D7%A8%D7%A4%D7%AA%D7%A7%D7%94-%D7%94%D7%92%D7%93%D7%95%D7%9C%D7%94-%D7%A9%D7%9C-%D7%A8%D7%95%D7%9E%D7%99-%D7%93%D7%A1%D7%99-%D7%95%D7%90%D7%91%D7%99%D7%92%D7%99%D7%9C/ → nfct__blog_movies_D7_9E_D7_99_D7_98_D7_A4_D7_95_D7_9C_D7_99_D7_A1---_D7_90_D7_95-_D7_9__e3dd88ba.md (8809 bytes)
  ✓ https://nfct.org.il/blog/movies/%D7%9E%D7%98%D7%9E%D7%95%D7%A8%D7%A4%D7%95%D7%96%D7%94/ → nfct__blog_movies_D7_9E_D7_98_D7_9E_D7_95_D7_A8_D7_A4_D7_95_D7_96_D7_94__12fcac79.md (8242 bytes)
  ✓ https://nfct.org.il/blog/movies/%D7%9E%D7%99%D7%99%D7%A7-%D7%91%D7%A8%D7%90%D7%A0%D7%98-%E2%80%93-%D7%AA%D7%A0%D7%99-%D7%9C%D7%99-%D7%9C%D7%90%D7%94%D7%95%D7%91-%D7%90%D7%95%D7%AA%D7%9A/ → nfct__blog_movies_D7_9E_D7_99_D7_99_D7_A7-_D7_91_D7_A8_D7_90_D7_A0_D7_98-_E2_80_93-_D7__ce2edad9.md (7930 bytes)
  ✓ https://nfct.org.il/blog/movies/%D7%9E%D7%99%D7%99%D7%A7-%D7%91%D7%A8%D7%90%D7%A0%D7%98-%E2%80%93-%D7%AA%D7%9F-%D7%9C%D7%99-%D7%9C%D7%90%D7%94%D7%95%D7%91-%D7%90%D7%95%D7%AA%D7%9A/ → nfct__blog_movies_D7_9E_D7_99_D7_99_D7_A7-_D7_91_D7_A8_D7_90_D7_A0_D7_98-_E2_80_93-_D7__c9c5b058.md (7912 bytes)
  ✗ https://nfct.org.il/blog/movies/%D7%9E%D7%99%D7%99%D7%A7-%D7%91%D7%A8%D7%A0%D7%98-%E2%80%93-%D7%AA%D7%A8%D7%A9%D7%94-%D7%9C%D7%99-%D7%9C%D7%90%D7%94%D7%95%D7%91-%D7%90%D7%95%D7%AA%D7%9A/: 429 Client Error: Too Many Requests for url: https://crawl4ai-wrapper-559961100092.europe-west1.run.app/scrape
  ✓ https://nfct.org.il/blog/movies/%D7%9E%D7%99%D7%99%D7%A0%D7%A7%D7%99-%D7%91%D7%99%D7%96%D7%A0%D7%A1/ → nfct__blog_movies_D7_9E_D7_99_D7_99_D7_A0_D7_A7_D7_99-_D7_91_D7_99_D7_96_D7_A0_D7_A1__aaf46ea3.md (8252 bytes)
  ✓ https://nfct.org.il/blog/movies/%D7%9E%D7%99%D7%99%D7%A7-%D7%91%D7%A8%D7%A0%D7%98-%E2%80%93-%D7%9C%D7%A1-%D7%9E%D7%95%D7%90%D7%94-%D7%98%D7%94-%D7%9E%D7%94/ → nfct__blog_movies_D7_9E_D7_99_D7_99_D7_A7-_D7_91_D7_A8_D7_A0_D7_98-_E2_80_93-_D7_9C_D7__5e1713a8.md (7840 bytes)
  ✗ https://nfct.org.il/blog/movies/%D7%9E%D7%99%D7%9C%D7%95%D7%98-%D7%9E%D7%9F-%D7%94%D7%92%D7%99%D7%94%D7%99%D7%A0%D7%95%D7%9D/: 429 Client Error: Too Many Requests for url: https://crawl4ai-wrapper-559961100092.europe-west1.run.app/scrape
  ✗ https://nfct.org.il/blog/movies/%D7%9E%D7%99%D7%9C%D7%95%D7%A1-%D7%91%D7%95%D7%A7%D7%A8-%D7%94%D7%9C%D7%99%D7%9B%D7%94/: 429 Client Error: Too Many Requests for url: https://crawl4ai-wrapper-559961100092.europe-west1.run.app/scrape
  ✗ https://nfct.org.il/blog/movies/%D7%9E%D7%99%D7%9C%D7%95%D7%A1-%D7%91%D7%95%D7%A7%D7%A8/: 429 Client Error: Too Many Requests for url: https://crawl4ai-wrapper-559961100092.europe-west1.run.app/scrape
  ✓ https://nfct.org.il/blog/movies/%D7%9E%D7%99%D7%9C%D7%94-%D7%A0%D7%93%D7%A8%D7%A9%D7%AA/ → nfct__blog_movies_D7_9E_D7_99_D7_9C_D7_94-_D7_A0_D7_93_D7_A8_D7_A9_D7_AA__22385584.md (8216 bytes)
  ✓ https://nfct.org.il/blog/movies/%D7%9E%D7%99%D7%99%D7%A7-%D7%91%D7%A8%D7%A0%D7%98---%D7%9C%D7%A1-%D7%9E%D7%95%D7%90%D7%94-%D7%98%D7%94-%D7%9E%D7%94/ → nfct__blog_movies_D7_9E_D7_99_D7_99_D7_A7-_D7_91_D7_A8_D7_A0_D7_98---_D7_9C_D7_A1-_D7___f9e87a46.md (17851 bytes)
  ✓ https://nfct.org.il/blog/movies/%D7%9E%D7%99%D7%99%D7%A7-%D7%91%D7%A8%D7%A0%D7%98-%E2%80%93-%D7%AA%D7%A0%D7%99-%D7%9C%D7%99-%D7%9C%D7%90%D7%94%D7%95%D7%91-%D7%90%D7%95%D7%AA%D7%9A/ → nfct__blog_movies_D7_9E_D7_99_D7_99_D7_A7-_D7_91_D7_A8_D7_A0_D7_98-_E2_80_93-_D7_AA_D7__6f101221.md (8521 bytes)
  ✓ https://nfct.org.il/blog/movies/%D7%9E%D7%99%D7%9C%D7%95%D7%A1-%D7%94%D7%95%D7%9C%D7%9A-%D7%9C%D7%99%D7%A9%D7%95%D7%9F/ → nfct__blog_movies_D7_9E_D7_99_D7_9C_D7_95_D7_A1-_D7_94_D7_95_D7_9C_D7_9A-_D7_9C_D7_99___02617101.md (7729 bytes)
  ✓ https://nfct.org.il/blog/movies/%D7%9E%D7%99%D7%9C%D7%95%D7%A1-%D7%94%D7%9C%D7%99%D7%9B%D7%94-%D7%91%D7%91%D7%95%D7%A7%D7%A8/ → nfct__blog_movies_D7_9E_D7_99_D7_9C_D7_95_D7_A1-_D7_94_D7_9C_D7_99_D7_9B_D7_94-_D7_91___31fc3940.md (7747 bytes)
  ✓ https://nfct.org.il/blog/movies/%D7%9E%D7%99%D7%9C%D7%95-%D7%94%D7%95%D7%9C%D7%9A-%D7%9C%D7%91%D7%99%D7%AA-%D7%94%D7%A1%D7%A4%D7%A8/ → nfct__blog_movies_D7_9E_D7_99_D7_9C_D7_95-_D7_94_D7_95_D7_9C_D7_9A-_D7_9C_D7_91_D7_99___827f7ed6.md (8348 bytes)
  ✓ https://nfct.org.il/blog/movies/%D7%9E%D7%99%D7%9C%D7%99%D7%9D-%D7%91%D7%A1%D7%A8%D7%98-%2F-%D7%99%D7%A2%D7%A0%D7%A7%D7%9C%D7%94-%D7%A8%D7%95%D7%98%D7%91%D7%9C%D7%99%D7%98/ → nfct__blog_movies_D7_9E_D7_99_D7_9C_D7_99_D7_9D-_D7_91_D7_A1_D7_A8_D7_98-_2F-_D7_99_D7__6112c52b.md (7888 bytes)
  ✓ https://nfct.org.il/blog/movies/%D7%9E%D7%99%D7%9C%D7%99%D7%9D-%D7%91%D7%A1%D7%A8%D7%98%2F-%D7%99%D7%A2%D7%A0%D7%A7%D7%9C%D7%94-%D7%A8%D7%95%D7%98%D7%91%D7%9C%D7%99%D7%98/ → nfct__blog_movies_D7_9E_D7_99_D7_9C_D7_99_D7_9D-_D7_91_D7_A1_D7_A8_D7_98_2F-_D7_99_D7___413da002.md (8465 bytes)
  ✓ https://nfct.org.il/blog/movies/%D7%9E%D7%99%D7%9C%D7%99%D7%9D-%D7%91%D7%A1%D7%A8%D7%98%2F%D7%99%D7%A2%D7%A0%D7%A7%D7%9C%D7%94-%D7%A8%D7%95%D7%98%D7%91%D7%9C%D7%99%D7%98/ → nfct__blog_movies_D7_9E_D7_99_D7_9C_D7_99_D7_9D-_D7_91_D7_A1_D7_A8_D7_98_2F_D7_99_D7_A__8b8363cf.md (8491 bytes)
  ✓ https://nfct.org.il/blog/movies/%D7%9E%D7%99%D7%9C%D7%99%D7%9D-%D7%91%D7%A1%D7%A8%D7%98/ → nfct__blog_movies_D7_9E_D7_99_D7_9C_D7_99_D7_9D-_D7_91_D7_A1_D7_A8_D7_98__4266873a.md (17986 bytes)
  ✓ https://nfct.org.il/blog/movies/%D7%9E%D7%99%D7%9C%D7%99%D7%9D-%D7%9E%D7%90%D7%AA-%D7%A8%D7%95%D7%AA%D7%91%D7%9C%D7%99%D7%98/ → nfct__blog_movies_D7_9E_D7_99_D7_9C_D7_99_D7_9D-_D7_9E_D7_90_D7_AA-_D7_A8_D7_95_D7_AA___36955003.md (8327 bytes)
  ✓ https://nfct.org.il/blog/movies/%D7%9E%D7%99%D7%9C%D7%99%D7%9D-%D7%9E%D7%91%D7%A4%D7%A0%D7%99%D7%9D/ → nfct__blog_movies_D7_9E_D7_99_D7_9C_D7_99_D7_9D-_D7_9E_D7_91_D7_A4_D7_A0_D7_99_D7_9D__c6450da8.md (7672 bytes)
  ✓ https://nfct.org.il/blog/movies/%D7%9E%D7%99%D7%9C%D7%99%D7%9D-%D7%9E%D7%AA%D7%95%D7%9A-%D7%94%D7%93%D7%A8%D7%9A/ → nfct__blog_movies_D7_9E_D7_99_D7_9C_D7_99_D7_9D-_D7_9E_D7_AA_D7_95_D7_9A-_D7_94_D7_93___62207e71.md (9785 bytes)
  ✓ https://nfct.org.il/blog/movies/%D7%9E%D7%99%D7%9C%D7%A0%D7%99%D7%90%D7%96/ → nfct__blog_movies_D7_9E_D7_99_D7_9C_D7_A0_D7_99_D7_90_D7_96__f8dd26b1.md (7597 bytes)
  ✓ https://nfct.org.il/blog/movies/%D7%9E%D7%99%D7%9D-%D7%A1%D7%95%D7%A2%D7%A8%D7%99%D7%9D---%D7%99%D7%95%D7%9E%D7%9F-%D7%93%D7%99%D7%99%D7%92%D7%99%D7%9D/ → nfct__blog_movies_D7_9E_D7_99_D7_9D-_D7_A1_D7_95_D7_A2_D7_A8_D7_99_D7_9D---_D7_99_D7_9__3ed0d22d.md (7828 bytes)
  ✓ https://nfct.org.il/blog/movies/%D7%9E%D7%99%D7%9D-%D7%A2%D7%9B%D7%95%D7%A8%D7%99%D7%9D/ → nfct__blog_movies_D7_9E_D7_99_D7_9D-_D7_A2_D7_9B_D7_95_D7_A8_D7_99_D7_9D__2ce7f5a7.md (7636 bytes)
  ✓ https://nfct.org.il/blog/movies/%D7%9E%D7%99%D7%9E%D7%99%D7%94/ → nfct__blog_movies_D7_9E_D7_99_D7_9E_D7_99_D7_94__f9825d10.md (8170 bytes)
  ✓ https://nfct.org.il/blog/movies/%D7%9E%D7%99%D7%A0%D7%99%D7%90%D7%98%D7%95%D7%A8%D7%94/ → nfct__blog_movies_D7_9E_D7_99_D7_A0_D7_99_D7_90_D7_98_D7_95_D7_A8_D7_94__76b01c92.md (8242 bytes)
  ✓ https://nfct.org.il/blog/movies/%D7%9E%D7%99%D7%A0%D7%99%D7%9E%D7%9C-%D7%A7%D7%95%D7%9E%D7%A4%D7%A7%D7%98/ → nfct__blog_movies_D7_9E_D7_99_D7_A0_D7_99_D7_9E_D7_9C-_D7_A7_D7_95_D7_9E_D7_A4_D7_A7_D__0064b9c9.md (7690 bytes)
  ✓ https://nfct.org.il/blog/movies/%D7%9E%D7%99%D7%9D-%D7%A9%D7%A7%D7%98%D7%99%D7%9D/ → nfct__blog_movies_D7_9E_D7_99_D7_9D-_D7_A9_D7_A7_D7_98_D7_99_D7_9D__d8cd6ba8.md (8227 bytes)
  ✓ https://nfct.org.il/blog/movies/%D7%9E%D7%99%D7%A0%D7%99-%D7%93%D7%99%D7%95%D7%99/ → nfct__blog_movies_D7_9E_D7_99_D7_A0_D7_99-_D7_93_D7_99_D7_95_D7_99__6d476450.md (7618 bytes)
  ✗ https://nfct.org.il/blog/movies/%D7%9E%D7%99%D7%A7%D7%A8%D7%95%D7%A7%D7%95%D7%A1%D7%9E%D7%95%D7%A1-%D7%9E%D7%9C%D7%97%D7%9E%D7%AA-%D7%94%D7%A9%D7%97%D7%A8%D7%95%D7%A8/: 429 Client Error: Too Many Requests for url: https://crawl4ai-wrapper-559961100092.europe-west1.run.app/scrape
  ✗ https://nfct.org.il/blog/movies/%D7%9E%D7%99%D7%A9%D7%94%D7%95-%D7%9C%D7%90%D7%94%D7%95%D7%91/: 429 Client Error: Too Many Requests for url: https://crawl4ai-wrapper-559961100092.europe-west1.run.app/scrape
  ✗ https://nfct.org.il/blog/movies/%D7%9E%D7%99%D7%AA%D7%95%D7%9C%D7%95%D7%92%D7%99%D7%94/: 429 Client Error: Too Many Requests for url: https://crawl4ai-wrapper-559961100092.europe-west1.run.app/scrape
  ✗ https://nfct.org.il/blog/movies/%D7%9E%D7%99-%D7%91%D7%99%D7%95%D7%91/: 429 Client Error: Too Many Requests for url: https://crawl4ai-wrapper-559961100092.europe-west1.run.app/scrape
  ✓ https://nfct.org.il/blog/movies/%D7%9E%D7%99%D7%A1%D7%AA%D7%95%D7%A8%D7%99%D7%9F/ → nfct__blog_movies_D7_9E_D7_99_D7_A1_D7_AA_D7_95_D7_A8_D7_99_D7_9F__8650f761.md (7615 bytes)
  ✓ https://nfct.org.il/blog/movies/%D7%9E%D7%99%D7%A2%D7%95%D7%98-%D7%9C%D7%91%D7%A0%D7%94/ → nfct__blog_movies_D7_9E_D7_99_D7_A2_D7_95_D7_98-_D7_9C_D7_91_D7_A0_D7_94__379fe5c5.md (8216 bytes)
  ✓ https://nfct.org.il/blog/movies/%D7%9E%D7%99-%D7%99%D7%A8%D7%94-%D7%91%D7%99%D7%9C%D7%93%D7%99-%D7%94%D7%91%D7%A8-%D7%A0%D7%95%D7%A2%D7%A8/ → nfct__blog_movies_D7_9E_D7_99-_D7_99_D7_A8_D7_94-_D7_91_D7_99_D7_9C_D7_93_D7_99-_D7_94__fd3f80ff.md (8398 bytes)
  ✓ https://nfct.org.il/blog/movies/%D7%9E%D7%99%D7%A7%D7%95%D7%95%D7%94/ → nfct__blog_movies_D7_9E_D7_99_D7_A7_D7_95_D7_95_D7_94__bf722f7e.md (8188 bytes)
  ✓ https://nfct.org.il/blog/movies/%D7%9E%D7%9B%D7%91%D7%99-%D7%99%D7%A4%D7%95/ → nfct__blog_movies_D7_9E_D7_9B_D7_91_D7_99-_D7_99_D7_A4_D7_95__d591c7a1.md (8180 bytes)
  ✓ https://nfct.org.il/blog/movies/%D7%9E%D7%9B%D7%95%D7%9F-%D7%94%D7%A7%D7%A1%D7%9E%D7%99%D7%9D/ → nfct__blog_movies_D7_9E_D7_9B_D7_95_D7_9F-_D7_94_D7_A7_D7_A1_D7_9E_D7_99_D7_9D__5fd0d49c.md (8263 bytes)
  ✓ https://nfct.org.il/blog/movies/%D7%9E%D7%9B%D7%95%D7%A0%D7%99%D7%AA-%D7%AA%D7%95%D7%A4%D7%AA/ → nfct__blog_movies_D7_9E_D7_9B_D7_95_D7_A0_D7_99_D7_AA-_D7_AA_D7_95_D7_A4_D7_AA__8bec4d07.md (7654 bytes)
  ✓ https://nfct.org.il/blog/movies/%D7%9E%D7%9B%D7%95%D7%A8%D7%AA-%D7%A8%D7%A9%D7%AA/ → nfct__blog_movies_D7_9E_D7_9B_D7_95_D7_A8_D7_AA-_D7_A8_D7_A9_D7_AA__81be2728.md (7618 bytes)
  ✓ https://nfct.org.il/blog/movies/%D7%9E%D7%9B%D7%AA%D7%91-%D7%9C%D7%93%D7%95%D7%93-%E2%80%93-%D7%94%D7%92%D7%A8%D7%A1%D7%94-%D7%94%D7%9E%D7%9C%D7%90%D7%94/ → nfct__blog_movies_D7_9E_D7_9B_D7_AA_D7_91-_D7_9C_D7_93_D7_95_D7_93-_E2_80_93-_D7_94_D7__00d1dd94.md (7834 bytes)
  ✓ https://nfct.org.il/blog/movies/%D7%9E%D7%9B%D7%95%D7%A8-%D7%9C%D7%A9%D7%97%D7%95%D7%A8/ → nfct__blog_movies_D7_9E_D7_9B_D7_95_D7_A8-_D7_9C_D7_A9_D7_97_D7_95_D7_A8__1ed3ad40.md (7636 bytes)
  ✓ https://nfct.org.il/blog/movies/%D7%9E%D7%9B%D7%95%D7%A1%D7%94/ → nfct__blog_movies_D7_9E_D7_9B_D7_95_D7_A1_D7_94__b4727afe.md (9335 bytes)
  ✓ https://nfct.org.il/blog/movies/%D7%9E%D7%9B%D7%AA%D7%91-%D7%9C%D7%93%D7%95%D7%99%D7%93-%E2%80%93-%D7%94%D7%92%D7%A8%D7%A1%D7%94-%D7%94%D7%A9%D7%9C%D7%9E%D7%94/ → nfct__blog_movies_D7_9E_D7_9B_D7_AA_D7_91-_D7_9C_D7_93_D7_95_D7_99_D7_93-_E2_80_93-_D7__c1424272.md (7852 bytes)
  ✓ https://nfct.org.il/blog/movies/%D7%9E%D7%9B%D7%AA%D7%91-%D7%9C%D7%99%D7%9C%D7%93-%D7%A9%D7%94%D7%9C%D7%9A/ → nfct__blog_movies_D7_9E_D7_9B_D7_AA_D7_91-_D7_9C_D7_99_D7_9C_D7_93-_D7_A9_D7_94_D7_9C___fcc34021.md (7693 bytes)
  ✓ https://nfct.org.il/blog/movies/%D7%9E%D7%9B%D7%AA-%D7%90%D7%92%D7%A8%D7%95%D7%A3-%D7%90%D7%97%D7%A8%D7%95%D7%A0%D7%94-%D7%A9%D7%9C-%D7%9E%D7%A7%D7%A1/ → nfct__blog_movies_D7_9E_D7_9B_D7_AA-_D7_90_D7_92_D7_A8_D7_95_D7_A3-_D7_90_D7_97_D7_A8___dc5bc9c6.md (7825 bytes)
  ✓ https://nfct.org.il/blog/movies/%D7%9E%D7%9B%D7%AA%D7%91-%D7%9C%D7%A4%D7%99%D7%92%D7%9C%D7%99%D7%95%D7%9F/ → nfct__blog_movies_D7_9E_D7_9B_D7_AA_D7_91-_D7_9C_D7_A4_D7_99_D7_92_D7_9C_D7_99_D7_95_D__6f2d021e.md (8270 bytes)
  ✗ https://nfct.org.il/blog/movies/%D7%9E%D7%99%D7%9C%D7%95%D7%90-%D7%94%D7%95%D7%9C%D7%9A-%D7%9C%D7%91%D7%99%D7%AA-%D7%94%D7%A1%D7%A4%D7%A8/: HTTPSConnectionPool(host='crawl4ai-wrapper-559961100092.europe-west1.run.app', port=443): Read timed out. (read timeout=120)
  ✓ https://nfct.org.il/blog/movies/%D7%9E%D7%9B%D7%AA%D7%95%D7%91-%D7%92%D7%95%D7%A8%D7%9C/ → nfct__blog_movies_D7_9E_D7_9B_D7_AA_D7_95_D7_91-_D7_92_D7_95_D7_A8_D7_9C__549b4460.md (9560 bytes)
  ✓ https://nfct.org.il/blog/movies/%D7%9E%D7%9B%D7%AA-%D7%94%D7%90%D7%92%D7%A8%D7%95%D7%A3-%D7%94%D7%90%D7%97%D7%A8%D7%95%D7%A0%D7%94-%D7%A9%D7%9C-%D7%9E%D7%A7%D7%A1-%D7%91%D7%90%D7%95%D7%90%D7%A8/ → nfct__blog_movies_D7_9E_D7_9B_D7_AA-_D7_94_D7_90_D7_92_D7_A8_D7_95_D7_A3-_D7_94_D7_90___4a9014be.md (7954 bytes)
  ✗ https://nfct.org.il/blog/movies/%D7%9E%D7%9C%D7%97%D7%9E%D7%AA-%D7%94%D7%93%D7%95%D7%93-%D7%A9%D7%9C%D7%99/: 429 Client Error: Too Many Requests for url: https://crawl4ai-wrapper-559961100092.europe-west1.run.app/scrape
  ✗ https://nfct.org.il/blog/movies/%D7%9E%D7%9C%D7%97%D7%9E%D7%AA-%D7%94%D7%A2%D7%A6%D7%9E%D7%90%D7%95%D7%AA/: 429 Client Error: Too Many Requests for url: https://crawl4ai-wrapper-559961100092.europe-west1.run.app/scrape
  ✗ https://nfct.org.il/blog/movies/%D7%9E%D7%9C%D7%97%D7%9E%D7%AA-%D7%99%D7%95%D7%9D-%D7%9B%D7%99%D7%A4%D7%95%D7%A8/: 429 Client Error: Too Many Requests for url: https://crawl4ai-wrapper-559961100092.europe-west1.run.app/scrape
  ✗ https://nfct.org.il/blog/movies/%D7%9E%D7%9C%D7%97%D7%9E%D7%AA-%D7%9C%D7%91%D7%A0%D7%95%D7%9F-%D7%94%D7%A9%D7%A0%D7%99%D7%94/: 429 Client Error: Too Many Requests for url: https://crawl4ai-wrapper-559961100092.europe-west1.run.app/scrape
  ✗ https://nfct.org.il/blog/movies/%D7%9E%D7%9C%D7%99%D7%9D-%D7%91%D7%A1%D7%A8%D7%98-%D7%99%D7%A2%D7%A0%D7%A7%D7%9C%D7%94-%D7%A8%D7%95%D7%98%D7%91%D7%9C%D7%99%D7%98/: 429 Client Error: Too Many Requests for url: https://crawl4ai-wrapper-559961100092.europe-west1.run.app/scrape
  ✓ https://nfct.org.il/blog/movies/%D7%9E%D7%9C%D7%95%D7%9F-9-%D7%9B%D7%95%D7%9B%D7%91%D7%99%D7%9D/ → nfct__blog_movies_D7_9E_D7_9C_D7_95_D7_9F-9-_D7_9B_D7_95_D7_9B_D7_91_D7_99_D7_9D__4e1dee0f.md (8269 bytes)
  ✓ https://nfct.org.il/blog/movies/%D7%9E%D7%9C%D7%97%D7%9E%D7%AA%D7%94-%D7%A9%D7%9C-%D7%A8%D7%99%D7%94-%D7%A1%D7%99%D7%A0%D7%99%D7%A6%D7%99%D7%A0%D7%94/ → nfct__blog_movies_D7_9E_D7_9C_D7_97_D7_9E_D7_AA_D7_94-_D7_A9_D7_9C-_D7_A8_D7_99_D7_94-__89f2e271.md (8402 bytes)
  ✓ https://nfct.org.il/blog/movies/%D7%9E%D7%9C%D7%9A-%D7%94%D7%91%D7%95%D7%99%D7%A8%D7%A7/ → nfct__blog_movies_D7_9E_D7_9C_D7_9A-_D7_94_D7_91_D7_95_D7_99_D7_A8_D7_A7__1d1e88b5.md (8216 bytes)
  ✓ https://nfct.org.il/blog/movies/%D7%9E%D7%9C%D7%97%D7%9E%D7%AA-%D7%90%D7%96%D7%A8%D7%97%D7%99%D7%9D-%D7%91%D7%9C%D7%91%D7%A0%D7%95%D7%9F/ → nfct__blog_movies_D7_9E_D7_9C_D7_97_D7_9E_D7_AA-_D7_90_D7_96_D7_A8_D7_97_D7_99_D7_9D-___8e609813.md (8392 bytes)
  ✓ https://nfct.org.il/blog/movies/%D7%9E%D7%9C%D7%9A-%D7%94%D7%91%D7%95%D7%A8%D7%A7%D7%A1/ → nfct__blog_movies_D7_9E_D7_9C_D7_9A-_D7_94_D7_91_D7_95_D7_A8_D7_A7_D7_A1__fd7a1bbb.md (8245 bytes)
  ✓ https://nfct.org.il/blog/movies/%D7%9E%D7%9C%D7%9A-%D7%94%D7%97%D7%99%D7%95%D7%AA/ → nfct__blog_movies_D7_9E_D7_9C_D7_9A-_D7_94_D7_97_D7_99_D7_95_D7_AA__86b829c1.md (8198 bytes)
  ✓ https://nfct.org.il/blog/movies/%D7%9E%D7%9C%D7%9B%D7%99-%D7%92%D7%91%D7%A2%D7%AA-%D7%94%D7%A7%D7%A4%D7%99%D7%98%D7%95%D7%9C/ → nfct__blog_movies_D7_9E_D7_9C_D7_9B_D7_99-_D7_92_D7_91_D7_A2_D7_AA-_D7_94_D7_A7_D7_A4___9d03c911.md (8356 bytes)
  ✗ https://nfct.org.il/blog/movies/%D7%9E%D7%9C%D7%9B%D7%AA-%D7%94%D7%92%D7%9F-%D7%94%D7%91%D7%9C%D7%AA%D7%99-%D7%9E%D7%95%D7%9B%D7%AA%D7%A8%D7%AA/: 429 Client Error: Too Many Requests for url: https://crawl4ai-wrapper-559961100092.europe-west1.run.app/scrape
  ✗ https://nfct.org.il/blog/movies/%D7%9E%D7%9C%D7%9B%D7%AA-%D7%94%D7%92%D7%9F-%D7%94%D7%9B%D7%AA%D7%A8%D7%94/: 429 Client Error: Too Many Requests for url: https://crawl4ai-wrapper-559961100092.europe-west1.run.app/scrape
  ✗ https://nfct.org.il/blog/movies/%D7%9E%D7%9C%D7%9B%D7%AA-%D7%94%D7%92%D7%9F-%D7%97%D7%A1%D7%A8%D7%AA-%D7%94%D7%9B%D7%AA%D7%A8/: 429 Client Error: Too Many Requests for url: https://crawl4ai-wrapper-559961100092.europe-west1.run.app/scrape
  ✗ https://nfct.org.il/blog/movies/%D7%9E%D7%9C%D7%9B%D7%AA-%D7%94%D7%92%D7%9F-%D7%9C%D7%9C%D7%90-%D7%9B%D7%AA%D7%A8/: 429 Client Error: Too Many Requests for url: https://crawl4ai-wrapper-559961100092.europe-west1.run.app/scrape
  ✗ https://nfct.org.il/blog/movies/%D7%9E%D7%9C%D7%9B%D7%AA-%D7%94%D7%A7%D7%A1%D7%9E%D7%99%D7%9D/: 429 Client Error: Too Many Requests for url: https://crawl4ai-wrapper-559961100092.europe-west1.run.app/scrape
  ✓ https://nfct.org.il/blog/movies/%D7%9E%D7%9C%D7%9B%D7%AA-%D7%90%D7%A1%D7%AA%D7%A8/ → nfct__blog_movies_D7_9E_D7_9C_D7_9B_D7_AA-_D7_90_D7_A1_D7_AA_D7_A8__75c119ed.md (7618 bytes)
  ✓ https://nfct.org.il/blog/movies/%D7%9E%D7%9C%D7%9B%D7%99-%D7%A7%D7%A4%D7%99%D7%98%D7%95%D7%9C-%D7%94%D7%99%D7%9C/ → nfct__blog_movies_D7_9E_D7_9C_D7_9B_D7_99-_D7_A7_D7_A4_D7_99_D7_98_D7_95_D7_9C-_D7_94___20191b4a.md (7711 bytes)
  ✓ https://nfct.org.il/blog/movies/%D7%9E%D7%9C%D7%9B%D7%99-%D7%9B%D7%99%D7%9B%D7%A8-%D7%99%D7%A9%D7%A8%D7%90%D7%9C/ → nfct__blog_movies_D7_9E_D7_9C_D7_9B_D7_99-_D7_9B_D7_99_D7_9B_D7_A8-_D7_99_D7_A9_D7_A8___3778dff0.md (9785 bytes)
  ✓ https://nfct.org.il/blog/movies/%D7%9E%D7%9C%D7%A4%D7%A4%D7%95%D7%A0%D7%99%D7%9D/ → nfct__blog_movies_D7_9E_D7_9C_D7_A4_D7_A4_D7_95_D7_A0_D7_99_D7_9D__019dbcdc.md (8195 bytes)
  ✓ https://nfct.org.il/blog/movies/%D7%9E%D7%9C%D7%9B%D7%AA-%D7%A9%D7%95%D7%A9%D7%A0%D7%94/ → nfct__blog_movies_D7_9E_D7_9C_D7_9B_D7_AA-_D7_A9_D7_95_D7_A9_D7_A0_D7_94__20d3bcee.md (8216 bytes)
  ✓ https://nfct.org.il/blog/movies/%D7%9E%D7%9E%D7%9C%D7%9B%D7%94-%D7%A1%D7%95%D7%93%D7%99%D7%AA/ → nfct__blog_movies_D7_9E_D7_9E_D7_9C_D7_9B_D7_94-_D7_A1_D7_95_D7_93_D7_99_D7_AA__36b812e7.md (8234 bytes)
  ✓ https://nfct.org.il/blog/movies/%D7%9E%D7%9E%D7%9C%D7%9B%D7%AA-%D7%A4%D7%A4%D7%90-%D7%90%D7%9C%D7%99%D7%99%D7%91-%D7%94%D7%A0%D7%A4%D7%9C%D7%90%D7%94/ → nfct__blog_movies_D7_9E_D7_9E_D7_9C_D7_9B_D7_AA-_D7_A4_D7_A4_D7_90-_D7_90_D7_9C_D7_99___33ea47cb.md (8402 bytes)
  ✗ https://nfct.org.il/blog/movies/%D7%9E%D7%9E%D7%AA%D7%99%D7%A0%D7%99%D7%9D/: 429 Client Error: Too Many Requests for url: https://crawl4ai-wrapper-559961100092.europe-west1.run.app/scrape
  ✓ https://nfct.org.il/blog/movies/%D7%9E%D7%9E%D7%9C%D7%9B%D7%AA-%D7%A4%D7%9C%D7%90%D7%99-%D7%90%D7%91%D7%90-%D7%90%D7%9C%D7%99%D7%99%D7%91/ → nfct__blog_movies_D7_9E_D7_9E_D7_9C_D7_9B_D7_AA-_D7_A4_D7_9C_D7_90_D7_99-_D7_90_D7_91___393be712.md (8395 bytes)
  ✓ https://nfct.org.il/blog/movies/%D7%9E%D7%9E%D7%A9%D7%99%D7%9A/ → nfct__blog_movies_D7_9E_D7_9E_D7_A9_D7_99_D7_9A__4250a53f.md (8141 bytes)
  ✗ https://nfct.org.il/blog/movies/%D7%9E%D7%A0%D7%93%D7%9C%D7%A1%D7%95%D7%9F-%E2%80%93-%D7%97%D7%96%D7%99%D7%95%D7%A0%D7%95%D7%AA-%D7%91%D7%9C%D7%AA%D7%99-%D7%A4%D7%95%D7%A1%D7%A7%D7%99%D7%9D/: 429 Client Error: Too Many Requests for url: https://crawl4ai-wrapper-559961100092.europe-west1.run.app/scrape
  ✗ https://nfct.org.il/blog/movies/%D7%9E%D7%A0%D7%94%D7%9C%D7%AA-%D7%94%D7%94%D7%92%D7%99%D7%A8%D7%94/: 429 Client Error: Too Many Requests for url: https://crawl4ai-wrapper-559961100092.europe-west1.run.app/scrape
  ✗ https://nfct.org.il/blog/movies/%D7%9E%D7%A0%D7%97%D7%9D-%D7%95%D7%9E%D7%93/: 429 Client Error: Too Many Requests for url: https://crawl4ai-wrapper-559961100092.europe-west1.run.app/scrape
  ✗ https://nfct.org.il/blog/movies/%D7%9E%D7%A0%D7%97%D7%9D-%D7%95%D7%9E%D7%A0%D7%97%D7%9D/: 429 Client Error: Too Many Requests for url: https://crawl4ai-wrapper-559961100092.europe-west1.run.app/scrape
  ✓ https://nfct.org.il/blog/movies/%D7%9E%D7%9E%D7%AA%D7%99%D7%9F/ → nfct__blog_movies_D7_9E_D7_9E_D7_AA_D7_99_D7_9F__3b850447.md (7561 bytes)
  ✗ https://nfct.org.il/blog/movies/%D7%9E%D7%A0%D7%9C%D7%99%D7%A7-%E2%80%93-%D7%A0%D7%A1%D7%99%D7%9A-%D7%99%D7%94%D7%95%D7%93%D7%99-%D7%A9%D7%97%D7%95%D7%A8/: 429 Client Error: Too Many Requests for url: https://crawl4ai-wrapper-559961100092.europe-west1.run.app/scrape
  ✓ https://nfct.org.il/blog/movies/%D7%9E%D7%A0%D7%92%D7%99%D7%A0%D7%AA-%D7%A4%D7%9C%D7%99%D7%98/ → nfct__blog_movies_D7_9E_D7_A0_D7_92_D7_99_D7_A0_D7_AA-_D7_A4_D7_9C_D7_99_D7_98__c709a235.md (8263 bytes)
  ✓ https://nfct.org.il/blog/movies/%D7%9E%D7%A0%D7%9C%D7%99%D7%A7---%D7%A0%D7%A1%D7%99%D7%9A-%D7%99%D7%94%D7%95%D7%93%D7%99-%D7%A9%D7%97%D7%95%D7%A8/ → nfct__blog_movies_D7_9E_D7_A0_D7_9C_D7_99_D7_A7---_D7_A0_D7_A1_D7_99_D7_9A-_D7_99_D7_9__550dbe40.md (17123 bytes)
  ✓ https://nfct.org.il/blog/movies/%D7%9E%D7%A0%D7%97%D7%9D-%D7%95%D7%9E%D7%A0%D7%99/ → nfct__blog_movies_D7_9E_D7_A0_D7_97_D7_9D-_D7_95_D7_9E_D7_A0_D7_99__c57c6384.md (8227 bytes)
  ✓ https://nfct.org.il/blog/movies/%D7%9E%D7%A0%D7%92%D7%99%D7%A0%D7%AA-%D7%94%D7%A8%D7%92%D7%95%D7%A2/ → nfct__blog_movies_D7_9E_D7_A0_D7_92_D7_99_D7_A0_D7_AA-_D7_94_D7_A8_D7_92_D7_95_D7_A2__6a13c0c3.md (9668 bytes)
  ✓ https://nfct.org.il/blog/movies/%D7%9E%D7%A1%D7%91%D7%99%D7%91-%D7%9C%D7%A9%D7%A2%D7%95%D7%9F-%E2%80%93-Carte-Blanche/ → nfct__blog_movies_D7_9E_D7_A1_D7_91_D7_99_D7_91-_D7_9C_D7_A9_D7_A2_D7_95_D7_9F-_E2_80___bc9ad1e6.md (8306 bytes)
  ✓ https://nfct.org.il/blog/movies/%D7%9E%D7%A1%D7%92%D7%93-%D7%90%D7%9C-%D7%90%D7%A7%D7%A6%D7%94/ → nfct__blog_movies_D7_9E_D7_A1_D7_92_D7_93-_D7_90_D7_9C-_D7_90_D7_A7_D7_A6_D7_94__bf0f36da.md (7657 bytes)
  ✓ https://nfct.org.il/blog/movies/%D7%9E%D7%A1%D7%91%D7%99%D7%91-%D7%9C%D7%A9%D7%A2%D7%95%D7%9F---%D7%A7%D7%90%D7%A8%D7%93-%D7%91%D7%9C%D7%90%D7%A0%D7%A9/ → nfct__blog_movies_D7_9E_D7_A1_D7_91_D7_99_D7_91-_D7_9C_D7_A9_D7_A2_D7_95_D7_9F---_D7_A__5efdfb04.md (17636 bytes)
  ✓ https://nfct.org.il/blog/movies/%D7%9E%D7%A1%D7%99%D7%95%D7%A0%D7%A8%D7%99%D7%99%D7%9D/ → nfct__blog_movies_D7_9E_D7_A1_D7_99_D7_95_D7_A0_D7_A8_D7_99_D7_99_D7_9D__0557ac31.md (7633 bytes)
  ✗ https://nfct.org.il/blog/movies/%D7%9E%D7%A1%D7%A2-%D7%AA%D7%A8%D7%9E%D7%99%D7%9C%D7%90%D7%99%D7%9D/: 429 Client Error: Too Many Requests for url: https://crawl4ai-wrapper-559961100092.europe-west1.run.app/scrape
  ✗ https://nfct.org.il/blog/movies/%D7%9E%D7%A1%D7%AA%D7%A8%D7%99-%D7%90%D7%A8%D7%99%D7%A1-%D7%A1%D7%90%D7%9F/: 429 Client Error: Too Many Requests for url: https://crawl4ai-wrapper-559961100092.europe-west1.run.app/scrape
  ✗ https://nfct.org.il/blog/movies/%D7%9E%D7%A2%D7%91%D7%93%D7%AA-%D7%94%D7%9B%D7%99%D7%91%D7%95%D7%A9/: 429 Client Error: Too Many Requests for url: https://crawl4ai-wrapper-559961100092.europe-west1.run.app/scrape
  ✗ https://nfct.org.il/blog/movies/%D7%9E%D7%A2%D7%91%D7%93%D7%AA-%D7%94%D7%A9%D7%9C%D7%99%D7%98%D7%94/: 429 Client Error: Too Many Requests for url: https://crawl4ai-wrapper-559961100092.europe-west1.run.app/scrape
  ✗ https://nfct.org.il/blog/movies/%D7%9E%D7%A2%D7%91%D7%A8-%D7%9C%D7%90%D7%97%D7%99%D7%96%D7%AA%D7%95-%D7%A9%D7%9C-%D7%94%D7%99%D7%98%D7%9C%D7%A8/: 429 Client Error: Too Many Requests for url: https://crawl4ai-wrapper-559961100092.europe-west1.run.app/scrape
  ✓ https://nfct.org.il/blog/movies/%D7%9E%D7%A1%D7%99%D7%91%D7%AA-%D7%A8%D7%95%D7%95%D7%A7%D7%99%D7%9D/ → nfct__blog_movies_D7_9E_D7_A1_D7_99_D7_91_D7_AA-_D7_A8_D7_95_D7_95_D7_A7_D7_99_D7_9D__7b87bcc6.md (8252 bytes)
  ✓ https://nfct.org.il/blog/movies/%D7%9E%D7%A1%D7%A2-%D7%99%D7%9E%D7%99%D7%9E%D7%94/ → nfct__blog_movies_D7_9E_D7_A1_D7_A2-_D7_99_D7_9E_D7_99_D7_9E_D7_94__a97f39f0.md (7618 bytes)
  ✓ https://nfct.org.il/blog/movies/%D7%9E%D7%A1%D7%A2-%D7%A4%D7%A0%D7%99%D7%9E%D7%99/ → nfct__blog_movies_D7_9E_D7_A1_D7_A2-_D7_A4_D7_A0_D7_99_D7_9E_D7_99__fb4610dd.md (7618 bytes)
  ✗ https://nfct.org.il/blog/movies/%D7%9E%D7%A2%D7%91%D7%A8-%D7%9C%D7%9E%D7%99%D7%9D/: 429 Client Error: Too Many Requests for url: https://crawl4ai-wrapper-559961100092.europe-west1.run.app/scrape
  ✗ https://nfct.org.il/blog/movies/%D7%9E%D7%A2%D7%91%D7%A8-%D7%9C%D7%AA%D7%A4%D7%99%D7%A1%D7%AA-%D7%94%D7%99%D7%98%D7%9C%D7%A8/: 429 Client Error: Too Many Requests for url: https://crawl4ai-wrapper-559961100092.europe-west1.run.app/scrape
  ✓ https://nfct.org.il/blog/movies/%D7%9E%D7%A2%D7%91%D7%A8-%D7%9C%D7%92%D7%A8%D7%9E%D7%A0%D7%99%D7%94-%D7%94%D7%A0%D7%90%D7%A6%D7%99%D7%AA/ → nfct__blog_movies_D7_9E_D7_A2_D7_91_D7_A8-_D7_9C_D7_92_D7_A8_D7_9E_D7_A0_D7_99_D7_94-___e4df60d2.md (7783 bytes)
  ✓ https://nfct.org.il/blog/movies/%D7%9E%D7%A2%D7%91%D7%A8-%D7%9C%D7%98%D7%95%D7%95%D7%97-%D7%A9%D7%9C-%D7%94%D7%99%D7%98%D7%9C%D7%A8/ → nfct__blog_movies_D7_9E_D7_A2_D7_91_D7_A8-_D7_9C_D7_98_D7_95_D7_95_D7_97-_D7_A9_D7_9C-__692744a8.md (8377 bytes)
  ✓ https://nfct.org.il/blog/movies/%D7%9E%D7%A2%D7%92%D7%9C-%D7%94%D7%97%D7%99%D7%99%D7%9D/ → nfct__blog_movies_D7_9E_D7_A2_D7_92_D7_9C-_D7_94_D7_97_D7_99_D7_99_D7_9D__aafd50ab.md (8245 bytes)
  ✓ https://nfct.org.il/blog/movies/%D7%9E%D7%A2%D7%91%D7%A8-%D7%9C%D7%94%D7%99%D7%A9%D7%92-%D7%99%D7%93%D7%95-%D7%A9%D7%9C-%D7%94%D7%99%D7%98%D7%9C%D7%A8/ → nfct__blog_movies_D7_9E_D7_A2_D7_91_D7_A8-_D7_9C_D7_94_D7_99_D7_A9_D7_92-_D7_99_D7_93___0384b6f0.md (8434 bytes)
  ✓ https://nfct.org.il/blog/movies/%D7%9E%D7%A2%D7%92%D7%9C-%D7%9E%D7%95%D7%A9%D7%9C%D7%9D/ → nfct__blog_movies_D7_9E_D7_A2_D7_92_D7_9C-_D7_9E_D7_95_D7_A9_D7_9C_D7_9D__34943ae1.md (7636 bytes)
  ✗ https://nfct.org.il/blog/movies/%D7%9E%D7%9B%D7%AA-%D7%93%D7%91%D7%A9/: HTTPSConnectionPool(host='crawl4ai-wrapper-559961100092.europe-west1.run.app', port=443): Read timed out. (read timeout=120)
  ✗ https://nfct.org.il/blog/movies/%D7%9E%D7%A2%D7%A9%D7%94-%D7%91%D7%90%D7%99%D7%A9%D7%94-%D7%95%D7%91%D7%92%D7%9C%D7%99%D7%9E%D7%94/: 429 Client Error: Too Many Requests for url: https://crawl4ai-wrapper-559961100092.europe-west1.run.app/scrape
  ✓ https://nfct.org.il/blog/movies/%D7%9E%D7%A2%D7%9E%D7%93-%D7%94%D7%A4%D7%95%D7%A2%D7%9C%D7%99%D7%9D-%D7%9E%D7%AA%D7%90%D7%95%D7%A9%D7%A9/ → nfct__blog_movies_D7_9E_D7_A2_D7_9E_D7_93-_D7_94_D7_A4_D7_95_D7_A2_D7_9C_D7_99_D7_9D-___d7f8cc59.md (7783 bytes)
  ✓ https://nfct.org.il/blog/movies/%D7%9E%D7%A2%D7%95%D7%A8%D7%91%D7%95%D7%AA-%D7%93%D7%9D/ → nfct__blog_movies_D7_9E_D7_A2_D7_95_D7_A8_D7_91_D7_95_D7_AA-_D7_93_D7_9D__76d685e0.md (8245 bytes)
  ✗ https://nfct.org.il/blog/movies/%D7%9E%D7%A2%D7%A9%D7%94-%D7%91%D7%90%D7%A9%D7%94-%D7%95%D7%91%D7%97%D7%9C%D7%95%D7%A7/: 429 Client Error: Too Many Requests for url: https://crawl4ai-wrapper-559961100092.europe-west1.run.app/scrape
  ✓ https://nfct.org.il/blog/movies/%D7%9E%D7%A2%D7%A8%D7%AA-%D7%94%D7%9E%D7%9B%D7%A4%D7%9C%D7%94-%D7%AA%D7%A0%D7%95%D7%A2%D7%94/ → nfct__blog_movies_D7_9E_D7_A2_D7_A8_D7_AA-_D7_94_D7_9E_D7_9B_D7_A4_D7_9C_D7_94-_D7_AA___b4268aca.md (7747 bytes)
  ✗ https://nfct.org.il/blog/movies/%D7%9E%D7%A4%D7%9C%D7%98/: 429 Client Error: Too Many Requests for url: https://crawl4ai-wrapper-559961100092.europe-west1.run.app/scrape
  ✗ https://nfct.org.il/blog/movies/%D7%9E%D7%A4%D7%9C%D7%A6%D7%AA-%D7%99%D7%A8%D7%95%D7%A9%D7%9C%D7%99%D7%9D/: 429 Client Error: Too Many Requests for url: https://crawl4ai-wrapper-559961100092.europe-west1.run.app/scrape
  ✗ https://nfct.org.il/blog/movies/%D7%9E%D7%A4%D7%A2%D7%9C-%D7%A0%D7%99%D7%A1%D7%99%D7%95%D7%A0%D7%99-%2F-5-%D7%93%D7%A7%D7%95%D7%AA/: 429 Client Error: Too Many Requests for url: https://crawl4ai-wrapper-559961100092.europe-west1.run.app/scrape
  ✓ https://nfct.org.il/blog/movies/%D7%9E%D7%A2%D7%A9%D7%94-%D7%91%D7%90%D7%99%D7%A9%D7%94-%D7%95%D7%91%D7%9E%D7%A2%D7%99%D7%9C/ → nfct__blog_movies_D7_9E_D7_A2_D7_A9_D7_94-_D7_91_D7_90_D7_99_D7_A9_D7_94-_D7_95_D7_91___6db5ccc9.md (8327 bytes)
  ✓ https://nfct.org.il/blog/movies/%D7%9E%D7%A2%D7%A8%D7%91-%D7%A4%D7%A8%D7%95%D7%A2-%D7%97%D7%91%D7%A8%D7%95%D7%9F/ → nfct__blog_movies_D7_9E_D7_A2_D7_A8_D7_91-_D7_A4_D7_A8_D7_95_D7_A2-_D7_97_D7_91_D7_A8___524ee85f.md (8320 bytes)
  ✓ https://nfct.org.il/blog/movies/%D7%9E%D7%A2%D7%A9%D7%99%D7%99%D7%94/ → nfct__blog_movies_D7_9E_D7_A2_D7_A9_D7_99_D7_99_D7_94__828f28d7.md (7579 bytes)
  ✓ https://nfct.org.il/blog/movies/%D7%9E%D7%A2%D7%A9%D7%94-%D7%91%D7%90%D7%99%D7%A9%D7%94-%D7%95%D7%91%D7%97%D7%9C%D7%95%D7%A7/ → nfct__blog_movies_D7_9E_D7_A2_D7_A9_D7_94-_D7_91_D7_90_D7_99_D7_A9_D7_94-_D7_95_D7_91___5fb4dc92.md (8356 bytes)
  ✗ https://nfct.org.il/blog/movies/%D7%9E%D7%A6%D7%99%D7%90%D7%95%D7%AA-%D7%95%D7%9E%D7%A9%D7%97%D7%A7-%D7%9E%D7%A1-3-%E2%80%93-%D7%9C%D7%97%D7%A4%D7%A9-%D7%90%D7%AA-%D7%A9%D7%A8%D7%94/: 429 Client Error: Too Many Requests for url: https://crawl4ai-wrapper-559961100092.europe-west1.run.app/scrape
  ✗ https://nfct.org.il/blog/movies/%D7%9E%D7%A6%D7%99%D7%90%D7%95%D7%AA-%D7%95%D7%9E%D7%A9%D7%97%D7%A7-%D7%9E%D7%A1-3-%E2%80%93-%D7%9E%D7%97%D7%A4%D7%A9%D7%95%D7%AA-%D7%90%D7%AA-%D7%A9%D7%A8%D7%94/: 429 Client Error: Too Many Requests for url: https://crawl4ai-wrapper-559961100092.europe-west1.run.app/scrape
  ✗ https://nfct.org.il/blog/movies/%D7%9E%D7%A6%D7%99%D7%90%D7%95%D7%AA-%D7%95%D7%9E%D7%A9%D7%97%D7%A7-%D7%9E%D7%A1-3-%E2%80%93-%D7%9E%D7%97%D7%A4%D7%A9%D7%AA-%D7%90%D7%AA-%D7%A9%D7%A8%D7%94/: 429 Client Error: Too Many Requests for url: https://crawl4ai-wrapper-559961100092.europe-west1.run.app/scrape
  ✗ https://nfct.org.il/blog/movies/%D7%9E%D7%A6%D7%99%D7%90%D7%95%D7%AA-%D7%9E%D7%A9%D7%97%D7%A7-%D7%9E%D7%A1-3-%E2%80%93-%D7%9E%D7%97%D7%A4%D7%A9%D7%AA-%D7%90%D7%AA-%D7%A9%D7%A8%D7%94/: 429 Client Error: Too Many Requests for url: https://crawl4ai-wrapper-559961100092.europe-west1.run.app/scrape
  ✗ https://nfct.org.il/blog/movies/%D7%9E%D7%A6%D7%99%D7%90%D7%95%D7%AA-%D7%9E%D7%A9%D7%97%D7%A7-%D7%9E%D7%A1-3---%D7%9E%D7%97%D7%A4%D7%A9%D7%AA-%D7%90%D7%AA-%D7%A9%D7%A8%D7%94/: 429 Client Error: Too Many Requests for url: https://crawl4ai-wrapper-559961100092.europe-west1.run.app/scrape
  ✓ https://nfct.org.il/blog/movies/%D7%9E%D7%A6%D7%91-%D7%97%D7%99%D7%A8%D7%95%D7%9D/ → nfct__blog_movies_D7_9E_D7_A6_D7_91-_D7_97_D7_99_D7_A8_D7_95_D7_9D__cd10cd7f.md (7618 bytes)
  ✓ https://nfct.org.il/blog/movies/%D7%9E%D7%A6%D7%91-%D7%A8%D7%95%D7%97-%D7%98%D7%95%D7%91/ → nfct__blog_movies_D7_9E_D7_A6_D7_91-_D7_A8_D7_95_D7_97-_D7_98_D7_95_D7_91__526d9ca4.md (8248 bytes)
  ✓ https://nfct.org.il/blog/movies/%D7%9E%D7%A6%D7%93%D7%95-%D7%94%D7%A9%D7%9E%D7%90%D7%9C%D7%99/ → nfct__blog_movies_D7_9E_D7_A6_D7_93_D7_95-_D7_94_D7_A9_D7_9E_D7_90_D7_9C_D7_99__d7d21f54.md (8234 bytes)
  ✓ https://nfct.org.il/blog/movies/%D7%9E%D7%A6%D7%99%D7%92%D7%94-%D7%90%D7%AA-%D7%94%D7%A0%D7%A1%D7%99%D7%9B%D7%94-%D7%A9%D7%95%D7%90%D7%95/ → nfct__blog_movies_D7_9E_D7_A6_D7_99_D7_92_D7_94-_D7_90_D7_AA-_D7_94_D7_A0_D7_A1_D7_99___c321b1b9.md (7786 bytes)
  ✓ https://nfct.org.il/blog/movies/%D7%9E%D7%A6%D7%99%D7%90%D7%95%D7%AA-%D7%95%D7%9E%D7%A9%D7%97%D7%A7-%D7%9E%D7%A1-3-%E2%80%93-%D7%91%D7%97%D7%99%D7%A4%D7%95%D7%A9-%D7%90%D7%97%D7%A8-%D7%A9%D7%A8%D7%94/ → nfct__blog_movies_D7_9E_D7_A6_D7_99_D7_90_D7_95_D7_AA-_D7_95_D7_9E_D7_A9_D7_97_D7_A7-___4a39189a.md (8581 bytes)
  ✓ https://nfct.org.il/blog/movies/%D7%9E%D7%A6%D7%99%D7%92%D7%99%D7%9D-%D7%90%D7%AA-%D7%94%D7%A0%D7%A1%D7%99%D7%9B%D7%94-%D7%A9%D7%95/ → nfct__blog_movies_D7_9E_D7_A6_D7_99_D7_92_D7_99_D7_9D-_D7_90_D7_AA-_D7_94_D7_A0_D7_A1___e364a619.md (8348 bytes)
  ✓ https://nfct.org.il/blog/movies/%D7%9E%D7%A6%D7%99%D7%92%D7%94-%D7%90%D7%AA-%D7%94%D7%A0%D7%A1%D7%99%D7%9B%D7%94-%D7%A9%D7%95/ → nfct__blog_movies_D7_9E_D7_A6_D7_99_D7_92_D7_94-_D7_90_D7_AA-_D7_94_D7_A0_D7_A1_D7_99___a08c3b22.md (8330 bytes)
  ✓ https://nfct.org.il/blog/movies/%D7%9E%D7%A6%D7%9C%D7%9E%D7%AA-%D7%90%D7%91%D7%90/ → nfct__blog_movies_D7_9E_D7_A6_D7_9C_D7_9E_D7_AA-_D7_90_D7_91_D7_90__bd5ff997.md (8198 bytes)
  ✓ https://nfct.org.il/blog/movies/%D7%9E%D7%A6%D7%9C%D7%9E%D7%AA-%D7%93%D7%95%D7%A7%D7%98%D7%95%D7%A8-%D7%9E%D7%95%D7%A8%D7%99%D7%A1/ → nfct__blog_movies_D7_9E_D7_A6_D7_9C_D7_9E_D7_AA-_D7_93_D7_95_D7_A7_D7_98_D7_95_D7_A8-___3c7b6647.md (7765 bytes)
  ✗ https://nfct.org.il/blog/movies/%D7%9E%D7%A7%D7%93%D7%A9-%D7%94%D7%97%D7%95%D7%A4%D7%A9-%D7%A2%D7%95%D7%A0%D7%94-2/: 429 Client Error: Too Many Requests for url: https://crawl4ai-wrapper-559961100092.europe-west1.run.app/scrape
  ✗ https://nfct.org.il/blog/movies/%D7%9E%D7%A7%D7%93%D7%A9-%D7%97%D7%95%D7%95%D7%94-%D7%97%D7%95%D7%A4%D7%A9-%D7%A2%D7%95%D7%A0%D7%94-2/: 429 Client Error: Too Many Requests for url: https://crawl4ai-wrapper-559961100092.europe-west1.run.app/scrape
  ✓ https://nfct.org.il/blog/movies/%D7%9E%D7%A6%D7%9C%D7%9E%D7%AA-%D7%A8%D7%A9%D7%AA/ → nfct__blog_movies_D7_9E_D7_A6_D7_9C_D7_9E_D7_AA-_D7_A8_D7_A9_D7_AA__27728807.md (7618 bytes)
  ✗ https://nfct.org.il/blog/movies/%D7%9E%D7%A7%D7%95%D7%9D-%D7%9E%D7%A9%D7%9C%D7%94/: 429 Client Error: Too Many Requests for url: https://crawl4ai-wrapper-559961100092.europe-west1.run.app/scrape
  ✗ https://nfct.org.il/blog/movies/%D7%9E%D7%A7%D7%95%D7%A2%D7%A7%D7%A2%D7%99%D7%9D-%D7%9C%D7%97%D7%99%D7%99%D7%9D/: 429 Client Error: Too Many Requests for url: https://crawl4ai-wrapper-559961100092.europe-west1.run.app/scrape
  ✓ https://nfct.org.il/blog/movies/%D7%9E%D7%A6%D7%9C%D7%9E%D7%AA-%D7%9E%D7%A9%D7%A7%D7%A4%D7%99%D7%99%D7%9D/ → nfct__blog_movies_D7_9E_D7_A6_D7_9C_D7_9E_D7_AA-_D7_9E_D7_A9_D7_A7_D7_A4_D7_99_D7_99_D__f3f1ce8c.md (8299 bytes)
  ✗ https://nfct.org.il/blog/movies/%D7%9E%D7%A7%D7%95%D7%A8%D7%95%D7%AA-%D7%93%D7%92-%D7%A2%D7%9B%D7%90/: 429 Client Error: Too Many Requests for url: https://crawl4ai-wrapper-559961100092.europe-west1.run.app/scrape
  ✗ https://nfct.org.il/blog/movies/%D7%9E%D7%A7%D7%95%D7%A8-%D7%9B%D7%9C-%D7%94%D7%99%D7%95%D7%A4%D7%99/: 429 Client Error: Too Many Requests for url: https://crawl4ai-wrapper-559961100092.europe-west1.run.app/scrape
  ✗ https://nfct.org.il/blog/movies/%D7%9E%D7%A7%D7%9C%D7%98-%D7%9C%D7%97%D7%99%D7%95%D7%AA/: 429 Client Error: Too Many Requests for url: https://crawl4ai-wrapper-559961100092.europe-west1.run.app/scrape
  ✗ https://nfct.org.il/blog/movies/%D7%9E%D7%A7%D7%A1%D7%99%D7%A7%D7%A0%D7%99%D7%AA/: 429 Client Error: Too Many Requests for url: https://crawl4ai-wrapper-559961100092.europe-west1.run.app/scrape
  ✗ https://nfct.org.il/blog/movies/%D7%9E%D7%A7%D7%A1-%D7%91%D7%90%D7%A8-%D7%94%D7%9E%D7%9B%D7%94-%D7%94%D7%90%D7%97%D7%A8%D7%95%D7%A0%D7%94/: 429 Client Error: Too Many Requests for url: https://crawl4ai-wrapper-559961100092.europe-west1.run.app/scrape
  ✓ https://nfct.org.il/blog/movies/%D7%9E%D7%A6%D7%A4%D7%94/ → nfct__blog_movies_D7_9E_D7_A6_D7_A4_D7_94__91afd99e.md (15028 bytes)
  ✓ https://nfct.org.il/blog/movies/%D7%9E%D7%A6%D7%A4%D7%94-%D7%9C/ → nfct__blog_movies_D7_9E_D7_A6_D7_A4_D7_94-_D7_9C__7ac0a32c.md (15028 bytes)
  ✓ https://nfct.org.il/blog/movies/%D7%9E%D7%A7%D7%93%D7%A9-%D7%97%D7%95%D7%A4%D7%A9-%D7%A2%D7%95%D7%A0%D7%94-2/ → nfct__blog_movies_D7_9E_D7_A7_D7_93_D7_A9-_D7_97_D7_95_D7_A4_D7_A9-_D7_A2_D7_95_D7_A0___af182e23.md (8279 bytes)
  ✓ https://nfct.org.il/blog/movies/%D7%9E%D7%A8%D7%90%D7%94/ → nfct__blog_movies_D7_9E_D7_A8_D7_90_D7_94__0ba63ea3.md (7543 bytes)
  ✓ https://nfct.org.il/blog/movies/%D7%9E%D7%A7%D7%95%D7%A2%D7%A7%D7%A2%D7%AA-%D7%9C%D7%97%D7%99%D7%99%D7%9D/ → nfct__blog_movies_D7_9E_D7_A7_D7_95_D7_A2_D7_A7_D7_A2_D7_AA-_D7_9C_D7_97_D7_99_D7_99_D__4af54ef4.md (7690 bytes)
  ✓ https://nfct.org.il/blog/movies/%D7%9E%D7%A8%D7%90%D7%94-%D7%9C%D7%A9%D7%9E%D7%A9/ → nfct__blog_movies_D7_9E_D7_A8_D7_90_D7_94-_D7_9C_D7_A9_D7_9E_D7_A9__7cd1be95.md (7618 bytes)
  ✓ https://nfct.org.il/blog/movies/%D7%9E%D7%A8%D7%90%D7%95%D7%AA-%D7%99%D7%A8%D7%95%D7%97%D7%9D-%D7%95%D7%94%D7%A0%D7%92%D7%91-%D7%A4%D7%95%D7%A8%D7%98%D7%A8%D7%98-%D7%9E%D7%A7%D7%95%D7%9E%D7%99/ → nfct__blog_movies_D7_9E_D7_A8_D7_90_D7_95_D7_AA-_D7_99_D7_A8_D7_95_D7_97_D7_9D-_D7_95___d37ca613.md (13078 bytes)
  ✓ https://nfct.org.il/blog/movies/%D7%9E%D7%A8%D7%90%D7%95%D7%AA-%D7%A4%D7%95%D7%A8%D7%98%D7%A8%D7%98-%D7%99%D7%A8%D7%95%D7%97%D7%9E%D7%99-2015/ → nfct__blog_movies_D7_9E_D7_A8_D7_90_D7_95_D7_AA-_D7_A4_D7_95_D7_A8_D7_98_D7_A8_D7_98-___c5bc1be0.md (8378 bytes)
  ✓ https://nfct.org.il/blog/movies/%D7%9E%D7%A8%D7%90%D7%95%D7%AA-%E2%80%93-%D7%93%D7%99%D7%95%D7%A7%D7%9F-%D7%94%D7%A2%D7%99%D7%99%D7%A8%D7%94-%D7%99%D7%A8%D7%95%D7%97%D7%9D/ → nfct__blog_movies_D7_9E_D7_A8_D7_90_D7_95_D7_AA-_E2_80_93-_D7_93_D7_99_D7_95_D7_A7_D7___aabf067e.md (8468 bytes)
  ✓ https://nfct.org.il/blog/movies/%D7%9E%D7%A8%D7%90%D7%95%D7%AA-%E2%80%93-%D7%93%D7%99%D7%95%D7%A7%D7%9F-%D7%A9%D7%9C-%D7%94%D7%A2%D7%99%D7%A8-%D7%99%D7%A8%D7%95%D7%97%D7%9D/ → nfct__blog_movies_D7_9E_D7_A8_D7_90_D7_95_D7_AA-_E2_80_93-_D7_93_D7_99_D7_95_D7_A7_D7___43059c59.md (7891 bytes)
  ✓ https://nfct.org.il/blog/movies/%D7%9E%D7%A8%D7%92%D7%99%D7%A2-%D7%91%D7%99%D7%9D-%D7%94%D7%9E%D7%9C%D7%97/ → nfct__blog_movies_D7_9E_D7_A8_D7_92_D7_99_D7_A2-_D7_91_D7_99_D7_9D-_D7_94_D7_9E_D7_9C___4b7d22c3.md (7693 bytes)
  ✓ https://nfct.org.il/blog/movies/%D7%9E%D7%A8%D7%92%D7%9C%D7%99%D7%AA-%D7%96%D7%99%D7%A0%D7%90%D7%AA%D7%99/ → nfct__blog_movies_D7_9E_D7_A8_D7_92_D7_9C_D7_99_D7_AA-_D7_96_D7_99_D7_A0_D7_90_D7_AA_D__7d10d399.md (7690 bytes)
  ✓ https://nfct.org.il/blog/movies/%D7%9E%D7%A8%D7%90%D7%95%D7%AA-%E2%80%93-%D7%93%D7%99%D7%95%D7%A7%D7%9F-%D7%94%D7%A2%D7%99%D7%A8-%D7%99%D7%A8%D7%95%D7%97%D7%9D/ → nfct__blog_movies_D7_9E_D7_A8_D7_90_D7_95_D7_AA-_E2_80_93-_D7_93_D7_99_D7_95_D7_A7_D7___f05d9726.md (8432 bytes)
  ✓ https://nfct.org.il/blog/movies/%D7%9E%D7%A8%D7%95%D7%9B%D7%96/ → nfct__blog_movies_D7_9E_D7_A8_D7_95_D7_9B_D7_96__48734818.md (7561 bytes)
  ✓ https://nfct.org.il/blog/movies/%D7%9E%D7%A8%D7%97%D7%91-%D7%9C%D7%91%D7%96%D7%91%D7%95%D7%96/ → nfct__blog_movies_D7_9E_D7_A8_D7_97_D7_91-_D7_9C_D7_91_D7_96_D7_91_D7_95_D7_96__fb44dc6f.md (7654 bytes)
  ✓ https://nfct.org.il/blog/movies/%D7%9E%D7%A8%D7%A1%D7%9C%D7%95-%D7%A4%D7%A6%D7%99/ → nfct__blog_movies_D7_9E_D7_A8_D7_A1_D7_9C_D7_95-_D7_A4_D7_A6_D7_99__976b7bb4.md (8227 bytes)
  ✓ https://nfct.org.il/blog/movies/%D7%9E%D7%A8-%D7%92%D7%90%D7%92%D7%90/ → nfct__blog_movies_D7_9E_D7_A8-_D7_92_D7_90_D7_92_D7_90__01762aa0.md (8162 bytes)
  ✓ https://nfct.org.il/blog/movies/%D7%9E%D7%A8-%D7%99%D7%95%D7%A0%D7%99%D7%91%D7%A8%D7%A1/ → nfct__blog_movies_D7_9E_D7_A8-_D7_99_D7_95_D7_A0_D7_99_D7_91_D7_A8_D7_A1__0adeedbe.md (7636 bytes)
  ✓ https://nfct.org.il/blog/movies/%D7%9E%D7%A8%D7%A7-%D7%A2%D7%95%D7%A3/ → nfct__blog_movies_D7_9E_D7_A8_D7_A7-_D7_A2_D7_95_D7_A3__d39453e8.md (8162 bytes)
  ✓ https://nfct.org.il/blog/movies/%D7%9E%D7%A9%D7%90%D7%99%D7%AA-%D7%A0%D7%94%D7%92%D7%99%D7%9D/ → nfct__blog_movies_D7_9E_D7_A9_D7_90_D7_99_D7_AA-_D7_A0_D7_94_D7_92_D7_99_D7_9D__fdc76aa0.md (7654 bytes)
  ✓ https://nfct.org.il/blog/movies/%D7%9E%D7%A8-%D7%92%D7%90%D7%92%D7%94/ → nfct__blog_movies_D7_9E_D7_A8-_D7_92_D7_90_D7_92_D7_94__b23bdfc4.md (9398 bytes)
  ✓ https://nfct.org.il/blog/movies/%D7%9E%D7%A9%D7%90%D7%9C%D7%94/ → nfct__blog_movies_D7_9E_D7_A9_D7_90_D7_9C_D7_94__770f3a24.md (7561 bytes)
  ✗ https://nfct.org.il/blog/movies/%D7%9E%D7%A9%D7%95%D7%A2%D7%9E%D7%9E%D7%AA/: 429 Client Error: Too Many Requests for url: https://crawl4ai-wrapper-559961100092.europe-west1.run.app/scrape
  ✗ https://nfct.org.il/blog/movies/%D7%9E%D7%A9%D7%97%D7%A7-%D7%94%D7%A4%D7%9C%D7%90%D7%A4%D7%9C/: 429 Client Error: Too Many Requests for url: https://crawl4ai-wrapper-559961100092.europe-west1.run.app/scrape
  ✗ https://nfct.org.il/blog/movies/%D7%9E%D7%A9%D7%98%D7%A8%D7%AA-%D7%94%D7%94%D7%92%D7%99%D7%A8%D7%94/: 429 Client Error: Too Many Requests for url: https://crawl4ai-wrapper-559961100092.europe-west1.run.app/scrape
  ✗ https://nfct.org.il/blog/movies/%D7%9E%D7%A9%D7%9E%D7%A2%D7%95%D7%AA-%D7%90%D7%97%D7%A8%D7%AA-%D7%9C%D7%90%D7%94%D7%91%D7%94/: 429 Client Error: Too Many Requests for url: https://crawl4ai-wrapper-559961100092.europe-west1.run.app/scrape
  ✗ https://nfct.org.il/blog/movies/%D7%9E%D7%A9%D7%9E%D7%A8-%D7%9C%D7%99%D7%9C%D7%94/: 429 Client Error: Too Many Requests for url: https://crawl4ai-wrapper-559961100092.europe-west1.run.app/scrape
  ✓ https://nfct.org.il/blog/movies/%D7%9E%D7%A8-%D7%A6%D7%99%D7%91%D7%95%D7%98%D7%A8%D7%95/ → nfct__blog_movies_D7_9E_D7_A8-_D7_A6_D7_99_D7_91_D7_95_D7_98_D7_A8_D7_95__d7e898da.md (8245 bytes)
  ✓ https://nfct.org.il/blog/movies/%D7%9E%D7%A9%D7%91%D7%A8/ → nfct__blog_movies_D7_9E_D7_A9_D7_91_D7_A8__a9794f34.md (8152 bytes)
  ✓ https://nfct.org.il/blog/movies/%D7%9E%D7%A9%D7%94%D7%95-%D7%91%D7%91%D7%98%D7%9F-%D7%A9%D7%9C-%D7%A6%D7%95%D7%A8%D7%99%D7%90%D7%9C/ → nfct__blog_movies_D7_9E_D7_A9_D7_94_D7_95-_D7_91_D7_91_D7_98_D7_9F-_D7_A9_D7_9C-_D7_A6__0bc8b171.md (7768 bytes)
  ✓ https://nfct.org.il/blog/movies/%D7%9E%D7%A9%D7%94-%D7%90%D7%93%D7%95%D7%9C%D7%A3/ → nfct__blog_movies_D7_9E_D7_A9_D7_94-_D7_90_D7_93_D7_95_D7_9C_D7_A3__bd6d1703.md (8198 bytes)
  ✗ https://nfct.org.il/blog/movies/%D7%9E%D7%A9%D7%A4%D7%97%D7%AA-%D7%90%D7%9C%D7%99%D7%99%D7%99%D7%91/: 429 Client Error: Too Many Requests for url: https://crawl4ai-wrapper-559961100092.europe-west1.run.app/scrape
  ✗ https://nfct.org.il/blog/movies/%D7%9E%D7%A9%D7%A4%D7%97%D7%AA-%D7%94%D7%93%D7%91%D7%95%D7%A8%D7%94-%D7%A9%D7%9C%D7%99/: 429 Client Error: Too Many Requests for url: https://crawl4ai-wrapper-559961100092.europe-west1.run.app/scrape
  ✗ https://nfct.org.il/blog/movies/%D7%9E%D7%A9%D7%A4%D7%97%D7%AA-%D7%94%D7%93%D7%91%D7%95%D7%A8%D7%99%D7%9D-%D7%A9%D7%9C%D7%99/: 429 Client Error: Too Many Requests for url: https://crawl4ai-wrapper-559961100092.europe-west1.run.app/scrape
  ✗ https://nfct.org.il/blog/movies/%D7%9E%D7%A9%D7%A4%D7%98%D7%95-%D7%94%D7%90%D7%97%D7%A8%D7%95%D7%9F-%D7%A9%D7%9C-%D7%A7%D7%A4%D7%A7%D7%90/: 429 Client Error: Too Many Requests for url: https://crawl4ai-wrapper-559961100092.europe-west1.run.app/scrape
  ✗ https://nfct.org.il/blog/movies/%D7%9E%D7%A9%D7%A4%D7%98-%D7%A7%D7%A4%D7%A7%D7%90-%D7%94%D7%90%D7%97%D7%A8%D7%95%D7%9F/: 429 Client Error: Too Many Requests for url: https://crawl4ai-wrapper-559961100092.europe-west1.run.app/scrape
  ✓ https://nfct.org.il/blog/movies/%D7%9E%D7%A9%D7%A4%D7%97%D7%94-%D7%9E%D7%A8%D7%91%D7%AA-%D7%99%D7%9C%D7%93%D7%99%D7%9D/ → nfct__blog_movies_D7_9E_D7_A9_D7_A4_D7_97_D7_94-_D7_9E_D7_A8_D7_91_D7_AA-_D7_99_D7_9C___4cbe4d5d.md (8309 bytes)
  ✗ https://nfct.org.il/blog/movies/%D7%9E%D7%A9%D7%A7-%D7%94%D7%97%D7%95%D7%A4%D7%A9-%D7%A2%D7%95%D7%A0%D7%94-2/: 429 Client Error: Too Many Requests for url: https://crawl4ai-wrapper-559961100092.europe-west1.run.app/scrape
  ✓ https://nfct.org.il/blog/movies/%D7%9E%D7%A9%D7%A0%D7%94-%D7%9E%D7%A9%D7%97%D7%A7/ → nfct__blog_movies_D7_9E_D7_A9_D7_A0_D7_94-_D7_9E_D7_A9_D7_97_D7_A7__73f374c9.md (7618 bytes)
  ✗ https://nfct.org.il/blog/movies/%D7%9E%D7%AA%D7%92%D7%A2%D7%92%D7%A2%D7%AA/: 429 Client Error: Too Many Requests for url: https://crawl4ai-wrapper-559961100092.europe-west1.run.app/scrape
  ✗ https://nfct.org.il/blog/movies/%D7%9E%D7%AA%D7%94%D7%A4%D7%9A/: 429 Client Error: Too Many Requests for url: https://crawl4ai-wrapper-559961100092.europe-west1.run.app/scrape
  ✗ https://nfct.org.il/blog/movies/%D7%9E%D7%AA%D7%94%D7%A4%D7%9B%D7%99%D7%9D/: 429 Client Error: Too Many Requests for url: https://crawl4ai-wrapper-559961100092.europe-west1.run.app/scrape
  ✓ https://nfct.org.il/blog/movies/%D7%9E%D7%A9%D7%A4%D7%97%D7%95%D7%AA-%D7%A9%D7%9B%D7%95%D7%9C%D7%95%D7%AA/ → nfct__blog_movies_D7_9E_D7_A9_D7_A4_D7_97_D7_95_D7_AA-_D7_A9_D7_9B_D7_95_D7_9C_D7_95_D__5145aec6.md (7690 bytes)
  ✗ https://nfct.org.il/blog/movies/%D7%9E%D7%AA%D7%A0%D7%97%D7%9C%D7%99%D7%9D-%D7%90%D7%99%D7%A0%D7%AA%D7%99%D7%A4%D7%93%D7%94/: 429 Client Error: Too Many Requests for url: https://crawl4ai-wrapper-559961100092.europe-west1.run.app/scrape
  ✗ https://nfct.org.il/blog/movies/%D7%9E%D7%AA%D7%A4%D7%AA%D7%9C/: 429 Client Error: Too Many Requests for url: https://crawl4ai-wrapper-559961100092.europe-west1.run.app/scrape
  ✗ https://nfct.org.il/blog/movies/%D7%9E-%D7%99%D7%9C-%D7%95-%D7%A1-%D7%91-%D7%A7-%D7%A8-%D7%94-%D7%91%D7%95-%D7%A7-%D7%A8/: 429 Client Error: Too Many Requests for url: https://crawl4ai-wrapper-559961100092.europe-west1.run.app/scrape
  ✓ https://nfct.org.il/blog/movies/%D7%9E%D7%A9%D7%A4%D7%97%D7%AA-%D7%90%D7%91%D7%A8%D7%92%D7%99%D7%9C/ → nfct__blog_movies_D7_9E_D7_A9_D7_A4_D7_97_D7_AA-_D7_90_D7_91_D7_A8_D7_92_D7_99_D7_9C__bd0fa860.md (7672 bytes)
  ✗ https://nfct.org.il/blog/movies/%D7%A0%D7%90%D7%A6%D7%99-%D7%98%D7%95%D7%91-%D7%A0%D7%90%D7%A6%D7%99-%D7%A8%D7%A2/: 429 Client Error: Too Many Requests for url: https://crawl4ai-wrapper-559961100092.europe-west1.run.app/scrape
  ✗ https://nfct.org.il/blog/movies/%D7%A0%D7%90%D7%A9%D7%9D/: 429 Client Error: Too Many Requests for url: https://crawl4ai-wrapper-559961100092.europe-west1.run.app/scrape
  ✗ https://nfct.org.il/blog/movies/%D7%A0%D7%91%D7%92%D7%93%D7%95/: 429 Client Error: Too Many Requests for url: https://crawl4ai-wrapper-559961100092.europe-west1.run.app/scrape
  ✓ https://nfct.org.il/blog/movies/%D7%9E%D7%A9%D7%A7-%D7%91%D7%A2%D7%9C%D7%99-%D7%97%D7%99%D7%99%D7%9D-%D7%97%D7%95%D7%A4%D7%A9-%D7%A2%D7%95%D7%A0%D7%94-2/ → nfct__blog_movies_D7_9E_D7_A9_D7_A7-_D7_91_D7_A2_D7_9C_D7_99-_D7_97_D7_99_D7_99_D7_9D-__a5c4e1d6.md (7831 bytes)
  ✗ https://nfct.org.il/blog/movies/%D7%A0%D7%91%D7%92%D7%93%D7%AA/: 429 Client Error: Too Many Requests for url: https://crawl4ai-wrapper-559961100092.europe-west1.run.app/scrape
  ✗ https://nfct.org.il/blog/movies/%D7%A0%D7%91%D7%92%D7%93/: 429 Client Error: Too Many Requests for url: https://crawl4ai-wrapper-559961100092.europe-west1.run.app/scrape
  ✗ https://nfct.org.il/blog/movies/%D7%A0%D7%91%D7%93%D7%A7-%D7%91%D7%9E%D7%93%D7%91%D7%A8/: 429 Client Error: Too Many Requests for url: https://crawl4ai-wrapper-559961100092.europe-west1.run.app/scrape
  ✗ https://nfct.org.il/blog/movies/%D7%A0%D7%91%D7%95%D7%90%D7%AA-%D7%94%D7%A7%D7%A1%D7%A0%D7%93%D7%A8%D7%94/: 429 Client Error: Too Many Requests for url: https://crawl4ai-wrapper-559961100092.europe-west1.run.app/scrape
  ✗ https://nfct.org.il/blog/movies/%D7%A0%D7%92%D7%99%D7%A9%D7%95%D7%AA-%D7%A0%D7%9B%D7%99%D7%9D-%D7%9C%D7%A4%D7%99-%D7%A1%D7%A2%D7%99%D7%A3-5/: 429 Client Error: Too Many Requests for url: https://crawl4ai-wrapper-559961100092.europe-west1.run.app/scrape
  ✗ https://nfct.org.il/blog/movies/%D7%A0%D7%92%D7%99%D7%A9%D7%95%D7%AA/: 429 Client Error: Too Many Requests for url: https://crawl4ai-wrapper-559961100092.europe-west1.run.app/scrape
  ✗ https://nfct.org.il/blog/movies/%D7%A0%D7%93%D7%90%D7%95%D7%A8%D7%99/: 429 Client Error: Too Many Requests for url: https://crawl4ai-wrapper-559961100092.europe-west1.run.app/scrape
  ✓ https://nfct.org.il/blog/movies/%D7%9E%D7%AA%D7%A0%D7%97%D7%9C%D7%95%D7%AA/ → nfct__blog_movies_D7_9E_D7_AA_D7_A0_D7_97_D7_9C_D7_95_D7_AA__b8a37986.md (7597 bytes)
  ✓ https://nfct.org.il/blog/movies/%D7%9E%D7%A9%D7%A7-%D7%97%D7%95%D7%A4%D7%A9-%D7%A2%D7%95%D7%A0%D7%94-2/ → nfct__blog_movies_D7_9E_D7_A9_D7_A7-_D7_97_D7_95_D7_A4_D7_A9-_D7_A2_D7_95_D7_A0_D7_94-__ed7dd10d.md (7681 bytes)
  ✓ https://nfct.org.il/blog/movies/%D7%A0%D7%90%D7%A1%D7%99%D7%92-%D7%91%D7%93-%D7%94%D7%97%D7%99%D7%99%D7%9D/ → nfct__blog_movies_D7_A0_D7_90_D7_A1_D7_99_D7_92-_D7_91_D7_93-_D7_94_D7_97_D7_99_D7_99___991df709.md (7693 bytes)
  ✓ https://nfct.org.il/blog/movies/%D7%A0%D7%91%D7%92%D7%93%D7%99%D7%9D/ → nfct__blog_movies_D7_A0_D7_91_D7_92_D7_93_D7_99_D7_9D__e092fefe.md (7579 bytes)
  ✓ https://nfct.org.il/blog/movies/%D7%A0%D7%93%D7%9C%D7%9F/ → nfct__blog_movies_D7_A0_D7_93_D7_9C_D7_9F__5f4316dc.md (7543 bytes)
  ✓ https://nfct.org.il/blog/movies/%D7%A0%D7%93%D7%A8%D7%A9%D7%AA-%D7%9E%D7%99%D7%9C%D7%94/ → nfct__blog_movies_D7_A0_D7_93_D7_A8_D7_A9_D7_AA-_D7_9E_D7_99_D7_9C_D7_94__bb72b760.md (7636 bytes)
  ✓ https://nfct.org.il/blog/movies/%D7%A0%D7%93%D7%9C%D7%9F---%D7%A1%D7%99%D7%A4%D7%95%D7%A8-%D7%90%D7%94%D7%91%D7%94/ → nfct__blog_movies_D7_A0_D7_93_D7_9C_D7_9F---_D7_A1_D7_99_D7_A4_D7_95_D7_A8-_D7_90_D7_9__c83a08e1.md (8326 bytes)
  ✓ https://nfct.org.il/blog/movies/%D7%A0%D7%93%D7%A8%D7%A9-%D7%9E%D7%99%D7%9C%D7%94/ → nfct__blog_movies_D7_A0_D7_93_D7_A8_D7_A9-_D7_9E_D7_99_D7_9C_D7_94__4ac6132b.md (7618 bytes)
  ✓ https://nfct.org.il/blog/movies/%D7%A0%D7%95%D7%95%D7%94-%D7%9E%D7%93%D7%91%D7%A8/ → nfct__blog_movies_D7_A0_D7_95_D7_95_D7_94-_D7_9E_D7_93_D7_91_D7_A8__bea02312.md (8198 bytes)
  ✓ https://nfct.org.il/blog/movies/%D7%A0%D7%93%D7%9C%D7%9F-%E2%80%93-%D7%A1%D7%99%D7%A4%D7%95%D7%A8-%D7%90%D7%94%D7%91%D7%94/ → nfct__blog_movies_D7_A0_D7_93_D7_9C_D7_9F-_E2_80_93-_D7_A1_D7_99_D7_A4_D7_95_D7_A8-_D7__6abc3d3e.md (8321 bytes)
  ✓ https://nfct.org.il/blog/movies/%D7%A0%D7%95%D7%9B%D7%97%D7%95%D7%AA-%D7%A0%D7%A2%D7%93%D7%A8%D7%AA/ → nfct__blog_movies_D7_A0_D7_95_D7_9B_D7_97_D7_95_D7_AA-_D7_A0_D7_A2_D7_93_D7_A8_D7_AA__59ba8ba7.md (7672 bytes)
  ✓ https://nfct.org.il/blog/movies/%D7%A0%D7%95%D7%9B%D7%97%D7%95%D7%AA-%D7%A0%D7%A4%D7%A7%D7%93%D7%AA/ → nfct__blog_movies_D7_A0_D7_95_D7_9B_D7_97_D7_95_D7_AA-_D7_A0_D7_A4_D7_A7_D7_93_D7_AA__3759b2d6.md (8281 bytes)
  ✓ https://nfct.org.il/blog/movies/%D7%A0%D7%95%D7%9C%D7%93-%D7%91%D7%90%D7%95%D7%95%D7%99%D7%A8/ → nfct__blog_movies_D7_A0_D7_95_D7_9C_D7_93-_D7_91_D7_90_D7_95_D7_95_D7_99_D7_A8__da2afbb2.md (8234 bytes)
  ✓ https://nfct.org.il/blog/movies/%D7%A0%D7%95%D7%9C%D7%93-%D7%91%D7%99%D7%A8%D7%95%D7%A9%D7%9C%D7%99%D7%9D-%D7%95%D7%A2%D7%93%D7%99%D7%99%D7%9F-%D7%97%D7%99/ → nfct__blog_movies_D7_A0_D7_95_D7_9C_D7_93-_D7_91_D7_99_D7_A8_D7_95_D7_A9_D7_9C_D7_99_D__8afeb969.md (7840 bytes)
  ✓ https://nfct.org.il/blog/movies/%D7%A0%D7%95%D7%A2%D7%A8-%D7%91%D7%9E%D7%A6%D7%95%D7%A7%D7%94/ → nfct__blog_movies_D7_A0_D7_95_D7_A2_D7_A8-_D7_91_D7_9E_D7_A6_D7_95_D7_A7_D7_94__2434916b.md (8263 bytes)
  ✓ https://nfct.org.il/blog/movies/%D7%A0%D7%95%D7%9F-%D7%A7%D7%95%D7%A0%D7%A4%D7%95%D7%A8%D7%9E%D7%99%D7%96%D7%9D/ → nfct__blog_movies_D7_A0_D7_95_D7_9F-_D7_A7_D7_95_D7_A0_D7_A4_D7_95_D7_A8_D7_9E_D7_99_D__efc9f989.md (7708 bytes)
  ✓ https://nfct.org.il/blog/movies/%D7%A0%D7%95%D7%A2%D7%A8-%D7%A9%D7%95%D7%9C%D7%99%D7%99%D7%9D/ → nfct__blog_movies_D7_A0_D7_95_D7_A2_D7_A8-_D7_A9_D7_95_D7_9C_D7_99_D7_99_D7_9D__f210719c.md (8263 bytes)
  ✓ https://nfct.org.il/blog/movies/%D7%A0%D7%95%D7%A2%D7%A8/ → nfct__blog_movies_D7_A0_D7_95_D7_A2_D7_A8__4214a663.md (8123 bytes)
  ✓ https://nfct.org.il/blog/movies/%D7%A0%D7%95%D7%A4%D7%9C-%D7%95%D7%A7%D7%9D-%E2%80%93-%D7%A1%D7%99%D7%A4%D7%95%D7%A8%D7%94-%D7%A9%D7%9C-%D7%A9%D7%91%D7%A7-%D7%A1/ → nfct__blog_movies_D7_A0_D7_95_D7_A4_D7_9C-_D7_95_D7_A7_D7_9D-_E2_80_93-_D7_A1_D7_99_D7__587aa1c3.md (7858 bytes)
  ✗ https://nfct.org.il/blog/movies/%D7%A0%D7%97%D7%9C-%D7%92%D7%A8%D7%90%D7%A0%D7%93-%D7%A7%D7%A0%D7%99%D7%95%D7%9F/: 429 Client Error: Too Many Requests for url: https://crawl4ai-wrapper-559961100092.europe-west1.run.app/scrape
  ✗ https://nfct.org.il/blog/movies/%D7%A0%D7%97%D7%9C-%D7%A7%D7%A0%D7%99%D7%95%D7%9F/: 429 Client Error: Too Many Requests for url: https://crawl4ai-wrapper-559961100092.europe-west1.run.app/scrape
  ✓ https://nfct.org.il/blog/movies/%D7%A0%D7%95%D7%A8%D7%93%D7%99%D7%9F/ → nfct__blog_movies_D7_A0_D7_95_D7_A8_D7_93_D7_99_D7_9F__94111484.md (7579 bytes)
  ✗ https://nfct.org.il/blog/movies/%D7%A0%D7%97%D7%A9%D7%95%D7%9F-%D7%95%D7%A7%D7%A1%D7%9E%D7%9F-%E2%80%93-%D7%94%D7%A1%D7%A4%D7%99%D7%A8%D7%94-%D7%9C%D7%90%D7%97%D7%95%D7%A8/: 429 Client Error: Too Many Requests for url: https://crawl4ai-wrapper-559961100092.europe-west1.run.app/scrape
  ✗ https://nfct.org.il/blog/movies/%D7%A0%D7%97%D7%A9%D7%95%D7%9F-%D7%95%D7%A7%D7%A1%D7%9E%D7%9F-%E2%80%93-%D7%A1%D7%A4%D7%99%D7%A8%D7%94-%D7%9C%D7%90%D7%97%D7%95%D7%A8-%D7%90%D7%9C-%D7%94%D7%9E%D7%95%D7%95%D7%AA/: 429 Client Error: Too Many Requests for url: https://crawl4ai-wrapper-559961100092.europe-west1.run.app/scrape
  ✓ https://nfct.org.il/blog/movies/%D7%A0%D7%95%D7%A4%D7%9C-%D7%95%D7%A7%D7%9D---%D7%A1%D7%99%D7%A4%D7%95%D7%A8%D7%94-%D7%A9%D7%9C-%D7%A9%D7%91%D7%A7-%D7%A1/ → nfct__blog_movies_D7_A0_D7_95_D7_A4_D7_9C-_D7_95_D7_A7_D7_9D---_D7_A1_D7_99_D7_A4_D7_9__b8a0194d.md (15499 bytes)
  ✓ https://nfct.org.il/blog/movies/%D7%A0%D7%96%D7%A8%D7%A7%D7%99%D7%9D/ → nfct__blog_movies_D7_A0_D7_96_D7_A8_D7_A7_D7_99_D7_9D__c0744b38.md (7579 bytes)
  ✗ https://nfct.org.il/blog/movies/%D7%A0%D7%97%D7%A9%D7%95%D7%9F-%D7%95%D7%A7%D7%A1%D7%9E%D7%9F---%D7%A1%D7%A4%D7%99%D7%A8%D7%94-%D7%9C%D7%90%D7%97%D7%95%D7%A8-%D7%9C%D7%9E%D7%95%D7%AA%D7%95/: 429 Client Error: Too Many Requests for url: https://crawl4ai-wrapper-559961100092.europe-west1.run.app/scrape
  ✓ https://nfct.org.il/blog/movies/%D7%A0%D7%95%D7%A8%D7%9E%D7%90%D7%9C%D7%A0%D7%94/ → nfct__blog_movies_D7_A0_D7_95_D7_A8_D7_9E_D7_90_D7_9C_D7_A0_D7_94__b3c4775e.md (8195 bytes)
  ✗ https://nfct.org.il/blog/movies/%D7%A0%D7%99%D7%9C%D7%99%D7%A1-%D7%91%D7%90%D7%98%D7%9C%D7%A1/: 429 Client Error: Too Many Requests for url: https://crawl4ai-wrapper-559961100092.europe-west1.run.app/scrape
  ✓ https://nfct.org.il/blog/movies/%D7%A0%D7%97%D7%9E%D7%99%D7%94/ → nfct__blog_movies_D7_A0_D7_97_D7_9E_D7_99_D7_94__b160d4a8.md (8141 bytes)
  ✗ https://nfct.org.il/blog/movies/%D7%A0%D7%99%D7%9C%D7%99-%D7%A0%D7%9C%D7%97%D7%9E%D7%AA/: 429 Client Error: Too Many Requests for url: https://crawl4ai-wrapper-559961100092.europe-west1.run.app/scrape
  ✓ https://nfct.org.il/blog/movies/%D7%A0%D7%97%D7%A9%D7%95%D7%9F-%D7%95%D7%A7%D7%A1%D7%9E%D7%9F-%E2%80%93-%D7%A1%D7%A4%D7%99%D7%A8%D7%94-%D7%9C%D7%90%D7%97%D7%95%D7%A8-%D7%9C%D7%9E%D7%95%D7%AA%D7%95/ → nfct__blog_movies_D7_A0_D7_97_D7_A9_D7_95_D7_9F-_D7_95_D7_A7_D7_A1_D7_9E_D7_9F-_E2_80___00ed48a0.md (7963 bytes)
  ✓ https://nfct.org.il/blog/movies/%D7%A0%D7%97%D7%A9%D7%95%D7%9F-%D7%95%D7%A7%D7%A1%D7%9E%D7%9F---%D7%A1%D7%A4%D7%99%D7%A8%D7%94-%D7%9C%D7%90%D7%97%D7%95%D7%A8-%D7%90%D7%9C-%D7%94%D7%9E%D7%95%D7%95%D7%AA/ → nfct__blog_movies_D7_A0_D7_97_D7_A9_D7_95_D7_9F-_D7_95_D7_A7_D7_A1_D7_9E_D7_9F---_D7_A__3414101f.md (7978 bytes)
  ✓ https://nfct.org.il/blog/movies/%D7%A0%D7%99%D7%9C%D7%99%D7%A1-%D7%A7%D7%A8%D7%91%D7%95%D7%AA/ → nfct__blog_movies_D7_A0_D7_99_D7_9C_D7_99_D7_A1-_D7_A7_D7_A8_D7_91_D7_95_D7_AA__3ee162c2.md (7654 bytes)
  ✓ https://nfct.org.il/blog/movies/%D7%A0%D7%99%D7%A1%D7%99%D7%95%D7%A0%D7%99-%2F-%D7%A1%D7%98%D7%95%D7%93%D7%A0%D7%98%D7%99%D7%90%D7%9C%D7%99/ → nfct__blog_movies_D7_A0_D7_99_D7_A1_D7_99_D7_95_D7_A0_D7_99-_2F-_D7_A1_D7_98_D7_95_D7___bee0f06e.md (7792 bytes)
  ✓ https://nfct.org.il/blog/movies/%D7%A0%D7%99%D7%A1%D7%99%D7%95%D7%A0%D7%99/ → nfct__blog_movies_D7_A0_D7_99_D7_A1_D7_99_D7_95_D7_A0_D7_99__6b59e300.md (7597 bytes)
  ✓ https://nfct.org.il/blog/movies/%D7%A0%D7%98-%D7%90%D7%A8%D7%98/ → nfct__blog_movies_D7_A0_D7_98-_D7_90_D7_A8_D7_98__e9a4e4d8.md (8144 bytes)
  ✓ https://nfct.org.il/blog/movies/%D7%A0%D7%99%D7%A1%D7%99%D7%95%D7%A0%D7%99-%2F-5-%D7%93%D7%A7%D7%95%D7%AA/ → nfct__blog_movies_D7_A0_D7_99_D7_A1_D7_99_D7_95_D7_A0_D7_99-_2F-5-_D7_93_D7_A7_D7_95_D__1e31ac11.md (8270 bytes)
  ✗ https://nfct.org.il/blog/movies/%D7%A0%D7%99%D7%A8%D7%94-%D7%95%D7%A1%D7%90%D7%95%D7%A1%D7%9F---%D7%90%D7%9E%D7%94%D7%95%D7%AA/: 429 Client Error: Too Many Requests for url: https://crawl4ai-wrapper-559961100092.europe-west1.run.app/scrape
  ✗ https://nfct.org.il/blog/movies/%D7%A0%D7%99%D7%A8%D7%94-%D7%95%D7%A1%D7%95%D7%A1%D7%9F-%E2%80%93-%D7%90%D7%9E%D7%94%D7%95%D7%AA/: 429 Client Error: Too Many Requests for url: https://crawl4ai-wrapper-559961100092.europe-west1.run.app/scrape
  ✓ https://nfct.org.il/blog/movies/%D7%A0%D7%99%D7%A6%D7%95%D7%9C-%D7%9E%D7%99%D7%A0%D7%99/ → nfct__blog_movies_D7_A0_D7_99_D7_A6_D7_95_D7_9C-_D7_9E_D7_99_D7_A0_D7_99__db6d4d03.md (7636 bytes)
  ✗ https://nfct.org.il/blog/movies/%D7%A0%D7%99%D7%AA%D7%95%D7%97-%D7%A4%D7%9C%D7%A1%D7%98%D7%99/: 429 Client Error: Too Many Requests for url: https://crawl4ai-wrapper-559961100092.europe-west1.run.app/scrape
  ✓ https://nfct.org.il/blog/movies/%D7%A0%D7%99%D7%A6%D7%97%D7%95%D7%A0%D7%95%D7%AA-%D7%A7%D7%98%D7%A0%D7%99%D7%9D/ → nfct__blog_movies_D7_A0_D7_99_D7_A6_D7_97_D7_95_D7_A0_D7_95_D7_AA-_D7_A7_D7_98_D7_A0_D__3578f70b.md (7708 bytes)
  ✓ https://nfct.org.il/blog/movies/%D7%A0%D7%99%D7%A6%D7%97%D7%95%D7%9F-%D7%94%D7%AA%D7%9E%D7%95%D7%A0%D7%94/ → nfct__blog_movies_D7_A0_D7_99_D7_A6_D7_97_D7_95_D7_9F-_D7_94_D7_AA_D7_9E_D7_95_D7_A0_D__aa4ef485.md (8270 bytes)
  ✗ https://nfct.org.il/blog/movies/%D7%A0%D7%9C%D7%A1%D7%95%D7%9F-%D7%91%D7%A7%D7%A8%D7%91-%D7%94%D7%90%D7%97%D7%A8%D7%95%D7%9F/: 429 Client Error: Too Many Requests for url: https://crawl4ai-wrapper-559961100092.europe-west1.run.app/scrape
  ✗ https://nfct.org.il/blog/movies/%D7%A0%D7%9C%D7%A1%D7%95%D7%9F-%D7%94%D7%90%D7%97%D7%A8%D7%95%D7%9F/: 429 Client Error: Too Many Requests for url: https://crawl4ai-wrapper-559961100092.europe-west1.run.app/scrape
  ✗ https://nfct.org.il/blog/movies/%D7%A0%D7%9C%D7%A1%D7%95%D7%9F-%D7%A1%D7%98%D7%A0%D7%93-%D7%90%D7%97%D7%A8%D7%95%D7%9F/: 429 Client Error: Too Many Requests for url: https://crawl4ai-wrapper-559961100092.europe-west1.run.app/scrape
  ✗ https://nfct.org.il/blog/movies/%D7%A0%D7%9E%D7%90%D7%A1-%D7%9C%D7%99/: 429 Client Error: Too Many Requests for url: https://crawl4ai-wrapper-559961100092.europe-west1.run.app/scrape
  ✗ https://nfct.org.il/blog/movies/%D7%A0%D7%A0%D7%93%D7%90%D7%95%D7%A8%D7%99/: 429 Client Error: Too Many Requests for url: https://crawl4ai-wrapper-559961100092.europe-west1.run.app/scrape
  ✗ https://nfct.org.il/blog/movies/%D7%A0%D7%A0%D7%93%D7%95%D7%A8%D7%99/: 429 Client Error: Too Many Requests for url: https://crawl4ai-wrapper-559961100092.europe-west1.run.app/scrape
  ✓ https://nfct.org.il/blog/movies/%D7%A0%D7%99%D7%A8%D7%94-%D7%95%D7%A1%D7%90%D7%95%D7%A1%D7%9F-%E2%80%93-%D7%90%D7%9E%D7%94%D7%95%D7%AA/ → nfct__blog_movies_D7_A0_D7_99_D7_A8_D7_94-_D7_95_D7_A1_D7_90_D7_95_D7_A1_D7_9F-_E2_80___286063a4.md (8386 bytes)
  ✓ https://nfct.org.il/blog/movies/%D7%A0%D7%99%D7%A9%D7%90-%D7%A2%D7%9C-%D7%99%D7%93%D7%99/ → nfct__blog_movies_D7_A0_D7_99_D7_A9_D7_90-_D7_A2_D7_9C-_D7_99_D7_93_D7_99__8d878de2.md (7639 bytes)
  ✓ https://nfct.org.il/blog/movies/%D7%A0%D7%99%D7%AA%D7%9F-%D7%9C%D7%99%D7%97%D7%A1/ → nfct__blog_movies_D7_A0_D7_99_D7_AA_D7_9F-_D7_9C_D7_99_D7_97_D7_A1__aade316c.md (7618 bytes)
  ✓ https://nfct.org.il/blog/movies/%D7%A0%D7%9C%D7%A1%D7%95%D7%9F/ → nfct__blog_movies_D7_A0_D7_9C_D7_A1_D7_95_D7_9F__c04c1027.md (7561 bytes)
  ✓ https://nfct.org.il/blog/movies/%D7%A0%D7%A0%D7%99%D7%97-%D7%9C%D7%A8%D7%92%D7%A2-%D7%A9%D7%90%D7%9C%D7%95%D7%94%D7%99%D7%9D-%D7%A7%D7%99%D7%99%D7%9D/ → nfct__blog_movies_D7_A0_D7_A0_D7_99_D7_97-_D7_9C_D7_A8_D7_92_D7_A2-_D7_A9_D7_90_D7_9C___5c4638ff.md (8402 bytes)
  ✓ https://nfct.org.il/blog/movies/%D7%A0%D7%A1%D7%99%D7%92-%D7%91%D7%93-%D7%94%D7%97%D7%99%D7%99%D7%9D/ → nfct__blog_movies_D7_A0_D7_A1_D7_99_D7_92-_D7_91_D7_93-_D7_94_D7_97_D7_99_D7_99_D7_9D__8d81ad38.md (7675 bytes)
  ✓ https://nfct.org.il/blog/movies/%D7%A0%D7%A1%D7%99%D7%92-%D7%91%D7%93-%D7%97%D7%99%D7%99%D7%9D/ → nfct__blog_movies_D7_A0_D7_A1_D7_99_D7_92-_D7_91_D7_93-_D7_97_D7_99_D7_99_D7_9D__f0b845be.md (7657 bytes)
  ✓ https://nfct.org.il/blog/movies/%D7%A0%D7%A1%D7%97%D7%A3/ → nfct__blog_movies_D7_A0_D7_A1_D7_97_D7_A3__fc190c8f.md (9281 bytes)
  ✓ https://nfct.org.il/blog/movies/%D7%A0%D7%A1%D7%97%D7%A4%D7%AA/ → nfct__blog_movies_D7_A0_D7_A1_D7_97_D7_A4_D7_AA__5cff54de.md (8141 bytes)
  ✓ https://nfct.org.il/blog/movies/%D7%A0%D7%A1%D7%99%D7%92-%D7%91%D7%93-%D7%A9%D7%9C-%D7%97%D7%99%D7%99%D7%9D/ → nfct__blog_movies_D7_A0_D7_A1_D7_99_D7_92-_D7_91_D7_93-_D7_A9_D7_9C-_D7_97_D7_99_D7_99__51c3791d.md (7696 bytes)
  ✓ https://nfct.org.il/blog/movies/%D7%A0%D7%A1%D7%99%D7%9D/ → nfct__blog_movies_D7_A0_D7_A1_D7_99_D7_9D__88426781.md (7543 bytes)
  ✓ https://nfct.org.il/blog/movies/%D7%A0%D7%A1%D7%9B%D7%99%D7%9D/ → nfct__blog_movies_D7_A0_D7_A1_D7_9B_D7_99_D7_9D__58933f8d.md (7561 bytes)
  ✓ https://nfct.org.il/blog/movies/%D7%A0%D7%A2%D7%95%D7%A8%D7%99%D7%9D/ → nfct__blog_movies_D7_A0_D7_A2_D7_95_D7_A8_D7_99_D7_9D__09989611.md (7579 bytes)
  ✓ https://nfct.org.il/blog/movies/%D7%A0%D7%A2%D7%99%D7%9E%D7%94-%D7%AA%D7%A4%D7%99%D7%9C%D7%99%D7%9F/ → nfct__blog_movies_D7_A0_D7_A2_D7_99_D7_9E_D7_94-_D7_AA_D7_A4_D7_99_D7_9C_D7_99_D7_9F__b8508486.md (7672 bytes)
  ✓ https://nfct.org.il/blog/movies/%D7%A0%D7%A2%D7%9D-%D7%A9%D7%9C%D7%99/ → nfct__blog_movies_D7_A0_D7_A2_D7_9D-_D7_A9_D7_9C_D7_99__6e3f5316.md (7582 bytes)
  ✓ https://nfct.org.il/blog/movies/%D7%A0%D7%A2%D7%A8%D7%94-%D7%90%D7%99%D7%A9%D7%94/ → nfct__blog_movies_D7_A0_D7_A2_D7_A8_D7_94-_D7_90_D7_99_D7_A9_D7_94__a5c593c7.md (7618 bytes)
  ✓ https://nfct.org.il/blog/movies/%D7%A0%D7%A1-%D7%99%D7%9D/ → nfct__blog_movies_D7_A0_D7_A1-_D7_99_D7_9D__1a589aae.md (8155 bytes)
  ✓ https://nfct.org.il/blog/movies/%D7%A0%D7%A2%D7%A8%D7%95%D7%AA-%D7%90%D7%9E%D7%99%D7%A6%D7%95%D7%AA/ → nfct__blog_movies_D7_A0_D7_A2_D7_A8_D7_95_D7_AA-_D7_90_D7_9E_D7_99_D7_A6_D7_95_D7_AA__3d94f679.md (7672 bytes)
  ✓ https://nfct.org.il/blog/movies/%D7%A0%D7%A4%D7%99%D7%9C%D7%94-%D7%91%D7%96%D7%9E%D7%9F/ → nfct__blog_movies_D7_A0_D7_A4_D7_99_D7_9C_D7_94-_D7_91_D7_96_D7_9E_D7_9F__5646e272.md (7636 bytes)
  ✓ https://nfct.org.il/blog/movies/%D7%A0%D7%A2%D7%A8%D7%94-%D7%91%D7%A1%D7%99%D7%9B%D7%95%D7%9F/ → nfct__blog_movies_D7_A0_D7_A2_D7_A8_D7_94-_D7_91_D7_A1_D7_99_D7_9B_D7_95_D7_9F__706f7e88.md (7654 bytes)
  ✗ https://nfct.org.il/blog/movies/%D7%A0%D7%A7%D7%93%D7%95%D7%AA-%D7%90%D7%97%D7%99%D7%96%D7%94/: 429 Client Error: Too Many Requests for url: https://crawl4ai-wrapper-559961100092.europe-west1.run.app/scrape
  ✓ https://nfct.org.il/blog/movies/%D7%A0%D7%A4%D7%A9-%D7%96%D7%A8%D7%94/ → nfct__blog_movies_D7_A0_D7_A4_D7_A9-_D7_96_D7_A8_D7_94__f6dd4492.md (7582 bytes)
  ✓ https://nfct.org.il/blog/movies/%D7%A0%D7%A4%D7%A9-%D7%A6%D7%A8%D7%A7%D7%A1%D7%99%D7%AA-%D7%94%D7%95%D7%9E%D7%99%D7%94/ → nfct__blog_movies_D7_A0_D7_A4_D7_A9-_D7_A6_D7_A8_D7_A7_D7_A1_D7_99_D7_AA-_D7_94_D7_95___0a06c681.md (8309 bytes)
  ✓ https://nfct.org.il/blog/movies/%D7%A0%D7%A6%D7%A8%D7%AA-%D7%A1%D7%99%D7%A0%D7%9E%D7%94-%D7%9C%D7%99%D7%99%D7%93%D7%99/ → nfct__blog_movies_D7_A0_D7_A6_D7_A8_D7_AA-_D7_A1_D7_99_D7_A0_D7_9E_D7_94-_D7_9C_D7_99___f4270564.md (7729 bytes)
  ✗ https://nfct.org.il/blog/movies/%D7%A0%D7%A7%D7%9E%D7%94-%D7%90%D7%97%D7%AA-%D7%9E%D7%A9%D7%AA%D7%99-%D7%A2%D7%99%D7%A0%D7%99%D7%99/: 429 Client Error: Too Many Requests for url: https://crawl4ai-wrapper-559961100092.europe-west1.run.app/scrape
  ✗ https://nfct.org.il/blog/movies/%D7%A0%D7%A7%D7%A8%D7%95-%D7%9E%D7%9F/: 429 Client Error: Too Many Requests for url: https://crawl4ai-wrapper-559961100092.europe-west1.run.app/scrape
  ✓ https://nfct.org.il/blog/movies/%D7%A0%D7%A7%D7%95%D7%93%D7%AA-%D7%9E%D7%91%D7%98/ → nfct__blog_movies_D7_A0_D7_A7_D7_95_D7_93_D7_AA-_D7_9E_D7_91_D7_98__1beae164.md (7618 bytes)
  ✓ https://nfct.org.il/blog/movies/%D7%A0%D7%A4%D7%A9-%D7%A6%D7%A8%D7%9B%D7%A1%D7%99-%D7%94%D7%95%D7%9E%D7%99/ → nfct__blog_movies_D7_A0_D7_A4_D7_A9-_D7_A6_D7_A8_D7_9B_D7_A1_D7_99-_D7_94_D7_95_D7_9E___aeab744c.md (8302 bytes)
  ✓ https://nfct.org.il/blog/movies/%D7%A0%D7%A7%D7%95%D7%93%D7%AA-%D7%91%D7%99%D7%A7%D7%95%D7%A8%D7%AA/ → nfct__blog_movies_D7_A0_D7_A7_D7_95_D7_93_D7_AA-_D7_91_D7_99_D7_A7_D7_95_D7_A8_D7_AA__7359fbae.md (7672 bytes)
  ✓ https://nfct.org.il/blog/movies/%D7%A0%D7%A7%D7%95%D7%9D-%D7%A8%D7%A7-%D7%90%D7%AA-%D7%A2%D7%99%D7%A0%D7%99%D7%99/ → nfct__blog_movies_D7_A0_D7_A7_D7_95_D7_9D-_D7_A8_D7_A7-_D7_90_D7_AA-_D7_A2_D7_99_D7_A0__22516667.md (7714 bytes)
  ✗ https://nfct.org.il/blog/movies/%D7%A0%D7%A9%D7%95%D7%AA-%D7%97%D7%9E%D7%90%D7%A1/: 429 Client Error: Too Many Requests for url: https://crawl4ai-wrapper-559961100092.europe-west1.run.app/scrape
  ✓ https://nfct.org.il/blog/movies/%D7%A0%D7%A8%D7%A7%D7%95%D7%93-%D7%A9%D7%95%D7%91/ → nfct__blog_movies_D7_A0_D7_A8_D7_A7_D7_95_D7_93-_D7_A9_D7_95_D7_91__6bc6b22c.md (7618 bytes)
  ✓ https://nfct.org.il/blog/movies/%D7%A0%D7%A8%D7%A7%D7%95-%D7%98%D7%A8%D7%95%D7%A8/ → nfct__blog_movies_D7_A0_D7_A8_D7_A7_D7_95-_D7_98_D7_A8_D7_95_D7_A8__183f4a10.md (8198 bytes)
  ✓ https://nfct.org.il/blog/movies/%D7%A0%D7%A9%D7%95%D7%AA-%D7%97%D7%99%D7%A8%D7%95%D7%AA/ → nfct__blog_movies_D7_A0_D7_A9_D7_95_D7_AA-_D7_97_D7_99_D7_A8_D7_95_D7_AA__c6703ac7.md (7636 bytes)
  ✓ https://nfct.org.il/blog/movies/%D7%A0%D7%A9%D7%99%D7%9D%2F%D7%97%D7%9C%D7%95%D7%A6%D7%95%D7%AA/ → nfct__blog_movies_D7_A0_D7_A9_D7_99_D7_9D_2F_D7_97_D7_9C_D7_95_D7_A6_D7_95_D7_AA__c4249287.md (8240 bytes)
  ✓ https://nfct.org.il/blog/movies/%D7%A0%D7%A9%D7%99%D7%9D-%D7%91%D7%9E%D7%9C%D7%97%D7%9E%D7%94/ → nfct__blog_movies_D7_A0_D7_A9_D7_99_D7_9D-_D7_91_D7_9E_D7_9C_D7_97_D7_9E_D7_94__933b5d02.md (7654 bytes)
  ✓ https://nfct.org.il/blog/movies/%D7%A0%D7%A8%D7%95%D7%AA-%D7%99%D7%95%D7%9D-%D7%94%D7%95%D7%9C%D7%93%D7%AA/ → nfct__blog_movies_D7_A0_D7_A8_D7_95_D7_AA-_D7_99_D7_95_D7_9D-_D7_94_D7_95_D7_9C_D7_93___bc8ef279.md (7693 bytes)
  ✓ https://nfct.org.il/blog/movies/%D7%A0%D7%A9%D7%99%D7%9D-%D7%9E%D7%A9%D7%9C%D7%94%D7%9F/ → nfct__blog_movies_D7_A0_D7_A9_D7_99_D7_9D-_D7_9E_D7_A9_D7_9C_D7_94_D7_9F__6e101b2d.md (7636 bytes)
  ✓ https://nfct.org.il/blog/movies/%D7%A0%D7%A9%D7%99%D7%9D-%D7%A9%D7%A0%D7%A9%D7%90%D7%A8%D7%95/ → nfct__blog_movies_D7_A0_D7_A9_D7_99_D7_9D-_D7_A9_D7_A0_D7_A9_D7_90_D7_A8_D7_95__7c2a81e7.md (7654 bytes)
  ✓ https://nfct.org.il/blog/movies/%D7%A0%D7%A9%D7%99%D7%9D-%D7%9E%D7%A9%D7%9C%D7%9B%D7%9F/ → nfct__blog_movies_D7_A0_D7_A9_D7_99_D7_9D-_D7_9E_D7_A9_D7_9C_D7_9B_D7_9F__45ab5dbb.md (8216 bytes)
  ✓ https://nfct.org.il/blog/movies/%D7%A0%D7%A9%D7%99%D7%9D-%D7%A9%D7%A0%D7%A9%D7%90%D7%A8%D7%95-%D7%9E%D7%90%D7%97%D7%95%D7%A8/ → nfct__blog_movies_D7_A0_D7_A9_D7_99_D7_9D-_D7_A9_D7_A0_D7_A9_D7_90_D7_A8_D7_95-_D7_9E___7022ef9b.md (7747 bytes)
  ✓ https://nfct.org.il/blog/movies/%D7%A0%D7%A9%D7%9B%D7%97-%D7%90%D7%AA-%D7%96%D7%94-%D7%A9%D7%95%D7%9D-%D7%93%D7%91%D7%A8-%D7%9C%D7%90-%D7%A7%D7%A8%D7%94/ → nfct__blog_movies_D7_A0_D7_A9_D7_9B_D7_97-_D7_90_D7_AA-_D7_96_D7_94-_D7_A9_D7_95_D7_9D__643e962e.md (7831 bytes)
  ✓ https://nfct.org.il/blog/movies/%D7%A0%D7%A9%D7%9E%D7%94-%D7%96%D7%A8%D7%94/ → nfct__blog_movies_D7_A0_D7_A9_D7_9E_D7_94-_D7_96_D7_A8_D7_94__35c4f08b.md (7600 bytes)
  ✗ https://nfct.org.il/blog/movies/%D7%A0%D7%A9%D7%9E%D7%95%D7%AA-%D7%96%D7%95%D7%A2%D7%9E%D7%95%D7%AA/: 429 Client Error: Too Many Requests for url: https://crawl4ai-wrapper-559961100092.europe-west1.run.app/scrape
  ✗ https://nfct.org.il/blog/movies/%D7%A0-%D7%93-%D7%90-%D7%A8%D7%99/: 429 Client Error: Too Many Requests for url: https://crawl4ai-wrapper-559961100092.europe-west1.run.app/scrape
  ✗ https://nfct.org.il/blog/movies/%D7%A1%D6%B7%D7%91%D6%BC%D7%95%D6%B9%D7%98%D6%B8%D7%90%D7%96/: 429 Client Error: Too Many Requests for url: https://crawl4ai-wrapper-559961100092.europe-west1.run.app/scrape
  ✗ https://nfct.org.il/blog/movies/%D7%A1%D7%90%D7%91%D7%95%D7%95%D7%99/: 429 Client Error: Too Many Requests for url: https://crawl4ai-wrapper-559961100092.europe-west1.run.app/scrape
  ✗ https://nfct.org.il/blog/movies/%D7%A1%D7%90%D7%91%D7%95%D7%98%D7%90%D7%96/: 429 Client Error: Too Many Requests for url: https://crawl4ai-wrapper-559961100092.europe-west1.run.app/scrape
  ✗ https://nfct.org.il/blog/movies/%D7%A1%D7%90%D7%91%D7%95%D7%99/: 429 Client Error: Too Many Requests for url: https://crawl4ai-wrapper-559961100092.europe-west1.run.app/scrape
  ✓ https://nfct.org.il/blog/movies/%D7%A0%D7%A9%D7%9E%D7%94-%D7%97%D7%99%D7%99%D7%96%D7%A8%D7%99%D7%AA/ → nfct__blog_movies_D7_A0_D7_A9_D7_9E_D7_94-_D7_97_D7_99_D7_99_D7_96_D7_A8_D7_99_D7_AA__68b28fba.md (8252 bytes)
  ✓ https://nfct.org.il/blog/movies/%D7%A0%D7%A9%D7%9E%D7%94-%D7%9C%D7%9E%D7%9B%D7%99%D7%A8%D7%94-%E2%80%93-Soul-For-Sale/ → nfct__blog_movies_D7_A0_D7_A9_D7_9E_D7_94-_D7_9C_D7_9E_D7_9B_D7_99_D7_A8_D7_94-_E2_80___43c31362.md (7726 bytes)
  ✗ https://nfct.org.il/blog/movies/%D7%A1%D7%90%D7%A1%D7%95%D7%9F-%D7%92%D7%91%D7%90%D7%99-%D7%90%D7%91%D7%99/: 429 Client Error: Too Many Requests for url: https://crawl4ai-wrapper-559961100092.europe-west1.run.app/scrape
  ✗ https://nfct.org.il/blog/movies/%D7%A1%D7%90%D7%A4%D7%99%D7%A8/: 429 Client Error: Too Many Requests for url: https://crawl4ai-wrapper-559961100092.europe-west1.run.app/scrape
  ✗ https://nfct.org.il/blog/movies/%D7%A1%D7%90%D7%A4-%D7%A7%D7%99%D7%95%D6%BC%D7%91/: 429 Client Error: Too Many Requests for url: https://crawl4ai-wrapper-559961100092.europe-west1.run.app/scrape
  ✓ https://nfct.org.il/blog/movies/%D7%A0%D7%A9%D7%9E%D7%94-%D7%9C%D7%9E%D7%9B%D7%99%D7%A8%D7%94/ → nfct__blog_movies_D7_A0_D7_A9_D7_9E_D7_94-_D7_9C_D7_9E_D7_9B_D7_99_D7_A8_D7_94__9c93b662.md (7654 bytes)
  ✗ https://nfct.org.il/blog/movies/%D7%A1%D7%91%D7%98%D7%90%D7%96/: 429 Client Error: Too Many Requests for url: https://crawl4ai-wrapper-559961100092.europe-west1.run.app/scrape
  ✗ https://nfct.org.il/blog/movies/%D7%A1%D7%91%D7%99%D7%9D/: 429 Client Error: Too Many Requests for url: https://crawl4ai-wrapper-559961100092.europe-west1.run.app/scrape
  ✗ https://nfct.org.il/blog/movies/%D7%A1%D7%91%D7%9C%D7%94%D7%92/: 429 Client Error: Too Many Requests for url: https://crawl4ai-wrapper-559961100092.europe-west1.run.app/scrape
  ✗ https://nfct.org.il/blog/movies/%D7%A1%D7%91%D7%9F-%D7%93%D7%90%D7%91%D7%9C-%D7%9C%D7%99%D7%9E%D7%99%D7%98%D7%93/: 429 Client Error: Too Many Requests for url: https://crawl4ai-wrapper-559961100092.europe-west1.run.app/scrape
  ✗ https://nfct.org.il/blog/movies/%D7%A1%D7%91%D7%AA%D7%90-%D7%9E%D7%99%D7%99%D7%96%D7%A1/: 429 Client Error: Too Many Requests for url: https://crawl4ai-wrapper-559961100092.europe-west1.run.app/scrape
  ✗ https://nfct.org.il/blog/movies/%D7%A1%D7%92%D7%95%D7%9C/: 429 Client Error: Too Many Requests for url: https://crawl4ai-wrapper-559961100092.europe-west1.run.app/scrape
  ✗ https://nfct.org.il/blog/movies/%D7%A1%D7%92%D7%95%D7%A8-%D7%A1%D7%92%D7%95%D7%A8-%D7%A1%D7%92%D7%99%D7%A8%D7%94/: 429 Client Error: Too Many Requests for url: https://crawl4ai-wrapper-559961100092.europe-west1.run.app/scrape
  ✗ https://nfct.org.il/blog/movies/%D7%A1%D7%93%D7%95%D7%A7%D7%A9%D7%9F-%D7%91%D7%A2%D7%9E/: 429 Client Error: Too Many Requests for url: https://crawl4ai-wrapper-559961100092.europe-west1.run.app/scrape
  ✗ https://nfct.org.il/blog/movies/%D7%A1%D7%93%D7%A8%D7%95%D7%AA-%D7%98%D7%98%D7%99%D7%90%D7%A0%D7%94/: 429 Client Error: Too Many Requests for url: https://crawl4ai-wrapper-559961100092.europe-west1.run.app/scrape
  ✗ https://nfct.org.il/blog/movies/%D7%A1%D7%95%D7%92%D7%A8%D7%99-%D7%9E%D7%A9%D7%A4%D7%97%D7%AA%D7%99/: 429 Client Error: Too Many Requests for url: https://crawl4ai-wrapper-559961100092.europe-west1.run.app/scrape
  ✓ https://nfct.org.il/blog/movies/%D7%A0%D7%A9%D7%99%D7%9D/ → nfct__blog_movies_D7_A0_D7_A9_D7_99_D7_9D__440b3226.md (26918 bytes)
  ✗ https://nfct.org.il/blog/movies/%D7%A1%D7%95%D7%93%D7%95%D7%AA-%D7%91%D7%99%D7%94%D7%93%D7%95%D7%AA/: 429 Client Error: Too Many Requests for url: https://crawl4ai-wrapper-559961100092.europe-west1.run.app/scrape
  ✗ https://nfct.org.il/blog/movies/%D7%A1%D7%95%D7%93%D7%95%D7%AA-%D7%94%D7%9E%D7%9C%D7%97%D7%9E%D7%94/: 429 Client Error: Too Many Requests for url: https://crawl4ai-wrapper-559961100092.europe-west1.run.app/scrape
  ✗ https://nfct.org.il/blog/movies/%D7%A1%D7%95%D7%93%D7%95%D7%AA-%D7%A9%D7%9C-%D7%90%D7%99%D7%99%D7%93%D7%94/: 429 Client Error: Too Many Requests for url: https://crawl4ai-wrapper-559961100092.europe-west1.run.app/scrape
  ✗ https://nfct.org.il/blog/movies/%D7%A1%D7%95%D7%93%D7%95%D7%AA-%D7%A9%D7%9C-%D7%A2%D7%90%D7%99%D7%93%D7%94/: 429 Client Error: Too Many Requests for url: https://crawl4ai-wrapper-559961100092.europe-west1.run.app/scrape
  ✓ https://nfct.org.il/blog/movies/%D7%A1%D7%90%D7%91%D7%9C%D7%99%D7%9E%D7%A0%D7%9C/ → nfct__blog_movies_D7_A1_D7_90_D7_91_D7_9C_D7_99_D7_9E_D7_A0_D7_9C__23c646d6.md (8195 bytes)
  ✗ https://nfct.org.il/blog/movies/%D7%A1%D7%95%D7%93%D7%95-%D7%A9%D7%9C-%D7%A8%D7%A9%D7%91%D7%99/: 429 Client Error: Too Many Requests for url: https://crawl4ai-wrapper-559961100092.europe-west1.run.app/scrape
  ✗ https://nfct.org.il/blog/movies/%D7%A1%D7%95%D7%93-%D7%A8%D7%A9%D7%91%D7%99/: 429 Client Error: Too Many Requests for url: https://crawl4ai-wrapper-559961100092.europe-west1.run.app/scrape
  ✗ https://nfct.org.il/blog/movies/%D7%A1%D7%95%D7%97%D7%A8%D7%99%D7%9D-%D7%91%D7%A2%D7%91%D7%93%D7%99%D7%9D/: 429 Client Error: Too Many Requests for url: https://crawl4ai-wrapper-559961100092.europe-west1.run.app/scrape
  ✗ https://nfct.org.il/blog/movies/%D7%A1%D7%95%D7%9C%D7%98%D7%9F-%D7%99%D7%A2%D7%A7%D7%95%D7%91/: 429 Client Error: Too Many Requests for url: https://crawl4ai-wrapper-559961100092.europe-west1.run.app/scrape
  ✓ https://nfct.org.il/blog/movies/%D7%A1%D7%91%D7%95%D7%98%D7%96/ → nfct__blog_movies_D7_A1_D7_91_D7_95_D7_98_D7_96__220909cb.md (7561 bytes)
  ✓ https://nfct.org.il/blog/movies/%D7%A1%D7%90%D7%98%D7%99%D7%A8%D7%94/ → nfct__blog_movies_D7_A1_D7_90_D7_98_D7_99_D7_A8_D7_94__e8e30286.md (7579 bytes)
  ✗ https://nfct.org.il/blog/movies/%D7%A1%D7%95%D7%A0%D7%98%D7%94-%D7%9C%D7%99%D7%94%D7%95%D7%93%D7%94/: 429 Client Error: Too Many Requests for url: https://crawl4ai-wrapper-559961100092.europe-west1.run.app/scrape
  ✓ https://nfct.org.il/blog/movies/%D7%A1%D7%95%D7%93%D7%95-%D7%A9%D7%9C-%D7%A8%D7%91%D7%99-%D7%A9%D7%9E%D7%A2%D7%95%D7%9F-%D7%91%D7%A8-%D7%99%D7%95%D7%97%D7%90%D7%99/ → nfct__blog_movies_D7_A1_D7_95_D7_93_D7_95-_D7_A9_D7_9C-_D7_A8_D7_91_D7_99-_D7_A9_D7_9E__45ec063c.md (8473 bytes)
  ✓ https://nfct.org.il/blog/movies/%D7%A1%D7%95%D7%9C%D7%9E%D7%99%D7%99%D7%98/ → nfct__blog_movies_D7_A1_D7_95_D7_9C_D7_9E_D7_99_D7_99_D7_98__1caeb00c.md (7597 bytes)
  ✓ https://nfct.org.il/blog/movies/%D7%A1%D7%95%D7%9F/ → nfct__blog_movies_D7_A1_D7_95_D7_9F__f0976431.md (8105 bytes)
  ✗ https://nfct.org.il/blog/movies/%D7%A1%D7%97%D7%A0%D7%99%D7%9F/: 429 Client Error: Too Many Requests for url: https://crawl4ai-wrapper-559961100092.europe-west1.run.app/scrape
  ✗ https://nfct.org.il/blog/movies/%D7%A1%D7%97%D7%A8-%D7%91%D7%A0%D7%A9%D7%99%D7%9D/: 429 Client Error: Too Many Requests for url: https://crawl4ai-wrapper-559961100092.europe-west1.run.app/scrape
  ✗ https://nfct.org.il/blog/movies/%D7%A1%D7%98%D7%90%D7%9C%D7%90%D7%92%D7%A1---%D7%A9%D7%95%D7%90%D7%94-%D7%95%D7%A4%D7%95%D7%A8%D7%A0%D7%95%D7%92%D7%A8%D7%A4%D7%99%D7%94/: 429 Client Error: Too Many Requests for url: https://crawl4ai-wrapper-559961100092.europe-west1.run.app/scrape
  ✗ https://nfct.org.il/blog/movies/%D7%A1%D7%98%D7%90%D7%9C%D7%92%D7%99%D7%9D-%E2%80%93-%D7%A9%D7%95%D7%90%D7%94-%D7%95%D7%A4%D7%95%D7%A8%D7%A0%D7%95%D7%92%D7%A8%D7%A4%D7%99%D7%94-%D7%91%D7%99%D7%A9%D7%A8%D7%90%D7%9C/: 429 Client Error: Too Many Requests for url: https://crawl4ai-wrapper-559961100092.europe-west1.run.app/scrape
  ✓ https://nfct.org.il/blog/movies/%D7%A1%D7%95%D7%93%D7%95%D7%AA%D7%99%D7%94-%D7%A9%D7%9C-%D7%90%D7%99%D7%99%D7%93%D7%94/ → nfct__blog_movies_D7_A1_D7_95_D7_93_D7_95_D7_AA_D7_99_D7_94-_D7_A9_D7_9C-_D7_90_D7_99___a79004cd.md (8338 bytes)
  ✓ https://nfct.org.il/blog/movies/%D7%A1%D7%95%D7%A4%D7%A8%D7%99%D7%9D-%D7%9B%D7%91%D7%A9%D7%99%D7%9D/ → nfct__blog_movies_D7_A1_D7_95_D7_A4_D7_A8_D7_99_D7_9D-_D7_9B_D7_91_D7_A9_D7_99_D7_9D__bb965ccf.md (8252 bytes)
  ✓ https://nfct.org.il/blog/movies/%D7%A1%D7%95%D7%A8%D7%99%D7%90%D7%9C%D7%99%D7%96%D7%9D/ → nfct__blog_movies_D7_A1_D7_95_D7_A8_D7_99_D7_90_D7_9C_D7_99_D7_96_D7_9D__6bf214a5.md (7633 bytes)
  ✓ https://nfct.org.il/blog/movies/%D7%A1%D7%95%D7%A8%D7%90%D7%9C%D7%99%D7%96%D7%9D/ → nfct__blog_movies_D7_A1_D7_95_D7_A8_D7_90_D7_9C_D7_99_D7_96_D7_9D__f0b0eb13.md (8195 bytes)
  ✗ https://nfct.org.il/blog/movies/%D7%A1%D7%98%D7%95%D7%93%D7%A0%D7%98%D7%99%D7%9D-%2F-22-%D7%93%D7%A7%D7%95%D7%AA-%2F-%D7%AA%D7%99%D7%A2%D7%95%D7%93%D7%99/: 429 Client Error: Too Many Requests for url: https://crawl4ai-wrapper-559961100092.europe-west1.run.app/scrape
  ✗ https://nfct.org.il/blog/movies/%D7%A1%D7%98%D7%95%D7%93%D7%A0%D7%98%D7%99%D7%9D/: 429 Client Error: Too Many Requests for url: https://crawl4ai-wrapper-559961100092.europe-west1.run.app/scrape
  ✗ https://nfct.org.il/blog/movies/%D7%A1%D7%98%D7%95%D7%93%D7%A0%D7%98-%2F-5-%D7%93%D7%A7%D7%95%D7%AA/: 429 Client Error: Too Many Requests for url: https://crawl4ai-wrapper-559961100092.europe-west1.run.app/scrape
  ✓ https://nfct.org.il/blog/movies/%D7%A1%D7%98%D7%90%D7%9C%D7%92%D7%99%D7%9D---%D7%A9%D7%95%D7%90%D7%94-%D7%95%D7%A4%D7%95%D7%A8%D7%A0%D7%95%D7%92%D7%A8%D7%A4%D7%99%D7%94-%D7%91%D7%99%D7%A9%D7%A8%D7%90%D7%9C/ → nfct__blog_movies_D7_A1_D7_98_D7_90_D7_9C_D7_92_D7_99_D7_9D---_D7_A9_D7_95_D7_90_D7_94__e475265c.md (16635 bytes)
  ✓ https://nfct.org.il/blog/movies/%D7%A1%D7%98%D7%95%D7%93%D7%A0%D7%98%D7%99%D7%9D-%2F-18-%D7%93%D7%A7%D7%95%D7%AA-%2F-%D7%A2%D7%9C%D7%99%D7%9C%D7%AA%D7%99/ → nfct__blog_movies_D7_A1_D7_98_D7_95_D7_93_D7_A0_D7_98_D7_99_D7_9D-_2F-18-_D7_93_D7_A7___1067cc08.md (7834 bytes)
  ✓ https://nfct.org.il/blog/movies/%D7%A1%D7%98%D7%95%D7%93%D7%A0%D7%98%D7%99%D7%9D-%2F-%D7%AA%D7%99%D7%A2%D7%95%D7%93%D7%99/ → nfct__blog_movies_D7_A1_D7_98_D7_95_D7_93_D7_A0_D7_98_D7_99_D7_9D-_2F-_D7_AA_D7_99_D7___ac904fda.md (7738 bytes)
  ✓ https://nfct.org.il/blog/movies/%D7%A1%D7%98%D7%95%D7%93%D7%A0%D7%98%D7%99%D7%9D-%2F-%D7%AA%D7%99%D7%A2%D7%95%D7%93%D7%99-%2F-12-%D7%93%D7%A7%D7%95%D7%AA/ → nfct__blog_movies_D7_A1_D7_98_D7_95_D7_93_D7_A0_D7_98_D7_99_D7_9D-_2F-_D7_AA_D7_99_D7___d90cd7e8.md (8443 bytes)
  ✓ https://nfct.org.il/blog/movies/%D7%A1%D7%98%D7%95%D7%A4-%D7%9E%D7%95%D7%A9%D7%9F/ → nfct__blog_movies_D7_A1_D7_98_D7_95_D7_A4-_D7_9E_D7_95_D7_A9_D7_9F__b092055a.md (7618 bytes)
  ✓ https://nfct.org.il/blog/movies/%D7%A1%D7%98%D7%99%D7%94/ → nfct__blog_movies_D7_A1_D7_98_D7_99_D7_94__be9e2f8c.md (7543 bytes)
  ✓ https://nfct.org.il/blog/movies/%D7%A1%D7%98%D7%95%D7%93%D7%A0%D7%98/ → nfct__blog_movies_D7_A1_D7_98_D7_95_D7_93_D7_A0_D7_98__04b0a92e.md (7579 bytes)
  ✗ https://nfct.org.il/blog/movies/%D7%A1%D7%99%D7%91%D7%AA-%D7%9E%D7%95%D7%95%D7%AA/: 429 Client Error: Too Many Requests for url: https://crawl4ai-wrapper-559961100092.europe-west1.run.app/scrape
  ✗ https://nfct.org.il/blog/movies/%D7%A1%D7%99%D7%92%D7%9C%D7%99%D7%AA-%D7%96%D7%94%D7%91/: 429 Client Error: Too Many Requests for url: https://crawl4ai-wrapper-559961100092.europe-west1.run.app/scrape
  ✓ https://nfct.org.il/blog/movies/%D7%A1%D7%98%D7%9C%D7%92%D7%99%D7%9D---%D7%A9%D7%95%D7%90%D7%94-%D7%95%D7%A4%D7%95%D7%A8%D7%A0%D7%95%D7%92%D7%A8%D7%A4%D7%99%D7%94/ → nfct__blog_movies_D7_A1_D7_98_D7_9C_D7_92_D7_99_D7_9D---_D7_A9_D7_95_D7_90_D7_94-_D7_9__23aec050.md (8441 bytes)
  ✓ https://nfct.org.il/blog/movies/%D7%A1%D7%98%D7%9C%D7%92%D7%A1---%D7%A9%D7%95%D7%90%D7%94-%D7%95%D7%A4%D7%95%D7%A8%D7%A0%D7%95%D7%92%D7%A8%D7%A4%D7%99%D7%94/ → nfct__blog_movies_D7_A1_D7_98_D7_9C_D7_92_D7_A1---_D7_A9_D7_95_D7_90_D7_94-_D7_95_D7_A__bb519816.md (8423 bytes)
  ✓ https://nfct.org.il/blog/movies/%D7%A1%D7%98%D7%9C%D7%92-%D7%A1-%D7%A9%D7%95%D7%90%D7%94-%D7%95%D7%A4%D7%95%D7%A8%D7%A0%D7%95%D7%92%D7%A8%D7%A4%D7%99%D7%94/ → nfct__blog_movies_D7_A1_D7_98_D7_9C_D7_92-_D7_A1-_D7_A9_D7_95_D7_90_D7_94-_D7_95_D7_A4__f1831352.md (7840 bytes)
  ✗ https://nfct.org.il/blog/movies/%D7%A1%D7%99%D7%9E%D7%9F-%D7%94%D7%9E%D7%99%D7%9D/: 429 Client Error: Too Many Requests for url: https://crawl4ai-wrapper-559961100092.europe-west1.run.app/scrape
  ✗ https://nfct.org.il/blog/movies/%D7%A1%D7%99%D7%9E%D7%A0%D7%99-%D7%9E%D7%99%D7%9D/: 429 Client Error: Too Many Requests for url: https://crawl4ai-wrapper-559961100092.europe-west1.run.app/scrape
  ✗ https://nfct.org.il/blog/movies/%D7%A1%D7%99%D7%A0%D7%9E%D7%94-%D7%A1%D7%91%D7%90%D7%99%D7%94/: 429 Client Error: Too Many Requests for url: https://crawl4ai-wrapper-559961100092.europe-west1.run.app/scrape
  ✓ https://nfct.org.il/blog/movies/%D7%A1%D7%98%D7%9C%D7%92%D7%A1--%D7%A9%D7%95%D7%90%D7%94-%D7%95%D7%A4%D7%95%D7%A8%D7%A0%D7%95%D7%92%D7%A8%D7%A4%D7%99%D7%94/ → nfct__blog_movies_D7_A1_D7_98_D7_9C_D7_92_D7_A1--_D7_A9_D7_95_D7_90_D7_94-_D7_95_D7_A4__36d23e6f.md (8420 bytes)
  ✓ https://nfct.org.il/blog/movies/%D7%A1%D7%99%D7%99%D7%A4-%D7%A7%D7%95%D7%91/ → nfct__blog_movies_D7_A1_D7_99_D7_99_D7_A4-_D7_A7_D7_95_D7_91__687eaff3.md (8209 bytes)
  ✓ https://nfct.org.il/blog/movies/%D7%A1%D7%99%D7%99%D7%A4%D7%A7%D7%95%D7%91/ → nfct__blog_movies_D7_A1_D7_99_D7_99_D7_A4_D7_A7_D7_95_D7_91__384e3869.md (7597 bytes)
  ✗ https://nfct.org.il/blog/movies/%D7%A1%D7%99%D7%A4%D7%95%D7%A8%D7%95-%D7%A9%D7%9C-%D7%A9%D7%91%D7%9B/: 429 Client Error: Too Many Requests for url: https://crawl4ai-wrapper-559961100092.europe-west1.run.app/scrape
  ✗ https://nfct.org.il/blog/movies/%D7%A1%D7%99%D7%A4%D7%95%D7%A8%D7%99-%D7%97%D7%95%D7%A3/: 429 Client Error: Too Many Requests for url: https://crawl4ai-wrapper-559961100092.europe-west1.run.app/scrape
  ✗ https://nfct.org.il/blog/movies/%D7%A1%D7%99%D7%A4%D7%95%D7%A8%D7%9D-%D7%A9%D7%9C-5-%D7%9E%D7%A9%D7%95%D7%A8%D7%A8%D7%99%D7%9D-%D7%99%D7%A9%D7%A8%D7%90%D7%9C%D7%99%D7%9D/: 429 Client Error: Too Many Requests for url: https://crawl4ai-wrapper-559961100092.europe-west1.run.app/scrape
  ✓ https://nfct.org.il/blog/movies/%D7%A1%D7%99%D7%9C%D7%94/ → nfct__blog_movies_D7_A1_D7_99_D7_9C_D7_94__a31bf83d.md (7543 bytes)
  ✓ https://nfct.org.il/blog/movies/%D7%A1%D7%99%D7%A4%D7%95%D7%A8%D7%94-%D7%A9%D7%9C-%D7%90%D7%99%D7%A9%D7%94-%D7%95%D7%92%D7%9C%D7%99%D7%9E%D7%94/ → nfct__blog_movies_D7_A1_D7_99_D7_A4_D7_95_D7_A8_D7_94-_D7_A9_D7_9C-_D7_90_D7_99_D7_A9___c529be3a.md (7804 bytes)
  ✓ https://nfct.org.il/blog/movies/%D7%A1%D7%99%D7%A4%D7%95%D7%A8%D7%95-%D7%94%D7%90%D7%97%D7%A8%D7%95%D7%9F-%D7%A9%D7%9C-%D7%A7%D7%A4%D7%A7%D7%90/ → nfct__blog_movies_D7_A1_D7_99_D7_A4_D7_95_D7_A8_D7_95-_D7_94_D7_90_D7_97_D7_A8_D7_95_D__5b8726d4.md (8384 bytes)
  ✓ https://nfct.org.il/blog/movies/%D7%A1%D7%99%D7%A4%D7%95%D7%A8%D7%94-%D7%A9%D7%9C-%D7%90%D7%99%D7%A9%D7%94-%D7%95%D7%A9%D7%9E%D7%9C%D7%94/ → nfct__blog_movies_D7_A1_D7_99_D7_A4_D7_95_D7_A8_D7_94-_D7_A9_D7_9C-_D7_90_D7_99_D7_A9___0bf6036c.md (10010 bytes)
  ✓ https://nfct.org.il/blog/movies/%D7%A1%D7%99%D7%A4%D7%95%D7%A8-%D7%93%D7%92/ → nfct__blog_movies_D7_A1_D7_99_D7_A4_D7_95_D7_A8-_D7_93_D7_92__2fa0e2fa.md (7600 bytes)
  ✓ https://nfct.org.il/blog/movies/%D7%A1%D7%99%D7%A4%D7%95%D7%A8-%D7%9E%D7%9C%D7%97%D7%9E%D7%94-%D7%A9%D7%9C-%D7%90%D7%A0%D7%93%D7%A8%D7%93%D7%95%D7%92%D7%A1/ → nfct__blog_movies_D7_A1_D7_99_D7_A4_D7_95_D7_A8-_D7_9E_D7_9C_D7_97_D7_9E_D7_94-_D7_A9___72d0ddea.md (7840 bytes)
  ✓ https://nfct.org.il/blog/movies/%D7%A1%D7%99%D7%A4%D7%95%D7%A8-%D7%9E%D7%9C%D7%97%D7%9E%D7%94-%D7%A9%D7%9C-%D7%9C%D7%95%D7%96%D7%A8%D7%99%D7%9D/ → nfct__blog_movies_D7_A1_D7_99_D7_A4_D7_95_D7_A8-_D7_9E_D7_9C_D7_97_D7_9E_D7_94-_D7_A9___198d22e2.md (7804 bytes)
  ✓ https://nfct.org.il/blog/movies/%D7%A1%D7%99%D7%A4%D7%95%D7%A8-%D7%A9%D7%9E%D7%AA%D7%97%D7%99%D7%9C-%D7%91%D7%A9%D7%9C%D7%95%D7%A9-%D7%93%D7%99%D7%A8%D7%95%D7%AA/ → nfct__blog_movies_D7_A1_D7_99_D7_A4_D7_95_D7_A8-_D7_A9_D7_9E_D7_AA_D7_97_D7_99_D7_9C-___1346ec73.md (7858 bytes)
  ✓ https://nfct.org.il/blog/movies/%D7%A1%D7%99%D7%A4%D7%95%D7%A8-%D7%A9%D7%9E%D7%AA%D7%97%D7%99%D7%9C-%D7%91%D7%A9%D7%9C%D7%95%D7%A9-%D7%A0%D7%A9%D7%99%D7%9D/ → nfct__blog_movies_D7_A1_D7_99_D7_A4_D7_95_D7_A8-_D7_A9_D7_9E_D7_AA_D7_97_D7_99_D7_9C-___acbf9521.md (7840 bytes)
  ✓ https://nfct.org.il/blog/movies/%D7%A1%D7%99%D7%A4%D7%95%D7%A8-%D7%A9%D7%9E%D7%AA%D7%97%D7%99%D7%9C-%D7%91%D7%A9%D7%9C%D7%95%D7%A9-%D7%97%D7%93%D7%A8%D7%99%D7%9D/ → nfct__blog_movies_D7_A1_D7_99_D7_A4_D7_95_D7_A8-_D7_A9_D7_9E_D7_AA_D7_97_D7_99_D7_9C-___7243e17d.md (10226 bytes)
  ✓ https://nfct.org.il/blog/movies/%D7%A1%D7%99%D7%A8%D7%AA-%D7%AA%D7%95%D7%AA%D7%97/ → nfct__blog_movies_D7_A1_D7_99_D7_A8_D7_AA-_D7_AA_D7_95_D7_AA_D7_97__55c0ac23.md (7618 bytes)
  ✓ https://nfct.org.il/blog/movies/%D7%A1%D7%99-%D7%A4%D7%95%D7%93-%D7%9E%D7%A8%D7%A7%D7%98/ → nfct__blog_movies_D7_A1_D7_99-_D7_A4_D7_95_D7_93-_D7_9E_D7_A8_D7_A7_D7_98__b4357c5c.md (7639 bytes)
  ✓ https://nfct.org.il/blog/movies/%D7%A1%D7%9B%D7%A1%D7%95%D7%9A-%D7%94%D7%9E%D7%A9%D7%A4%D7%97%D7%AA%D7%99/ → nfct__blog_movies_D7_A1_D7_9B_D7_A1_D7_95_D7_9A-_D7_94_D7_9E_D7_A9_D7_A4_D7_97_D7_AA_D__b5e0f21a.md (7690 bytes)
  ✓ https://nfct.org.il/blog/movies/%D7%A1%D7%9C%D7%99%D7%9D-%D7%91%D7%A8%D7%A7%D7%90%D7%AA/ → nfct__blog_movies_D7_A1_D7_9C_D7_99_D7_9D-_D7_91_D7_A8_D7_A7_D7_90_D7_AA__ca3e2341.md (7636 bytes)
  ✓ https://nfct.org.il/blog/movies/%D7%A1%D7%9C%D7%9E%D7%94/ → nfct__blog_movies_D7_A1_D7_9C_D7_9E_D7_94__485e318a.md (8123 bytes)
  ✓ https://nfct.org.il/blog/movies/%D7%A1%D7%9C%D7%99%D7%97%D7%94-%D7%9C%D7%90-%D7%A0%D7%9E%D7%A6%D7%90-%D7%AA%D7%95%D7%A6%D7%90%D7%95%D7%AA-%D7%91%D7%A7%D7%A8%D7%99%D7%98%D7%A8%D7%99%D7%95%D7%A0%D7%99%D7%9D-%D7%A9%D7%A0%D7%91%D7%97%D7%A8%D7%95/ → nfct__blog_movies_D7_A1_D7_9C_D7_99_D7_97_D7_94-_D7_9C_D7_90-_D7_A0_D7_9E_D7_A6_D7_90-__5be1add5.md (10946 bytes)
  ✓ https://nfct.org.il/blog/movies/%D7%A1%D7%9C%D7%A1%D7%94/ → nfct__blog_movies_D7_A1_D7_9C_D7_A1_D7_94__b4454962.md (18556 bytes)
  ✓ https://nfct.org.il/blog/movies/%D7%A1%D7%9C%D7%A7%D7%A6%D7%99%D7%95%D7%AA/ → nfct__blog_movies_D7_A1_D7_9C_D7_A7_D7_A6_D7_99_D7_95_D7_AA__2be6de7e.md (8177 bytes)
  ✓ https://nfct.org.il/blog/movies/%D7%A1%D7%9C%D7%A2-%D7%A0%D7%99%D7%99%D7%A8-%D7%9E%D7%A1%D7%A4%D7%A8%D7%99%D7%99%D7%9D/ → nfct__blog_movies_D7_A1_D7_9C_D7_A2-_D7_A0_D7_99_D7_99_D7_A8-_D7_9E_D7_A1_D7_A4_D7_A8___9f3e9048.md (7729 bytes)
  ✓ https://nfct.org.il/blog/movies/%D7%A1%D7%9D-%D7%90%D7%95%D7%A0%D7%A1/ → nfct__blog_movies_D7_A1_D7_9D-_D7_90_D7_95_D7_A0_D7_A1__6f48e76b.md (7582 bytes)
  ✓ https://nfct.org.il/blog/movies/%D7%A1%D7%A0%D7%A4%D7%99%D7%A8-%D7%94%D7%97%D7%95%D7%A4%D7%A9-%D7%A2%D7%95%D7%A0%D7%94-2/ → nfct__blog_movies_D7_A1_D7_A0_D7_A4_D7_99_D7_A8-_D7_94_D7_97_D7_95_D7_A4_D7_A9-_D7_A2___1e3998ee.md (7735 bytes)
  ✓ https://nfct.org.il/blog/movies/%D7%A1%D7%9E%D7%99%D7%A0%D7%A8-%D7%94%D7%A7%D7%99%D7%91%D7%95%D7%A6%D7%99%D7%9D/ → nfct__blog_movies_D7_A1_D7_9E_D7_99_D7_A0_D7_A8-_D7_94_D7_A7_D7_99_D7_91_D7_95_D7_A6_D__8d0bfae7.md (8288 bytes)
  ✓ https://nfct.org.il/blog/movies/%D7%A1%D7%9C%D7%A7%D7%A9%D7%A0%D7%A1/ → nfct__blog_movies_D7_A1_D7_9C_D7_A7_D7_A9_D7_A0_D7_A1__64c37229.md (8159 bytes)
  ✓ https://nfct.org.il/blog/movies/%D7%A1%D7%A4%D7%95%D7%98%D7%98%D7%99%D7%A0%D7%92-%D7%99%D7%95%D7%A1%D7%99/ → nfct__blog_movies_D7_A1_D7_A4_D7_95_D7_98_D7_98_D7_99_D7_A0_D7_92-_D7_99_D7_95_D7_A1_D__6a8c0676.md (7690 bytes)
  ✓ https://nfct.org.il/blog/movies/%D7%A1%D7%A4%D7%95%D7%98%D7%A0%D7%92-%D7%99%D7%95%D7%A1%D7%99/ → nfct__blog_movies_D7_A1_D7_A4_D7_95_D7_98_D7_A0_D7_92-_D7_99_D7_95_D7_A1_D7_99__020901c9.md (8234 bytes)
  ✓ https://nfct.org.il/blog/movies/%D7%A1%D7%A4%D7%95%D7%A8%D7%98-%D7%90%D7%AA%D7%92%D7%A8%D7%99/ → nfct__blog_movies_D7_A1_D7_A4_D7_95_D7_A8_D7_98-_D7_90_D7_AA_D7_92_D7_A8_D7_99__e814908a.md (7654 bytes)
  ✓ https://nfct.org.il/blog/movies/%D7%A1%D7%A4%D7%99%D7%99%D7%A1%D7%A7%D7%99%D7%95%D6%BC%D7%91/ → nfct__blog_movies_D7_A1_D7_A4_D7_99_D7_99_D7_A1_D7_A7_D7_99_D7_95_D6_BC_D7_91__7bb7036a.md (7651 bytes)
  ✓ https://nfct.org.il/blog/movies/%D7%A1%D7%A4%D7%99%D7%A8%D7%94-%D7%9C%D7%90%D7%97%D7%95%D7%A8-%D7%9C%D7%9E%D7%95%D7%95%D7%AA/ → nfct__blog_movies_D7_A1_D7_A4_D7_99_D7_A8_D7_94-_D7_9C_D7_90_D7_97_D7_95_D7_A8-_D7_9C___5fb2641a.md (7747 bytes)
  ✓ https://nfct.org.il/blog/movies/%D7%A1%D7%A4%D7%99%D7%A8%D7%AA-%D7%9B%D7%91%D7%A9%D7%99%D7%9D/ → nfct__blog_movies_D7_A1_D7_A4_D7_99_D7_A8_D7_AA-_D7_9B_D7_91_D7_A9_D7_99_D7_9D__34dc7297.md (7654 bytes)
  ✗ https://nfct.org.il/blog/movies/%D7%A1%D7%A4%D7%A7-%D7%99%D7%9C%D7%93%D7%94-%D7%A1%D7%A4%D7%A7-%D7%90%D7%99%D7%A9%D7%94/: 429 Client Error: Too Many Requests for url: https://crawl4ai-wrapper-559961100092.europe-west1.run.app/scrape
  ✗ https://nfct.org.il/blog/movies/%D7%A1%D7%A4%D7%A8%D7%95%D7%AA-%D7%95%D7%AA%D7%A8%D7%91%D7%95%D7%AA/: 429 Client Error: Too Many Requests for url: https://crawl4ai-wrapper-559961100092.europe-west1.run.app/scrape
  ✓ https://nfct.org.il/blog/movies/%D7%A1%D7%A4%D7%95%D7%A8%D7%99%D7%94/ → nfct__blog_movies_D7_A1_D7_A4_D7_95_D7_A8_D7_99_D7_94__e1de6b35.md (9389 bytes)
  ✗ https://nfct.org.il/blog/movies/%D7%A1%D7%A4%D7%A8-%D7%90%D7%91%D7%99%D7%A9%D7%A2/: 429 Client Error: Too Many Requests for url: https://crawl4ai-wrapper-559961100092.europe-west1.run.app/scrape
  ✓ https://nfct.org.il/blog/movies/%D7%A1%D7%A4%D7%9C%D7%99%D7%98/ → nfct__blog_movies_D7_A1_D7_A4_D7_9C_D7_99_D7_98__f8633ced.md (7561 bytes)
  ✗ https://nfct.org.il/blog/movies/%D7%A1%D7%A7%D7%95%D7%A8%D7%A0%D7%99%D7%A7---%D7%91%D7%A9%D7%9D-%D7%94%D7%90%D7%91/: 429 Client Error: Too Many Requests for url: https://crawl4ai-wrapper-559961100092.europe-west1.run.app/scrape
  ✓ https://nfct.org.il/blog/movies/%D7%A1%D7%A4%D7%A1%D7%9C/ → nfct__blog_movies_D7_A1_D7_A4_D7_A1_D7_9C__b7599b04.md (7543 bytes)
  ✓ https://nfct.org.il/blog/movies/%D7%A1%D7%A7%D7%95%D7%A8%D7%A0%D7%99%D7%A7-%E2%80%93-%D7%91%D7%A9%D7%9D-%D7%94%D7%90%D7%91/ → nfct__blog_movies_D7_A1_D7_A7_D7_95_D7_A8_D7_A0_D7_99_D7_A7-_E2_80_93-_D7_91_D7_A9_D7___9da46977.md (7741 bytes)
  ✓ https://nfct.org.il/blog/movies/%D7%A1%D7%A7%D7%A1-%D7%A2%D7%9D-%D7%91%D7%95%D7%91%D7%94/ → nfct__blog_movies_D7_A1_D7_A7_D7_A1-_D7_A2_D7_9D-_D7_91_D7_95_D7_91_D7_94__3e1bc19a.md (7639 bytes)
  ✓ https://nfct.org.il/blog/movies/%D7%A1%D7%A4%D7%A8%D7%99-%D7%90%D7%9C%D7%99%D7%A9/ → nfct__blog_movies_D7_A1_D7_A4_D7_A8_D7_99-_D7_90_D7_9C_D7_99_D7_A9__4fd6dec5.md (8227 bytes)
  ✓ https://nfct.org.il/blog/movies/%D7%A1%D7%A7%D7%A8%D7%99%D7%9D/ → nfct__blog_movies_D7_A1_D7_A7_D7_A8_D7_99_D7_9D__85751846.md (7561 bytes)
  ✓ https://nfct.org.il/blog/movies/%D7%A1%D7%A7%D7%99%D7%9F/ → nfct__blog_movies_D7_A1_D7_A7_D7_99_D7_9F__e33b0a91.md (7543 bytes)
  ✗ https://nfct.org.il/blog/movies/%D7%A1%D7%A8%D7%98%D7%99%D7%9D/: 429 Client Error: Too Many Requests for url: https://crawl4ai-wrapper-559961100092.europe-west1.run.app/scrape
  ✓ https://nfct.org.il/blog/movies/%D7%A1%D7%A8%D7%98%D7%94-%D7%A9%D7%9C-%D7%90%D7%A8%D7%A0%D7%94/ → nfct__blog_movies_D7_A1_D7_A8_D7_98_D7_94-_D7_A9_D7_9C-_D7_90_D7_A8_D7_A0_D7_94__6065e52a.md (7657 bytes)
  ✓ https://nfct.org.il/blog/movies/%D7%A1%D7%A8%D7%98%D7%95%D7%9F-%D7%AA%D7%93%D7%9E%D7%99%D7%AA-%D7%AA%D7%99%D7%99%D7%A8%D7%95%D7%AA%D7%99-%D7%9C%D7%9E%D7%9B%D7%95%D7%A0%D7%AA-%D7%A7%D7%A4%D7%94-%D7%A6%D7%99%D7%91%D7%95%D7%A8%D7%99%D7%AA/ → nfct__blog_movies_D7_A1_D7_A8_D7_98_D7_95_D7_9F-_D7_AA_D7_93_D7_9E_D7_99_D7_AA-_D7_AA___ae00ea64.md (8080 bytes)
  ✓ https://nfct.org.il/blog/movies/%D7%A1%D7%A8%D7%98%D7%99%D7%9D-%D7%A2%D7%9C-%D7%99%D7%95%D7%A6%D7%90%D7%99-%D7%90%D7%AA%D7%99%D7%95%D7%A4%D7%99%D7%94/ → nfct__blog_movies_D7_A1_D7_A8_D7_98_D7_99_D7_9D-_D7_A2_D7_9C-_D7_99_D7_95_D7_A6_D7_90___c19038a5.md (8431 bytes)
  ✓ https://nfct.org.il/blog/movies/%D7%A1%D7%A8%D7%98%D7%99-%D7%94%D7%A7%D7%A8%D7%9F/ → nfct__blog_movies_D7_A1_D7_A8_D7_98_D7_99-_D7_94_D7_A7_D7_A8_D7_9F__6fb3cdd5.md (8227 bytes)
  ✓ https://nfct.org.il/blog/movies/%D7%A1%D7%A8%D7%98%D7%99-%D7%9B%D7%A5%D7%9E%D7%9F/ → nfct__blog_movies_D7_A1_D7_A8_D7_98_D7_99-_D7_9B_D7_A5_D7_9E_D7_9F__57b4302f.md (7618 bytes)
  ✓ https://nfct.org.il/blog/movies/%D7%A1%D7%A8%D7%98%D7%99-%D7%9E%D7%94%D7%A4%D7%9B%D7%94/ → nfct__blog_movies_D7_A1_D7_A8_D7_98_D7_99-_D7_9E_D7_94_D7_A4_D7_9B_D7_94__1646c620.md (7636 bytes)
  ✗ https://nfct.org.il/blog/movies/%D7%A1%D7%99%D7%A4%D7%95%D7%A8-%D7%A9%D7%9E%D7%AA%D7%97%D7%99%D7%9C-%D7%91%D7%A9%D7%9C%D7%95%D7%A9%D7%94-%D7%97%D7%93%D7%A8%D7%99%D7%9D/: HTTPSConnectionPool(host='crawl4ai-wrapper-559961100092.europe-west1.run.app', port=443): Read timed out. (read timeout=120)
  ✗ https://nfct.org.il/blog/movies/%D7%A1%D7%A8%D7%98-%D7%92%D7%9E%D7%A8-%D7%A1%D7%98%D7%95%D7%93%D7%A0%D7%98%D7%99%D7%9D/: 429 Client Error: Too Many Requests for url: https://crawl4ai-wrapper-559961100092.europe-west1.run.app/scrape
  ✗ https://nfct.org.il/blog/movies/%D7%A1%D7%A8%D7%98-%D7%9C%D7%90-%D7%92%D7%9E%D7%95%D7%A8/: 429 Client Error: Too Many Requests for url: https://crawl4ai-wrapper-559961100092.europe-west1.run.app/scrape
  ✗ https://nfct.org.il/blog/movies/%D7%A1%D7%A8%D7%98-%D7%A7%D7%A6%D7%A8/: 429 Client Error: Too Many Requests for url: https://crawl4ai-wrapper-559961100092.europe-west1.run.app/scrape
  ✗ https://nfct.org.il/blog/movies/%D7%A1%D7%A9%D7%94-%D7%92%D7%91%D7%90%D7%99-%D7%90%D7%91%D7%99/: 429 Client Error: Too Many Requests for url: https://crawl4ai-wrapper-559961100092.europe-west1.run.app/scrape
  ✓ https://nfct.org.il/blog/movies/%D7%A1%D7%A8%D7%98%D7%99-%D7%A8%D7%A2%D7%91/ → nfct__blog_movies_D7_A1_D7_A8_D7_98_D7_99-_D7_A8_D7_A2_D7_91__e4546d8c.md (20955 bytes)
  ✗ https://nfct.org.il/blog/movies/%D7%A1%D7%A9%D7%95%D7%9F-%D7%92%D7%91%D7%90%D7%99-%D7%90%D7%91%D7%99/: 429 Client Error: Too Many Requests for url: https://crawl4ai-wrapper-559961100092.europe-west1.run.app/scrape
  ✓ https://nfct.org.il/blog/movies/%D7%A1%D7%A8%D7%98-%D7%90%D7%99%D7%A0%D7%98%D7%A8%D7%90%D7%A7%D7%98%D7%99%D7%91%D7%99/ → nfct__blog_movies_D7_A1_D7_A8_D7_98-_D7_90_D7_99_D7_A0_D7_98_D7_A8_D7_90_D7_A7_D7_98_D__011b2471.md (8306 bytes)
  ✓ https://nfct.org.il/blog/movies/%D7%A1%D7%A8%D7%98-%D7%91%D7%93%D7%99%D7%95%D7%A0%D7%99/ → nfct__blog_movies_D7_A1_D7_A8_D7_98-_D7_91_D7_93_D7_99_D7_95_D7_A0_D7_99__8521e593.md (7636 bytes)
  ✓ https://nfct.org.il/blog/movies/%D7%A1%D7%A9%D7%94-%D7%9B%D7%94%D7%9F-%D7%90%D7%91%D7%99/ → nfct__blog_movies_D7_A1_D7_A9_D7_94-_D7_9B_D7_94_D7_9F-_D7_90_D7_91_D7_99__45308540.md (8248 bytes)
  ✓ https://nfct.org.il/blog/movies/%D7%A1-%D7%99%D7%9C%D7%94/ → nfct__blog_movies_D7_A1-_D7_99_D7_9C_D7_94__c384c0c6.md (8126 bytes)
  ✗ https://nfct.org.il/blog/movies/%D7%A2%D7%91%D7%95%D7%93%D7%AA-%D7%A9%D7%95%D7%A8%D7%A9%D7%99%D7%9D/: 429 Client Error: Too Many Requests for url: https://crawl4ai-wrapper-559961100092.europe-west1.run.app/scrape
  ✓ https://nfct.org.il/blog/movies/%D7%A1-%D7%99-%D7%9C-%D7%94/ → nfct__blog_movies_D7_A1-_D7_99-_D7_9C-_D7_94__493ebb3d.md (8132 bytes)
  ✗ https://nfct.org.il/blog/movies/%D7%A2%D7%93%D7%94-%D7%97%D7%A1%D7%A8%D7%AA-%D7%A7%D7%95%D7%9C/: 429 Client Error: Too Many Requests for url: https://crawl4ai-wrapper-559961100092.europe-west1.run.app/scrape
  ✓ https://nfct.org.il/blog/movies/%D7%A1%D7%AA%D7%9D-%D7%A2%D7%95%D7%91%D7%A8%D7%99%D7%9D-%D7%A2%D7%9D-%D7%93%D7%A8-%D7%96%D7%95%D7%A1%D7%9E%D7%9F/ → nfct__blog_movies_D7_A1_D7_AA_D7_9D-_D7_A2_D7_95_D7_91_D7_A8_D7_99_D7_9D-_D7_A2_D7_9D-__15e7db56.md (8387 bytes)
  ✗ https://nfct.org.il/blog/movies/%D7%A2%D7%93%D7%94-%D7%A7%D7%95%D7%9C%D7%A9%D7%95%D7%91/: 429 Client Error: Too Many Requests for url: https://crawl4ai-wrapper-559961100092.europe-west1.run.app/scrape
  ✓ https://nfct.org.il/blog/movies/%D7%A1-%D7%99-%D7%9E-%D7%97-%D7%94/ → nfct__blog_movies_D7_A1-_D7_99-_D7_9E-_D7_97-_D7_94__fa73a493.md (7573 bytes)
  ✓ https://nfct.org.il/blog/movies/%D7%A2%D7%92%D7%9C%D7%95%D7%AA/ → nfct__blog_movies_D7_A2_D7_92_D7_9C_D7_95_D7_AA__72880165.md (7561 bytes)
  ✗ https://nfct.org.il/blog/movies/%D7%A2%D7%93%D7%94---%D7%90%D7%9E%D7%90-%D7%A9%D7%9C%D7%99-%D7%94%D7%90%D7%93%D7%A8%D7%99%D7%9B%D7%9C%D7%99%D7%AA/: 429 Client Error: Too Many Requests for url: https://crawl4ai-wrapper-559961100092.europe-west1.run.app/scrape
  ✗ https://nfct.org.il/blog/movies/%D7%A2%D7%93%D7%94---%D7%90%D7%9E%D7%99-%D7%94%D7%90%D7%93%D7%A8%D7%99%D7%9B%D7%9C%D7%99%D7%AA/: 429 Client Error: Too Many Requests for url: https://crawl4ai-wrapper-559961100092.europe-west1.run.app/scrape
  ✗ https://nfct.org.il/blog/movies/%D7%A2%D7%93%D7%95%D7%AA-%D7%97%D7%A1%D7%A8%D7%AA-%D7%A7%D7%95%D7%9C/: 429 Client Error: Too Many Requests for url: https://crawl4ai-wrapper-559961100092.europe-west1.run.app/scrape
  ✓ https://nfct.org.il/blog/movies/%D7%A2%D7%93%D7%94-%D7%A2%D7%93%D7%94-%D7%A2%D7%93%D7%94/ → nfct__blog_movies_D7_A2_D7_93_D7_94-_D7_A2_D7_93_D7_94-_D7_A2_D7_93_D7_94__6f3d0f58.md (7639 bytes)
  ✓ https://nfct.org.il/blog/movies/%D7%A2%D7%93%D7%94-%E2%80%93-%D7%90%D7%9E%D7%90-%D7%A9%D7%9C%D7%99-%D7%94%D7%90%D7%93%D7%A8%D7%99%D7%9B%D7%9C%D7%99%D7%AA/ → nfct__blog_movies_D7_A2_D7_93_D7_94-_E2_80_93-_D7_90_D7_9E_D7_90-_D7_A9_D7_9C_D7_99-_D__cbdca182.md (8414 bytes)
  ✓ https://nfct.org.il/blog/movies/%D7%A2%D7%93%D7%94-%E2%80%93-%D7%90%D7%9E%D7%99-%D7%94%D7%90%D7%93%D7%A8%D7%99%D7%9B%D7%9C%D7%99%D7%AA/ → nfct__blog_movies_D7_A2_D7_93_D7_94-_E2_80_93-_D7_90_D7_9E_D7_99-_D7_94_D7_90_D7_93_D7__4a8756d0.md (8357 bytes)
  ✓ https://nfct.org.il/blog/movies/%D7%A2%D7%93%D7%95%D7%AA-%D7%A7%D7%95%D7%9C%D7%99%D7%AA/ → nfct__blog_movies_D7_A2_D7_93_D7_95_D7_AA-_D7_A7_D7_95_D7_9C_D7_99_D7_AA__5386b505.md (7636 bytes)
  ✗ https://nfct.org.il/blog/movies/%D7%A2%D7%93%D7%99-%D7%A9%D7%AA%D7%99%D7%A7%D7%94/: 429 Client Error: Too Many Requests for url: https://crawl4ai-wrapper-559961100092.europe-west1.run.app/scrape
  ✓ https://nfct.org.il/blog/movies/%D7%A2%D7%93%D7%95%D7%AA-%D7%9C%D7%9C%D7%90-%D7%A7%D7%95%D7%9C/ → nfct__blog_movies_D7_A2_D7_93_D7_95_D7_AA-_D7_9C_D7_9C_D7_90-_D7_A7_D7_95_D7_9C__e89c227f.md (7657 bytes)
  ✗ https://nfct.org.il/blog/movies/%D7%A2%D7%93%D7%A0%D7%99-%D7%93%D7%99%D7%A0%D7%A1%D7%98%D7%99%D7%94/: 429 Client Error: Too Many Requests for url: https://crawl4ai-wrapper-559961100092.europe-west1.run.app/scrape
  ✓ https://nfct.org.il/blog/movies/%D7%A2%D7%93%D7%99-%D7%A9%D7%A4%D7%AA%D7%A7%D7%94/ → nfct__blog_movies_D7_A2_D7_93_D7_99-_D7_A9_D7_A4_D7_AA_D7_A7_D7_94__89fe5056.md (7618 bytes)
  ✓ https://nfct.org.il/blog/movies/%D7%A2%D7%93%D7%99%D7%99%D7%9F-%D7%9E%D7%99%D7%9D/ → nfct__blog_movies_D7_A2_D7_93_D7_99_D7_99_D7_9F-_D7_9E_D7_99_D7_9D__b6a684c6.md (7618 bytes)
  ✓ https://nfct.org.il/blog/movies/%D7%A2%D7%93%D7%9F-%D7%A9%D7%91%D7%95%D7%A8%D7%94/ → nfct__blog_movies_D7_A2_D7_93_D7_9F-_D7_A9_D7_91_D7_95_D7_A8_D7_94__14a3bdbd.md (7618 bytes)
  ✓ https://nfct.org.il/blog/movies/%D7%A2%D7%93-%D7%91%D7%95%D7%90-%D7%94%D7%9E%D7%9E%D7%9C%D7%9B%D7%94/ → nfct__blog_movies_D7_A2_D7_93-_D7_91_D7_95_D7_90-_D7_94_D7_9E_D7_9E_D7_9C_D7_9B_D7_94__0bd69563.md (7675 bytes)
  ✓ https://nfct.org.il/blog/movies/%D7%A2%D7%93%D7%A9%D7%AA/ → nfct__blog_movies_D7_A2_D7_93_D7_A9_D7_AA__fa17f89f.md (7543 bytes)
  ✓ https://nfct.org.il/blog/movies/%D7%A2%D7%93-%D7%A9%D7%94%D7%93%D7%A8%D7%9A-%D7%AA%D7%A4%D7%A8%D7%99%D7%93-%D7%91%D7%99%D7%A0%D7%A0%D7%95/ → nfct__blog_movies_D7_A2_D7_93-_D7_A9_D7_94_D7_93_D7_A8_D7_9A-_D7_AA_D7_A4_D7_A8_D7_99___593cecd5.md (7786 bytes)
  ✓ https://nfct.org.il/blog/movies/%D7%A2%D7%93-%D7%A9%D7%94%D7%9E%D7%95%D7%95%D7%AA-%D7%99%D7%A4%D7%A8%D7%99%D7%93-%D7%91%D7%99%D7%A0%D7%99%D7%A0%D7%95/ → nfct__blog_movies_D7_A2_D7_93-_D7_A9_D7_94_D7_9E_D7_95_D7_95_D7_AA-_D7_99_D7_A4_D7_A8___c95ae897.md (7822 bytes)
  ✓ https://nfct.org.il/blog/movies/%D7%A2%D7%93-%D7%A9%D7%94%D7%97%D7%99%D7%99%D7%9D-%D7%99%D7%A4%D7%A8%D7%99%D7%93%D7%95-%D7%91%D7%99%D7%A0%D7%99%D7%A0%D7%95/ → nfct__blog_movies_D7_A2_D7_93-_D7_A9_D7_94_D7_97_D7_99_D7_99_D7_9D-_D7_99_D7_A4_D7_A8___0128d99f.md (8420 bytes)
  ✓ https://nfct.org.il/blog/movies/%D7%A2%D7%93-%D7%A9%D7%94%D7%9E%D7%9E%D7%9C%D7%9B%D7%94-%D7%AA%D7%91%D7%95%D7%90/ → nfct__blog_movies_D7_A2_D7_93-_D7_A9_D7_94_D7_9E_D7_9E_D7_9C_D7_9B_D7_94-_D7_AA_D7_91___9dc4fe00.md (7711 bytes)
  ✓ https://nfct.org.il/blog/movies/%D7%A2%D7%93-%D7%A9%D7%99%D7%91%D7%95%D7%90-%D7%94%D7%9E%D7%9E%D7%9C%D7%9B%D7%94/ → nfct__blog_movies_D7_A2_D7_93-_D7_A9_D7_99_D7_91_D7_95_D7_90-_D7_94_D7_9E_D7_9E_D7_9C___51690209.md (8291 bytes)
  ✓ https://nfct.org.il/blog/movies/%D7%A2%D7%93-%D7%A9%D7%99%D7%92%D7%99%D7%A2-%D7%94%D7%9E%D7%9E%D7%9C%D7%9B%D7%94/ → nfct__blog_movies_D7_A2_D7_93-_D7_A9_D7_99_D7_92_D7_99_D7_A2-_D7_94_D7_9E_D7_9E_D7_9C___7a21a158.md (7711 bytes)
  ✓ https://nfct.org.il/blog/movies/%D7%A2%D7%93-%D7%A9%D7%99%D7%91%D7%95%D7%90-%D7%9E%D7%9C%D7%9B%D7%95%D7%AA%D7%95/ → nfct__blog_movies_D7_A2_D7_93-_D7_A9_D7_99_D7_91_D7_95_D7_90-_D7_9E_D7_9C_D7_9B_D7_95___a16849ae.md (7711 bytes)
  ✓ https://nfct.org.il/blog/movies/%D7%A2%D7%93-%D7%A9%D7%99%D7%92%D7%99%D7%A2-%D7%9E%D7%9C%D7%9B%D7%95%D7%AA%D7%95/ → nfct__blog_movies_D7_A2_D7_93-_D7_A9_D7_99_D7_92_D7_99_D7_A2-_D7_9E_D7_9C_D7_9B_D7_95___d588fbec.md (8320 bytes)
  ✓ https://nfct.org.il/blog/movies/%D7%A2%D7%93-%D7%A9%D7%AA%D7%92%D7%99%D7%A2-%D7%94%D7%9E%D7%9C%D7%9B%D7%95%D7%AA/ → nfct__blog_movies_D7_A2_D7_93-_D7_A9_D7_AA_D7_92_D7_99_D7_A2-_D7_94_D7_9E_D7_9C_D7_9B___0d59563e.md (7711 bytes)
  ✓ https://nfct.org.il/blog/movies/%D7%A2%D7%93-%D7%A9%D7%AA%D7%92%D7%99%D7%A2-%D7%9E%D7%9C%D7%9B%D7%95%D7%AA%D7%95/ → nfct__blog_movies_D7_A2_D7_93-_D7_A9_D7_AA_D7_92_D7_99_D7_A2-_D7_9E_D7_9C_D7_9B_D7_95___439e9982.md (7711 bytes)
  ✓ https://nfct.org.il/blog/movies/%D7%A2%D7%93-%D7%A9%D7%A0%D7%9E%D7%A6%D7%90-%D7%9E%D7%A7%D7%95%D7%9D/ → nfct__blog_movies_D7_A2_D7_93-_D7_A9_D7_A0_D7_9E_D7_A6_D7_90-_D7_9E_D7_A7_D7_95_D7_9D__edbb1d52.md (7675 bytes)
  ✗ https://nfct.org.il/blog/movies/%D7%A1%D7%A8%D7%98%D7%99-%D7%94%D7%9E%D7%94%D7%A4%D7%9B%D7%94/: HTTPSConnectionPool(host='crawl4ai-wrapper-559961100092.europe-west1.run.app', port=443): Read timed out. (read timeout=120)
  ✓ https://nfct.org.il/blog/movies/%D7%A2%D7%95%D7%91%D7%93%D7%99-%D7%A2%D7%99%D7%A8/ → nfct__blog_movies_D7_A2_D7_95_D7_91_D7_93_D7_99-_D7_A2_D7_99_D7_A8__1f74223d.md (7618 bytes)
  ✓ https://nfct.org.il/blog/movies/%D7%A2%D7%95%D7%93%D7%93-%D7%90%D7%95%D7%AA%D7%99/ → nfct__blog_movies_D7_A2_D7_95_D7_93_D7_93-_D7_90_D7_95_D7_AA_D7_99__cdc69009.md (7618 bytes)
  ✓ https://nfct.org.il/blog/movies/%D7%A2%D7%95%D7%91%D7%93%D7%AA-%D7%A1%D7%95%D7%A6%D7%99%D7%90%D7%9C%D7%99%D7%AA/ → nfct__blog_movies_D7_A2_D7_95_D7_91_D7_93_D7_AA-_D7_A1_D7_95_D7_A6_D7_99_D7_90_D7_9C_D__41ff1533.md (7708 bytes)
  ✓ https://nfct.org.il/blog/movies/%D7%A2%D7%95%D7%93-%D7%A0%D7%97%D7%96%D7%95%D7%A8-%D7%9C%D7%A8%D7%A7%D7%95%D7%93/ → nfct__blog_movies_D7_A2_D7_95_D7_93-_D7_A0_D7_97_D7_96_D7_95_D7_A8-_D7_9C_D7_A8_D7_A7___daff84f1.md (15248 bytes)
  ✓ https://nfct.org.il/blog/movies/%D7%A2%D7%95%D7%A0%D7%AA%D7%9D-%D7%A9%D7%9C-%D7%A9%D7%96%D7%99%D7%A4%D7%99-%D7%94%D7%91%D7%A8/ → nfct__blog_movies_D7_A2_D7_95_D7_A0_D7_AA_D7_9D-_D7_A9_D7_9C-_D7_A9_D7_96_D7_99_D7_A4___10ec1b68.md (7750 bytes)
  ✓ https://nfct.org.il/blog/movies/%D7%A2%D7%95%D7%A0%D7%AA-%D7%94%D7%93%D7%95%D7%91%D7%93%D7%91%D7%A0%D7%99%D7%9D-%D7%94%D7%A4%D7%A8%D7%90%D7%99%D7%99%D7%9D/ → nfct__blog_movies_D7_A2_D7_95_D7_A0_D7_AA-_D7_94_D7_93_D7_95_D7_91_D7_93_D7_91_D7_A0_D__2c831aeb.md (7837 bytes)
  ✓ https://nfct.org.il/blog/movies/%D7%A2%D7%95%D7%93-%D7%95%D7%A2%D7%95%D7%93/ → nfct__blog_movies_D7_A2_D7_95_D7_93-_D7_95_D7_A2_D7_95_D7_93__b20ec30d.md (7600 bytes)
  ✓ https://nfct.org.il/blog/movies/%D7%A2%D7%95%D7%A0%D7%AA-%D7%94%D7%90%D7%94%D7%91%D7%94-%D7%A0%D7%92%D7%9E%D7%A8%D7%94/ → nfct__blog_movies_D7_A2_D7_95_D7_A0_D7_AA-_D7_94_D7_90_D7_94_D7_91_D7_94-_D7_A0_D7_92___93da76d1.md (7729 bytes)
  ✓ https://nfct.org.il/blog/movies/%D7%A2%D7%95%D7%A0%D7%AA-%D7%94%D7%A4%D7%99%D7%A8%D7%95%D7%AA-%D7%94%D7%A4%D7%A8%D7%90%D7%99%D7%99%D7%9D/ → nfct__blog_movies_D7_A2_D7_95_D7_A0_D7_AA-_D7_94_D7_A4_D7_99_D7_A8_D7_95_D7_AA-_D7_94___ba49a453.md (8363 bytes)
  ✓ https://nfct.org.il/blog/movies/%D7%A2%D7%95%D7%A0%D7%AA-%D7%94%D7%A4%D7%A8%D7%90/ → nfct__blog_movies_D7_A2_D7_95_D7_A0_D7_AA-_D7_94_D7_A4_D7_A8_D7_90__ed010721.md (7618 bytes)
  ✗ https://nfct.org.il/blog/movies/%D7%A2%D7%95%D7%A0%D7%AA-%D7%94%D7%AA%D7%90%D7%A0%D7%99%D7%9D-%D7%94%D7%A4%D7%A8%D7%90%D7%99%D7%95%D7%AA/: 429 Client Error: Too Many Requests for url: https://crawl4ai-wrapper-559961100092.europe-west1.run.app/scrape
  ✓ https://nfct.org.il/blog/movies/%D7%A2%D7%95%D7%A0%D7%AA-%D7%94%D7%A4%D7%9C%D7%9E%D7%A0%D7%92%D7%95-%D7%94%D7%A4%D7%A8%D7%90%D7%99/ → nfct__blog_movies_D7_A2_D7_95_D7_A0_D7_AA-_D7_94_D7_A4_D7_9C_D7_9E_D7_A0_D7_92_D7_95-___757e5e8d.md (7765 bytes)
  ✗ https://nfct.org.il/blog/movies/%D7%A2%D7%95%D7%A0%D7%AA-%D7%94%D7%AA%D7%A4%D7%95%D7%97%D7%99%D7%9D-%D7%94%D7%A4%D7%A8%D7%90%D7%99%D7%99%D7%9D/: 429 Client Error: Too Many Requests for url: https://crawl4ai-wrapper-559961100092.europe-west1.run.app/scrape
  ✗ https://nfct.org.il/blog/movies/%D7%A2%D7%95%D7%A9%D7%99%D7%9D-%D7%A9%D7%9C%D7%95%D7%9D-%D7%A2%D7%9D-%D7%92%D7%99%D7%A4%D7%99%D7%AA/: 429 Client Error: Too Many Requests for url: https://crawl4ai-wrapper-559961100092.europe-west1.run.app/scrape
  ✓ https://nfct.org.il/blog/movies/%D7%A2%D7%95%D7%A0%D7%AA-%D7%94%D7%A4-%D7%9C-%D7%98-%D7%94-%D7%91%D7%A8/ → nfct__blog_movies_D7_A2_D7_95_D7_A0_D7_AA-_D7_94_D7_A4-_D7_9C-_D7_98-_D7_94-_D7_91_D7___175bca6f.md (7684 bytes)
  ✓ https://nfct.org.il/blog/movies/%D7%A2%D7%95%D7%A0%D7%AA-%D7%94%D7%A9%D7%96%D7%99%D7%A4%D7%99%D7%9D-%D7%94%D7%A4%D7%A8%D7%90%D7%99%D7%99%D7%9D/ → nfct__blog_movies_D7_A2_D7_95_D7_A0_D7_AA-_D7_94_D7_A9_D7_96_D7_99_D7_A4_D7_99_D7_9D-___43f803f0.md (8381 bytes)
  ✗ https://nfct.org.il/blog/movies/%D7%A2%D7%98%D7%99%D7%99%D7%AA-%D7%A0%D7%97%D7%A9/: 429 Client Error: Too Many Requests for url: https://crawl4ai-wrapper-559961100092.europe-west1.run.app/scrape
  ✓ https://nfct.org.il/blog/movies/%D7%A2%D7%95%D7%A0%D7%AA-%D7%94%D7%AA%D7%90%D7%A0%D7%99%D7%9D/ → nfct__blog_movies_D7_A2_D7_95_D7_A0_D7_AA-_D7_94_D7_AA_D7_90_D7_A0_D7_99_D7_9D__d3c2501d.md (8234 bytes)
  ✓ https://nfct.org.il/blog/movies/%D7%A2%D7%96%D7%95%D7%91-%D7%90%D7%AA-%D7%96%D7%94-%D7%A9%D7%95%D7%9D-%D7%93%D7%91%D7%A8-%D7%9C%D7%90-%D7%A7%D7%A8%D7%94/ → nfct__blog_movies_D7_A2_D7_96_D7_95_D7_91-_D7_90_D7_AA-_D7_96_D7_94-_D7_A9_D7_95_D7_9D__1e5c8748.md (8411 bytes)
  ✓ https://nfct.org.il/blog/movies/%D7%A2%D7%96%D7%95%D7%91-%D7%90%D7%AA-%D7%96%D7%94-%D7%9B%D7%9C%D7%95%D7%9D-%D7%9C%D7%90-%D7%A7%D7%A8%D7%94/ → nfct__blog_movies_D7_A2_D7_96_D7_95_D7_91-_D7_90_D7_AA-_D7_96_D7_94-_D7_9B_D7_9C_D7_95__22965ff0.md (8372 bytes)
  ✓ https://nfct.org.il/blog/movies/%D7%A2%D7%99%D7%91%D7%95%D7%93-%D7%A7%D7%95%D7%9C%D7%A0%D7%95%D7%A2%D7%99-%D7%9C%D7%90%D7%92%D7%93%D7%94/ → nfct__blog_movies_D7_A2_D7_99_D7_91_D7_95_D7_93-_D7_A7_D7_95_D7_9C_D7_A0_D7_95_D7_A2_D__cada6f9c.md (7783 bytes)
  ✓ https://nfct.org.il/blog/movies/%D7%A2%D7%99%D7%99%D7%A8%D7%94-%D7%A2%D7%9C-%D7%97%D7%95%D7%98/ → nfct__blog_movies_D7_A2_D7_99_D7_99_D7_A8_D7_94-_D7_A2_D7_9C-_D7_97_D7_95_D7_98__c9e6839c.md (7657 bytes)
  ✓ https://nfct.org.il/blog/movies/%D7%A2%D7%99%D7%91/ → nfct__blog_movies_D7_A2_D7_99_D7_91__c0235d4c.md (7525 bytes)
  ✓ https://nfct.org.il/blog/movies/%D7%A2%D7%98%D7%A8%D7%AA-%D7%94%D7%A2%D7%A0%D7%95%D7%92%D7%94/ → nfct__blog_movies_D7_A2_D7_98_D7_A8_D7_AA-_D7_94_D7_A2_D7_A0_D7_95_D7_92_D7_94__664c6bb3.md (8263 bytes)
  ✓ https://nfct.org.il/blog/movies/%D7%A2%D7%99%D7%A0%D7%99%D7%99%D7%9D-%D7%9E%D7%A9%D7%95%D7%98%D7%98%D7%95%D7%AA/ → nfct__blog_movies_D7_A2_D7_99_D7_A0_D7_99_D7_99_D7_9D-_D7_9E_D7_A9_D7_95_D7_98_D7_98_D__e83a302d.md (7708 bytes)
  ✓ https://nfct.org.il/blog/movies/%D7%A2%D7%99%D7%9F-%D7%AA%D7%97%D7%AA-%D7%A2%D7%99%D7%9F/ → nfct__blog_movies_D7_A2_D7_99_D7_9F-_D7_AA_D7_97_D7_AA-_D7_A2_D7_99_D7_9F__f76159e8.md (8219 bytes)
  ✓ https://nfct.org.il/blog/movies/%D7%A2%D7%99%D7%A0%D7%99%D7%99%D7%9D-%D7%A0%D7%95%D7%93%D7%93%D7%95%D7%AA/ → nfct__blog_movies_D7_A2_D7_99_D7_A0_D7_99_D7_99_D7_9D-_D7_A0_D7_95_D7_93_D7_93_D7_95_D__c2f72b62.md (8270 bytes)
  ✓ https://nfct.org.il/blog/movies/%D7%A2%D7%99%D7%A8%D7%90%D7%A7-%D7%90%D7%A0%D7%93-%D7%A8%D7%95%D7%9C/ → nfct__blog_movies_D7_A2_D7_99_D7_A8_D7_90_D7_A7-_D7_90_D7_A0_D7_93-_D7_A8_D7_95_D7_9C__03d2c034.md (9677 bytes)
  ✗ https://nfct.org.il/blog/movies/%D7%A2%D7%93-%D7%A1%D7%95%D7%A3-%D7%9B%D7%9C-%D7%94%D7%96%D7%9E%D7%A0%D7%99%D7%9D/: HTTPSConnectionPool(host='crawl4ai-wrapper-559961100092.europe-west1.run.app', port=443): Read timed out. (read timeout=120)
  ✓ https://nfct.org.il/blog/movies/%D7%A2%D7%99%D7%A8%D7%90%D7%A7-%D7%A0-%D7%A8%D7%95%D7%9C/ → nfct__blog_movies_D7_A2_D7_99_D7_A8_D7_90_D7_A7-_D7_A0-_D7_A8_D7_95_D7_9C__ee84c347.md (7639 bytes)
  ✓ https://nfct.org.il/blog/movies/%D7%A2%D7%99%D7%A8%D7%90%D7%A7-n-%D7%A8%D7%95%D7%9C/ → nfct__blog_movies_D7_A2_D7_99_D7_A8_D7_90_D7_A7-n-_D7_A8_D7_95_D7_9C__01c92a63.md (7624 bytes)
  ✓ https://nfct.org.il/blog/movies/%D7%A2%D7%99%D7%A8-%D7%93%D7%95%D7%93/ → nfct__blog_movies_D7_A2_D7_99_D7_A8-_D7_93_D7_95_D7_93__678bdfef.md (7582 bytes)
  ✓ https://nfct.org.il/blog/movies/%D7%A2%D7%99%D7%A8-%D7%91%D7%9C%D7%99-%D7%A8%D7%97%D7%9E%D7%99%D7%9D/ → nfct__blog_movies_D7_A2_D7_99_D7_A8-_D7_91_D7_9C_D7_99-_D7_A8_D7_97_D7_9E_D7_99_D7_9D__dad74de6.md (7675 bytes)
  ✓ https://nfct.org.il/blog/movies/%D7%A2%D7%99%D7%A8%D7%99%D7%AA-%D7%AA%D7%9C-%D7%90%D7%91%D7%99%D7%91/ → nfct__blog_movies_D7_A2_D7_99_D7_A8_D7_99_D7_AA-_D7_AA_D7_9C-_D7_90_D7_91_D7_99_D7_91__50c990e3.md (7675 bytes)
  ✓ https://nfct.org.il/blog/movies/%D7%A2%D7%99%D7%A8-%D7%A2%D7%9C-%D7%97%D7%95%D7%98/ → nfct__blog_movies_D7_A2_D7_99_D7_A8-_D7_A2_D7_9C-_D7_97_D7_95_D7_98__91f969a3.md (8230 bytes)
  ✓ https://nfct.org.il/blog/movies/%D7%A2%D7%99%D7%A8-%D7%9E%D7%A7%D7%9C%D7%98/ → nfct__blog_movies_D7_A2_D7_99_D7_A8-_D7_9E_D7_A7_D7_9C_D7_98__6d9de070.md (8180 bytes)
  ✓ https://nfct.org.il/blog/movies/%D7%A2%D7%99%D7%A8-%D7%A4%D7%A8%D7%90/ → nfct__blog_movies_D7_A2_D7_99_D7_A8-_D7_A4_D7_A8_D7_90__db8a3b02.md (8162 bytes)
  ✓ https://nfct.org.il/blog/movies/%D7%A2%D7%9B%D7%A9%D7%99%D7%95-%D7%9B%D7%A9%D7%94%D7%9E%D7%99%D7%9D-%D7%9C%D7%95%D7%97%D7%A6%D7%99%D7%9D-%D7%91%D7%A2%D7%95%D7%A6%D7%9E%D7%94/ → nfct__blog_movies_D7_A2_D7_9B_D7_A9_D7_99_D7_95-_D7_9B_D7_A9_D7_94_D7_9E_D7_99_D7_9D-___9f2229a3.md (7894 bytes)
  ✗ https://nfct.org.il/blog/movies/%D7%A2%D7%9C%D7%99%D7%99%D7%AA-%D7%94%D7%9B%D7%A1%D7%A3/: 429 Client Error: Too Many Requests for url: https://crawl4ai-wrapper-559961100092.europe-west1.run.app/scrape
  ✗ https://nfct.org.il/blog/movies/%D7%A2%D7%9C%D7%99%D7%99%D7%AA-%D7%9B%D7%A1%D7%A3/: 429 Client Error: Too Many Requests for url: https://crawl4ai-wrapper-559961100092.europe-west1.run.app/scrape
  ✗ https://nfct.org.il/blog/movies/%D7%A2%D7%9C%D7%99%D7%99%D7%AA-%D7%A2%D7%A7%D7%A8%D7%91/: 429 Client Error: Too Many Requests for url: https://crawl4ai-wrapper-559961100092.europe-west1.run.app/scrape
  ✓ https://nfct.org.il/blog/movies/%D7%A2%D7%9C%D7%99%D7%99%D7%94-%D7%9C%D7%AA%D7%95%D7%A8%D7%94/ → nfct__blog_movies_D7_A2_D7_9C_D7_99_D7_99_D7_94-_D7_9C_D7_AA_D7_95_D7_A8_D7_94__ab99172d.md (7654 bytes)
  ✓ https://nfct.org.il/blog/movies/%D7%A2%D7%9C%D7%99%D7%99%D7%94-%D7%9E%D7%A6%D7%A8%D7%A4%D7%AA/ → nfct__blog_movies_D7_A2_D7_9C_D7_99_D7_99_D7_94-_D7_9E_D7_A6_D7_A8_D7_A4_D7_AA__3f8f9ab7.md (7654 bytes)
  ✓ https://nfct.org.il/blog/movies/%D7%A2%D7%9C%D6%B6%D7%94-%D7%99%D7%A8%D7%95%D7%A7/ → nfct__blog_movies_D7_A2_D7_9C_D6_B6_D7_94-_D7_99_D7_A8_D7_95_D7_A7__f1727965.md (9506 bytes)
  ✓ https://nfct.org.il/blog/movies/%D7%A2%D7%9C%D7%99%D7%99%D7%94-%D7%9E%D7%A8%D7%95%D7%A1%D7%99%D7%94/ → nfct__blog_movies_D7_A2_D7_9C_D7_99_D7_99_D7_94-_D7_9E_D7_A8_D7_95_D7_A1_D7_99_D7_94__94b24e77.md (8252 bytes)
  ✓ https://nfct.org.il/blog/movies/%D7%A2%D7%9C%D7%99%D7%9C%D7%AA%D7%99/ → nfct__blog_movies_D7_A2_D7_9C_D7_99_D7_9C_D7_AA_D7_99__a142a55d.md (8159 bytes)
  ✓ https://nfct.org.il/blog/movies/%D7%A2%D7%9C%D7%99%D7%9C%D7%AA-%D7%A9%D7%95%D7%95%D7%90/ → nfct__blog_movies_D7_A2_D7_9C_D7_99_D7_9C_D7_AA-_D7_A9_D7_95_D7_95_D7_90__d0e27078.md (7636 bytes)
  ✓ https://nfct.org.il/blog/movies/%D7%A2%D7%9C-%D7%94%D7%93%D7%A8%D7%9A/ → nfct__blog_movies_D7_A2_D7_9C-_D7_94_D7_93_D7_A8_D7_9A__a3c73352.md (7582 bytes)
  ✓ https://nfct.org.il/blog/movies/%D7%A2%D7%9C%D7%AA%D7%94-%D7%99%D7%A8%D7%95%D7%A7/ → nfct__blog_movies_D7_A2_D7_9C_D7_AA_D7_94-_D7_99_D7_A8_D7_95_D7_A7__67ed0748.md (8198 bytes)
  ✓ https://nfct.org.il/blog/movies/%D7%A2%D7%9C-%D7%94%D7%97%D7%99%D7%99%D7%9D-%D7%95%D7%A2%D7%9C-%D7%94%D7%9E%D7%95%D7%95%D7%AA/ → nfct__blog_movies_D7_A2_D7_9C-_D7_94_D7_97_D7_99_D7_99_D7_9D-_D7_95_D7_A2_D7_9C-_D7_94__a5982e71.md (8330 bytes)
  ✓ https://nfct.org.il/blog/movies/%D7%A2%D7%9C-%D7%94%D7%97%D7%9C%D7%90%D7%A7/ → nfct__blog_movies_D7_A2_D7_9C-_D7_94_D7_97_D7_9C_D7_90_D7_A7__e98cae7c.md (7600 bytes)
  ✓ https://nfct.org.il/blog/movies/%D7%A2%D7%9C-%D7%94%D7%A0%D7%95%D7%98%D7%95%D7%AA-%D7%94%D7%96%D7%94/ → nfct__blog_movies_D7_A2_D7_9C-_D7_94_D7_A0_D7_95_D7_98_D7_95_D7_AA-_D7_94_D7_96_D7_94__e8603855.md (7675 bytes)
  ✓ https://nfct.org.il/blog/movies/%D7%A2%D7%9C-%D7%94%D7%93%D7%A8%D7%9A-%D7%94%D7%96%D7%90%D7%AA/ → nfct__blog_movies_D7_A2_D7_9C-_D7_94_D7_93_D7_A8_D7_9A-_D7_94_D7_96_D7_90_D7_AA__9fe8804d.md (8237 bytes)
  ✓ https://nfct.org.il/blog/movies/%D7%A2%D7%9C-%D7%94%D7%A0%D7%95%D7%98-%D7%94%D7%9E%D7%90%D7%95%D7%A9%D7%A8-%D7%94%D7%96%D7%94/ → nfct__blog_movies_D7_A2_D7_9C-_D7_94_D7_A0_D7_95_D7_98-_D7_94_D7_9E_D7_90_D7_95_D7_A9___a10a1cc2.md (7750 bytes)
  ✓ https://nfct.org.il/blog/movies/%D7%A2%D7%9C-%D7%94%D7%A0%D7%99%D7%92%D7%95%D7%9F-%D7%94%D7%96%D7%94/ → nfct__blog_movies_D7_A2_D7_9C-_D7_94_D7_A0_D7_99_D7_92_D7_95_D7_9F-_D7_94_D7_96_D7_94__07614ee9.md (8284 bytes)
  ✓ https://nfct.org.il/blog/movies/%D7%A2%D7%9C-%D7%94%D7%A0%D7%95%D7%98%D7%95%D7%AA-%D7%94%D7%98%D7%95%D7%91%D7%95%D7%AA/ → nfct__blog_movies_D7_A2_D7_9C-_D7_94_D7_A0_D7_95_D7_98_D7_95_D7_AA-_D7_94_D7_98_D7_95___6309e971.md (8309 bytes)
  ✓ https://nfct.org.il/blog/movies/%D7%A2%D7%9C-%D7%94%D7%A7%D7%A8%D7%97-%D7%94%D7%93%D7%A7/ → nfct__blog_movies_D7_A2_D7_9C-_D7_94_D7_A7_D7_A8_D7_97-_D7_94_D7_93_D7_A7__83329877.md (7639 bytes)
  ✓ https://nfct.org.il/blog/movies/%D7%A2%D7%9C-%D7%96%D7%90%D7%AA-%D7%94%D7%A9%D7%9E%D7%97%D7%94/ → nfct__blog_movies_D7_A2_D7_9C-_D7_96_D7_90_D7_AA-_D7_94_D7_A9_D7_9E_D7_97_D7_94__c85e8db2.md (7657 bytes)
  ✗ https://nfct.org.il/blog/movies/%D7%A2%D7%9C-%D7%99%D7%A8%D7%95%D7%A7/: 429 Client Error: Too Many Requests for url: https://crawl4ai-wrapper-559961100092.europe-west1.run.app/scrape
  ✓ https://nfct.org.il/blog/movies/%D7%A2%D7%9C-%D7%96%D7%94-%D7%94%D7%A9%D7%9E%D7%97%D7%94/ → nfct__blog_movies_D7_A2_D7_9C-_D7_96_D7_94-_D7_94_D7_A9_D7_9E_D7_97_D7_94__c58d6a47.md (7639 bytes)
  ✗ https://nfct.org.il/blog/movies/%D7%A2%D7%9C-%D7%AA%D7%A0%D7%90%D7%99/: 429 Client Error: Too Many Requests for url: https://crawl4ai-wrapper-559961100092.europe-west1.run.app/scrape
  ✗ https://nfct.org.il/blog/movies/%D7%A2%D7%9D-%D7%A2%D7%99%D7%A0%D7%99%D7%99%D7%9D-%D7%A2%D7%A6%D7%95%D7%9E%D7%95%D7%AA/: 429 Client Error: Too Many Requests for url: https://crawl4ai-wrapper-559961100092.europe-west1.run.app/scrape
  ✓ https://nfct.org.il/blog/movies/%D7%A2%D7%9C-%D7%97%D7%90%D7%9C%D7%A7/ → nfct__blog_movies_D7_A2_D7_9C-_D7_97_D7_90_D7_9C_D7_A7__f9b04e96.md (7582 bytes)
  ✓ https://nfct.org.il/blog/movies/%D7%A2%D7%9C-%D7%94%D7%A7%D7%A8%D7%97/ → nfct__blog_movies_D7_A2_D7_9C-_D7_94_D7_A7_D7_A8_D7_97__d11f4738.md (9398 bytes)
  ✓ https://nfct.org.il/blog/movies/%D7%A2%D7%9C-%D7%96%D7%94-%D7%99%D7%95%D7%9D-%D7%94%D7%95%D7%9C%D7%93%D7%AA-%D7%A9%D7%9E%D7%97/ → nfct__blog_movies_D7_A2_D7_9C-_D7_96_D7_94-_D7_99_D7_95_D7_9D-_D7_94_D7_95_D7_9C_D7_93__38cae53a.md (7753 bytes)
  ✗ https://nfct.org.il/blog/movies/%D7%A2%D7%9E%D7%95%D7%93-%D7%A8%D7%A7%D7%93%D7%A0%D7%99%D7%AA-%D7%95%D7%A1%D7%A8%D7%98/: 429 Client Error: Too Many Requests for url: https://crawl4ai-wrapper-559961100092.europe-west1.run.app/scrape
  ✗ https://nfct.org.il/blog/movies/%D7%A2%D7%9E%D7%95%D7%A7-%D7%91%D7%9C%D7%91%D7%9F/: 429 Client Error: Too Many Requests for url: https://crawl4ai-wrapper-559961100092.europe-west1.run.app/scrape
  ✓ https://nfct.org.il/blog/movies/%D7%A2%D7%9C-%D7%A7%D7%95-%D7%94%D7%90%D7%A9/ → nfct__blog_movies_D7_A2_D7_9C-_D7_A7_D7_95-_D7_94_D7_90_D7_A9__e84b1e81.md (7603 bytes)
  ✓ https://nfct.org.il/blog/movies/%D7%A2%D7%9E%D7%91%D7%9C-%D7%A4%D7%A8%D7%9C%D7%9E%D7%95%D7%98%D7%A8---%D7%90%D7%9D-%D7%AA%D7%A8%D7%A9%D7%94-%D7%9C%D7%99-%D7%9C%D7%9C%D7%9B%D7%AA/ → nfct__blog_movies_D7_A2_D7_9E_D7_91_D7_9C-_D7_A4_D7_A8_D7_9C_D7_9E_D7_95_D7_98_D7_A8--__81465d49.md (8486 bytes)
  ✓ https://nfct.org.il/blog/movies/%D7%A2%D7%9E%D7%95%D7%93-%D7%A2%D7%A0%D7%9F/ → nfct__blog_movies_D7_A2_D7_9E_D7_95_D7_93-_D7_A2_D7_A0_D7_9F__eb86d598.md (7600 bytes)
  ✓ https://nfct.org.il/blog/movies/%D7%A2%D7%9E%D7%95%D7%A7-%D7%91%D7%A2%D7%A8%D7%A4%D7%9C/ → nfct__blog_movies_D7_A2_D7_9E_D7_95_D7_A7-_D7_91_D7_A2_D7_A8_D7_A4_D7_9C__53b7f5de.md (7636 bytes)
  ✗ https://nfct.org.il/blog/movies/%D7%A2%D7%9E%D7%A7-%D7%A4%D7%A8%D7%95%D7%95%D7%90%D7%98%D7%99/: 429 Client Error: Too Many Requests for url: https://crawl4ai-wrapper-559961100092.europe-west1.run.app/scrape
  ✓ https://nfct.org.il/blog/movies/%D7%A2%D7%9E%D7%99%D7%A8-%D7%A7%D7%99%D7%91%D7%9C-%D7%90%D7%A7%D7%93%D7%95%D7%97/ → nfct__blog_movies_D7_A2_D7_9E_D7_99_D7_A8-_D7_A7_D7_99_D7_91_D7_9C-_D7_90_D7_A7_D7_93___c5f79092.md (7711 bytes)
  ✓ https://nfct.org.il/blog/movies/%D7%A2%D7%9D-%D7%A8%D7%93%D7%AA-%D7%94%D7%97%D7%A9%D7%99%D7%9B%D7%94/ → nfct__blog_movies_D7_A2_D7_9D-_D7_A8_D7_93_D7_AA-_D7_94_D7_97_D7_A9_D7_99_D7_9B_D7_94__261e4b2c.md (8284 bytes)
  ✗ https://nfct.org.il/blog/movies/%D7%A2%D7%A0%D7%91%D7%9C-%D7%A4%D7%A8%D7%9C%D7%9E%D7%95%D7%98%D7%A8---%D7%90%D7%9D-%D7%AA%D7%A8%D7%A6%D7%94-%D7%90%D7%95%D7%AA%D7%99/: 429 Client Error: Too Many Requests for url: https://crawl4ai-wrapper-559961100092.europe-west1.run.app/scrape
  ✗ https://nfct.org.il/blog/movies/%D7%A2%D7%A0%D7%91%D7%9C-%D7%A4%D7%A8%D7%9C%D7%9E%D7%95%D7%98%D7%A8---%D7%90%D7%9D-%D7%AA%D7%A8%D7%A9%D7%94-%D7%9C%D7%99-%D7%9C%D7%9C%D7%9B%D7%AA/: 429 Client Error: Too Many Requests for url: https://crawl4ai-wrapper-559961100092.europe-west1.run.app/scrape
  ✗ https://nfct.org.il/blog/movies/%D7%A2%D7%A0%D7%99%D7%99%D7%9F-%D7%A9%D7%9C-%D7%96%D7%9E%D7%9F/: 429 Client Error: Too Many Requests for url: https://crawl4ai-wrapper-559961100092.europe-west1.run.app/scrape
  ✓ https://nfct.org.il/blog/movies/%D7%A2%D7%9E%D7%99%D7%A8-%D7%A7%D7%99%D7%91%D7%9C-%D7%90%D7%A7%D7%93%D7%97/ → nfct__blog_movies_D7_A2_D7_9E_D7_99_D7_A8-_D7_A7_D7_99_D7_91_D7_9C-_D7_90_D7_A7_D7_93___236e2476.md (7693 bytes)
  ✓ https://nfct.org.il/blog/movies/%D7%A2%D7%9E%D7%A7-%D7%94%D7%97%D7%95%D7%9C%D7%94/ → nfct__blog_movies_D7_A2_D7_9E_D7_A7-_D7_94_D7_97_D7_95_D7_9C_D7_94__e92ded54.md (7618 bytes)
  ✗ https://nfct.org.il/blog/movies/%D7%A2%D7%A1%D7%A7%D7%99-%D7%94%D7%A7%D7%95%D7%A3/: 429 Client Error: Too Many Requests for url: https://crawl4ai-wrapper-559961100092.europe-west1.run.app/scrape
  ✗ https://nfct.org.il/blog/movies/%D7%A2%D7%A1%D7%A7%D7%99-%D7%A7%D7%95%D7%A3/: 429 Client Error: Too Many Requests for url: https://crawl4ai-wrapper-559961100092.europe-west1.run.app/scrape
  ✓ https://nfct.org.il/blog/movies/%D7%A2%D7%A0%D7%99%D7%99%D7%A0%D7%99-%D7%9E%D7%A9%D7%A4%D7%97%D7%94/ → nfct__blog_movies_D7_A2_D7_A0_D7_99_D7_99_D7_A0_D7_99-_D7_9E_D7_A9_D7_A4_D7_97_D7_94__962a5263.md (7672 bytes)
  ✓ https://nfct.org.il/blog/movies/%D7%A2%D7%A0%D7%91%D7%9C-%D7%A4%D7%A8%D7%9C%D7%9E%D7%95%D7%98%D7%A8---%D7%90%D7%9D-%D7%96%D7%94-%D7%A0%D7%92%D7%9E%D7%A8/ → nfct__blog_movies_D7_A2_D7_A0_D7_91_D7_9C-_D7_A4_D7_A8_D7_9C_D7_9E_D7_95_D7_98_D7_A8--__7e491c88.md (16127 bytes)
  ✗ https://nfct.org.il/blog/movies/%D7%A2%D7%A6%D7%9E%D7%99/: 429 Client Error: Too Many Requests for url: https://crawl4ai-wrapper-559961100092.europe-west1.run.app/scrape
  ✓ https://nfct.org.il/blog/movies/%D7%A2%D7%A0%D7%91%D7%9C-%D7%A4%D7%A8%D7%9C%D7%9E%D7%95%D7%98%D7%A8-%E2%80%93-%D7%90%D7%9D-%D7%96%D7%94-%D7%A0%D7%92%D7%9E%D7%A8/ → nfct__blog_movies_D7_A2_D7_A0_D7_91_D7_9C-_D7_A4_D7_A8_D7_9C_D7_9E_D7_95_D7_98_D7_A8-___93d55773.md (7855 bytes)
  ✓ https://nfct.org.il/blog/movies/%D7%A2%D7%A1%D7%A7%D7%99-%D7%94%D7%A4%D7%9C%D7%90/ → nfct__blog_movies_D7_A2_D7_A1_D7_A7_D7_99-_D7_94_D7_A4_D7_9C_D7_90__5a359a68.md (8227 bytes)
  ✗ https://nfct.org.il/blog/movies/%D7%A2%D7%A8%D7%95%D7%A6%D7%99-%D7%94%D7%96%D7%A2%D7%9D/: 429 Client Error: Too Many Requests for url: https://crawl4ai-wrapper-559961100092.europe-west1.run.app/scrape
  ✗ https://nfct.org.il/blog/movies/%D7%A2%D7%A8%D7%95%D7%A6%D7%99-%D7%96%D7%A2%D7%9D/: 429 Client Error: Too Many Requests for url: https://crawl4ai-wrapper-559961100092.europe-west1.run.app/scrape
  ✗ https://nfct.org.il/blog/movies/%D7%A2%D7%A8%D7%99%D7%A7%D7%94/: 429 Client Error: Too Many Requests for url: https://crawl4ai-wrapper-559961100092.europe-west1.run.app/scrape
  ✓ https://nfct.org.il/blog/movies/%D7%A2%D7%A1%D7%A7%D7%99-%D7%A7%D7%95%D7%A4%D7%99%D7%9D/ → nfct__blog_movies_D7_A2_D7_A1_D7_A7_D7_99-_D7_A7_D7_95_D7_A4_D7_99_D7_9D__d89a82a8.md (8216 bytes)
  ✗ https://nfct.org.il/blog/movies/%D7%A2%D7%A8%D7%A1%D7%A4%D7%95%D7%90%D7%98%D7%99%D7%A7%D7%94/: 429 Client Error: Too Many Requests for url: https://crawl4ai-wrapper-559961100092.europe-west1.run.app/scrape
  ✓ https://nfct.org.il/blog/movies/%D7%A2%D7%A7%D7%A8%D7%AA-%D7%91%D7%99%D7%AA-%D7%9E%D7%95%D7%A9%D7%9C%D7%9E%D7%AA/ → nfct__blog_movies_D7_A2_D7_A7_D7_A8_D7_AA-_D7_91_D7_99_D7_AA-_D7_9E_D7_95_D7_A9_D7_9C___38bdf818.md (8291 bytes)
  ✓ https://nfct.org.il/blog/movies/%D7%A2%D7%A6%D7%9E%D7%94/ → nfct__blog_movies_D7_A2_D7_A6_D7_9E_D7_94__050fda16.md (8123 bytes)
  ✗ https://nfct.org.il/blog/movies/%D7%A2%D7%A9%D7%95%D7%99%D7%94-%D7%91%D7%A2%D7%A6%D7%9E%D7%94/: 429 Client Error: Too Many Requests for url: https://crawl4ai-wrapper-559961100092.europe-west1.run.app/scrape
  ✗ https://nfct.org.il/blog/movies/%D7%A2%D7%AA%D7%99%D7%A8%D7%94/: 429 Client Error: Too Many Requests for url: https://crawl4ai-wrapper-559961100092.europe-west1.run.app/scrape
  ✗ https://nfct.org.il/blog/movies/%D7%A2-%D7%A4/: 429 Client Error: Too Many Requests for url: https://crawl4ai-wrapper-559961100092.europe-west1.run.app/scrape
  ✓ https://nfct.org.il/blog/movies/%D7%A2%D7%A8%D7%9A-%D7%94%D7%A2%D7%A8%D7%9B%D7%99%D7%9D/ → nfct__blog_movies_D7_A2_D7_A8_D7_9A-_D7_94_D7_A2_D7_A8_D7_9B_D7_99_D7_9D__10645f28.md (7636 bytes)
  ✓ https://nfct.org.il/blog/movies/%D7%A2%D7%A9%D7%94-%D7%96%D7%90%D7%AA-%D7%91%D7%A2%D7%A6%D7%9E%D7%9A/ → nfct__blog_movies_D7_A2_D7_A9_D7_94-_D7_96_D7_90_D7_AA-_D7_91_D7_A2_D7_A6_D7_9E_D7_9A__f6ec4845.md (8255 bytes)
  ✓ https://nfct.org.il/blog/movies/%D7%A2%D7%A8%D7%95%D7%A6%D7%99%D7%9D-%D7%A9%D7%9C-%D7%96%D7%A2%D7%9E%D7%94/ → nfct__blog_movies_D7_A2_D7_A8_D7_95_D7_A6_D7_99_D7_9D-_D7_A9_D7_9C-_D7_96_D7_A2_D7_9E___aad47b0f.md (7693 bytes)
  ✗ https://nfct.org.il/blog/movies/%D7%A4%D7%90%D7%96%D7%9C-%D7%99%D7%A8%D7%95%D7%A9%D7%9C%D7%99%D7%9D/: 429 Client Error: Too Many Requests for url: https://crawl4ai-wrapper-559961100092.europe-west1.run.app/scrape
  ✗ https://nfct.org.il/blog/movies/%D7%A4%D7%90%D7%98%D7%94-%D7%9E%D7%95%D7%A8%D7%92%D7%A0%D7%94/: 429 Client Error: Too Many Requests for url: https://crawl4ai-wrapper-559961100092.europe-west1.run.app/scrape
  ✗ https://nfct.org.il/blog/movies/%D7%A4%D7%90%D7%A0%D7%99%D7%A7%D7%90%D7%95%D7%98%D7%95%D7%A4%D7%99%D7%94-%E2%80%93-%D7%A1%D7%A4%D7%99%D7%A0%D7%AA-%D7%9E%D7%93%D7%91%D7%A8/: 429 Client Error: Too Many Requests for url: https://crawl4ai-wrapper-559961100092.europe-west1.run.app/scrape
  ✗ https://nfct.org.il/blog/movies/%D7%A4%D7%90%D7%A0%D7%99%D7%A7%D7%90%D7%95%D7%98%D7%95%D7%A4%D7%99%D7%94---%D7%A1%D7%A4%D7%99%D7%A0%D7%AA-%D7%9E%D7%93%D7%91%D7%A8/: 429 Client Error: Too Many Requests for url: https://crawl4ai-wrapper-559961100092.europe-west1.run.app/scrape
  ✓ https://nfct.org.il/blog/movies/%D7%A4%D6%B5%D6%BC%D7%A8%D6%B7%D7%AA-%D7%94%D6%B7%D7%91%D6%B5%D6%BC%D7%98%D6%BC%D7%95%D6%BC%D7%97%D6%B7/ → nfct__blog_movies_D7_A4_D6_B5_D6_BC_D7_A8_D6_B7_D7_AA-_D7_94_D6_B7_D7_91_D6_B5_D6_BC_D__4d50ed09.md (7780 bytes)
  ✓ https://nfct.org.il/blog/movies/%D7%A4%D6%B5%D6%BC%D7%A8%D6%B7%D7%AA-%D7%94%D7%91%D7%99%D7%98%D7%95%D7%97/ → nfct__blog_movies_D7_A4_D6_B5_D6_BC_D7_A8_D6_B7_D7_AA-_D7_94_D7_91_D7_99_D7_98_D7_95_D__fe13e960.md (8299 bytes)
  ✓ https://nfct.org.il/blog/movies/%D7%A2%D7%A9%D7%94-%D7%9C%D7%A2%D7%A6%D7%9E%D7%9A-%D7%91%D7%99%D7%AA/ → nfct__blog_movies_D7_A2_D7_A9_D7_94-_D7_9C_D7_A2_D7_A6_D7_9E_D7_9A-_D7_91_D7_99_D7_AA__7de77172.md (9677 bytes)
  ✓ https://nfct.org.il/blog/movies/%D7%A4%D7%90%D7%A0%D7%99%D7%A7%D7%95%D7%98%D7%95%D7%A4%D7%99%D7%94-%D7%9E%D7%93%D7%91%D7%A8%D7%90%D7%A8%D7%A7/ → nfct__blog_movies_D7_A4_D7_90_D7_A0_D7_99_D7_A7_D7_95_D7_98_D7_95_D7_A4_D7_99_D7_94-_D__b567fdc7.md (7798 bytes)
  ✓ https://nfct.org.il/blog/movies/%D7%A4%D6%B5%D7%99%D6%B8%D7%94-%D7%A4%D6%B5%D7%99%D6%B8%D7%94/ → nfct__blog_movies_D7_A4_D6_B5_D7_99_D6_B8_D7_94-_D7_A4_D6_B5_D7_99_D6_B8_D7_94__472398ed.md (7654 bytes)
  ✓ https://nfct.org.il/blog/movies/%D7%A4%D7%90%D7%A1%D7%98/ → nfct__blog_movies_D7_A4_D7_90_D7_A1_D7_98__f0e362f0.md (7543 bytes)
  ✓ https://nfct.org.il/blog/movies/%D7%A4%D7%92%D7%95%D7%A9-%D7%90%D7%AA-%D7%9E%D7%99%D7%99%D7%A7%D7%9C-%D7%90%D7%95%D7%A4%D7%A0%D7%94%D7%99%D7%99%D7%9E%D7%A8/ → nfct__blog_movies_D7_A4_D7_92_D7_95_D7_A9-_D7_90_D7_AA-_D7_9E_D7_99_D7_99_D7_A7_D7_9C-__9040e359.md (7840 bytes)
  ✓ https://nfct.org.il/blog/movies/%D7%A4%D7%90%D7%A4%D7%A1/ → nfct__blog_movies_D7_A4_D7_90_D7_A4_D7_A1__0c933191.md (7543 bytes)
  ✗ https://nfct.org.il/blog/movies/%D7%A4%D7%93%D7%99%D7%94/: 429 Client Error: Too Many Requests for url: https://crawl4ai-wrapper-559961100092.europe-west1.run.app/scrape
  ✓ https://nfct.org.il/blog/movies/%D7%A4%D7%92%D7%99%D7%A2%D7%AA-%D7%A8%D7%90%D7%A9/ → nfct__blog_movies_D7_A4_D7_92_D7_99_D7_A2_D7_AA-_D7_A8_D7_90_D7_A9__d39f743e.md (7618 bytes)
  ✗ https://nfct.org.il/blog/movies/%D7%A4%D7%95%D7%90%D7%A0%D7%98/: 429 Client Error: Too Many Requests for url: https://crawl4ai-wrapper-559961100092.europe-west1.run.app/scrape
  ✗ https://nfct.org.il/blog/movies/%D7%A4%D7%95%D7%98%D7%95%D7%A1%D7%99-%D7%94%D7%9E%D7%A1%D7%A2/: 429 Client Error: Too Many Requests for url: https://crawl4ai-wrapper-559961100092.europe-west1.run.app/scrape
  ✗ https://nfct.org.il/blog/movies/%D7%A4%D7%95%D7%99%D7%A0%D7%98/: 429 Client Error: Too Many Requests for url: https://crawl4ai-wrapper-559961100092.europe-west1.run.app/scrape
  ✗ https://nfct.org.il/blog/movies/%D7%A4%D7%95%D7%9C%D7%92%D7%94/: 429 Client Error: Too Many Requests for url: https://crawl4ai-wrapper-559961100092.europe-west1.run.app/scrape
  ✗ https://nfct.org.il/blog/movies/%D7%A4%D7%95%D7%9C%D7%94-%D7%A8%D7%A7%D7%93%D7%A0%D7%99%D7%AA-%D7%95%D7%A1%D7%A8%D7%98/: 429 Client Error: Too Many Requests for url: https://crawl4ai-wrapper-559961100092.europe-west1.run.app/scrape
  ✓ https://nfct.org.il/blog/movies/%D7%A4%D7%92%D7%96/ → nfct__blog_movies_D7_A4_D7_92_D7_96__510e353d.md (7525 bytes)
  ✓ https://nfct.org.il/blog/movies/%D7%A4%D7%93%D7%92/ → nfct__blog_movies_D7_A4_D7_93_D7_92__7d46d95a.md (8105 bytes)
  ✗ https://nfct.org.il/blog/movies/%D7%A4%D7%95%D7%9C%D7%99%D7%A1%D7%AA-%D7%91%D7%99%D7%98%D7%95%D7%97/: 429 Client Error: Too Many Requests for url: https://crawl4ai-wrapper-559961100092.europe-west1.run.app/scrape
  ✗ https://nfct.org.il/blog/movies/%D7%A4%D7%95%D7%9C-%D7%92%D7%96/: 429 Client Error: Too Many Requests for url: https://crawl4ai-wrapper-559961100092.europe-west1.run.app/scrape
  ✗ https://nfct.org.il/blog/movies/%D7%A4%D7%95%D7%9C-%D7%93%D7%90%D7%A0%D7%A1%D7%A8-%D7%90%D7%A0%D7%93-%D7%90%D7%94-%D7%9E%D7%95%D7%91%D7%99/: 429 Client Error: Too Many Requests for url: https://crawl4ai-wrapper-559961100092.europe-west1.run.app/scrape
  ✓ https://nfct.org.il/blog/movies/%D7%A4%D7%92%D7%95%D7%A2%D7%99-%D7%A0%D7%A4%D7%A9/ → nfct__blog_movies_D7_A4_D7_92_D7_95_D7_A2_D7_99-_D7_A0_D7_A4_D7_A9__4a91d10c.md (8227 bytes)
  ✗ https://nfct.org.il/blog/movies/%D7%A4%D7%95%D7%9C-%D7%A8%D7%A7%D7%93%D7%A0%D7%99%D7%AA-%D7%95%D7%A1%D7%A8%D7%98/: 429 Client Error: Too Many Requests for url: https://crawl4ai-wrapper-559961100092.europe-west1.run.app/scrape
  ✗ https://nfct.org.il/blog/movies/%D7%A4%D7%95%D7%A0%D7%91%D7%96-%D7%98%D7%99%D7%99%D7%9D/: 429 Client Error: Too Many Requests for url: https://crawl4ai-wrapper-559961100092.europe-west1.run.app/scrape
  ✓ https://nfct.org.il/blog/movies/%D7%A4%D7%94-%D7%94%D7%AA%D7%94%D7%95%D7%9D/ → nfct__blog_movies_D7_A4_D7_94-_D7_94_D7_AA_D7_94_D7_95_D7_9D__ad973e6b.md (7600 bytes)
  ✓ https://nfct.org.il/blog/movies/%D7%A4%D7%95%D7%9C%D7%99%D7%98%D7%99%D7%A7%D7%9C%D7%99-%D7%A7%D7%95%D7%A8%D7%A7%D7%98/ → nfct__blog_movies_D7_A4_D7_95_D7_9C_D7_99_D7_98_D7_99_D7_A7_D7_9C_D7_99-_D7_A7_D7_95_D__488ecfbc.md (7726 bytes)
  ✓ https://nfct.org.il/blog/movies/%D7%A4%D7%95%D7%9C%D7%99%D7%A1%D7%AA-%D7%91%D7%99%D7%98%D7%95%D7%97-%D7%A4%D7%A0%D7%98%D7%96%D7%99%D7%94/ → nfct__blog_movies_D7_A4_D7_95_D7_9C_D7_99_D7_A1_D7_AA-_D7_91_D7_99_D7_98_D7_95_D7_97-___1955347b.md (7783 bytes)
  ✗ https://nfct.org.il/blog/movies/%D7%A4%D7%95%D7%A2%D7%9C%D7%99-%D7%99%D7%A8%D7%95%D7%A7%D7%99%D7%9D/: 429 Client Error: Too Many Requests for url: https://crawl4ai-wrapper-559961100092.europe-west1.run.app/scrape
  ✗ https://nfct.org.il/blog/movies/%D7%A4%D7%95%D7%A4%D7%99%D7%9D/: 429 Client Error: Too Many Requests for url: https://crawl4ai-wrapper-559961100092.europe-west1.run.app/scrape
  ✗ https://nfct.org.il/blog/movies/%D7%A4%D7%95%D7%A4%D7%A1/: 429 Client Error: Too Many Requests for url: https://crawl4ai-wrapper-559961100092.europe-west1.run.app/scrape
  ✗ https://nfct.org.il/blog/movies/%D7%A4%D7%95%D7%A4-%D7%90%D7%A1%D7%9C%D7%90%D7%9D/: 429 Client Error: Too Many Requests for url: https://crawl4ai-wrapper-559961100092.europe-west1.run.app/scrape
  ✓ https://nfct.org.il/blog/movies/%D7%A4%D7%95%D7%A1%D7%98-%D7%A6%D7%99%D7%95%D7%A0%D7%95%D7%AA/ → nfct__blog_movies_D7_A4_D7_95_D7_A1_D7_98-_D7_A6_D7_99_D7_95_D7_A0_D7_95_D7_AA__86dea2fa.md (7654 bytes)
  ✓ https://nfct.org.il/blog/movies/%D7%A4%D7%95%D7%9C-%D7%93%D7%90%D7%A0%D7%A7%D7%A8-%D7%90%D7%A0%D7%93-%D7%90%D7%94-%D7%9E%D7%95%D7%91%D7%99/ → nfct__blog_movies_D7_A4_D7_95_D7_9C-_D7_93_D7_90_D7_A0_D7_A7_D7_A8-_D7_90_D7_A0_D7_93-__9df68089.md (8369 bytes)
  ✓ https://nfct.org.il/blog/movies/%D7%A4%D7%95%D7%A1%D7%98%D7%A8%D7%90%D7%95%D7%9E%D7%94/ → nfct__blog_movies_D7_A4_D7_95_D7_A1_D7_98_D7_A8_D7_90_D7_95_D7_9E_D7_94__f8bf5cf9.md (8213 bytes)
  ✗ https://nfct.org.il/blog/movies/%D7%A4%D7%95%D7%A8%D7%92%D7%98-%D7%90%D7%99%D7%98-%D7%A0%D7%95%D7%AA%D7%99%D7%A0%D7%92-%D7%94%D7%90%D7%A4%D7%A0%D7%93/: 429 Client Error: Too Many Requests for url: https://crawl4ai-wrapper-559961100092.europe-west1.run.app/scrape
  ✓ https://nfct.org.il/blog/movies/%D7%A4%D7%95%D7%A8%D7%90%D7%91%D7%A8-%D7%A4%D7%99%D7%95%D7%A8/ → nfct__blog_movies_D7_A4_D7_95_D7_A8_D7_90_D7_91_D7_A8-_D7_A4_D7_99_D7_95_D7_A8__689e1296.md (7654 bytes)
  ✓ https://nfct.org.il/blog/movies/%D7%A4%D7%95%D7%A8%D7%91%D7%A8-%D7%A4%D7%99%D7%95%D6%BC%D7%A8/ → nfct__blog_movies_D7_A4_D7_95_D7_A8_D7_91_D7_A8-_D7_A4_D7_99_D7_95_D6_BC_D7_A8__21a8474c.md (8234 bytes)
  ✓ https://nfct.org.il/blog/movies/%D7%A4%D7%95%D7%A1%D7%98-%D7%98%D7%A8%D7%90%D7%95%D7%9E%D7%94/ → nfct__blog_movies_D7_A4_D7_95_D7_A1_D7_98-_D7_98_D7_A8_D7_90_D7_95_D7_9E_D7_94__af698788.md (7654 bytes)
  ✗ https://nfct.org.il/blog/movies/%D7%A4%D7%98%D7%90-%D7%9E%D7%95%D7%A8%D7%92%D7%A0%D7%94/: 429 Client Error: Too Many Requests for url: https://crawl4ai-wrapper-559961100092.europe-west1.run.app/scrape
  ✗ https://nfct.org.il/blog/movies/%D7%A4%D7%99%D7%90%D7%95%D7%AA/: 429 Client Error: Too Many Requests for url: https://crawl4ai-wrapper-559961100092.europe-west1.run.app/scrape
  ✓ https://nfct.org.il/blog/movies/%D7%A4%D7%95%D7%A8%D7%92%D7%98-%D7%90%D7%99%D7%98-%D7%A0%D7%90%D7%98%D7%99%D7%A0%D7%92-%D7%94%D7%90%D7%A4%D7%A0%D7%93/ → nfct__blog_movies_D7_A4_D7_95_D7_A8_D7_92_D7_98-_D7_90_D7_99_D7_98-_D7_A0_D7_90_D7_98___618d0b5a.md (7822 bytes)
  ✓ https://nfct.org.il/blog/movies/%D7%A4%D7%95%D7%A8%D7%98%D7%95%D7%A0%D7%94/ → nfct__blog_movies_D7_A4_D7_95_D7_A8_D7_98_D7_95_D7_A0_D7_94__e3bf0e64.md (7597 bytes)
  ✓ https://nfct.org.il/blog/movies/%D7%A4%D7%95%D7%AA%D7%95%D7%A1%D7%99-%D7%94%D7%9E%D7%A1%D7%A2/ → nfct__blog_movies_D7_A4_D7_95_D7_AA_D7_95_D7_A1_D7_99-_D7_94_D7_9E_D7_A1_D7_A2__f72b3761.md (8234 bytes)
  ✓ https://nfct.org.il/blog/movies/%D7%A4%D7%99%D7%92%D7%95%D7%A2-%D7%98%D7%A8%D7%95%D7%A8/ → nfct__blog_movies_D7_A4_D7_99_D7_92_D7_95_D7_A2-_D7_98_D7_A8_D7_95_D7_A8__c91d2770.md (7636 bytes)
  ✗ https://nfct.org.il/blog/movies/%D7%A4%D7%99%D7%96%D7%95%D7%A8/: 429 Client Error: Too Many Requests for url: https://crawl4ai-wrapper-559961100092.europe-west1.run.app/scrape
  ✓ https://nfct.org.il/blog/movies/%D7%A4%D7%95%D7%A8%D7%98%D7%A8%D7%98/ → nfct__blog_movies_D7_A4_D7_95_D7_A8_D7_98_D7_A8_D7_98__b2dd14db.md (8159 bytes)
  ✗ https://nfct.org.il/blog/movies/%D7%A4%D7%99%D7%98%D7%9C%D7%91/: 429 Client Error: Too Many Requests for url: https://crawl4ai-wrapper-559961100092.europe-west1.run.app/scrape
  ✓ https://nfct.org.il/blog/movies/%D7%A4%D7%99%D7%96%D7%95%D7%A8-%D7%A7%D7%98%D7%92%D7%95%D7%A8%D7%99%D7%95%D7%AA/ → nfct__blog_movies_D7_A4_D7_99_D7_96_D7_95_D7_A8-_D7_A7_D7_98_D7_92_D7_95_D7_A8_D7_99_D__d26ea148.md (8288 bytes)
  ✓ https://nfct.org.il/blog/movies/%D7%A4%D7%99%D7%94-%D7%91%D7%99%D7%A4%D7%95/ → nfct__blog_movies_D7_A4_D7_99_D7_94-_D7_91_D7_99_D7_A4_D7_95__7ca4619b.md (7600 bytes)
  ✗ https://nfct.org.il/blog/movies/%D7%A4%D7%99%D7%9C%D7%99%D7%9D-%D7%91%D7%97%D7%9C%D7%9C/: 429 Client Error: Too Many Requests for url: https://crawl4ai-wrapper-559961100092.europe-west1.run.app/scrape
  ✗ https://nfct.org.il/blog/movies/%D7%A4%D7%99%D7%A1%D7%95%D7%9C-%D7%91%D7%97%D7%95%D7%9C/: 429 Client Error: Too Many Requests for url: https://crawl4ai-wrapper-559961100092.europe-west1.run.app/scrape
  ✓ https://nfct.org.il/blog/movies/%D7%A4%D7%99%D7%94%D7%A8%D7%A8/ → nfct__blog_movies_D7_A4_D7_99_D7_94_D7_A8_D7_A8__a9ff5e5c.md (7561 bytes)
  ✗ https://nfct.org.il/blog/movies/%D7%A4%D7%99%D7%A6%D7%95%D7%99%D7%99%D7%9D/: 429 Client Error: Too Many Requests for url: https://crawl4ai-wrapper-559961100092.europe-west1.run.app/scrape
  ✓ https://nfct.org.il/blog/movies/%D7%A4%D7%99%D7%99%D7%A8%D7%99-%D7%94%D7%91%D7%99%D7%98%D7%95%D7%97/ → nfct__blog_movies_D7_A4_D7_99_D7_99_D7_A8_D7_99-_D7_94_D7_91_D7_99_D7_98_D7_95_D7_97__03c6df50.md (7672 bytes)
  ✓ https://nfct.org.il/blog/movies/%D7%A4%D7%99%D7%99%D7%A8%D7%99-%D7%98%D7%90%D7%9C/ → nfct__blog_movies_D7_A4_D7_99_D7_99_D7_A8_D7_99-_D7_98_D7_90_D7_9C__f1cbc325.md (8198 bytes)
  ✗ https://nfct.org.il/blog/movies/%D7%A4%D7%99-%D7%94%D7%9E%D7%A2%D7%9E%D7%A7%D7%99%D7%9D/: 429 Client Error: Too Many Requests for url: https://crawl4ai-wrapper-559961100092.europe-west1.run.app/scrape
  ✗ https://nfct.org.il/blog/movies/%D7%A4%D7%9C%D7%90%D7%A9%D7%91%D7%A7%D7%99%D7%9D/: 429 Client Error: Too Many Requests for url: https://crawl4ai-wrapper-559961100092.europe-west1.run.app/scrape
  ✓ https://nfct.org.il/blog/movies/%D7%A4%D7%99%D7%A1%D7%95%D7%9C/ → nfct__blog_movies_D7_A4_D7_99_D7_A1_D7_95_D7_9C__f82ae968.md (7561 bytes)
  ✓ https://nfct.org.il/blog/movies/%D7%A4%D7%99%D7%98%D7%95%D7%A8%D7%99%D7%9F/ → nfct__blog_movies_D7_A4_D7_99_D7_98_D7_95_D7_A8_D7_99_D7_9F__2db699b9.md (8206 bytes)
  ✗ https://nfct.org.il/blog/movies/%D7%A4%D7%9C%D7%98%D7%95%D7%9F/: 429 Client Error: Too Many Requests for url: https://crawl4ai-wrapper-559961100092.europe-west1.run.app/scrape
  ✓ https://nfct.org.il/blog/movies/%D7%A4%D7%99%D7%A7%D7%95%D7%93-%D7%94%D7%A2%D7%95%D7%A8%D7%A3/ → nfct__blog_movies_D7_A4_D7_99_D7_A7_D7_95_D7_93-_D7_94_D7_A2_D7_95_D7_A8_D7_A3__1f64b485.md (8234 bytes)
  ✓ https://nfct.org.il/blog/movies/%D7%A4%D7%9C%D7%95%D7%95-%D7%A4%D7%9C%D7%95/ → nfct__blog_movies_D7_A4_D7_9C_D7_95_D7_95-_D7_A4_D7_9C_D7_95__d0f6dd7a.md (7600 bytes)
  ✓ https://nfct.org.il/blog/movies/%D7%A4%D7%9C%D7%95%D7%A7%D7%A1/ → nfct__blog_movies_D7_A4_D7_9C_D7_95_D7_A7_D7_A1__68ae29c5.md (8141 bytes)
  ✗ https://nfct.org.il/blog/movies/%D7%A4%D7%A0%D7%98%D7%95%D7%9D-%D7%9B%D7%90%D7%91%D7%99%D7%9D/: 429 Client Error: Too Many Requests for url: https://crawl4ai-wrapper-559961100092.europe-west1.run.app/scrape
  ✓ https://nfct.org.il/blog/movies/%D7%A4%D7%99%D7%A8%D7%95%D7%A7-%D7%90%D7%95%D7%A0%D7%A8%D7%90/ → nfct__blog_movies_D7_A4_D7_99_D7_A8_D7_95_D7_A7-_D7_90_D7_95_D7_A0_D7_A8_D7_90__53aff94c.md (8263 bytes)
  ✓ https://nfct.org.il/blog/movies/%D7%A4%D7%9C%D7%99%D7%98%D7%99%D7%9D-%D7%A1%D7%95%D7%A8%D7%99%D7%9D/ → nfct__blog_movies_D7_A4_D7_9C_D7_99_D7_98_D7_99_D7_9D-_D7_A1_D7_95_D7_A8_D7_99_D7_9D__f3d8f9dc.md (7672 bytes)
  ✓ https://nfct.org.il/blog/movies/%D7%A4%D7%9C%D7%99%D7%98%D7%99%D7%9D-%D7%91%D7%90%D7%99%D7%A8%D7%95%D7%A4%D7%94/ → nfct__blog_movies_D7_A4_D7_9C_D7_99_D7_98_D7_99_D7_9D-_D7_91_D7_90_D7_99_D7_A8_D7_95_D__5307ec8c.md (7708 bytes)
  ✗ https://nfct.org.il/blog/movies/%D7%A4%D7%A0%D7%98%D7%96%D7%99%D7%94-%D7%A2%D7%9C-%D7%94%D7%A0%D7%99%D7%A1%D7%99%D7%9D/: 429 Client Error: Too Many Requests for url: https://crawl4ai-wrapper-559961100092.europe-west1.run.app/scrape
  ✗ https://nfct.org.il/blog/movies/%D7%A4%D7%A0%D7%98%D7%96%D7%99%D7%94-%D7%A2%D7%9C-%D7%A4%D7%A0%D7%98%D7%96%D7%99%D7%94/: 429 Client Error: Too Many Requests for url: https://crawl4ai-wrapper-559961100092.europe-west1.run.app/scrape
  ✗ https://nfct.org.il/blog/movies/%D7%A4%D7%A0%D7%98%D7%96%D7%99%D7%94-%D7%A9%D7%9C-%D7%91%D7%99%D7%98%D7%95%D7%97/: 429 Client Error: Too Many Requests for url: https://crawl4ai-wrapper-559961100092.europe-west1.run.app/scrape
  ✗ https://nfct.org.il/blog/movies/%D7%A4%D7%A0%D7%98%D7%96%D7%99%D7%94-%D7%A9%D7%9C-%D7%94%D7%9C%D7%91/: 429 Client Error: Too Many Requests for url: https://crawl4ai-wrapper-559961100092.europe-west1.run.app/scrape
  ✓ https://nfct.org.il/blog/movies/%D7%A4%D7%9C%D7%99%D7%98%D7%94/ → nfct__blog_movies_D7_A4_D7_9C_D7_99_D7_98_D7_94__bbe8ea09.md (8170 bytes)
  ✗ https://nfct.org.il/blog/movies/%D7%A4%D7%A0%D7%98%D7%96%D7%99%D7%94-%D7%A9%D7%9C-%D7%A4%D7%A0%D7%98%D7%96%D7%99%D7%94/: 429 Client Error: Too Many Requests for url: https://crawl4ai-wrapper-559961100092.europe-west1.run.app/scrape
  ✗ https://nfct.org.il/blog/movies/%D7%A4%D7%A0%D7%98%D7%96%D7%99%D7%94/: 429 Client Error: Too Many Requests for url: https://crawl4ai-wrapper-559961100092.europe-west1.run.app/scrape
  ✓ https://nfct.org.il/blog/movies/%D7%A4%D7%A0%D7%98%D7%96%D7%99%D7%94-%D7%A2%D7%9C-%D7%91%D7%99%D7%98%D7%95%D7%97/ → nfct__blog_movies_D7_A4_D7_A0_D7_98_D7_96_D7_99_D7_94-_D7_A2_D7_9C-_D7_91_D7_99_D7_98___bce2ba11.md (8320 bytes)
  ✗ https://nfct.org.il/blog/movies/%D7%A4%D7%A0%D7%98%D7%96%D7%99%D7%95%D7%AA-%D7%A9%D7%9C-%D7%91%D7%99%D7%98%D7%95%D7%97/: 429 Client Error: Too Many Requests for url: https://crawl4ai-wrapper-559961100092.europe-west1.run.app/scrape
  ✓ https://nfct.org.il/blog/movies/%D7%A4%D7%A0%D7%98%D7%95%D7%9D-%D7%A4%D7%99%D7%99%D7%A0%D7%A1/ → nfct__blog_movies_D7_A4_D7_A0_D7_98_D7_95_D7_9D-_D7_A4_D7_99_D7_99_D7_A0_D7_A1__8b47dc56.md (7654 bytes)
  ✗ https://nfct.org.il/blog/movies/%D7%A4%D7%A0%D7%98%D7%96%D7%99%D7%95%D7%AA-%D7%A9%D7%9C-%D7%97%D7%A8%D7%93%D7%94/: 429 Client Error: Too Many Requests for url: https://crawl4ai-wrapper-559961100092.europe-west1.run.app/scrape
  ✗ https://nfct.org.il/blog/movies/%D7%A4%D7%A0%D7%98%D7%96%D7%99%D7%95%D7%AA-%D7%A9%D7%9C-%D7%A4%D7%A0%D7%98%D7%95%D7%9D/: 429 Client Error: Too Many Requests for url: https://crawl4ai-wrapper-559961100092.europe-west1.run.app/scrape
  ✗ https://nfct.org.il/blog/movies/%D7%A4%D7%A0%D7%98%D7%A1%D7%98%D7%99%D7%A7-%D7%A8%D7%99%D7%90%D7%9C%D7%99%D7%98%D7%99/: 429 Client Error: Too Many Requests for url: https://crawl4ai-wrapper-559961100092.europe-west1.run.app/scrape
  ✗ https://nfct.org.il/blog/movies/%D7%A4%D7%A0%D7%98%D7%A1%D7%98%D7%99%D7%A7/: 429 Client Error: Too Many Requests for url: https://crawl4ai-wrapper-559961100092.europe-west1.run.app/scrape
  ✗ https://nfct.org.il/blog/movies/%D7%A4%D7%A0%D7%98%D7%A1%D7%98%D7%99%D7%A9/: 429 Client Error: Too Many Requests for url: https://crawl4ai-wrapper-559961100092.europe-west1.run.app/scrape
  ✓ https://nfct.org.il/blog/movies/%D7%A4%D7%A0%D7%98%D7%96%D7%99%D7%94-%D7%A2%D7%9C-%D7%92%D7%95%D7%A3/ → nfct__blog_movies_D7_A4_D7_A0_D7_98_D7_96_D7_99_D7_94-_D7_A2_D7_9C-_D7_92_D7_95_D7_A3__f6f97ec5.md (7675 bytes)
  ✓ https://nfct.org.il/blog/movies/%D7%A4%D7%A0%D7%98%D7%96%D7%99%D7%94-%D7%A9%D7%9C-%D7%9B%D7%90%D7%91/ → nfct__blog_movies_D7_A4_D7_A0_D7_98_D7_96_D7_99_D7_94-_D7_A9_D7_9C-_D7_9B_D7_90_D7_91__6b2f320f.md (7675 bytes)
  ✗ https://nfct.org.il/blog/movies/%D7%A4%D7%A0%D7%99%D7%A7%D7%95%D7%98%D7%95%D7%A4%D7%99%D7%94-%D7%9E%D7%93%D7%91%D7%A8/: 429 Client Error: Too Many Requests for url: https://crawl4ai-wrapper-559961100092.europe-west1.run.app/scrape
  ✗ https://nfct.org.il/blog/movies/%D7%A4%D7%A0%D7%A7%D7%A1%D7%99%D7%9D-%D7%A9%D7%97%D7%95%D7%A8%D7%99%D7%9D/: 429 Client Error: Too Many Requests for url: https://crawl4ai-wrapper-559961100092.europe-west1.run.app/scrape
  ✗ https://nfct.org.il/blog/movies/%D7%A4%D7%A0%D7%A7%D7%A1%D7%99-%D7%90%D7%9C%D7%99%D7%A9/: 429 Client Error: Too Many Requests for url: https://crawl4ai-wrapper-559961100092.europe-west1.run.app/scrape
  ✗ https://nfct.org.il/blog/movies/%D7%A4%D7%A0%D7%A7%D7%A1-%D7%90%D7%9C%D7%99%D7%A9/: 429 Client Error: Too Many Requests for url: https://crawl4ai-wrapper-559961100092.europe-west1.run.app/scrape
  ✗ https://nfct.org.il/blog/movies/%D7%A4%D7%A1%D7%99%D7%9B%D7%93%D7%9C%D7%99%D7%94-%D7%A6%D7%99%D7%95%D7%A0%D7%99%D7%AA/: 429 Client Error: Too Many Requests for url: https://crawl4ai-wrapper-559961100092.europe-west1.run.app/scrape
  ✗ https://nfct.org.il/blog/movies/%D7%A4%D7%A1%D7%99%D7%9B%D7%93%D7%9C%D7%99%D7%A7-%D7%A6%D7%99%D7%95%D7%9F/: 429 Client Error: Too Many Requests for url: https://crawl4ai-wrapper-559961100092.europe-west1.run.app/scrape
  ✗ https://nfct.org.il/blog/movies/%D7%A4%D7%A1%D7%99%D7%9B%D7%95%D7%96%D7%94/: 429 Client Error: Too Many Requests for url: https://crawl4ai-wrapper-559961100092.europe-west1.run.app/scrape
  ✗ https://nfct.org.il/blog/movies/%D7%A4%D7%A1%D7%99%D7%A4%D7%A1-%D7%97%D7%91%D7%A8%D7%AA%D7%99/: 429 Client Error: Too Many Requests for url: https://crawl4ai-wrapper-559961100092.europe-west1.run.app/scrape
  ✓ https://nfct.org.il/blog/movies/%D7%A4%D7%A0%D7%98%D7%96%D7%99%D7%95%D7%AA-%D7%91%D7%99%D7%98%D7%95%D7%97/ → nfct__blog_movies_D7_A4_D7_A0_D7_98_D7_96_D7_99_D7_95_D7_AA-_D7_91_D7_99_D7_98_D7_95_D__5fa99ffb.md (7690 bytes)
  ✓ https://nfct.org.il/blog/movies/%D7%A4%D7%A0%D7%98%D7%A1%D7%98%D7%99/ → nfct__blog_movies_D7_A4_D7_A0_D7_98_D7_A1_D7_98_D7_99__014ac4b9.md (7579 bytes)
  ✓ https://nfct.org.il/blog/movies/%D7%A4%D7%A0%D7%99%D7%A7%D7%95%D7%98%D7%95%D7%A4%D7%99%D7%94-%D7%9E%D7%93%D7%91%D7%A8%D7%A7/ → nfct__blog_movies_D7_A4_D7_A0_D7_99_D7_A7_D7_95_D7_98_D7_95_D7_A4_D7_99_D7_94-_D7_9E_D__a3857d47.md (8324 bytes)
  ✗ https://nfct.org.il/blog/movies/%D7%A4%D7%A2%D7%9D-%D7%94%D7%91%D7%90%D7%AA-%D7%9C%D7%99-%D7%A4%D7%A8%D7%97%D7%99%D7%9D/: 429 Client Error: Too Many Requests for url: https://crawl4ai-wrapper-559961100092.europe-west1.run.app/scrape
  ✓ https://nfct.org.il/blog/movies/%D7%A4%D7%A0%D7%98%D7%A1%D7%99%D7%94/ → nfct__blog_movies_D7_A4_D7_A0_D7_98_D7_A1_D7_99_D7_94__7b81ec7e.md (7579 bytes)
  ✗ https://nfct.org.il/blog/movies/%D7%A4%D7%A2%D7%9D-%D7%A0%D7%9B%D7%A0%D7%A1-%D7%9C%D7%92%D7%9F/: 429 Client Error: Too Many Requests for url: https://crawl4ai-wrapper-559961100092.europe-west1.run.app/scrape
  ✓ https://nfct.org.il/blog/movies/%D7%A4%D7%A2%D7%9D-%D7%90%D7%97%D7%AA-%D7%91%D7%99%D7%AA-%D7%A1%D7%A4%D7%A8/ → nfct__blog_movies_D7_A4_D7_A2_D7_9D-_D7_90_D7_97_D7_AA-_D7_91_D7_99_D7_AA-_D7_A1_D7_A4__dd0b1c8b.md (7696 bytes)
  ✓ https://nfct.org.il/blog/movies/%D7%A4%D7%A2%D7%9D-%D7%90%D7%97%D7%AA-%D7%91%D7%91%D7%99%D7%AA-%D7%A1%D7%A4%D7%A8/ → nfct__blog_movies_D7_A4_D7_A2_D7_9D-_D7_90_D7_97_D7_AA-_D7_91_D7_91_D7_99_D7_AA-_D7_A1__fed56182.md (7714 bytes)
  ✗ https://nfct.org.il/blog/movies/%D7%A4%D7%A7%D7%99%D7%A2%D7%99%D7%9F/: 429 Client Error: Too Many Requests for url: https://crawl4ai-wrapper-559961100092.europe-west1.run.app/scrape
  ✓ https://nfct.org.il/blog/movies/%D7%A4%D7%A2%D7%9D-%D7%94%D7%99%D7%94-%D7%91%D7%99%D7%AA-%D7%A1%D7%A4%D7%A8/ → nfct__blog_movies_D7_A4_D7_A2_D7_9D-_D7_94_D7_99_D7_94-_D7_91_D7_99_D7_AA-_D7_A1_D7_A4__c716f4b3.md (7696 bytes)
  ✓ https://nfct.org.il/blog/movies/%D7%A4%D7%A2%D7%9D-%D7%90%D7%97%D7%AA-%D7%A0%D7%9B%D7%A0%D7%A1%D7%AA%D7%99-%D7%9C%D7%92%D7%9F/ → nfct__blog_movies_D7_A4_D7_A2_D7_9D-_D7_90_D7_97_D7_AA-_D7_A0_D7_9B_D7_A0_D7_A1_D7_AA___8b04b0c3.md (7750 bytes)
  ✗ https://nfct.org.il/blog/movies/%D7%A4%D7%A8%D7%93%D7%A1%D7%99%D7%9D/: 429 Client Error: Too Many Requests for url: https://crawl4ai-wrapper-559961100092.europe-west1.run.app/scrape
  ✓ https://nfct.org.il/blog/movies/%D7%A4%D7%A2%D7%9E%D7%95%D7%A0%D7%99%D7%9D-%D7%9E%D7%AA%D7%92%D7%9C%D7%92%D7%9C%D7%99%D7%9D-%E2%80%93-%D7%90%D7%94%D7%95%D7%91%D7%94-%D7%A2%D7%95%D7%96%D7%A8%D7%99/ → nfct__blog_movies_D7_A4_D7_A2_D7_9E_D7_95_D7_A0_D7_99_D7_9D-_D7_9E_D7_AA_D7_92_D7_9C_D__45769f77.md (7960 bytes)
  ✗ https://nfct.org.il/blog/movies/%D7%A4%D7%A8%D7%94%D7%95%D7%93/: 429 Client Error: Too Many Requests for url: https://crawl4ai-wrapper-559961100092.europe-west1.run.app/scrape
  ✗ https://nfct.org.il/blog/movies/%D7%A4%D7%A8%D7%95%D7%91%D7%99%D7%A0%D7%A6%D7%99%D7%94/: 429 Client Error: Too Many Requests for url: https://crawl4ai-wrapper-559961100092.europe-west1.run.app/scrape
  ✓ https://nfct.org.il/blog/movies/%D7%A4%D7%A2%D7%9E%D7%95%D7%A0%D7%99%D7%9D-%D7%9E%D7%A6%D7%9C%D7%A6%D7%9C%D7%99%D7%9D-%E2%80%93-%D7%90%D7%94%D7%95%D7%91%D7%94-%D7%A2%D7%95%D7%96%D7%A8%D7%99/ → nfct__blog_movies_D7_A4_D7_A2_D7_9E_D7_95_D7_A0_D7_99_D7_9D-_D7_9E_D7_A6_D7_9C_D7_A6_D__2f754a8f.md (7942 bytes)
  ✓ https://nfct.org.il/blog/movies/%D7%A4%D7%A8%D7%93%D7%A1-%D7%9E%D7%A0%D7%95%D7%A4%D7%A5/ → nfct__blog_movies_D7_A4_D7_A8_D7_93_D7_A1-_D7_9E_D7_A0_D7_95_D7_A4_D7_A5__0a11a8c1.md (7636 bytes)
  ✓ https://nfct.org.il/blog/movies/%D7%A4%D7%A8%D7%93%D7%99%D7%99%D7%A1-%D7%A9%D7%98%D7%A8%D7%93/ → nfct__blog_movies_D7_A4_D7_A8_D7_93_D7_99_D7_99_D7_A1-_D7_A9_D7_98_D7_A8_D7_93__798dc8ce.md (7654 bytes)
  ✓ https://nfct.org.il/blog/movies/%D7%A4%D7%A8%D7%93%D7%99%D7%99%D7%96-%D7%A9%D7%98%D7%A8%D7%98%D7%93/ → nfct__blog_movies_D7_A4_D7_A8_D7_93_D7_99_D7_99_D7_96-_D7_A9_D7_98_D7_A8_D7_98_D7_93__483b6d7a.md (8281 bytes)
  ✓ https://nfct.org.il/blog/movies/%D7%A4%D7%A8%D7%95%D7%91%D7%99-%D7%9E%D7%99%D7%99%D7%9F-%D7%94%D7%90%D7%A8%D7%98/ → nfct__blog_movies_D7_A4_D7_A8_D7_95_D7_91_D7_99-_D7_9E_D7_99_D7_99_D7_9F-_D7_94_D7_90___c6f98bff.md (7711 bytes)
  ✓ https://nfct.org.il/blog/movies/%D7%A4%D7%A8%D7%95%D7%99%D7%A7%D7%98-%D7%90%D7%99%D7%A7%D7%A1-%D7%A9%D7%9C%D7%99/ → nfct__blog_movies_D7_A4_D7_A8_D7_95_D7_99_D7_A7_D7_98-_D7_90_D7_99_D7_A7_D7_A1-_D7_A9___560a46af.md (7711 bytes)
  ✓ https://nfct.org.il/blog/movies/%D7%A4%D7%A8%D7%95%D7%99%D7%A7%D7%98-%D7%94%D7%9E%D7%A7%D7%95%D7%9D/ → nfct__blog_movies_D7_A4_D7_A8_D7_95_D7_99_D7_A7_D7_98-_D7_94_D7_9E_D7_A7_D7_95_D7_9D__b405f528.md (8252 bytes)
  ✗ https://nfct.org.il/blog/movies/%D7%A4%D7%A8%D7%95%D7%99%D7%A7%D7%98-%D7%9C%D7%9E%D7%94-%D7%A9%D7%9C%D7%90-%D7%AA%D7%92%D7%99%D7%93-%D7%90%D7%AA-%D7%96%D7%94/: 429 Client Error: Too Many Requests for url: https://crawl4ai-wrapper-559961100092.europe-west1.run.app/scrape
  ✓ https://nfct.org.il/blog/movies/%D7%A4%D7%A8%D7%95%D7%99%D7%A7%D7%98-%D7%9B%D7%A0%D7%A4%D7%99%D7%99%D7%9D/ → nfct__blog_movies_D7_A4_D7_A8_D7_95_D7_99_D7_A7_D7_98-_D7_9B_D7_A0_D7_A4_D7_99_D7_99_D__51146b1c.md (18980 bytes)
  ✓ https://nfct.org.il/blog/movies/%D7%A4%D7%A8%D7%95%D7%99%D7%A7%D7%98-%D7%9B%D7%A1%D7%A3-%D7%95%D7%90%D7%A9%D7%9E%D7%94/ → nfct__blog_movies_D7_A4_D7_A8_D7_95_D7_99_D7_A7_D7_98-_D7_9B_D7_A1_D7_A3-_D7_95_D7_90___592b86e5.md (7729 bytes)
  ✗ https://nfct.org.il/blog/movies/%D7%A4%D7%A8%D7%95%D7%99%D7%A7%D7%98-X-%D7%A9%D7%9C%D7%99/: 429 Client Error: Too Many Requests for url: https://crawl4ai-wrapper-559961100092.europe-west1.run.app/scrape
  ✓ https://nfct.org.il/blog/movies/%D7%A4%D7%A8%D7%95%D7%99%D7%A7%D7%98-%D7%94%D7%A8%D7%A2%D7%91/ → nfct__blog_movies_D7_A4_D7_A8_D7_95_D7_99_D7_A7_D7_98-_D7_94_D7_A8_D7_A2_D7_91__7b7b13f1.md (7654 bytes)
  ✓ https://nfct.org.il/blog/movies/%D7%A4%D7%A8%D7%95%D7%99%D7%A7%D7%98-%D7%9C%D7%9E%D7%94-%D7%9C%D7%90-%D7%AA%D7%92%D7%99%D7%93-%D7%90%D7%AA-%D7%96%D7%94/ → nfct__blog_movies_D7_A4_D7_A8_D7_95_D7_99_D7_A7_D7_98-_D7_9C_D7_9E_D7_94-_D7_9C_D7_90-__0af49622.md (7828 bytes)
  ✓ https://nfct.org.il/blog/movies/%D7%A4%D7%A8%D7%95%D7%99%D7%A7%D7%98-%D7%A8%D7%A2%D7%91/ → nfct__blog_movies_D7_A4_D7_A8_D7_95_D7_99_D7_A7_D7_98-_D7_A8_D7_A2_D7_91__d6b5245d.md (8216 bytes)
  ✗ https://nfct.org.il/blog/movies/%D7%A4%D7%A8%D7%99%D7%99%D7%9D-%D7%98%D7%99%D7%99%D7%9D/: 429 Client Error: Too Many Requests for url: https://crawl4ai-wrapper-559961100092.europe-west1.run.app/scrape
  ✗ https://nfct.org.il/blog/movies/%D7%A4%D7%A8%D7%99%D7%99%D7%A1-%D7%93%D7%94-%D7%9C%D7%90%D7%A8%D7%93/: 429 Client Error: Too Many Requests for url: https://crawl4ai-wrapper-559961100092.europe-west1.run.app/scrape
  ✗ https://nfct.org.il/blog/movies/%D7%A4%D7%A8%D7%99%D7%A0%D7%98-%D7%A1%D7%A7%D7%A8%D7%99%D7%9F-2014/: 429 Client Error: Too Many Requests for url: https://crawl4ai-wrapper-559961100092.europe-west1.run.app/scrape
  ✓ https://nfct.org.il/blog/movies/%D7%A4%D7%A8%D7%95%D7%99%D7%A7%D7%98-%D7%9E%D7%A7%D7%95%D7%9D/ → nfct__blog_movies_D7_A4_D7_A8_D7_95_D7_99_D7_A7_D7_98-_D7_9E_D7_A7_D7_95_D7_9D__b29b5a4c.md (24246 bytes)
  ✓ https://nfct.org.il/blog/movies/%D7%A4%D7%A8%D7%99%D7%93%D7%94-%D7%A9%D7%A0%D7%99%D7%99%D7%94-%D7%A4%D7%A6%D7%A2%D7%99-%D7%91%D7%92%D7%A8%D7%95%D7%AA/ → nfct__blog_movies_D7_A4_D7_A8_D7_99_D7_93_D7_94-_D7_A9_D7_A0_D7_99_D7_99_D7_94-_D7_A4___6d7c56fb.md (7822 bytes)
  ✓ https://nfct.org.il/blog/movies/%D7%A4%D7%A8%D7%97%D7%99-%D7%97%D7%92/ → nfct__blog_movies_D7_A4_D7_A8_D7_97_D7_99-_D7_97_D7_92__c2c1b91a.md (8191 bytes)
  ✗ https://nfct.org.il/blog/movies/%D7%A4%D7%A8%D7%A0%D7%A6%D7%A1%D7%A7%D7%94/: 429 Client Error: Too Many Requests for url: https://crawl4ai-wrapper-559961100092.europe-west1.run.app/scrape
  ✓ https://nfct.org.il/blog/movies/%D7%A4%D7%A8%D7%99%D7%93%D7%94/ → nfct__blog_movies_D7_A4_D7_A8_D7_99_D7_93_D7_94__8cf7b1da.md (15304 bytes)
  ✓ https://nfct.org.il/blog/movies/%D7%A4%D7%A8%D7%99%D7%A0%D7%98-%D7%A1%D7%A7%D7%A8%D7%99%D7%9F/ → nfct__blog_movies_D7_A4_D7_A8_D7_99_D7_A0_D7_98-_D7_A1_D7_A7_D7_A8_D7_99_D7_9F__d4e677ba.md (7654 bytes)
  ✗ https://nfct.org.il/blog/movies/%D7%A4%D7%A9%D7%A2-%D7%A9%D7%A0%D7%90%D7%94/: 429 Client Error: Too Many Requests for url: https://crawl4ai-wrapper-559961100092.europe-west1.run.app/scrape
  ✗ https://nfct.org.il/blog/movies/%D7%A4%D7%A8%D7%A7%D7%95%D7%A8/: 429 Client Error: Too Many Requests for url: https://crawl4ai-wrapper-559961100092.europe-west1.run.app/scrape
  ✗ https://nfct.org.il/blog/movies/%D7%A4%D7%AA%D7%94-%D7%9E%D7%95%D7%A8%D7%92%D7%A0%D7%94/: 429 Client Error: Too Many Requests for url: https://crawl4ai-wrapper-559961100092.europe-west1.run.app/scrape
  ✗ https://nfct.org.il/blog/movies/%D7%A4%D7%AA%D7%97%D7%95-%D7%90%D7%AA-%D7%94%D7%A4%D7%94/: 429 Client Error: Too Many Requests for url: https://crawl4ai-wrapper-559961100092.europe-west1.run.app/scrape
  ✗ https://nfct.org.il/blog/movies/%D7%A4%D7%AA%D7%97%D7%99-%D7%90%D7%AA-%D7%A4%D7%99%D7%9A/: 429 Client Error: Too Many Requests for url: https://crawl4ai-wrapper-559961100092.europe-west1.run.app/scrape
  ✗ https://nfct.org.il/blog/movies/%D7%A4%D7%AA%D7%97-%D7%90%D7%AA-%D7%A4%D7%99%D7%9A/: 429 Client Error: Too Many Requests for url: https://crawl4ai-wrapper-559961100092.europe-west1.run.app/scrape
  ✓ https://nfct.org.il/blog/movies/%D7%A4%D7%A8%D7%99%D7%A7-%D7%90%D7%90%D7%95%D7%98/ → nfct__blog_movies_D7_A4_D7_A8_D7_99_D7_A7-_D7_90_D7_90_D7_95_D7_98__4779c894.md (7618 bytes)
  ✗ https://nfct.org.il/blog/movies/%D7%A4%D7%AA%D7%99%D7%97%D7%AA-%D7%9C%D7%99%D7%9C%D7%94/: 429 Client Error: Too Many Requests for url: https://crawl4ai-wrapper-559961100092.europe-west1.run.app/scrape
  ✓ https://nfct.org.il/blog/movies/%D7%A4%D7%A8%D7%99%D7%A4%D7%A8%D7%99%D7%94-%D7%97%D7%91%D7%A8%D7%AA%D7%99%D7%AA/ → nfct__blog_movies_D7_A4_D7_A8_D7_99_D7_A4_D7_A8_D7_99_D7_94-_D7_97_D7_91_D7_A8_D7_AA_D__e0091ed1.md (7708 bytes)
  ✓ https://nfct.org.il/blog/movies/%D7%A4%D7%AA%D7%95%D7%9C%D7%95%D7%92%D7%99%D7%94/ → nfct__blog_movies_D7_A4_D7_AA_D7_95_D7_9C_D7_95_D7_92_D7_99_D7_94__caee892c.md (7615 bytes)
  ✗ https://nfct.org.il/blog/movies/%D7%A6%D7%90-%D7%94%D7%97%D7%95%D7%A6%D7%94-%D7%95%D7%A9%D7%95%D7%91/: 429 Client Error: Too Many Requests for url: https://crawl4ai-wrapper-559961100092.europe-west1.run.app/scrape
  ✓ https://nfct.org.il/blog/movies/%D7%A4%D7%A8%D7%A6%D7%95%D7%A3-%D7%A7%D7%A6%D7%A3/ → nfct__blog_movies_D7_A4_D7_A8_D7_A6_D7_95_D7_A3-_D7_A7_D7_A6_D7_A3__ca6233a3.md (7618 bytes)
  ✓ https://nfct.org.il/blog/movies/%D7%A6%D7%90-%D7%94%D7%97%D7%95%D7%A6%D7%94-%D7%95%D7%91%D7%95%D7%90-%D7%97%D7%96%D7%A8%D7%94/ → nfct__blog_movies_D7_A6_D7_90-_D7_94_D7_97_D7_95_D7_A6_D7_94-_D7_95_D7_91_D7_95_D7_90-__82213f08.md (7750 bytes)
  ✓ https://nfct.org.il/blog/movies/%D7%A4%D7%AA%D7%99%D7%97%D7%AA-%D7%90%D7%95%D7%A0%D7%A8%D7%90/ → nfct__blog_movies_D7_A4_D7_AA_D7_99_D7_97_D7_AA-_D7_90_D7_95_D7_A0_D7_A8_D7_90__e95c776a.md (7654 bytes)
  ✓ https://nfct.org.il/blog/movies/%D7%A6%D7%90%D7%A8%D7%9C%D7%A1-%D7%9E%D7%A0%D7%A1%D7%95%D7%9F/ → nfct__blog_movies_D7_A6_D7_90_D7_A8_D7_9C_D7_A1-_D7_9E_D7_A0_D7_A1_D7_95_D7_9F__07c8085c.md (7654 bytes)
  ✓ https://nfct.org.il/blog/movies/%D7%A6%D7%90-%D7%95%D7%94%D7%AA%D7%97%D7%91%D7%90/ → nfct__blog_movies_D7_A6_D7_90-_D7_95_D7_94_D7_AA_D7_97_D7_91_D7_90__40f1605f.md (8198 bytes)
  ✓ https://nfct.org.il/blog/movies/%D7%A6%D7%90-%D7%95%D7%97%D7%96%D7%95%D7%A8/ → nfct__blog_movies_D7_A6_D7_90-_D7_95_D7_97_D7_96_D7_95_D7_A8__1a4b464c.md (8209 bytes)
  ✓ https://nfct.org.il/blog/movies/%D7%A6%D7%90-%D7%95%D7%9C%D7%9A/ → nfct__blog_movies_D7_A6_D7_90-_D7_95_D7_9C_D7_9A__73d14512.md (7564 bytes)
  ✓ https://nfct.org.il/blog/movies/%D7%A6%D7%90-%D7%95%D7%9C%D7%9A-%D7%95%D7%A9%D7%95%D7%91/ → nfct__blog_movies_D7_A6_D7_90-_D7_95_D7_9C_D7_9A-_D7_95_D7_A9_D7_95_D7_91__bc921245.md (8219 bytes)
  ✓ https://nfct.org.il/blog/movies/%D7%A6%D7%90-%D7%95%D7%9C%D7%9E%D7%93/ → nfct__blog_movies_D7_A6_D7_90-_D7_95_D7_9C_D7_9E_D7_93__a2d2ee98.md (8162 bytes)
  ✓ https://nfct.org.il/blog/movies/%D7%A6%D7%90-%D7%95%D7%A8%D7%90%D7%94/ → nfct__blog_movies_D7_A6_D7_90-_D7_95_D7_A8_D7_90_D7_94__ebd590c7.md (7582 bytes)
  ✓ https://nfct.org.il/blog/movies/%D7%A6%D7%93%D7%99%D7%A7%D7%99%D7%9D/ → nfct__blog_movies_D7_A6_D7_93_D7_99_D7_A7_D7_99_D7_9D__23c08ea6.md (7579 bytes)
  ✓ https://nfct.org.il/blog/movies/%D7%A6%D7%91%D7%90-%D7%94%D7%94%D7%92%D7%A0%D7%94-%D7%9C%D7%99%D7%A9%D7%A8%D7%90%D7%9C/ → nfct__blog_movies_D7_A6_D7_91_D7_90-_D7_94_D7_94_D7_92_D7_A0_D7_94-_D7_9C_D7_99_D7_A9___a3432b07.md (7729 bytes)
  ✓ https://nfct.org.il/blog/movies/%D7%A6%D7%94%D7%9C-%E2%80%93-%D7%94%D7%9E%D7%97%D7%96%D7%9E%D7%A8/ → nfct__blog_movies_D7_A6_D7_94_D7_9C-_E2_80_93-_D7_94_D7_9E_D7_97_D7_96_D7_9E_D7_A8__c87ba7f6.md (8246 bytes)
  ✓ https://nfct.org.il/blog/movies/%D7%A6%D7%93%D7%A7-%D7%97%D7%91%D7%A8%D7%AA%D7%99/ → nfct__blog_movies_D7_A6_D7_93_D7_A7-_D7_97_D7_91_D7_A8_D7_AA_D7_99__366992da.md (8227 bytes)
  ✓ https://nfct.org.il/blog/movies/%D7%A6%D7%94%D7%9C---%D7%94%D7%9E%D7%97%D7%96%D7%9E%D7%A8/ → nfct__blog_movies_D7_A6_D7_94_D7_9C---_D7_94_D7_9E_D7_97_D7_96_D7_9E_D7_A8__3fbb10c0.md (7642 bytes)
  ✓ https://nfct.org.il/blog/movies/%D7%A6%D7%94-%D7%A6%D7%94-%D7%94%D7%99%D7%A4%D7%99%D7%A4%D7%99%D7%94/ → nfct__blog_movies_D7_A6_D7_94-_D7_A6_D7_94-_D7_94_D7_99_D7_A4_D7_99_D7_A4_D7_99_D7_94__fa32edbb.md (7675 bytes)
  ✓ https://nfct.org.il/blog/movies/%D7%A6%D7%94-%D7%A6%D7%94-%D7%94%D7%A0%D7%A1%D7%99%D7%9B%D7%94/ → nfct__blog_movies_D7_A6_D7_94-_D7_A6_D7_94-_D7_94_D7_A0_D7_A1_D7_99_D7_9B_D7_94__08c56a29.md (7657 bytes)
  ✓ https://nfct.org.il/blog/movies/%D7%A6%D7%94-%D7%A6%D7%94-%D7%94%D7%9E%D7%94%D7%9E%D7%9D/ → nfct__blog_movies_D7_A6_D7_94-_D7_A6_D7_94-_D7_94_D7_9E_D7_94_D7_9E_D7_9D__a7af7d21.md (8248 bytes)
  ✓ https://nfct.org.il/blog/movies/%D7%A6%D7%94-%D7%A6%D7%94-%D7%94%D7%A0%D7%A4%D7%9C%D7%90/ → nfct__blog_movies_D7_A6_D7_94-_D7_A6_D7_94-_D7_94_D7_A0_D7_A4_D7_9C_D7_90__e30f4bb7.md (7639 bytes)
  ✓ https://nfct.org.il/blog/movies/%D7%A6%D7%95%D7%9E%D7%AA-%D7%91%D7%99%D7%A7%D7%95%D7%A8%D7%AA/ → nfct__blog_movies_D7_A6_D7_95_D7_9E_D7_AA-_D7_91_D7_99_D7_A7_D7_95_D7_A8_D7_AA__e9aaa31a.md (8234 bytes)
  ✓ https://nfct.org.il/blog/movies/%D7%A6%D7%95%D7%A2%D7%A0%D7%99%D7%9D/ → nfct__blog_movies_D7_A6_D7_95_D7_A2_D7_A0_D7_99_D7_9D__0cac5405.md (7579 bytes)
  ✓ https://nfct.org.il/blog/movies/%D7%A6%D7%95%D7%A7%D7%95%D7%9C%D7%98%D7%94-%D7%92%D7%A0%D7%92%D7%A1%D7%98%D7%A8/ → nfct__blog_movies_D7_A6_D7_95_D7_A7_D7_95_D7_9C_D7_98_D7_94-_D7_92_D7_A0_D7_92_D7_A1_D__e835ec13.md (7708 bytes)
  ✓ https://nfct.org.il/blog/movies/%D7%A6%D7%99%D7%93-%D7%90%D7%A8%D7%99%D7%95%D7%AA/ → nfct__blog_movies_D7_A6_D7_99_D7_93-_D7_90_D7_A8_D7_99_D7_95_D7_AA__98543f96.md (8227 bytes)
  ✓ https://nfct.org.il/blog/movies/%D7%A6%D7%99%D7%93-%D7%A8%D7%90%D7%95%D7%95%D7%94/ → nfct__blog_movies_D7_A6_D7_99_D7_93-_D7_A8_D7_90_D7_95_D7_95_D7_94__45f8e69d.md (7618 bytes)
  ✓ https://nfct.org.il/blog/movies/%D7%A6%D7%99%D7%95%D7%A8-%D7%91%D7%97%D7%95%D7%9C/ → nfct__blog_movies_D7_A6_D7_99_D7_95_D7_A8-_D7_91_D7_97_D7_95_D7_9C__f5a297cc.md (8227 bytes)
  ✓ https://nfct.org.il/blog/movies/%D7%A6%D7%99%D7%99%D7%93-%D7%99%D7%94%D7%95%D7%A9%D7%A2/ → nfct__blog_movies_D7_A6_D7_99_D7_99_D7_93-_D7_99_D7_94_D7_95_D7_A9_D7_A2__c5f54364.md (7636 bytes)
  ✗ https://nfct.org.il/blog/movies/%D7%A6%D7%99%D7%A0%D7%95%D7%A8%D7%95%D7%AA-%D7%A4%D7%A0%D7%99%D7%9E%D7%99%D7%99%D7%9D/: 429 Client Error: Too Many Requests for url: https://crawl4ai-wrapper-559961100092.europe-west1.run.app/scrape
  ✓ https://nfct.org.il/blog/movies/%D7%A6%D7%99%D7%9C%D7%95%D7%9D-%D7%9E%D7%A1%D7%9A/ → nfct__blog_movies_D7_A6_D7_99_D7_9C_D7_95_D7_9D-_D7_9E_D7_A1_D7_9A__680475b1.md (8227 bytes)
  ✓ https://nfct.org.il/blog/movies/%D7%A6%D7%99%D7%9C%D7%95%D7%9E%D7%99%D7%9D-%D7%91%D7%99%D7%AA%D7%99%D7%99%D7%9D/ → nfct__blog_movies_D7_A6_D7_99_D7_9C_D7_95_D7_9E_D7_99_D7_9D-_D7_91_D7_99_D7_AA_D7_99_D__51e4a563.md (8288 bytes)
  ✓ https://nfct.org.il/blog/movies/%D7%A6%D7%99%D7%9C%D7%99%D7%A7/ → nfct__blog_movies_D7_A6_D7_99_D7_9C_D7_99_D7_A7__a75fe355.md (7561 bytes)
  ✓ https://nfct.org.il/blog/movies/%D7%A6%D7%99%D7%99%D7%A1%D7%A0%D7%99%D7%92-%D7%99%D7%94%D7%95%D7%A9%D7%A2/ → nfct__blog_movies_D7_A6_D7_99_D7_99_D7_A1_D7_A0_D7_99_D7_92-_D7_99_D7_94_D7_95_D7_A9_D__c415e156.md (9722 bytes)
  ✓ https://nfct.org.il/blog/movies/%D7%A6%D7%99%D7%A4%D7%95%D7%A8%D7%94-%D7%95%D7%A8%D7%97%D7%9C-%D7%90%D7%99%D7%A0%D7%9F-%D7%9E%D7%AA%D7%95%D7%AA/ → nfct__blog_movies_D7_A6_D7_99_D7_A4_D7_95_D7_A8_D7_94-_D7_95_D7_A8_D7_97_D7_9C-_D7_90___ddce7034.md (7804 bytes)
  ✓ https://nfct.org.il/blog/movies/%D7%A6%D7%99%D7%A4%D7%95%D7%A8%D7%A1-%D7%A4%D7%9C%D7%99%D7%99%D7%98/ → nfct__blog_movies_D7_A6_D7_99_D7_A4_D7_95_D7_A8_D7_A1-_D7_A4_D7_9C_D7_99_D7_99_D7_98__b7bf5234.md (7672 bytes)
  ✓ https://nfct.org.il/blog/movies/%D7%A6%D7%9C%D7%99%D7%9C-%D7%94%D7%A2%D7%99%D7%A0%D7%95%D7%99/ → nfct__blog_movies_D7_A6_D7_9C_D7_99_D7_9C-_D7_94_D7_A2_D7_99_D7_A0_D7_95_D7_99__9cf2526b.md (8263 bytes)
  ✓ https://nfct.org.il/blog/movies/%D7%A6%D7%99%D7%A4%D7%95%D7%A8%D7%99%D7%9D-%D7%9E%D7%95%D7%96%D7%A8%D7%95%D7%AA/ → nfct__blog_movies_D7_A6_D7_99_D7_A4_D7_95_D7_A8_D7_99_D7_9D-_D7_9E_D7_95_D7_96_D7_A8_D__ac2b5246.md (8317 bytes)
  ✓ https://nfct.org.il/blog/movies/%D7%A6%D7%9C%D7%A6%D7%95%D7%9C%D7%99-%D7%A4%D7%A2%D7%9E%D7%95%D7%A0%D7%99%D7%9D---%D7%90%D7%94%D7%95%D7%91%D7%94-%D7%A2%D7%95%D7%96%D7%A8%D7%99/ → nfct__blog_movies_D7_A6_D7_9C_D7_A6_D7_95_D7_9C_D7_99-_D7_A4_D7_A2_D7_9E_D7_95_D7_A0_D__938a3a1c.md (19470 bytes)
  ✓ https://nfct.org.il/blog/movies/%D7%A6%D7%9C-%D7%94%D7%90%D7%9E%D7%AA-%D7%94%D7%A4%D7%A1%D7%A7-%D7%93%D7%99%D7%9F/ → nfct__blog_movies_D7_A6_D7_9C-_D7_94_D7_90_D7_9E_D7_AA-_D7_94_D7_A4_D7_A1_D7_A7-_D7_93__449b3f95.md (7714 bytes)
  ✓ https://nfct.org.il/blog/movies/%D7%A6%D7%9C%D7%A7%D7%95%D7%AA-%D7%A9%D7%9C-%D7%9E%D7%97%D7%A8/ → nfct__blog_movies_D7_A6_D7_9C_D7_A7_D7_95_D7_AA-_D7_A9_D7_9C-_D7_9E_D7_97_D7_A8__e4fbc098.md (8266 bytes)
  ✓ https://nfct.org.il/blog/movies/%D7%A6%D7%9C%D7%9C%D7%99%D7%9D/ → nfct__blog_movies_D7_A6_D7_9C_D7_9C_D7_99_D7_9D__76f7b7c7.md (8170 bytes)
  ✓ https://nfct.org.il/blog/movies/%D7%A6%D7%9C-%D7%94%D7%90%D7%9E%D7%AA-%D7%A4%D7%A1%D7%A7-%D7%94%D7%93%D7%99%D7%9F/ → nfct__blog_movies_D7_A6_D7_9C-_D7_94_D7_90_D7_9E_D7_AA-_D7_A4_D7_A1_D7_A7-_D7_94_D7_93__4c12f459.md (8323 bytes)
  ✓ https://nfct.org.il/blog/movies/%D7%A6%D7%9C-%D7%94%D7%90%D7%9E%D7%AA/ → nfct__blog_movies_D7_A6_D7_9C-_D7_94_D7_90_D7_9E_D7_AA__d75db48b.md (8191 bytes)
  ✓ https://nfct.org.il/blog/movies/%D7%A6%D7%9C-%D7%94%D7%A9%D7%9E%D7%A9/ → nfct__blog_movies_D7_A6_D7_9C-_D7_94_D7_A9_D7_9E_D7_A9__945eaeb5.md (7582 bytes)
  ✓ https://nfct.org.il/blog/movies/%D7%A6%D7%9C-%D7%A9%D7%9C-%D7%90%D7%9E%D7%AA-%D7%94%D7%9E%D7%A9%D7%A4%D7%98/ → nfct__blog_movies_D7_A6_D7_9C-_D7_A9_D7_9C-_D7_90_D7_9E_D7_AA-_D7_94_D7_9E_D7_A9_D7_A4__ac1b0024.md (7696 bytes)
  ✗ https://nfct.org.il/blog/movies/%D7%A6%D7%A2%D7%93%D7%99%D7%9D-%D7%91%D7%99%D7%A8%D7%95%D7%A9%D7%9C%D7%99%D7%9D/: 429 Client Error: Too Many Requests for url: https://crawl4ai-wrapper-559961100092.europe-west1.run.app/scrape
  ✓ https://nfct.org.il/blog/movies/%D7%A6%D7%A0%D7%97%D7%A0%D7%99%D7%9D/ → nfct__blog_movies_D7_A6_D7_A0_D7_97_D7_A0_D7_99_D7_9D__07657303.md (8159 bytes)
  ✓ https://nfct.org.il/blog/movies/%D7%A6%D7%9C-%D7%A9%D7%9C-%D7%90%D7%9E%D7%AA-%D7%A4%D7%A1%D7%A7-%D7%94%D7%93%D7%99%D7%9F/ → nfct__blog_movies_D7_A6_D7_9C-_D7_A9_D7_9C-_D7_90_D7_9E_D7_AA-_D7_A4_D7_A1_D7_A7-_D7_9__6717bd24.md (8344 bytes)
  ✓ https://nfct.org.il/blog/movies/%D7%A6%D7%9E%D7%97%D7%95%D7%A0%D7%95%D7%AA/ → nfct__blog_movies_D7_A6_D7_9E_D7_97_D7_95_D7_A0_D7_95_D7_AA__b61ee175.md (8206 bytes)
  ✓ https://nfct.org.il/blog/movies/%D7%A6%D7%A0%D7%A2%D7%94/ → nfct__blog_movies_D7_A6_D7_A0_D7_A2_D7_94__47654456.md (9281 bytes)
  ✓ https://nfct.org.il/blog/movies/%D7%A6%D7%A2%D7%93%D7%99%D7%9D-%D7%A0%D7%95%D7%A7%D7%A9%D7%99%D7%9D/ → nfct__blog_movies_D7_A6_D7_A2_D7_93_D7_99_D7_9D-_D7_A0_D7_95_D7_A7_D7_A9_D7_99_D7_9D__a3862f54.md (7672 bytes)
  ✗ https://nfct.org.il/blog/movies/%D7%A6%D7%A2%D7%93-%D7%94%D7%91%D7%95%D7%A7%D7%A8-%D7%A9%D7%9C-%D7%9E%D7%99%D7%9C%D7%95%D7%90/: 429 Client Error: Too Many Requests for url: https://crawl4ai-wrapper-559961100092.europe-west1.run.app/scrape
  ✓ https://nfct.org.il/blog/movies/%D7%A6%D7%A2%D7%93%D7%99%D7%9D/ → nfct__blog_movies_D7_A6_D7_A2_D7_93_D7_99_D7_9D__91af182e.md (7561 bytes)
  ✓ https://nfct.org.il/blog/movies/%D7%A6%D7%A2%D7%93%D7%AA-%D7%94%D7%91%D7%95%D7%A7%D7%A8-%D7%A9%D7%9C-%D7%9E%D7%99%D7%9C%D7%95%D7%90/ → nfct__blog_movies_D7_A6_D7_A2_D7_93_D7_AA-_D7_94_D7_91_D7_95_D7_A7_D7_A8-_D7_A9_D7_9C-__3feb4433.md (8348 bytes)
  ✓ https://nfct.org.il/blog/movies/%D7%A6%D7%A2%D7%93%D7%99%D7%9D-%D7%A0%D7%95%D7%A7%D7%98%D7%99%D7%9D/ → nfct__blog_movies_D7_A6_D7_A2_D7_93_D7_99_D7_9D-_D7_A0_D7_95_D7_A7_D7_98_D7_99_D7_9D__d6f7be5e.md (7672 bytes)
  ✓ https://nfct.org.il/blog/movies/%D7%A6%D7%A2%D7%93%D7%AA-%D7%94%D7%91%D7%95%D7%A7%D7%A8-%D7%A9%D7%9C-%D7%9E%D7%99%D7%9C%D7%95/ → nfct__blog_movies_D7_A6_D7_A2_D7_93_D7_AA-_D7_94_D7_91_D7_95_D7_A7_D7_A8-_D7_A9_D7_9C-__d46d55f4.md (7750 bytes)
  ✓ https://nfct.org.il/blog/movies/%D7%A6%D7%A2%D7%93-%D7%94%D7%91%D7%95%D7%A7%D7%A8-%D7%A9%D7%9C-%D7%9E%D7%99%D7%9C%D7%95/ → nfct__blog_movies_D7_A6_D7_A2_D7_93-_D7_94_D7_91_D7_95_D7_A7_D7_A8-_D7_A9_D7_9C-_D7_9E__25ec862f.md (7732 bytes)
  ✓ https://nfct.org.il/blog/movies/%D7%A6%D7%A2%D7%99%D7%93%D7%AA-%D7%94%D7%91%D7%95%D7%A7%D7%A8-%D7%A9%D7%9C-%D7%9E%D7%99%D7%9C%D7%95/ → nfct__blog_movies_D7_A6_D7_A2_D7_99_D7_93_D7_AA-_D7_94_D7_91_D7_95_D7_A7_D7_A8-_D7_A9___9e9fd352.md (7768 bytes)
  ✓ https://nfct.org.il/blog/movies/%D7%A6%D7%A2%D7%99%D7%93%D7%AA%D7%95-%D7%A9%D7%9C-%D7%9E%D7%99%D7%9C%D7%95%D7%90-%D7%91%D7%91%D7%95%D7%A7%D7%A8/ → nfct__blog_movies_D7_A6_D7_A2_D7_99_D7_93_D7_AA_D7_95-_D7_A9_D7_9C-_D7_9E_D7_99_D7_9C___5d145a01.md (7804 bytes)
  ✓ https://nfct.org.il/blog/movies/%D7%A6%D7%A2%D7%99%D7%93%D7%AA-%D7%94%D7%91%D7%95%D7%A7%D7%A8-%D7%A9%D7%9C-%D7%9E%D7%99%D7%9C%D7%95%D7%90/ → nfct__blog_movies_D7_A6_D7_A2_D7_99_D7_93_D7_AA-_D7_94_D7_91_D7_95_D7_A7_D7_A8-_D7_A9___02e4cd7c.md (10010 bytes)
  ✗ https://nfct.org.il/blog/movies/%D7%A6%D7%A3-%D7%90%D7%94%D7%91%D7%94/: 429 Client Error: Too Many Requests for url: https://crawl4ai-wrapper-559961100092.europe-west1.run.app/scrape
  ✗ https://nfct.org.il/blog/movies/%D7%A6%D7%A8%D7%95%D7%99%D7%94-%D7%A9%D7%9C%D7%95-%D7%A1%D7%A4%D7%A8%D7%95%D7%AA/: 429 Client Error: Too Many Requests for url: https://crawl4ai-wrapper-559961100092.europe-west1.run.app/scrape
  ✗ https://nfct.org.il/blog/movies/%D7%A6%D7%A8%D7%99%D7%9A-%D7%9C%D7%A2%D7%A9%D7%95%D7%AA-%D7%9E%D7%96%D7%94-%D7%A1%D7%A8%D7%98/: 429 Client Error: Too Many Requests for url: https://crawl4ai-wrapper-559961100092.europe-west1.run.app/scrape
  ✓ https://nfct.org.il/blog/movies/%D7%A6%D7%A2%D7%A7%D7%95%D7%AA-%D7%9C%D7%A4%D7%A0%D7%99-%D7%93%D7%9E%D7%9E%D7%94/ → nfct__blog_movies_D7_A6_D7_A2_D7_A7_D7_95_D7_AA-_D7_9C_D7_A4_D7_A0_D7_99-_D7_93_D7_9E___01432805.md (7711 bytes)
  ✓ https://nfct.org.il/blog/movies/%D7%A6%D7%A2%D7%A7%D7%95%D7%AA-%D7%9C%D7%A4%D7%A0%D7%99-%D7%94%D7%93%D7%9E%D7%9E%D7%94/ → nfct__blog_movies_D7_A6_D7_A2_D7_A7_D7_95_D7_AA-_D7_9C_D7_A4_D7_A0_D7_99-_D7_94_D7_93___590cd523.md (8338 bytes)
  ✗ https://nfct.org.il/blog/movies/%D7%A6%D7%A8%D7%99%D7%9B%D7%AA-%D7%A8%D7%A2%D7%91-%D7%A7%D7%91%D7%9C%D7%AA-%D7%94%D7%A1%D7%99%D7%A4%D7%95%D7%A8/: 429 Client Error: Too Many Requests for url: https://crawl4ai-wrapper-559961100092.europe-west1.run.app/scrape
  ✗ https://nfct.org.il/blog/movies/%D7%A6%D7%A8%D7%A0%D7%95%D7%91%D7%99%D7%9C/: 429 Client Error: Too Many Requests for url: https://crawl4ai-wrapper-559961100092.europe-west1.run.app/scrape
  ✓ https://nfct.org.il/blog/movies/%D7%A6%D7%A8%D7%99%D7%9B%D7%AA-%D7%A8%D7%A2%D7%91-%D7%94%D7%A9%D7%92%D7%AA-%D7%94%D7%A1%D7%99%D7%A4%D7%95%D7%A8/ → nfct__blog_movies_D7_A6_D7_A8_D7_99_D7_9B_D7_AA-_D7_A8_D7_A2_D7_91-_D7_94_D7_A9_D7_92___b9c3071b.md (7804 bytes)
  ✗ https://nfct.org.il/blog/movies/%D7%A7%D7%90%D7%91%D7%A8-%D7%A1%D7%95%D7%A0%D7%92/: 429 Client Error: Too Many Requests for url: https://crawl4ai-wrapper-559961100092.europe-west1.run.app/scrape
  ✓ https://nfct.org.il/blog/movies/%D7%A6%D7%A2%D7%A7%D7%95%D7%AA-%D7%9C%D7%A4%D7%A0%D7%99-%D7%94%D7%A9%D7%A7%D7%98/ → nfct__blog_movies_D7_A6_D7_A2_D7_A7_D7_95_D7_AA-_D7_9C_D7_A4_D7_A0_D7_99-_D7_94_D7_A9___0426b478.md (8291 bytes)
  ✓ https://nfct.org.il/blog/movies/%D7%A6%D7%A8%D7%99%D7%9B%D7%AA-%D7%A8%D7%A2%D7%91-%D7%9C%D7%94%D7%A9%D7%99%D7%92-%D7%90%D7%AA-%D7%94%D7%A1%D7%99%D7%A4%D7%95%D7%A8/ → nfct__blog_movies_D7_A6_D7_A8_D7_99_D7_9B_D7_AA-_D7_A8_D7_A2_D7_91-_D7_9C_D7_94_D7_A9___aa72312d.md (7861 bytes)
  ✗ https://nfct.org.il/blog/movies/%D7%A7%D7%90%D7%A1%D7%95%D7%9C/: 429 Client Error: Too Many Requests for url: https://crawl4ai-wrapper-559961100092.europe-west1.run.app/scrape
  ✓ https://nfct.org.il/blog/movies/%D7%A6%D7%A8%D7%A7%D7%A1%D7%99%D7%99%D7%9D/ → nfct__blog_movies_D7_A6_D7_A8_D7_A7_D7_A1_D7_99_D7_99_D7_9D__2a5d6dbd.md (8177 bytes)
  ✓ https://nfct.org.il/blog/movies/%D7%A7%D7%90%D7%98-%D7%98%D7%95-%D7%93%D7%94-%D7%A6%D7%99%D7%99%D7%A1/ → nfct__blog_movies_D7_A7_D7_90_D7_98-_D7_98_D7_95-_D7_93_D7_94-_D7_A6_D7_99_D7_99_D7_A1__255006ce.md (8258 bytes)
  ✓ https://nfct.org.il/blog/movies/%D7%A7%D7%90%D7%95%D7%98%D7%93/ → nfct__blog_movies_D7_A7_D7_90_D7_95_D7_98_D7_93__07bb6a66.md (7561 bytes)
  ✗ https://nfct.org.il/blog/movies/%D7%A7%D7%91%D7%95%D7%A8%D7%94-%D7%97%D7%99/: 429 Client Error: Too Many Requests for url: https://crawl4ai-wrapper-559961100092.europe-west1.run.app/scrape
  ✓ https://nfct.org.il/blog/movies/%D7%A7%D7%90%D7%A8%D7%98%D7%99%D7%A0%D7%92/ → nfct__blog_movies_D7_A7_D7_90_D7_A8_D7_98_D7_99_D7_A0_D7_92__f8f1faf8.md (7597 bytes)
  ✓ https://nfct.org.il/blog/movies/%D7%A7%D7%90%D7%A8%D7%98-%D7%91%D7%9C%D7%90%D7%A0%D7%A9/ → nfct__blog_movies_D7_A7_D7_90_D7_A8_D7_98-_D7_91_D7_9C_D7_90_D7_A0_D7_A9__f7b21744.md (8216 bytes)
  ✓ https://nfct.org.il/blog/movies/%D7%A7%D7%90%D7%A8%D7%99%D7%93-%D7%90%D7%95%D7%95%D7%99%D7%99/ → nfct__blog_movies_D7_A7_D7_90_D7_A8_D7_99_D7_93-_D7_90_D7_95_D7_95_D7_99_D7_99__27c5b90f.md (8234 bytes)
  ✗ https://nfct.org.il/blog/movies/%D7%A7%D7%95%D7%93%D7%94-%D7%9C%D7%A7%D7%A4%D7%98%D7%9F/: 429 Client Error: Too Many Requests for url: https://crawl4ai-wrapper-559961100092.europe-west1.run.app/scrape
  ✗ https://nfct.org.il/blog/movies/%D7%A7%D7%95%D7%93-%D7%9C%D7%A1%D7%A8%D7%9F/: 429 Client Error: Too Many Requests for url: https://crawl4ai-wrapper-559961100092.europe-west1.run.app/scrape
  ✗ https://nfct.org.il/blog/movies/%D7%A7%D7%95%D7%95%D7%98%D7%99%D7%9F-%D7%90%D7%9E%D7%A8-%D7%9C%D7%99/: 429 Client Error: Too Many Requests for url: https://crawl4ai-wrapper-559961100092.europe-west1.run.app/scrape
  ✓ https://nfct.org.il/blog/movies/%D7%A7%D7%91%D7%A8-%D7%A1%D7%95%D7%A0%D7%92/ → nfct__blog_movies_D7_A7_D7_91_D7_A8-_D7_A1_D7_95_D7_A0_D7_92__013558ba.md (8180 bytes)
  ✓ https://nfct.org.il/blog/movies/%D7%A7%D7%91%D7%95%D7%A8-%D7%97%D7%99/ → nfct__blog_movies_D7_A7_D7_91_D7_95_D7_A8-_D7_97_D7_99__bb3ddd04.md (7582 bytes)
  ✓ https://nfct.org.il/blog/movies/%D7%A7%D7%95%D7%93%D7%90-%D7%9C%D7%A7%D7%A4%D7%98%D7%9F/ → nfct__blog_movies_D7_A7_D7_95_D7_93_D7_90-_D7_9C_D7_A7_D7_A4_D7_98_D7_9F__1e32f79b.md (8216 bytes)
  ✓ https://nfct.org.il/blog/movies/%D7%A7%D7%95%D7%95%D7%99%D7%A8/ → nfct__blog_movies_D7_A7_D7_95_D7_95_D7_99_D7_A8__c940969e.md (8141 bytes)
  ✓ https://nfct.org.il/blog/movies/%D7%A7%D7%95%D7%95%D7%99%D7%9F-%D7%A9%D7%95%D7%A9%D7%A0%D7%94/ → nfct__blog_movies_D7_A7_D7_95_D7_95_D7_99_D7_9F-_D7_A9_D7_95_D7_A9_D7_A0_D7_94__d08eacfb.md (7654 bytes)
  ✓ https://nfct.org.il/blog/movies/%D7%A7%D7%95%D7%95%D7%A0%D7%98%D7%99%D7%9F-%D7%A1%D7%99%D7%A4%D7%A8-%D7%9C%D7%99/ → nfct__blog_movies_D7_A7_D7_95_D7_95_D7_A0_D7_98_D7_99_D7_9F-_D7_A1_D7_99_D7_A4_D7_A8-___10402097.md (7711 bytes)
  ✓ https://nfct.org.il/blog/movies/%D7%A7%D7%95%D7%98%D7%9C%D7%98%D7%99%D7%9D/ → nfct__blog_movies_D7_A7_D7_95_D7_98_D7_9C_D7_98_D7_99_D7_9D__ba7cb552.md (8206 bytes)
  ✓ https://nfct.org.il/blog/movies/%D7%A7%D7%95%D7%9C%D7%A0%D7%95%D7%A2-%D7%94%D7%99%D7%91%D7%A8%D7%99%D7%93%D7%99/ → nfct__blog_movies_D7_A7_D7_95_D7_9C_D7_A0_D7_95_D7_A2-_D7_94_D7_99_D7_91_D7_A8_D7_99_D__1cfc342b.md (7708 bytes)
  ✓ https://nfct.org.il/blog/movies/%D7%A7%D7%95%D7%9C%D7%95%D7%AA-%D7%9E%D7%94%D7%9E%D7%A8%D7%A4%D7%A1%D7%95%D7%AA/ → nfct__blog_movies_D7_A7_D7_95_D7_9C_D7_95_D7_AA-_D7_9E_D7_94_D7_9E_D7_A8_D7_A4_D7_A1_D__fbba4103.md (8317 bytes)
  ✓ https://nfct.org.il/blog/movies/%D7%A7%D7%95%D7%9C%D7%A0%D7%95%D7%A2-%D7%A0%D7%99%D7%A1%D7%99%D7%95%D7%A0%D7%99/ → nfct__blog_movies_D7_A7_D7_95_D7_9C_D7_A0_D7_95_D7_A2-_D7_A0_D7_99_D7_A1_D7_99_D7_95_D__4dbc29a6.md (7708 bytes)
  ✓ https://nfct.org.il/blog/movies/%D7%A7%D7%95%D7%9C%D7%A0%D7%95%D7%A2-%D7%A0%D7%A1%D7%99%D7%95%D7%A0%D7%99/ → nfct__blog_movies_D7_A7_D7_95_D7_9C_D7_A0_D7_95_D7_A2-_D7_A0_D7_A1_D7_99_D7_95_D7_A0_D__da590c25.md (7690 bytes)
  ✓ https://nfct.org.il/blog/movies/%D7%A7%D7%95%D7%9C-%D7%94%D7%A2%D7%99%D7%A0%D7%95%D7%99%D7%99%D7%9D/ → nfct__blog_movies_D7_A7_D7_95_D7_9C-_D7_94_D7_A2_D7_99_D7_A0_D7_95_D7_99_D7_99_D7_9D__ed9afe4f.md (7672 bytes)
  ✓ https://nfct.org.il/blog/movies/%D7%A7%D7%95%D7%9C%D7%A0%D7%95%D7%A2-%D7%A8%D7%A4%D7%9C%D7%A7%D7%A1%D7%99%D7%91%D7%99/ → nfct__blog_movies_D7_A7_D7_95_D7_9C_D7_A0_D7_95_D7_A2-_D7_A8_D7_A4_D7_9C_D7_A7_D7_A1_D__a033933a.md (7726 bytes)
  ✓ https://nfct.org.il/blog/movies/%D7%A7%D7%95%D7%9C-%D7%94%D7%A2%D7%99%D7%A0%D7%95%D7%99/ → nfct__blog_movies_D7_A7_D7_95_D7_9C-_D7_94_D7_A2_D7_99_D7_A0_D7_95_D7_99__c67cdb1b.md (7636 bytes)
  ✓ https://nfct.org.il/blog/movies/%D7%A7%D7%95%D7%9C-%D7%A2%D7%99%D7%A0%D7%95%D7%99/ → nfct__blog_movies_D7_A7_D7_95_D7_9C-_D7_A2_D7_99_D7_A0_D7_95_D7_99__4b219832.md (7618 bytes)
  ✓ https://nfct.org.il/blog/movies/%D7%A7%D7%95%D7%9E%D7%95%D7%A0%D7%94/ → nfct__blog_movies_D7_A7_D7_95_D7_9E_D7_95_D7_A0_D7_94__88ef137d.md (8188 bytes)
  ✓ https://nfct.org.il/blog/movies/%D7%A7%D7%95%D7%9E%D7%99%D7%93%D7%99%D7%94/ → nfct__blog_movies_D7_A7_D7_95_D7_9E_D7_99_D7_93_D7_99_D7_94__6262ff37.md (7597 bytes)
  ✓ https://nfct.org.il/blog/movies/%D7%A7%D7%95%D7%9E%D7%99%D7%A7%D7%90%D7%99-%D7%A8%D7%A7%D7%93%D7%9F/ → nfct__blog_movies_D7_A7_D7_95_D7_9E_D7_99_D7_A7_D7_90_D7_99-_D7_A8_D7_A7_D7_93_D7_9F__dec739c7.md (7672 bytes)
  ✓ https://nfct.org.il/blog/movies/%D7%A7%D7%95%D7%9E%D7%A0%D7%93%D7%A0%D7%98-%D7%93%D7%91/ → nfct__blog_movies_D7_A7_D7_95_D7_9E_D7_A0_D7_93_D7_A0_D7_98-_D7_93_D7_91__f6598080.md (7636 bytes)
  ✓ https://nfct.org.il/blog/movies/%D7%A7%D7%95%D7%9E%D7%A4%D7%A8%D7%95%D7%9E%C3%ADs/ → nfct__blog_movies_D7_A7_D7_95_D7_9E_D7_A4_D7_A8_D7_95_D7_9E_C3_ADs__c0a8c4fa.md (7618 bytes)
  ✓ https://nfct.org.il/blog/movies/%D7%A7%D7%95%D7%9E%D7%A4%D7%A8%D7%95%D7%9E%D7%99%D7%99%D7%96/ → nfct__blog_movies_D7_A7_D7_95_D7_9E_D7_A4_D7_A8_D7_95_D7_9E_D7_99_D7_99_D7_96__2d98878f.md (7651 bytes)
  ✗ https://nfct.org.il/blog/movies/%D7%A7%D7%95%D7%9E%D7%A8%D7%90%D7%93-%D7%93%D7%91/: 429 Client Error: Too Many Requests for url: https://crawl4ai-wrapper-559961100092.europe-west1.run.app/scrape
  ✗ https://nfct.org.il/blog/movies/%D7%A7%D7%95%D7%A0%D7%91%D7%A8%D7%96%D7%9F/: 429 Client Error: Too Many Requests for url: https://crawl4ai-wrapper-559961100092.europe-west1.run.app/scrape
  ✓ https://nfct.org.il/blog/movies/%D7%A7%D7%95%D7%9E%D7%A4%D7%A8%D7%95%D7%9E-%D7%99%D7%A1/ → nfct__blog_movies_D7_A7_D7_95_D7_9E_D7_A4_D7_A8_D7_95_D7_9E-_D7_99_D7_A1__661584f2.md (7636 bytes)
  ✓ https://nfct.org.il/blog/movies/%D7%A7%D7%95%D7%A0%D7%95%D7%95%D7%A8%D7%A1%D7%99%D7%99%D7%A9%D7%9F/ → nfct__blog_movies_D7_A7_D7_95_D7_A0_D7_95_D7_95_D7_A8_D7_A1_D7_99_D7_99_D7_A9_D7_9F__a234b9b9.md (8249 bytes)
  ✓ https://nfct.org.il/blog/movies/%D7%A7%D7%95%D7%9E%D7%A4%D7%A8%D7%95%D7%9E%D7%99%D7%A1/ → nfct__blog_movies_D7_A7_D7_95_D7_9E_D7_A4_D7_A8_D7_95_D7_9E_D7_99_D7_A1__bbc6937d.md (7633 bytes)
  ✗ https://nfct.org.il/blog/movies/%D7%A6%D7%A2%D7%A7%D7%94/: HTTPSConnectionPool(host='crawl4ai-wrapper-559961100092.europe-west1.run.app', port=443): Read timed out. (read timeout=120)
  ✗ https://nfct.org.il/blog/movies/%D7%A7%D7%95%D7%A0%D7%A1%D7%98%D7%9C%D7%A6%D7%99%D7%94-%D7%A8%D7%97%D7%95%D7%A7%D7%94/: 429 Client Error: Too Many Requests for url: https://crawl4ai-wrapper-559961100092.europe-west1.run.app/scrape
  ✗ https://nfct.org.il/blog/movies/%D7%A7%D7%95%D7%A0%D7%A1%D7%99%D7%95%D7%9E%D7%99%D7%A0%D7%92-%D7%94%D7%90%D7%A0%D7%92%D7%A8-%D7%92%D7%98%D7%99%D7%A0%D7%92-%D7%93%D7%94-%D7%A1%D7%98%D7%95%D7%A8%D7%99/: 429 Client Error: Too Many Requests for url: https://crawl4ai-wrapper-559961100092.europe-west1.run.app/scrape
  ✓ https://nfct.org.il/blog/movies/%D7%A7%D7%95%D7%A0%D7%9B%D7%99%D7%99%D7%94/ → nfct__blog_movies_D7_A7_D7_95_D7_A0_D7_9B_D7_99_D7_99_D7_94__df49b004.md (7597 bytes)
  ✗ https://nfct.org.il/blog/movies/%D7%A7%D7%95%D7%A0%D7%A7%D7%A8%D7%98/: 429 Client Error: Too Many Requests for url: https://crawl4ai-wrapper-559961100092.europe-west1.run.app/scrape
  ✗ https://nfct.org.il/blog/movies/%D7%A7%D7%95%D7%A1%D7%A8-%D7%91%D7%99%D7%A5/: 429 Client Error: Too Many Requests for url: https://crawl4ai-wrapper-559961100092.europe-west1.run.app/scrape
  ✗ https://nfct.org.il/blog/movies/%D7%A7%D7%95%D7%A1%D7%A8-%D7%98%D7%A1%D7%98/: 429 Client Error: Too Many Requests for url: https://crawl4ai-wrapper-559961100092.europe-west1.run.app/scrape
  ✓ https://nfct.org.il/blog/movies/%D7%A7%D7%95%D7%A0%D7%A1%D7%98%D7%9C%D7%A6%D7%99%D7%94-%D7%9E%D7%A8%D7%95%D7%97%D7%A7%D7%AA/ → nfct__blog_movies_D7_A7_D7_95_D7_A0_D7_A1_D7_98_D7_9C_D7_A6_D7_99_D7_94-_D7_9E_D7_A8_D__2e609f2a.md (7744 bytes)
  ✓ https://nfct.org.il/blog/movies/%D7%A7%D7%95%D7%A0%D7%9B%D7%99%D7%94/ → nfct__blog_movies_D7_A7_D7_95_D7_A0_D7_9B_D7_99_D7_94__f5e2be77.md (8188 bytes)
  ✓ https://nfct.org.il/blog/movies/%D7%A7%D7%95%D7%A0%D7%A7%D7%A8%D7%99%D7%98/ → nfct__blog_movies_D7_A7_D7_95_D7_A0_D7_A7_D7_A8_D7_99_D7_98__7e1e321b.md (8177 bytes)
  ✓ https://nfct.org.il/blog/movies/%D7%A7%D7%95%D7%A3-%D7%A7%D7%98%D7%9F/ → nfct__blog_movies_D7_A7_D7_95_D7_A3-_D7_A7_D7_98_D7_9F__d0ab5875.md (8162 bytes)
  ✓ https://nfct.org.il/blog/movies/%D7%A7%D7%95%D7%A2%D7%A7%D7%A2-%D7%9C%D7%97%D7%99%D7%99%D7%9D/ → nfct__blog_movies_D7_A7_D7_95_D7_A2_D7_A7_D7_A2-_D7_9C_D7_97_D7_99_D7_99_D7_9D__b1ef1473.md (7654 bytes)
  ✓ https://nfct.org.il/blog/movies/%D7%A7%D7%95%D7%A3-%D7%A7%D7%98%D7%9F_%D7%90%D7%95%D7%91%D7%96%D7%99%D7%90%D7%A0%D7%A7%D7%94/ → nfct__blog_movies_D7_A7_D7_95_D7_A3-_D7_A7_D7_98_D7_9F_D7_90_D7_95_D7_91_D7_96_D7_99_D__68d032bf.md (8356 bytes)
  ✓ https://nfct.org.il/blog/movies/%D7%A7%D7%95%D7%A3-%D7%A7%D7%98%D7%9F_Obezyanka/ → nfct__blog_movies_D7_A7_D7_95_D7_A3-_D7_A7_D7_98_D7_9F_Obezyanka__81136a03.md (9488 bytes)
  ✓ https://nfct.org.il/blog/movies/%D7%A7%D7%95%D7%A4%D7%99%D7%A4%D7%94-%D7%90%D7%95%D7%91%D7%99%D7%96%D7%99%D7%90%D7%A0%D7%A7%D7%94/ → nfct__blog_movies_D7_A7_D7_95_D7_A4_D7_99_D7_A4_D7_94-_D7_90_D7_95_D7_91_D7_99_D7_96_D__1de2a7b5.md (8342 bytes)
  ✓ https://nfct.org.il/blog/movies/%D7%A7%D7%95%D7%A8%D7%90%D7%9F/ → nfct__blog_movies_D7_A7_D7_95_D7_A8_D7_90_D7_9F__81823469.md (7561 bytes)
  ✓ https://nfct.org.il/blog/movies/%D7%A7%D7%95%D7%A9%D7%A8%D7%99-%D7%91%D7%99%D7%A5/ → nfct__blog_movies_D7_A7_D7_95_D7_A9_D7_A8_D7_99-_D7_91_D7_99_D7_A5__613d4561.md (7618 bytes)
  ✓ https://nfct.org.il/blog/movies/%D7%A7%D7%95%D7%A9%D7%A8%D7%99-%D7%98%D7%A1%D7%98/ → nfct__blog_movies_D7_A7_D7_95_D7_A9_D7_A8_D7_99-_D7_98_D7_A1_D7_98__6dfc3179.md (8198 bytes)
  ✓ https://nfct.org.il/blog/movies/%D7%A7%D7%95%D7%A9%D7%A8%D7%99-%D7%A8%D7%94%D7%91/ → nfct__blog_movies_D7_A7_D7_95_D7_A9_D7_A8_D7_99-_D7_A8_D7_94_D7_91__8d4e3709.md (7618 bytes)
  ✓ https://nfct.org.il/blog/movies/%D7%A7%D7%95%D7%A9%D7%A8%D7%99-%D7%A8%D7%99%D7%94%D7%90%D7%91/ → nfct__blog_movies_D7_A7_D7_95_D7_A9_D7_A8_D7_99-_D7_A8_D7_99_D7_94_D7_90_D7_91__c7083f8a.md (7654 bytes)
  ✓ https://nfct.org.il/blog/movies/%D7%A7%D7%95%D7%A8%D7%95%D7%A0%D7%94-%D7%9E%D7%A9%D7%A4%D7%97%D7%94-%D7%96%D7%A7%D7%A0%D7%94-%D7%98%D7%9C%D7%A4%D7%95%D7%9F-%D7%A0%D7%99%D7%A1%D7%99%D7%95%D7%A0%D7%99/ → nfct__blog_movies_D7_A7_D7_95_D7_A8_D7_95_D7_A0_D7_94-_D7_9E_D7_A9_D7_A4_D7_97_D7_94-___a462c6f0.md (8578 bytes)
  ✓ https://nfct.org.il/blog/movies/%D7%A7%D7%97%D7%95-%D7%90%D7%AA%D7%9B%D7%9D-%D7%95%D7%AA%D7%97%D7%96%D7%A8%D7%95/ → nfct__blog_movies_D7_A7_D7_97_D7_95-_D7_90_D7_AA_D7_9B_D7_9D-_D7_95_D7_AA_D7_97_D7_96___1b29703b.md (8291 bytes)
  ✓ https://nfct.org.il/blog/movies/%D7%A7%D7%95%D7%A9%D7%A8%D7%99-%D7%A8%D7%99%D7%94%D7%91/ → nfct__blog_movies_D7_A7_D7_95_D7_A9_D7_A8_D7_99-_D7_A8_D7_99_D7_94_D7_91__db7a653e.md (8216 bytes)
  ✓ https://nfct.org.il/blog/movies/%D7%A7%D7%99%D7%9C%D7%A8-%D7%91%D7%9B%D7%91%D7%99%D7%A9-%D7%94%D7%97%D7%95%D7%A3/ → nfct__blog_movies_D7_A7_D7_99_D7_9C_D7_A8-_D7_91_D7_9B_D7_91_D7_99_D7_A9-_D7_94_D7_97___ce7af147.md (7711 bytes)
  ✓ https://nfct.org.il/blog/movies/%D7%A7%D7%99%D7%A0%D7%92-%D7%97%D7%AA/ → nfct__blog_movies_D7_A7_D7_99_D7_A0_D7_92-_D7_97_D7_AA__f8dc8a99.md (8162 bytes)
  ✓ https://nfct.org.il/blog/movies/%D7%A7%D7%99%D7%A0%D7%93%D7%A8%D7%98%D7%A8%D7%A0%D7%A1%D7%A4%D7%95%D7%A8%D7%98/ → nfct__blog_movies_D7_A7_D7_99_D7_A0_D7_93_D7_A8_D7_98_D7_A8_D7_A0_D7_A1_D7_A4_D7_95_D7__d6797eca.md (7705 bytes)
  ✓ https://nfct.org.il/blog/movies/%D7%A7%D7%99%D7%A0%D7%92%D7%A1-%D7%90%D7%95%D7%A3-%D7%A7%D7%A4%D7%99%D7%98%D7%95%D7%9C-%D7%94%D7%99%D7%9C/ → nfct__blog_movies_D7_A7_D7_99_D7_A0_D7_92_D7_A1-_D7_90_D7_95_D7_A3-_D7_A7_D7_A4_D7_99___e9b9d122.md (10010 bytes)
  ✓ https://nfct.org.il/blog/movies/%D7%A7%D7%99%D7%A8%D7%99%D7%92%D7%90%D7%A0%D7%92%D7%94/ → nfct__blog_movies_D7_A7_D7_99_D7_A8_D7_99_D7_92_D7_90_D7_A0_D7_92_D7_94__b656cf05.md (7633 bytes)
  ✓ https://nfct.org.il/blog/movies/%D7%A7%D7%99%D7%A4%D7%95%D7%A8/ → nfct__blog_movies_D7_A7_D7_99_D7_A4_D7_95_D7_A8__4f0bbbe3.md (8141 bytes)
  ✗ https://nfct.org.il/blog/movies/%D7%A7%D7%9C%D7%95%D7%96-%D7%A7%D7%9C%D7%95%D7%90%D7%95%D7%96%D7%93-%D7%A7%D7%9C%D7%96%D7%A8/: 429 Client Error: Too Many Requests for url: https://crawl4ai-wrapper-559961100092.europe-west1.run.app/scrape
  ✗ https://nfct.org.il/blog/movies/%D7%A7%D7%95%D7%9C%D7%A0%D7%95%D7%A2-%D7%A2%D7%AA%D7%99%D7%93%D7%A0%D7%99/: HTTPSConnectionPool(host='crawl4ai-wrapper-559961100092.europe-west1.run.app', port=443): Read timed out. (read timeout=120)
  ✗ https://nfct.org.il/blog/movies/%D7%A7%D7%9C%D7%98%D7%95%D7%AA-%D7%9B%D7%A5/: 429 Client Error: Too Many Requests for url: https://crawl4ai-wrapper-559961100092.europe-west1.run.app/scrape
  ✓ https://nfct.org.il/blog/movies/%D7%A7%D7%9C%D7%92%D7%94/ → nfct__blog_movies_D7_A7_D7_9C_D7_92_D7_94__9eb65435.md (7543 bytes)
  ✗ https://nfct.org.il/blog/movies/%D7%A7%D7%9C%D7%99%D7%A4%D7%94/: 429 Client Error: Too Many Requests for url: https://crawl4ai-wrapper-559961100092.europe-west1.run.app/scrape
  ✓ https://nfct.org.il/blog/movies/%D7%A7%D7%9C%D7%98%D7%95%D7%AA-%D7%9B%D7%A5%D7%9E%D7%9F/ → nfct__blog_movies_D7_A7_D7_9C_D7_98_D7_95_D7_AA-_D7_9B_D7_A5_D7_9E_D7_9F__9b626ce9.md (8216 bytes)
  ✗ https://nfct.org.il/blog/movies/%D7%A7%D7%9C%D7%A1%D7%AA%D7%A8%D7%95%D7%9F/: 429 Client Error: Too Many Requests for url: https://crawl4ai-wrapper-559961100092.europe-west1.run.app/scrape
  ✗ https://nfct.org.il/blog/movies/%D7%A7%D7%9E%D7%90%D7%93/: 429 Client Error: Too Many Requests for url: https://crawl4ai-wrapper-559961100092.europe-west1.run.app/scrape
  ✗ https://nfct.org.il/blog/movies/%D7%A7%D7%9E%D7%93/: 429 Client Error: Too Many Requests for url: https://crawl4ai-wrapper-559961100092.europe-west1.run.app/scrape
  ✗ https://nfct.org.il/blog/movies/%D7%A7%D7%A0%D7%93%D7%99-%D7%94%D7%90%D7%95%D7%A1/: 429 Client Error: Too Many Requests for url: https://crawl4ai-wrapper-559961100092.europe-west1.run.app/scrape
  ✗ https://nfct.org.il/blog/movies/%D7%A7%D7%A1%D7%98-%D7%90%D7%95%D7%A3/: 429 Client Error: Too Many Requests for url: https://crawl4ai-wrapper-559961100092.europe-west1.run.app/scrape
  ✗ https://nfct.org.il/blog/movies/%D7%A7%D7%A2%D7%A7%D7%95%D7%A2%D7%99%D7%9D-%D7%A9%D7%9C-%D7%9E%D7%97%D7%A8/: 429 Client Error: Too Many Requests for url: https://crawl4ai-wrapper-559961100092.europe-west1.run.app/scrape
  ✓ https://nfct.org.il/blog/movies/%D7%A7%D7%99%D7%A8-%D7%99%D7%A2%D7%A7%D7%91/ → nfct__blog_movies_D7_A7_D7_99_D7_A8-_D7_99_D7_A2_D7_A7_D7_91__698526d9.md (8209 bytes)
  ✓ https://nfct.org.il/blog/movies/%D7%A7%D7%9C%D7%98%D7%95%D7%AA-%D7%9B%D7%A6%D7%9E%D7%9F/ → nfct__blog_movies_D7_A7_D7_9C_D7_98_D7_95_D7_AA-_D7_9B_D7_A6_D7_9E_D7_9F__b62a6e04.md (7636 bytes)
  ✗ https://nfct.org.il/blog/movies/%D7%A7%D7%A4%D7%90%D7%99%D7%9F/: 429 Client Error: Too Many Requests for url: https://crawl4ai-wrapper-559961100092.europe-west1.run.app/scrape
  ✓ https://nfct.org.il/blog/movies/%D7%A7%D7%9C%D7%9C%D7%AA-%D7%95%D7%99%D7%A7%D7%98%D7%95%D7%A8/ → nfct__blog_movies_D7_A7_D7_9C_D7_9C_D7_AA-_D7_95_D7_99_D7_A7_D7_98_D7_95_D7_A8__c87d63ca.md (7654 bytes)
  ✗ https://nfct.org.il/blog/movies/%D7%A7%D7%A4%D7%99%D7%A6%D7%AA-%D7%91%D7%99%D7%99%D7%A1/: 429 Client Error: Too Many Requests for url: https://crawl4ai-wrapper-559961100092.europe-west1.run.app/scrape
  ✗ https://nfct.org.il/blog/movies/%D7%A7%D7%A4%D7%A7%D7%90%D7%A1-%D7%90%D7%97%D7%A8%D7%95%D7%9F-%D7%9E%D7%A9%D7%A4%D7%98/: 429 Client Error: Too Many Requests for url: https://crawl4ai-wrapper-559961100092.europe-west1.run.app/scrape
  ✗ https://nfct.org.il/blog/movies/%D7%A7%D7%A4%D7%A7%D7%90-%D7%91%D7%9E%D7%A9%D7%A4%D7%98-%D7%94%D7%90%D7%97%D7%A8%D7%95%D7%9F/: 429 Client Error: Too Many Requests for url: https://crawl4ai-wrapper-559961100092.europe-west1.run.app/scrape
  ✗ https://nfct.org.il/blog/movies/%D7%A7%D7%A4%D7%A7%D7%90-%D7%94%D7%90%D7%97%D7%A8%D7%95%D7%9F/: 429 Client Error: Too Many Requests for url: https://crawl4ai-wrapper-559961100092.europe-west1.run.app/scrape
  ✓ https://nfct.org.il/blog/movies/%D7%A7%D7%99%D7%A8/ → nfct__blog_movies_D7_A7_D7_99_D7_A8__b48cadbc.md (7525 bytes)
  ✓ https://nfct.org.il/blog/movies/%D7%A7%D7%A2%D7%A7%D7%95%D7%A2-%D7%9C%D7%97%D7%99%D7%99%D7%9D/ → nfct__blog_movies_D7_A7_D7_A2_D7_A7_D7_95_D7_A2-_D7_9C_D7_97_D7_99_D7_99_D7_9D__c8f4f3cf.md (7654 bytes)
  ✓ https://nfct.org.il/blog/movies/%D7%A7%D7%A4%D7%94-%D7%91%D7%A8%D7%99%D7%99%D7%A7/ → nfct__blog_movies_D7_A7_D7_A4_D7_94-_D7_91_D7_A8_D7_99_D7_99_D7_A7__ebba4838.md (8198 bytes)
  ✗ https://nfct.org.il/blog/movies/%D7%A7%D7%A6%D7%9E%D7%9F/: 429 Client Error: Too Many Requests for url: https://crawl4ai-wrapper-559961100092.europe-west1.run.app/scrape
  ✗ https://nfct.org.il/blog/movies/%D7%A7%D7%A6%D7%9F/: 429 Client Error: Too Many Requests for url: https://crawl4ai-wrapper-559961100092.europe-west1.run.app/scrape
  ✗ https://nfct.org.il/blog/movies/%D7%A7%D7%A6%D7%A8%D7%90%D7%A8%D7%95%D7%9A-%E2%80%93-%D7%9E%D7%97%D7%95%D7%95%D7%94-%D7%9C%D7%A7%D7%95%D7%9C%D7%A0%D7%95%D7%A2-%D7%94%D7%99%D7%A9%D7%A8%D7%90%D7%9C%D7%99/: 429 Client Error: Too Many Requests for url: https://crawl4ai-wrapper-559961100092.europe-west1.run.app/scrape
  ✗ https://nfct.org.il/blog/movies/%D7%A7%D7%A6%D7%A8%D7%90%D7%A8%D7%95%D7%9A/: 429 Client Error: Too Many Requests for url: https://crawl4ai-wrapper-559961100092.europe-west1.run.app/scrape
  ✗ https://nfct.org.il/blog/movies/%D7%A7%D7%A7%D7%95%D7%A4%D7%95%D7%A0%D7%99%D7%94/: 429 Client Error: Too Many Requests for url: https://crawl4ai-wrapper-559961100092.europe-west1.run.app/scrape
  ✗ https://nfct.org.il/blog/movies/%D7%A7%D7%A8%D7%90%D7%95%D7%A7%D7%94/: 429 Client Error: Too Many Requests for url: https://crawl4ai-wrapper-559961100092.europe-west1.run.app/scrape
  ✗ https://nfct.org.il/blog/movies/%D7%A7%D7%A8%D7%91%D7%95%D7%AA-%D7%A0%D7%99%D7%9C%D7%99/: 429 Client Error: Too Many Requests for url: https://crawl4ai-wrapper-559961100092.europe-west1.run.app/scrape
  ✗ https://nfct.org.il/blog/movies/%D7%A7%D7%A8%D7%91-%D7%9B%D7%A8%D7%90%D7%9E%D7%94/: 429 Client Error: Too Many Requests for url: https://crawl4ai-wrapper-559961100092.europe-west1.run.app/scrape
  ✗ https://nfct.org.il/blog/movies/%D7%A7%D7%A8%D7%91-%D7%9B%D7%A8%D7%9E%D7%94/: 429 Client Error: Too Many Requests for url: https://crawl4ai-wrapper-559961100092.europe-west1.run.app/scrape
  ✗ https://nfct.org.il/blog/movies/%D7%A7%D7%A8%D7%95%D7%91%D7%99%D7%9D-%D7%9E%D7%93%D7%99-%D7%94%D7%91%D7%99%D7%AA%D7%94/: 429 Client Error: Too Many Requests for url: https://crawl4ai-wrapper-559961100092.europe-west1.run.app/scrape
  ✗ https://nfct.org.il/blog/movies/%D7%A7%D7%A8%D7%95%D7%91-%D7%9E%D7%93%D7%99-%D7%9C%D7%91%D7%99%D7%AA/: 429 Client Error: Too Many Requests for url: https://crawl4ai-wrapper-559961100092.europe-west1.run.app/scrape
  ✗ https://nfct.org.il/blog/movies/%D7%A7%D7%A8%D7%98%D7%9C/: 429 Client Error: Too Many Requests for url: https://crawl4ai-wrapper-559961100092.europe-west1.run.app/scrape
  ✓ https://nfct.org.il/blog/movies/%D7%A7%D7%A4%D7%A7%D7%90-%D7%9E%D7%A9%D7%A4%D7%98-%D7%90%D7%97%D7%A8%D7%95%D7%9F/ → nfct__blog_movies_D7_A7_D7_A4_D7_A7_D7_90-_D7_9E_D7_A9_D7_A4_D7_98-_D7_90_D7_97_D7_A8___1f185e6a.md (8291 bytes)
  ✓ https://nfct.org.il/blog/movies/%D7%A7%D7%A4%D7%A7%D7%90-%D7%94%D7%9E%D7%A9%D7%A4%D7%98-%D7%94%D7%90%D7%97%D7%A8%D7%95%D7%9F/ → nfct__blog_movies_D7_A7_D7_A4_D7_A7_D7_90-_D7_94_D7_9E_D7_A9_D7_A4_D7_98-_D7_94_D7_90___c316a803.md (8356 bytes)
  ✗ https://nfct.org.il/blog/movies/%D7%A7%D7%A8%D7%99%D7%A7%D7%98%D7%95%D7%A8%D7%94/: 429 Client Error: Too Many Requests for url: https://crawl4ai-wrapper-559961100092.europe-west1.run.app/scrape
  ✗ https://nfct.org.il/blog/movies/%D7%A7%D7%A8%D7%9F-%D7%90%D7%95%D7%A8-%D7%91%D7%AA%D7%9C-%D7%90%D7%91%D7%99%D7%91/: 429 Client Error: Too Many Requests for url: https://crawl4ai-wrapper-559961100092.europe-west1.run.app/scrape
  ✗ https://nfct.org.il/blog/movies/%D7%A7%D7%A9%D7%A8%D7%99-%D7%90%D7%91-%D7%91%D7%AA/: 429 Client Error: Too Many Requests for url: https://crawl4ai-wrapper-559961100092.europe-west1.run.app/scrape
  ✗ https://nfct.org.il/blog/movies/%D7%A7%D7%A9%D7%A8-%D7%90%D7%91-%D7%91%D7%9F/: 429 Client Error: Too Many Requests for url: https://crawl4ai-wrapper-559961100092.europe-west1.run.app/scrape
  ✗ https://nfct.org.il/blog/movies/%D7%A7%D7%A9%D7%A8-%D7%90%D7%9D-%D7%91%D7%9F/: 429 Client Error: Too Many Requests for url: https://crawl4ai-wrapper-559961100092.europe-west1.run.app/scrape
  ✗ https://nfct.org.il/blog/movies/%D7%A7%D7%A9%D7%A8-%D7%90%D7%9E%D7%90-%D7%91%D7%AA/: 429 Client Error: Too Many Requests for url: https://crawl4ai-wrapper-559961100092.europe-west1.run.app/scrape
  ✓ https://nfct.org.il/blog/movies/%D7%A7%D7%A2%D7%A7%D7%95%D7%A2-%D7%9C%D7%9B%D7%9C-%D7%94%D7%97%D7%99%D7%99%D7%9D/ → nfct__blog_movies_D7_A7_D7_A2_D7_A7_D7_95_D7_A2-_D7_9C_D7_9B_D7_9C-_D7_94_D7_97_D7_99___30799439.md (9785 bytes)
  ✗ https://nfct.org.il/blog/movies/%D7%A8%D7%91%D7%99-%D7%A9%D7%9C%D7%95%D7%9D-%D7%A9%D7%91%D7%96%D7%99/: 429 Client Error: Too Many Requests for url: https://crawl4ai-wrapper-559961100092.europe-west1.run.app/scrape
  ✓ https://nfct.org.il/blog/movies/%D7%A7%D7%A4%D7%A7%D7%90---%D7%94%D7%9E%D7%A9%D7%A4%D7%98-%D7%94%D7%90%D7%97%D7%A8%D7%95%D7%9F/ → nfct__blog_movies_D7_A7_D7_A4_D7_A7_D7_90---_D7_94_D7_9E_D7_A9_D7_A4_D7_98-_D7_94_D7_9__5857fc99.md (8333 bytes)
  ✗ https://nfct.org.il/blog/movies/%D7%A8%D7%92%D7%A2%D7%99%D7%9D-%D7%91%D7%91%D7%99%D7%93%D7%95%D7%93-%D7%99%D7%A9%D7%A8%D7%90%D7%9C-2020/: 429 Client Error: Too Many Requests for url: https://crawl4ai-wrapper-559961100092.europe-west1.run.app/scrape
  ✗ https://nfct.org.il/blog/movies/%D7%A8%D7%92%D7%A2%D7%99%D7%9D-%D7%91%D7%91%D7%99%D7%93%D7%95%D7%93-2020/: 429 Client Error: Too Many Requests for url: https://crawl4ai-wrapper-559961100092.europe-west1.run.app/scrape
  ✗ https://nfct.org.il/blog/movies/%D7%A8%D7%92%D7%A2%D7%99%D7%9D-%D7%91%D7%91%D7%99%D7%93%D7%95%D7%93/: 429 Client Error: Too Many Requests for url: https://crawl4ai-wrapper-559961100092.europe-west1.run.app/scrape
  ✗ https://nfct.org.il/blog/movies/%D7%A8%D7%92%D7%A2%D7%99%D7%9D-%D7%99%D7%A9%D7%A8%D7%90%D7%9C-2002/: 429 Client Error: Too Many Requests for url: https://crawl4ai-wrapper-559961100092.europe-west1.run.app/scrape
  ✗ https://nfct.org.il/blog/movies/%D7%A8%D7%92%D7%A2%D7%99%D7%9D-%D7%99%D7%A9%D7%A8%D7%90%D7%9C-2003-%E2%80%93-%D7%99%D7%A9-%D7%9C%D7%99-%D7%97%D7%9C%D7%95%D7%9D/: 429 Client Error: Too Many Requests for url: https://crawl4ai-wrapper-559961100092.europe-west1.run.app/scrape
  ✓ https://nfct.org.il/blog/movies/%D7%A7%D7%A8%D7%99%D7%A0%D7%AA-%D7%94%D7%9B%D7%AA%D7%A8/ → nfct__blog_movies_D7_A7_D7_A8_D7_99_D7_A0_D7_AA-_D7_94_D7_9B_D7_AA_D7_A8__13b05ff2.md (7636 bytes)
  ✓ https://nfct.org.il/blog/movies/%D7%A7%D7%A8%D7%99%D7%A1%D7%9E%D7%A1/ → nfct__blog_movies_D7_A7_D7_A8_D7_99_D7_A1_D7_9E_D7_A1__921c37b0.md (7579 bytes)
  ✓ https://nfct.org.il/blog/movies/%D7%A7%D7%A9%D7%A8-%D7%A8%D7%9C%D7%95%D7%95%D7%A0%D7%98%D7%99/ → nfct__blog_movies_D7_A7_D7_A9_D7_A8-_D7_A8_D7_9C_D7_95_D7_95_D7_A0_D7_98_D7_99__d9c8a68f.md (7654 bytes)
  ✓ https://nfct.org.il/blog/movies/%D7%A8%D7%92%D7%9C-%D7%99%D7%A8%D7%95%D7%A9%D7%9C%D7%99%D7%9D/ → nfct__blog_movies_D7_A8_D7_92_D7_9C-_D7_99_D7_A8_D7_95_D7_A9_D7_9C_D7_99_D7_9D__9612030c.md (8234 bytes)
  ✓ https://nfct.org.il/blog/movies/%D7%A8%D7%92%D7%A2%D7%99%D7%9D-%D7%99%D7%A9%D7%A8%D7%90%D7%9C-2004-%E2%80%93-%D7%A4%D7%A0%D7%99-%D7%94%D7%90%D7%95%D7%9E%D7%94/ → nfct__blog_movies_D7_A8_D7_92_D7_A2_D7_99_D7_9D-_D7_99_D7_A9_D7_A8_D7_90_D7_9C-2004-_E__644bfa3c.md (7849 bytes)
  ✗ https://nfct.org.il/blog/movies/%D7%A8%D7%92%D7%A2-%D7%9C%D7%A8%D7%92%D7%A2/: 429 Client Error: Too Many Requests for url: https://crawl4ai-wrapper-559961100092.europe-west1.run.app/scrape
  ✗ https://nfct.org.il/blog/movies/%D7%A8%D7%92%D7%A2-%D7%A2%D7%95%D7%93-%D7%9C%D7%90-%D7%AA%D7%A8%D7%90%D7%95-%D7%9B%D7%9C%D7%95%D7%9D/: 429 Client Error: Too Many Requests for url: https://crawl4ai-wrapper-559961100092.europe-west1.run.app/scrape
  ✓ https://nfct.org.il/blog/movies/%D7%A8%D7%92%D7%A2%D7%99%D7%9D-%D7%99%D7%A9%D7%A8%D7%90%D7%9C-2004---%D7%A4%D7%A0%D7%99-%D7%94%D7%90%D7%95%D7%9E%D7%94/ → nfct__blog_movies_D7_A8_D7_92_D7_A2_D7_99_D7_9D-_D7_99_D7_A9_D7_A8_D7_90_D7_9C-2004---__e9cf3de8.md (7825 bytes)
  ✗ https://nfct.org.il/blog/movies/%D7%A8%D7%93%D7%99%D7%95-%D7%93%D7%99%D7%99%D7%96/: 429 Client Error: Too Many Requests for url: https://crawl4ai-wrapper-559961100092.europe-west1.run.app/scrape
  ✓ https://nfct.org.il/blog/movies/%D7%A8%D7%92%D7%A2%D7%99%D7%9D-%D7%99%D7%A9%D7%A8%D7%90%D7%9C-2005-%E2%80%93-%D7%99%D7%A8%D7%95%D7%A9%D7%9C%D7%99%D7%9D/ → nfct__blog_movies_D7_A8_D7_92_D7_A2_D7_99_D7_9D-_D7_99_D7_A9_D7_A8_D7_90_D7_9C-2005-_E__f5f15e35.md (8437 bytes)
  ✓ https://nfct.org.il/blog/movies/%D7%A8%D7%92%D7%A2%D7%99%D7%9D-%D7%A9%D7%9C-%D7%91%D7%99%D7%93%D7%95%D7%93-%D7%99%D7%A9%D7%A8%D7%90%D7%9C-2020/ → nfct__blog_movies_D7_A8_D7_92_D7_A2_D7_99_D7_9D-_D7_A9_D7_9C-_D7_91_D7_99_D7_93_D7_95___a0587539.md (7801 bytes)
  ✓ https://nfct.org.il/blog/movies/%D7%A8%D7%93%D7%99%D7%95-%D7%93%D7%90%D7%96/ → nfct__blog_movies_D7_A8_D7_93_D7_99_D7_95-_D7_93_D7_90_D7_96__58a369dd.md (8180 bytes)
  ✓ https://nfct.org.il/blog/movies/%D7%A8%D7%92%D7%A2%D7%99%D7%9D-%D7%A9%D7%9C-%D7%97%D7%A1%D7%93/ → nfct__blog_movies_D7_A8_D7_92_D7_A2_D7_99_D7_9D-_D7_A9_D7_9C-_D7_97_D7_A1_D7_93__7974df41.md (7657 bytes)
  ✓ https://nfct.org.il/blog/movies/%D7%A8%D7%93%D7%99%D7%9C%D7%99%D7%99%D7%91/ → nfct__blog_movies_D7_A8_D7_93_D7_99_D7_9C_D7_99_D7_99_D7_91__a17096bf.md (8206 bytes)
  ✓ https://nfct.org.il/blog/movies/%D7%A8%D7%95%D7%90%D7%99%D7%A0%D7%99%D7%96%D7%9D/ → nfct__blog_movies_D7_A8_D7_95_D7_90_D7_99_D7_A0_D7_99_D7_96_D7_9D__994301f7.md (7615 bytes)
  ✓ https://nfct.org.il/blog/movies/%D7%A8%D7%94%D7%98--%D7%90%D7%A8%D7%91%D7%A2%D7%94-%D7%A1%D7%99%D7%A4%D7%95%D7%A8%D7%99%D7%9D-%D7%9E%D7%94%D7%A0%D7%92%D7%91/ → nfct__blog_movies_D7_A8_D7_94_D7_98--_D7_90_D7_A8_D7_91_D7_A2_D7_94-_D7_A1_D7_99_D7_A4__5ee2952f.md (18092 bytes)
  ✓ https://nfct.org.il/blog/movies/%D7%A8%D7%95%D6%BC%D7%A1%D7%95%D6%B9/ → nfct__blog_movies_D7_A8_D7_95_D6_BC_D7_A1_D7_95_D6_B9__cbdc84fa.md (7579 bytes)
  ✓ https://nfct.org.il/blog/movies/%D7%A8%D7%95%D7%91%D7%99-%D7%A8%D7%95%D7%98-%D7%9E%D7%9B%D7%A0%D7%A1%D7%99-%D7%92%D7%99%D7%A0%D7%A1/ → nfct__blog_movies_D7_A8_D7_95_D7_91_D7_99-_D7_A8_D7_95_D7_98-_D7_9E_D7_9B_D7_A0_D7_A1___a033c36b.md (8348 bytes)
  ✓ https://nfct.org.il/blog/movies/%D7%A8%D7%95%D7%93%D7%A3-%D7%90%D7%97%D7%A8-%D7%99%D7%94%D7%95%D7%A9%D7%A2/ → nfct__blog_movies_D7_A8_D7_95_D7_93_D7_A3-_D7_90_D7_97_D7_A8-_D7_99_D7_94_D7_95_D7_A9___c7847b0b.md (8273 bytes)
  ✓ https://nfct.org.il/blog/movies/%D7%A8%D7%95%D7%93%D7%A4%D7%99%D7%9D-%D7%90%D7%97%D7%A8-%D7%99%D7%94%D7%95%D7%A9%D7%A2/ → nfct__blog_movies_D7_A8_D7_95_D7_93_D7_A4_D7_99_D7_9D-_D7_90_D7_97_D7_A8-_D7_99_D7_94___f5dc0ca7.md (7729 bytes)
  ✗ https://nfct.org.il/blog/movies/%D7%A8%D7%95%D7%97%D7%95%D7%AA-%D7%A2%D7%AA%D7%99%D7%A7%D7%95%D7%AA-%E2%80%93-%D7%9B%D7%A8%D7%95%D7%A0%D7%99%D7%A7%D7%94-%D7%9E%D7%A8%D7%95%D7%A7%D7%90%D7%99%D7%AA/: 429 Client Error: Too Many Requests for url: https://crawl4ai-wrapper-559961100092.europe-west1.run.app/scrape
  ✗ https://nfct.org.il/blog/movies/%D7%A8%D7%95%D7%97-%D7%A7%D7%93%D7%99%D7%9D---%D7%9B%D7%A8%D7%95%D7%A0%D7%99%D7%A7%D7%94-%D7%9E%D7%A8%D7%95%D7%A7%D7%90%D7%99%D7%AA/: 429 Client Error: Too Many Requests for url: https://crawl4ai-wrapper-559961100092.europe-west1.run.app/scrape
  ✗ https://nfct.org.il/blog/movies/%D7%A8%D7%95%D7%97-%D7%A7%D7%93%D7%99%D7%9D-%E2%80%93-%D7%9B%D7%A8%D7%95%D7%A0%D7%99%D7%A7%D7%94-%D7%9E%D7%A8%D7%95%D7%A7%D7%90%D7%99%D7%AA/: 429 Client Error: Too Many Requests for url: https://crawl4ai-wrapper-559961100092.europe-west1.run.app/scrape
  ✗ https://nfct.org.il/blog/movies/%D7%A8%D7%95%D7%98%D7%99%D7%94/: 429 Client Error: Too Many Requests for url: https://crawl4ai-wrapper-559961100092.europe-west1.run.app/scrape
  ✗ https://nfct.org.il/blog/movies/%D7%A8%D7%95%D7%99-%D7%A8%D7%95%D7%A6%D7%94-%D7%9C%D7%A8%D7%A7%D7%95%D7%93/: 429 Client Error: Too Many Requests for url: https://crawl4ai-wrapper-559961100092.europe-west1.run.app/scrape
  ✗ https://nfct.org.il/blog/movies/%D7%A8%D7%95%D7%9B%D7%91%D7%99%D7%9D-%D7%A2%D7%9D-%D7%9E%D7%A8%D7%92%D7%9C/: 429 Client Error: Too Many Requests for url: https://crawl4ai-wrapper-559961100092.europe-west1.run.app/scrape
  ✗ https://nfct.org.il/blog/movies/%D7%A8%D7%95%D7%9B%D7%91-%D7%A2%D7%9D-%D7%9E%D7%A8%D7%92%D7%9C/: 429 Client Error: Too Many Requests for url: https://crawl4ai-wrapper-559961100092.europe-west1.run.app/scrape
  ✗ https://nfct.org.il/blog/movies/%D7%A8%D7%95%D7%9E%D7%99-%D7%95%D7%99%D7%A8%D7%95%D7%A9%D7%9C%D7%99%D7%9D/: 429 Client Error: Too Many Requests for url: https://crawl4ai-wrapper-559961100092.europe-west1.run.app/scrape
  ✓ https://nfct.org.il/blog/movies/%D7%A8%D7%93%D7%99%D7%95-%D7%AA%D7%A2%D7%9E%D7%95%D7%9C%D7%94/ → nfct__blog_movies_D7_A8_D7_93_D7_99_D7_95-_D7_AA_D7_A2_D7_9E_D7_95_D7_9C_D7_94__26fc5d1f.md (8234 bytes)
  ✓ https://nfct.org.il/blog/movies/%D7%A8%D7%95%D7%97%D7%95%D7%AA-%D7%93%D7%A8%D7%95%D7%9E%D7%99%D7%95%D7%AA/ → nfct__blog_movies_D7_A8_D7_95_D7_97_D7_95_D7_AA-_D7_93_D7_A8_D7_95_D7_9E_D7_99_D7_95_D__400b81e1.md (8299 bytes)
  ✗ https://nfct.org.il/blog/movies/%D7%A8%D7%95%D7%A6%D7%94-%D7%9C%D7%9B%D7%A2%D7%95%D7%A1/: 429 Client Error: Too Many Requests for url: https://crawl4ai-wrapper-559961100092.europe-west1.run.app/scrape
  ✗ https://nfct.org.il/blog/movies/%D7%A8%D7%95%D7%A6%D7%97-%D7%9B%D7%91%D7%99%D7%A9-%D7%94%D7%97%D7%95%D7%A3/: 429 Client Error: Too Many Requests for url: https://crawl4ai-wrapper-559961100092.europe-west1.run.app/scrape
  ✗ https://nfct.org.il/blog/movies/%D7%A8%D7%95%D7%AA/: 429 Client Error: Too Many Requests for url: https://crawl4ai-wrapper-559961100092.europe-west1.run.app/scrape
  ✓ https://nfct.org.il/blog/movies/%D7%A8%D7%95%D7%93%D7%A3-%D7%90%D7%97%D7%A8%D7%99-%D7%99%D7%94%D7%95%D7%A9%D7%A2/ → nfct__blog_movies_D7_A8_D7_95_D7_93_D7_A3-_D7_90_D7_97_D7_A8_D7_99-_D7_99_D7_94_D7_95___2f660136.md (8320 bytes)
  ✓ https://nfct.org.il/blog/movies/%D7%A8%D7%95%D7%98%D7%99/ → nfct__blog_movies_D7_A8_D7_95_D7_98_D7_99__b98f9176.md (7543 bytes)
  ✓ https://nfct.org.il/blog/movies/%D7%A8%D7%95%D7%9E%D7%9F-%D7%A0%D7%A2%D7%95%D7%A8%D7%99%D7%9D/ → nfct__blog_movies_D7_A8_D7_95_D7_9E_D7_9F-_D7_A0_D7_A2_D7_95_D7_A8_D7_99_D7_9D__8aacf623.md (8234 bytes)
  ✓ https://nfct.org.il/blog/movies/%D7%A8%D7%95%D7%A6%D7%94-%D7%9C%D7%94%D7%99%D7%95%D7%AA-%D7%9B%D7%95%D7%A2%D7%A1/ → nfct__blog_movies_D7_A8_D7_95_D7_A6_D7_94-_D7_9C_D7_94_D7_99_D7_95_D7_AA-_D7_9B_D7_95___3445d7d5.md (7711 bytes)
  ✗ https://nfct.org.il/blog/movies/%D7%A8%D7%97%D7%95%D7%91-%D7%A7%D7%99%D7%A1%D7%A8%D7%99%D7%94-3/: 429 Client Error: Too Many Requests for url: https://crawl4ai-wrapper-559961100092.europe-west1.run.app/scrape
  ✗ https://nfct.org.il/blog/movies/%D7%A8%D7%97%D7%95%D7%91-3-%D7%A7%D7%99%D7%A1%D7%95%D7%A1/: 429 Client Error: Too Many Requests for url: https://crawl4ai-wrapper-559961100092.europe-west1.run.app/scrape
  ✓ https://nfct.org.il/blog/movies/%D7%A8%D7%97%D7%95%D7%91-%D7%90%D7%97%D7%93-%D7%91%D7%A9%D7%99%D7%9C%D7%95%D7%90%D7%9F/ → nfct__blog_movies_D7_A8_D7_97_D7_95_D7_91-_D7_90_D7_97_D7_93-_D7_91_D7_A9_D7_99_D7_9C___3fea6c4a.md (7729 bytes)
  ✓ https://nfct.org.il/blog/movies/%D7%A8%D7%97%D7%95%D7%91-%D7%90-%D7%98%D7%95%D7%A8/ → nfct__blog_movies_D7_A8_D7_97_D7_95_D7_91-_D7_90-_D7_98_D7_95_D7_A8__361147dc.md (7621 bytes)
  ✗ https://nfct.org.il/blog/movies/%D7%A8%D7%98%D7%99%D7%91%D7%99%D7%95%D7%A9%D7%9F/: 429 Client Error: Too Many Requests for url: https://crawl4ai-wrapper-559961100092.europe-west1.run.app/scrape
  ✓ https://nfct.org.il/blog/movies/%D7%A8%D7%97%D7%95%D7%91-%D7%A7%D7%99%D7%A1%D7%95-3/ → nfct__blog_movies_D7_A8_D7_97_D7_95_D7_91-_D7_A7_D7_99_D7_A1_D7_95-3__41d99334.md (7624 bytes)
  ✗ https://nfct.org.il/blog/movies/%D7%A8%D7%99%D7%90%D7%9C%D7%99%D7%98%D7%99-%D7%95%D7%9E%D7%A9%D7%97%D7%A7-%D7%9E%D7%A1-3-%E2%80%93-%D7%91%D7%97%D7%99%D7%A4%D7%95%D7%A9-%D7%90%D7%97%D7%A8-%D7%A9%D7%A8%D7%94/: 429 Client Error: Too Many Requests for url: https://crawl4ai-wrapper-559961100092.europe-west1.run.app/scrape
  ✗ https://nfct.org.il/blog/movies/%D7%A8%D7%99%D7%95-%D7%93%D7%94-%D7%96%D7%A0%D7%A8%D7%95/: 429 Client Error: Too Many Requests for url: https://crawl4ai-wrapper-559961100092.europe-west1.run.app/scrape
  ✓ https://nfct.org.il/blog/movies/%D7%A8%D7%97%D7%95%D7%91-%D7%91%D7%98%D7%90%D7%9F-%D7%90%D7%9C-%D7%94%D7%95%D7%95%D7%90/ → nfct__blog_movies_D7_A8_D7_97_D7_95_D7_91-_D7_91_D7_98_D7_90_D7_9F-_D7_90_D7_9C-_D7_94__480c4b34.md (7732 bytes)
  ✓ https://nfct.org.il/blog/movies/%D7%A8%D7%97%D7%95%D7%A7-%D7%A7%D7%A8%D7%95%D7%91/ → nfct__blog_movies_D7_A8_D7_97_D7_95_D7_A7-_D7_A7_D7_A8_D7_95_D7_91__d7ac20a2.md (7618 bytes)
  ✗ https://nfct.org.il/blog/movies/%D7%A8%D7%99%D7%98%D7%A8%D7%99%D7%98/: 429 Client Error: Too Many Requests for url: https://crawl4ai-wrapper-559961100092.europe-west1.run.app/scrape
  ✓ https://nfct.org.il/blog/movies/%D7%A8%D7%97%D7%95%D7%91-3-%D7%A7%D7%99%D7%A1%D7%95/ → nfct__blog_movies_D7_A8_D7_97_D7_95_D7_91-3-_D7_A7_D7_99_D7_A1_D7_95__3f954480.md (7624 bytes)
  ✗ https://nfct.org.il/blog/movies/%D7%A8%D7%99%D7%A4%D7%95%D7%99-%D7%91%D7%90%D7%9E%D7%A6%D7%A2%D7%95%D7%AA-%D7%94%D7%A8%D7%92/: 429 Client Error: Too Many Requests for url: https://crawl4ai-wrapper-559961100092.europe-west1.run.app/scrape
  ✗ https://nfct.org.il/blog/movies/%D7%A8%D7%99%D7%A4%D7%95%D7%99-%D7%91%D7%90%D7%9E%D7%A6%D7%A2%D7%95%D7%AA-%D7%94%D7%A8%D7%99%D7%92%D7%94/: 429 Client Error: Too Many Requests for url: https://crawl4ai-wrapper-559961100092.europe-west1.run.app/scrape
  ✗ https://nfct.org.il/blog/movies/%D7%A8%D7%99%D7%A4%D7%95%D7%99-%D7%91%D7%94%D7%A8%D7%99%D7%92%D7%94/: 429 Client Error: Too Many Requests for url: https://crawl4ai-wrapper-559961100092.europe-west1.run.app/scrape
  ✗ https://nfct.org.il/blog/movies/%D7%A8%D7%99%D7%A4%D7%95%D7%99-%D7%A2%D7%9C-%D7%99%D7%93%D7%99-%D7%94%D7%A8%D7%99%D7%92%D7%94/: 429 Client Error: Too Many Requests for url: https://crawl4ai-wrapper-559961100092.europe-west1.run.app/scrape
  ✗ https://nfct.org.il/blog/movies/%D7%A8%D7%99%D7%A6%D7%AA-%D7%9E%D7%91%D7%97%D7%9F/: 429 Client Error: Too Many Requests for url: https://crawl4ai-wrapper-559961100092.europe-west1.run.app/scrape
  ✓ https://nfct.org.il/blog/movies/%D7%A8%D7%99%D7%90%D7%9C%D7%99%D7%98%D7%99-%D7%90%D7%A0%D7%93-%D7%A4%D7%9C%D7%99%D7%99%D7%A0%D7%92-%D7%9E%D7%A1-3-%E2%80%93-%D7%9E%D7%97%D7%A4%D7%A9%D7%AA-%D7%90%D7%AA-%D7%A9%D7%A8%D7%94/ → nfct__blog_movies_D7_A8_D7_99_D7_90_D7_9C_D7_99_D7_98_D7_99-_D7_90_D7_A0_D7_93-_D7_A4___4dfa9632.md (8029 bytes)
  ✓ https://nfct.org.il/blog/movies/%D7%A8%D7%99%D7%A0%D7%92%D7%98%D7%95%D7%9F/ → nfct__blog_movies_D7_A8_D7_99_D7_A0_D7_92_D7_98_D7_95_D7_9F__c8239658.md (8177 bytes)
  ✗ https://nfct.org.il/blog/movies/%D7%A8%D7%9B%D7%99%D7%91%D7%94-%D7%A2%D7%9D-%D7%9E%D7%A8%D7%92%D7%9C/: 429 Client Error: Too Many Requests for url: https://crawl4ai-wrapper-559961100092.europe-west1.run.app/scrape
  ✗ https://nfct.org.il/blog/movies/%D7%A8%D7%9E%D7%9C%D7%94/: 429 Client Error: Too Many Requests for url: https://crawl4ai-wrapper-559961100092.europe-west1.run.app/scrape
  ✗ https://nfct.org.il/blog/movies/%D7%A8%D7%A1%D7%99%D7%A1%D7%99%D7%9D/: 429 Client Error: Too Many Requests for url: https://crawl4ai-wrapper-559961100092.europe-west1.run.app/scrape
  ✓ https://nfct.org.il/blog/movies/%D7%A8%D7%99%D7%97%D7%A0%D7%99%D7%94/ → nfct__blog_movies_D7_A8_D7_99_D7_97_D7_A0_D7_99_D7_94__9be53731.md (8159 bytes)
  ✗ https://nfct.org.il/blog/movies/%D7%A8%D7%A2%D7%91%D7%99%D7%9D/: 429 Client Error: Too Many Requests for url: https://crawl4ai-wrapper-559961100092.europe-west1.run.app/scrape
  ✗ https://nfct.org.il/blog/movies/%D7%A8%D7%A2%D7%9C%D7%99%D7%9D/: 429 Client Error: Too Many Requests for url: https://crawl4ai-wrapper-559961100092.europe-west1.run.app/scrape
  ✓ https://nfct.org.il/blog/movies/%D7%A8%D7%99%D7%A0%D7%92%D7%95-%D7%95%D7%98%D7%94%D7%A8/ → nfct__blog_movies_D7_A8_D7_99_D7_A0_D7_92_D7_95-_D7_95_D7_98_D7_94_D7_A8__4c302adf.md (8245 bytes)
  ✗ https://nfct.org.il/blog/movies/%D7%A8%D7%A4%D7%90%D7%99%D7%9D/: 429 Client Error: Too Many Requests for url: https://crawl4ai-wrapper-559961100092.europe-west1.run.app/scrape
  ✗ https://nfct.org.il/blog/movies/%D7%A8%D7%A6%D7%97-%D7%91%D7%9B%D7%90%D7%91%D7%99%D7%94/: 429 Client Error: Too Many Requests for url: https://crawl4ai-wrapper-559961100092.europe-west1.run.app/scrape
  ✗ https://nfct.org.il/blog/movies/%D7%A8%D7%A6%D7%A3-%D7%90%D7%93%D7%9E%D7%94-%D7%A7%D7%98%D7%9F/: 429 Client Error: Too Many Requests for url: https://crawl4ai-wrapper-559961100092.europe-west1.run.app/scrape
  ✓ https://nfct.org.il/blog/movies/%D7%A8%D7%A2%D7%91-%D7%9E%D7%AA%D7%9E%D7%A9%D7%9A-%D7%9C%D7%94%D7%A9%D7%99%D7%92-%D7%90%D7%AA-%D7%94%D7%A1%D7%99%D7%A4%D7%95%D7%A8/ → nfct__blog_movies_D7_A8_D7_A2_D7_91-_D7_9E_D7_AA_D7_9E_D7_A9_D7_9A-_D7_9C_D7_94_D7_A9___554623cd.md (7861 bytes)
  ✓ https://nfct.org.il/blog/movies/%D7%A8%D7%99%D7%A7%D7%95%D7%93%D7%99%D7%9D-%D7%A1%D7%9C%D7%95%D7%A0%D7%99%D7%99%D7%9D/ → nfct__blog_movies_D7_A8_D7_99_D7_A7_D7_95_D7_93_D7_99_D7_9D-_D7_A1_D7_9C_D7_95_D7_A0_D__adc0b43a.md (7726 bytes)
  ✗ https://nfct.org.il/blog/movies/%D7%A8%D7%A7%D7%93%D7%A0%D7%99%D7%AA-%D7%A2%D7%9E%D7%95%D7%93-%D7%95%D7%A1%D7%A8%D7%98/: 429 Client Error: Too Many Requests for url: https://crawl4ai-wrapper-559961100092.europe-west1.run.app/scrape
  ✗ https://nfct.org.il/blog/movies/%D7%A8%D7%A7%D7%93%D7%A0%D7%99%D7%AA-%D7%A4%D7%95%D7%9C-%D7%95%D7%A1%D7%A8%D7%98/: 429 Client Error: Too Many Requests for url: https://crawl4ai-wrapper-559961100092.europe-west1.run.app/scrape
  ✗ https://nfct.org.il/blog/movies/%D7%A8%D7%A7-%D7%90%D7%9E%D7%AA/: 429 Client Error: Too Many Requests for url: https://crawl4ai-wrapper-559961100092.europe-west1.run.app/scrape
  ✓ https://nfct.org.il/blog/movies/%D7%A8%D7%A7-%D7%96%D7%94/ → nfct__blog_movies_D7_A8_D7_A7-_D7_96_D7_94__c1580df6.md (8155 bytes)
  ✓ https://nfct.org.il/blog/movies/%D7%A8%D7%A2%D7%A9-%D7%A9%D7%99%D7%95%D7%A8%D7%99/ → nfct__blog_movies_D7_A8_D7_A2_D7_A9-_D7_A9_D7_99_D7_95_D7_A8_D7_99__b753d84b.md (8227 bytes)
  ✓ https://nfct.org.il/blog/movies/%D7%A8%D7%99%D7%A7%D7%95%D7%93-%D7%91%D7%98%D7%9F/ → nfct__blog_movies_D7_A8_D7_99_D7_A7_D7_95_D7_93-_D7_91_D7_98_D7_9F__12a9522d.md (8227 bytes)
  ✓ https://nfct.org.il/blog/movies/%D7%A8%D7%A7-%D7%9C%D7%90-%D7%A2%D7%95%D7%93-%D7%94%D7%A4%D7%A6%D7%A6%D7%94/ → nfct__blog_movies_D7_A8_D7_A7-_D7_9C_D7_90-_D7_A2_D7_95_D7_93-_D7_94_D7_A4_D7_A6_D7_A6__018a6f76.md (8305 bytes)
  ✗ https://nfct.org.il/blog/movies/%D7%A8%D7%A7%D7%93%D7%A0%D7%99%D7%AA-%D7%95%D7%A1%D7%A8%D7%98/: 429 Client Error: Too Many Requests for url: https://crawl4ai-wrapper-559961100092.europe-west1.run.app/scrape
  ✗ https://nfct.org.il/blog/movies/%D7%A8%D7%A9%D7%95%D7%AA-%D7%9C%D7%96%D7%9B%D7%95%D7%A8/: 429 Client Error: Too Many Requests for url: https://crawl4ai-wrapper-559961100092.europe-west1.run.app/scrape
  ✓ https://nfct.org.il/blog/movies/%D7%A8%D7%A9%D7%95%D7%AA-%D7%90%D7%9B%D7%99%D7%A4%D7%AA-%D7%94%D7%A1%D7%9E%D7%99%D7%9D/ → nfct__blog_movies_D7_A8_D7_A9_D7_95_D7_AA-_D7_90_D7_9B_D7_99_D7_A4_D7_AA-_D7_94_D7_A1___6ee713c1.md (8309 bytes)
  ✓ https://nfct.org.il/blog/movies/%D7%A8%D7%A7%D7%93%D7%A0%D7%99%D7%AA-%D7%9E%D7%95%D7%98-%D7%95%D7%A1%D7%A8%D7%98/ → nfct__blog_movies_D7_A8_D7_A7_D7_93_D7_A0_D7_99_D7_AA-_D7_9E_D7_95_D7_98-_D7_95_D7_A1___cd8388e6.md (7711 bytes)
  ✓ https://nfct.org.il/blog/movies/%D7%A8%D7%A7-%D7%A6%D7%A0%D7%A6%D7%A0%D7%AA-%D7%A9%D7%9E%D7%9F/ → nfct__blog_movies_D7_A8_D7_A7-_D7_A6_D7_A0_D7_A6_D7_A0_D7_AA-_D7_A9_D7_9E_D7_9F__f7ceaee8.md (7657 bytes)
  ✗ https://nfct.org.il/blog/movies/%D7%A8%D7%A9%D7%9E%D7%99%D7%9D-%D7%A4%D7%A0%D7%98%D7%95%D7%9D/: 429 Client Error: Too Many Requests for url: https://crawl4ai-wrapper-559961100092.europe-west1.run.app/scrape
  ✓ https://nfct.org.il/blog/movies/%D7%A8%D7%A9%D7%99%D7%9E%D7%AA-%D7%93%D7%91%D7%A8%D7%99%D7%9D-%D7%A9%D7%90%D7%A0%D7%99-%D7%90%D7%95%D7%94%D7%91%D7%AA/ → nfct__blog_movies_D7_A8_D7_A9_D7_99_D7_9E_D7_AA-_D7_93_D7_91_D7_A8_D7_99_D7_9D-_D7_A9___3c0f9514.md (7822 bytes)
  ✗ https://nfct.org.il/blog/movies/%D7%A9%D6%B6%D7%81%D7%9C/: 429 Client Error: Too Many Requests for url: https://crawl4ai-wrapper-559961100092.europe-west1.run.app/scrape
  ✗ https://nfct.org.il/blog/movies/%D7%A9%D7%90%D7%9C%D7%95%D7%AA%D7%99%D7%94-%D7%A9%D7%9C-%D7%A0%D7%A2%D7%9E%D7%99/: 429 Client Error: Too Many Requests for url: https://crawl4ai-wrapper-559961100092.europe-west1.run.app/scrape
  ✗ https://nfct.org.il/blog/movies/%D7%A9%D7%90%D7%9C%D7%95%D7%AA-%D7%A0%D7%A2%D7%9E%D7%99/: 429 Client Error: Too Many Requests for url: https://crawl4ai-wrapper-559961100092.europe-west1.run.app/scrape
  ✗ https://nfct.org.il/blog/movies/%D7%A9%D7%90%D7%9C%D7%95%D7%AA-%D7%A9%D7%9C-%D7%A0%D7%A2%D7%9E%D7%99/: 429 Client Error: Too Many Requests for url: https://crawl4ai-wrapper-559961100092.europe-west1.run.app/scrape
  ✗ https://nfct.org.il/blog/movies/%D7%A9%D7%90%D7%A8%D7%99%D7%AA-%D7%94%D7%97%D7%99%D7%99%D7%9D/: 429 Client Error: Too Many Requests for url: https://crawl4ai-wrapper-559961100092.europe-west1.run.app/scrape
  ✗ https://nfct.org.il/blog/movies/%D7%A9%D7%90%D7%A8%D7%99%D7%AA/: 429 Client Error: Too Many Requests for url: https://crawl4ai-wrapper-559961100092.europe-west1.run.app/scrape
  ✗ https://nfct.org.il/blog/movies/%D7%A9%D7%91%D7%97%D7%99%D7%9D/: 429 Client Error: Too Many Requests for url: https://crawl4ai-wrapper-559961100092.europe-west1.run.app/scrape
  ✗ https://nfct.org.il/blog/movies/%D7%A9%D7%91%D7%99%D7%9C-%D7%94%D7%97%D7%9C%D7%91/: 429 Client Error: Too Many Requests for url: https://crawl4ai-wrapper-559961100092.europe-west1.run.app/scrape
  ✗ https://nfct.org.il/blog/movies/%D7%A9%D7%91%D7%A2%D7%94-%D7%91%D7%90%D7%95%D7%A7%D7%98%D7%95%D7%91%D7%A8/: 429 Client Error: Too Many Requests for url: https://crawl4ai-wrapper-559961100092.europe-west1.run.app/scrape
  ✗ https://nfct.org.il/blog/movies/%D7%A9%D7%91%D7%A2%D7%94-%D7%99%D7%9E%D7%99%D7%9D-%D7%91%D7%97%D7%95%D7%93%D7%A9-%D7%90%D7%9C%D7%95%D7%9C/: 429 Client Error: Too Many Requests for url: https://crawl4ai-wrapper-559961100092.europe-west1.run.app/scrape
  ✓ https://nfct.org.il/blog/movies/%D7%A8%D7%A9%D7%99%D7%9E%D7%95%D7%AA-%D7%A7%D7%A6%D7%9E%D7%9F/ → nfct__blog_movies_D7_A8_D7_A9_D7_99_D7_9E_D7_95_D7_AA-_D7_A7_D7_A6_D7_9E_D7_9F__3c393cf9.md (7654 bytes)
  ✗ https://nfct.org.il/blog/movies/%D7%A9%D7%91%D7%A2-%D7%9B%D7%A4%D7%95%D7%9C-%D7%9E%D7%95%D7%92%D7%91%D7%9C/: 429 Client Error: Too Many Requests for url: https://crawl4ai-wrapper-559961100092.europe-west1.run.app/scrape
  ✓ https://nfct.org.il/blog/movies/%D7%A8%D7%A7-%D7%9C%D7%90-%D7%A2%D7%95%D7%93-%D7%A4%D7%99%D7%92%D7%95%D7%A2/ → nfct__blog_movies_D7_A8_D7_A7-_D7_9C_D7_90-_D7_A2_D7_95_D7_93-_D7_A4_D7_99_D7_92_D7_95__c69f83b7.md (8305 bytes)
  ✓ https://nfct.org.il/blog/movies/%D7%A8%D7%A9%D7%99%D7%9E%D7%AA-%D7%93%D7%91%D7%A8%D7%99%D7%9D-%D7%A9%D7%90%D7%A0%D7%99-%D7%90%D7%95%D7%94%D7%91/ → nfct__blog_movies_D7_A8_D7_A9_D7_99_D7_9E_D7_AA-_D7_93_D7_91_D7_A8_D7_99_D7_9D-_D7_A9___94dc5e20.md (7804 bytes)
  ✗ https://nfct.org.il/blog/movies/%D7%A9%D7%92%D7%A8%D7%99%D7%A8-%D7%94%D7%9B%D7%91%D7%95%D7%93/: 429 Client Error: Too Many Requests for url: https://crawl4ai-wrapper-559961100092.europe-west1.run.app/scrape
  ✓ https://nfct.org.il/blog/movies/%D7%A9%D7%92%D7%92%D7%94/ → nfct__blog_movies_D7_A9_D7_92_D7_92_D7_94__a5bfc026.md (7543 bytes)
  ✓ https://nfct.org.il/blog/movies/%D7%A9%D7%92%D7%A8%D7%99%D7%A8-%D7%9B%D7%91%D7%95%D7%93/ → nfct__blog_movies_D7_A9_D7_92_D7_A8_D7_99_D7_A8-_D7_9B_D7_91_D7_95_D7_93__e0fc3e82.md (7636 bytes)
  ✗ https://nfct.org.il/blog/movies/%D7%A9%D7%93%D7%94-%D7%AA%D7%A2%D7%95%D7%A4%D7%94/: 429 Client Error: Too Many Requests for url: https://crawl4ai-wrapper-559961100092.europe-west1.run.app/scrape
  ✗ https://nfct.org.il/blog/movies/%D7%A9%D7%93%D7%94/: 429 Client Error: Too Many Requests for url: https://crawl4ai-wrapper-559961100092.europe-west1.run.app/scrape
  ✗ https://nfct.org.il/blog/movies/%D7%A9%D7%93%D7%99%D7%94/: 429 Client Error: Too Many Requests for url: https://crawl4ai-wrapper-559961100092.europe-west1.run.app/scrape
  ✗ https://nfct.org.il/blog/movies/%D7%A9%D7%93%D7%99%D7%99%D7%9D/: 429 Client Error: Too Many Requests for url: https://crawl4ai-wrapper-559961100092.europe-west1.run.app/scrape
  ✓ https://nfct.org.il/blog/movies/%D7%A9%D7%92%D7%A8%D7%99%D7%A8-%D7%A9%D7%9C-%D7%9B%D7%91%D7%95%D7%93/ → nfct__blog_movies_D7_A9_D7_92_D7_A8_D7_99_D7_A8-_D7_A9_D7_9C-_D7_9B_D7_91_D7_95_D7_93__474cdc09.md (7675 bytes)
  ✗ https://nfct.org.il/blog/movies/%D7%A9%D7%95%D7%91%D7%94-%D7%A9%D7%9C-%D7%9B%D7%95%D7%9B%D7%91%D7%AA/: 429 Client Error: Too Many Requests for url: https://crawl4ai-wrapper-559961100092.europe-west1.run.app/scrape
  ✗ https://nfct.org.il/blog/movies/%D7%A9%D7%95%D7%93%D7%93%D7%99%D7%9D/: 429 Client Error: Too Many Requests for url: https://crawl4ai-wrapper-559961100092.europe-west1.run.app/scrape
  ✗ https://nfct.org.il/blog/movies/%D7%A9%D7%95%D7%93%D7%93-%D7%94%D7%91%D7%A0%D7%A0%D7%95%D7%AA/: 429 Client Error: Too Many Requests for url: https://crawl4ai-wrapper-559961100092.europe-west1.run.app/scrape
  ✗ https://nfct.org.il/blog/movies/%D7%A9%D7%95%D7%94%D7%99%D7%9D-%D7%91%D7%9C%D7%AA%D7%99-%D7%97%D7%95%D7%A7%D7%99%D7%99%D7%9D/: 429 Client Error: Too Many Requests for url: https://crawl4ai-wrapper-559961100092.europe-west1.run.app/scrape
  ✓ https://nfct.org.il/blog/movies/%D7%A9%D7%90%D7%9C%D7%95%D7%AA-%D7%A9%D7%9C-%D7%A0%D7%A2%D7%9E%D7%94/ → nfct__blog_movies_D7_A9_D7_90_D7_9C_D7_95_D7_AA-_D7_A9_D7_9C-_D7_A0_D7_A2_D7_9E_D7_94__02bf9178.md (7675 bytes)
  ✓ https://nfct.org.il/blog/movies/%D7%A9%D7%91%D7%A2%D7%94-%D7%99%D7%9E%D7%99%D7%9D-%D7%91%D7%AA%D7%A9%D7%A8%D7%99/ → nfct__blog_movies_D7_A9_D7_91_D7_A2_D7_94-_D7_99_D7_9E_D7_99_D7_9D-_D7_91_D7_AA_D7_A9___5bce7363.md (8291 bytes)
  ✓ https://nfct.org.il/blog/movies/%D7%A9%D7%93%D7%A8/ → nfct__blog_movies_D7_A9_D7_93_D7_A8__92d2bb8d.md (13850 bytes)
  ✓ https://nfct.org.il/blog/movies/%D7%A9%D7%92%D7%A2%D7%95%D7%9F/ → nfct__blog_movies_D7_A9_D7_92_D7_A2_D7_95_D7_9F__fe2826e9.md (7561 bytes)
  ✓ https://nfct.org.il/blog/movies/%D7%A9%D7%95%D7%98%D7%A8%D7%99%D7%9D/ → nfct__blog_movies_D7_A9_D7_95_D7_98_D7_A8_D7_99_D7_9D__0dbedb27.md (7579 bytes)
  ✓ https://nfct.org.il/blog/movies/%D7%A9%D7%95%D7%9C%D7%97%D7%9F-%D7%A2%D7%A8%D7%95%D7%9A/ → nfct__blog_movies_D7_A9_D7_95_D7_9C_D7_97_D7_9F-_D7_A2_D7_A8_D7_95_D7_9A__33c44ca5.md (7636 bytes)
  ✗ https://nfct.org.il/blog/movies/%D7%A9%D7%95%D7%9D-%D7%93%D7%91%D7%A8-%D7%9E%D7%9C%D7%91%D7%93-34-%D7%A6%D7%99%D7%95%D7%A8%D7%99%D7%9D/: 429 Client Error: Too Many Requests for url: https://crawl4ai-wrapper-559961100092.europe-west1.run.app/scrape
  ✗ https://nfct.org.il/blog/movies/%D7%A9%D7%95%D7%9E%D7%A8%D7%95%D7%A0%D7%99%D7%95%D7%AA/: 429 Client Error: Too Many Requests for url: https://crawl4ai-wrapper-559961100092.europe-west1.run.app/scrape
  ✗ https://nfct.org.il/blog/movies/%D7%A9%D7%95%D7%9E%D7%A8%D7%AA-%D7%90%D7%97%D7%95%D7%AA%D7%99/: 429 Client Error: Too Many Requests for url: https://crawl4ai-wrapper-559961100092.europe-west1.run.app/scrape
  ✗ https://nfct.org.il/blog/movies/%D7%A9%D7%95%D7%9E%D7%A8-%D7%94%D7%9E%D7%95%D7%96%D7%99%D7%90%D7%95%D7%9F/: 429 Client Error: Too Many Requests for url: https://crawl4ai-wrapper-559961100092.europe-west1.run.app/scrape
  ✗ https://nfct.org.il/blog/movies/%D7%A9%D7%95%D7%A0%D7%90-%D7%90%D7%AA-%D7%94%D7%97%D7%91%D7%A8%D7%99%D7%9D-%D7%A9%D7%9C%D7%99/: 429 Client Error: Too Many Requests for url: https://crawl4ai-wrapper-559961100092.europe-west1.run.app/scrape
  ✗ https://nfct.org.il/blog/movies/%D7%A9%D7%95%D7%A0%D7%90-%D7%90%D7%AA-%D7%97%D7%91%D7%A8%D7%99%D7%99/: 429 Client Error: Too Many Requests for url: https://crawl4ai-wrapper-559961100092.europe-west1.run.app/scrape
  ✗ https://nfct.org.il/blog/movies/%D7%A9%D7%95%D7%A0%D7%95%D7%AA-%D7%95%D7%9E%D7%A9%D7%95%D7%A0%D7%95%D7%AA/: 429 Client Error: Too Many Requests for url: https://crawl4ai-wrapper-559961100092.europe-west1.run.app/scrape
  ✗ https://nfct.org.il/blog/movies/%D7%A9%D7%95%D7%A0%D7%99-%D7%A1%D7%98%D7%99%D7%92%D7%9E%D7%95%D7%AA/: 429 Client Error: Too Many Requests for url: https://crawl4ai-wrapper-559961100092.europe-west1.run.app/scrape
  ✓ https://nfct.org.il/blog/movies/%D7%A9%D7%95%D7%9D-%D7%93%D7%91%D7%A8-%D7%9C%D7%90-%D7%9E%D7%A6%D7%A4%D7%94-%D7%9C-34-%D7%A6%D7%99%D7%95%D7%A8%D7%99%D7%9D/ → nfct__blog_movies_D7_A9_D7_95_D7_9D-_D7_93_D7_91_D7_A8-_D7_9C_D7_90-_D7_9E_D7_A6_D7_A4__d36472ab.md (8446 bytes)
  ✓ https://nfct.org.il/blog/movies/%D7%A9%D7%95%D7%9D-%D7%93%D7%91%D7%A8-%D7%9C%D7%90-%D7%9E%D7%A9%D7%AA%D7%91%D7%A9/ → nfct__blog_movies_D7_A9_D7_95_D7_9D-_D7_93_D7_91_D7_A8-_D7_9C_D7_90-_D7_9E_D7_A9_D7_AA__3d02e3af.md (8294 bytes)
  ✓ https://nfct.org.il/blog/movies/%D7%A9%D7%95%D7%9D-%D7%93%D7%91%D7%A8-%D7%9E%D7%9C%D7%91%D7%93-%D7%A6%D7%A0%D7%A6%D7%A0%D7%AA-%D7%A9%D7%9E%D7%9F/ → nfct__blog_movies_D7_A9_D7_95_D7_9D-_D7_93_D7_91_D7_A8-_D7_9E_D7_9C_D7_91_D7_93-_D7_A6__e1bbbc6f.md (7807 bytes)
  ✓ https://nfct.org.il/blog/movies/%D7%A9%D7%95%D7%9D-%D7%93%D7%91%D7%A8-%D7%9C%D7%90-%D7%94%D7%A9%D7%AA%D7%91%D7%A9/ → nfct__blog_movies_D7_A9_D7_95_D7_9D-_D7_93_D7_91_D7_A8-_D7_9C_D7_90-_D7_94_D7_A9_D7_AA__ba27c0de.md (7714 bytes)
  ✓ https://nfct.org.il/blog/movies/%D7%A9%D7%95%D7%A7%D7%95%D7%9C%D7%93-%D7%92%D7%A0%D7%92%D7%A1%D7%98%D7%A8/ → nfct__blog_movies_D7_A9_D7_95_D7_A7_D7_95_D7_9C_D7_93-_D7_92_D7_A0_D7_92_D7_A1_D7_98_D__b962534b.md (8299 bytes)
  ✓ https://nfct.org.il/blog/movies/%D7%A9%D7%95%D7%A7%D7%95-%D7%92%D7%A0%D7%92%D7%A1%D7%98%D7%A8/ → nfct__blog_movies_D7_A9_D7_95_D7_A7_D7_95-_D7_92_D7_A0_D7_92_D7_A1_D7_98_D7_A8__116a41f1.md (7654 bytes)
  ✓ https://nfct.org.il/blog/movies/%D7%A9%D7%95%D7%A4%D7%98/ → nfct__blog_movies_D7_A9_D7_95_D7_A4_D7_98__da0943ce.md (8123 bytes)
  ✗ https://nfct.org.il/blog/movies/%D7%A9%D7%95%D7%AA%D7%A3-%D7%9C%D7%90%D7%95%D7%99%D7%91/: 429 Client Error: Too Many Requests for url: https://crawl4ai-wrapper-559961100092.europe-west1.run.app/scrape
  ✓ https://nfct.org.il/blog/movies/%D7%A9%D7%95%D7%A9%D7%9C%D7%AA-%D7%90%D7%93%D7%90%D7%A0%D7%99/ → nfct__blog_movies_D7_A9_D7_95_D7_A9_D7_9C_D7_AA-_D7_90_D7_93_D7_90_D7_A0_D7_99__bd39b72f.md (8234 bytes)
  ✗ https://nfct.org.il/blog/movies/%D7%A9%D7%95%D7%AA%D7%A4%D7%99%D7%9D-%D7%9C%D7%90%D7%95%D7%99%D7%91/: 429 Client Error: Too Many Requests for url: https://crawl4ai-wrapper-559961100092.europe-west1.run.app/scrape
  ✓ https://nfct.org.il/blog/movies/%D7%A9%D7%95%D7%A8%D7%98%D7%9C%D7%95%D7%A0%D7%92-%E2%80%93-%D7%9E%D7%97%D7%95%D7%95%D7%94-%D7%9C%D7%A7%D7%95%D7%9C%D7%A0%D7%95%D7%A2-%D7%94%D7%99%D7%A9%D7%A8%D7%90%D7%9C%D7%99/ → nfct__blog_movies_D7_A9_D7_95_D7_A8_D7_98_D7_9C_D7_95_D7_A0_D7_92-_E2_80_93-_D7_9E_D7___1be64d3a.md (8576 bytes)
  ✓ https://nfct.org.il/blog/movies/%D7%A9%D7%95%D7%A9%D7%9C%D7%AA-%D7%A2%D7%93%D7%A0%D7%99/ → nfct__blog_movies_D7_A9_D7_95_D7_A9_D7_9C_D7_AA-_D7_A2_D7_93_D7_A0_D7_99__481309f0.md (8216 bytes)
  ✓ https://nfct.org.il/blog/movies/%D7%A9%D7%95%D7%A9%D7%9F-%D7%A6%D7%97%D7%95%D7%A8/ → nfct__blog_movies_D7_A9_D7_95_D7_A9_D7_9F-_D7_A6_D7_97_D7_95_D7_A8__f33e7300.md (8198 bytes)
  ✓ https://nfct.org.il/blog/movies/%D7%A9%D7%97%D7%95%D7%A8-%D7%90%D7%9C-%D7%A9%D7%97%D7%95%D7%A8/ → nfct__blog_movies_D7_A9_D7_97_D7_95_D7_A8-_D7_90_D7_9C-_D7_A9_D7_97_D7_95_D7_A8__b284b84d.md (7657 bytes)
  ✓ https://nfct.org.il/blog/movies/%D7%A9%D7%97%D7%95%D7%A8-%D7%95%D7%9C%D7%91%D7%9F-%D7%9E%D7%9C%D7%90-%D7%A6%D7%91%D7%A2%D7%99%D7%9D/ → nfct__blog_movies_D7_A9_D7_97_D7_95_D7_A8-_D7_95_D7_9C_D7_91_D7_9F-_D7_9E_D7_9C_D7_90-__ef19064b.md (8348 bytes)
  ✗ https://nfct.org.il/blog/movies/%D7%A9%D7%97%D7%95%D7%A8-%D7%9C%D7%91%D7%9F-%D7%9E%D7%9C%D7%90-%D7%A6%D7%91%D7%A2/: 429 Client Error: Too Many Requests for url: https://crawl4ai-wrapper-559961100092.europe-west1.run.app/scrape
  ✓ https://nfct.org.il/blog/movies/%D7%A9%D7%95%D7%AA%D7%A3-%D7%A2%D7%9D-%D7%94%D7%90%D7%95%D7%99%D7%91/ → nfct__blog_movies_D7_A9_D7_95_D7_AA_D7_A3-_D7_A2_D7_9D-_D7_94_D7_90_D7_95_D7_99_D7_91__c08698db.md (8284 bytes)
  ✓ https://nfct.org.il/blog/movies/%D7%A9%D7%97%D7%95%D7%A8-%D7%95%D7%9C%D7%91%D7%9F-%D7%9E%D7%9C%D7%90-%D7%91%D7%A6%D7%91%D7%A2%D7%99%D7%9D/ → nfct__blog_movies_D7_A9_D7_97_D7_95_D7_A8-_D7_95_D7_9C_D7_91_D7_9F-_D7_9E_D7_9C_D7_90-__4448dedb.md (8395 bytes)
  ✓ https://nfct.org.il/blog/movies/%D7%A9%D7%97%D7%95%D7%A8-%D7%9C%D7%91%D7%9F-%D7%9E%D7%9C%D7%90-%D7%A6%D7%91%D7%A2%D7%99%D7%9D/ → nfct__blog_movies_D7_A9_D7_97_D7_95_D7_A8-_D7_9C_D7_91_D7_9F-_D7_9E_D7_9C_D7_90-_D7_A6__5cc88b36.md (7750 bytes)
  ✗ https://nfct.org.il/blog/movies/%D7%A9%D7%98%D7%90%D7%9C%D7%92%D7%99%D7%9D---%D7%94%D7%A9%D7%95%D7%90%D7%94-%D7%95%D7%A4%D7%95%D7%A8%D7%A0%D7%95%D7%92%D7%A8%D7%A4%D7%99%D7%94/: 429 Client Error: Too Many Requests for url: https://crawl4ai-wrapper-559961100092.europe-west1.run.app/scrape
  ✓ https://nfct.org.il/blog/movies/%D7%A9%D7%97%D7%95%D7%A8-%D7%9C%D7%90%D7%97%D7%95%D7%A8/ → nfct__blog_movies_D7_A9_D7_97_D7_95_D7_A8-_D7_9C_D7_90_D7_97_D7_95_D7_A8__e5b56c89.md (7636 bytes)
  ✓ https://nfct.org.il/blog/movies/%D7%A9%D7%97%D7%95%D7%A8-%D7%9C%D7%92%D7%91/ → nfct__blog_movies_D7_A9_D7_97_D7_95_D7_A8-_D7_9C_D7_92_D7_91__2070463f.md (7600 bytes)
  ✓ https://nfct.org.il/blog/movies/%D7%A9%D7%98%D7%97-%D7%A6%D7%99%D7%91%D7%95%D7%A8%D7%99/ → nfct__blog_movies_D7_A9_D7_98_D7_97-_D7_A6_D7_99_D7_91_D7_95_D7_A8_D7_99__dc08c73b.md (7636 bytes)
  ✓ https://nfct.org.il/blog/movies/%D7%A9%D7%97%D7%99%D7%94-%D7%A6%D7%95%D7%A8%D7%A0%D7%99%D7%AA/ → nfct__blog_movies_D7_A9_D7_97_D7_99_D7_94-_D7_A6_D7_95_D7_A8_D7_A0_D7_99_D7_AA__893b1c2d.md (8234 bytes)
  ✓ https://nfct.org.il/blog/movies/%D7%A9%D7%98%D7%90%D7%9C%D7%92%D7%99%D7%9D---%D7%94%D7%A9%D7%95%D7%90%D7%94-%D7%95%D7%94%D7%A4%D7%95%D7%A8%D7%A0%D7%95%D7%92%D7%A8%D7%A4%D7%99%D7%94/ → nfct__blog_movies_D7_A9_D7_98_D7_90_D7_9C_D7_92_D7_99_D7_9D---_D7_94_D7_A9_D7_95_D7_90__aada4558.md (7915 bytes)
  ✓ https://nfct.org.il/blog/movies/%D7%A9%D7%98%D7%93%D7%A8%D7%95%D7%98/ → nfct__blog_movies_D7_A9_D7_98_D7_93_D7_A8_D7_95_D7_98__0b758fba.md (7579 bytes)
  ✓ https://nfct.org.il/blog/movies/%D7%A9%D7%98%D7%9C%D7%92%D7%99%D7%9D---%D7%A9%D7%95%D7%90%D7%94-%D7%95%D7%A4%D7%95%D7%A8%D7%A0%D7%95%D7%92%D7%A8%D7%A4%D7%99%D7%94/ → nfct__blog_movies_D7_A9_D7_98_D7_9C_D7_92_D7_99_D7_9D---_D7_A9_D7_95_D7_90_D7_94-_D7_9__2179a621.md (8441 bytes)
  ✓ https://nfct.org.il/blog/movies/%D7%A9%D7%98%D7%A4%D7%9F-%D7%91%D7%A8%D7%90%D7%95%D7%9F/ → nfct__blog_movies_D7_A9_D7_98_D7_A4_D7_9F-_D7_91_D7_A8_D7_90_D7_95_D7_9F__2d03d39e.md (8245 bytes)
  ✓ https://nfct.org.il/blog/movies/%D7%A9%D7%99%D7%91%D7%94/ → nfct__blog_movies_D7_A9_D7_99_D7_91_D7_94__461daca9.md (7543 bytes)
  ✓ https://nfct.org.il/blog/movies/%D7%A9%D7%99%D7%91%D7%AA-%D7%94%D7%91%D7%99%D7%AA%D7%94-%D7%A9%D7%9C-%D7%9E%D7%99%D7%A7%D7%94/ → nfct__blog_movies_D7_A9_D7_99_D7_91_D7_AA-_D7_94_D7_91_D7_99_D7_AA_D7_94-_D7_A9_D7_9C-__ad06911f.md (7750 bytes)
  ✓ https://nfct.org.il/blog/movies/%D7%A9%D7%98%D7%99%D7%A4%D7%94/ → nfct__blog_movies_D7_A9_D7_98_D7_99_D7_A4_D7_94__e9838986.md (8170 bytes)
  ✓ https://nfct.org.il/blog/movies/%D7%A9%D7%99%D7%91%D7%AA-%D7%9E%D7%99%D7%A7%D7%94/ → nfct__blog_movies_D7_A9_D7_99_D7_91_D7_AA-_D7_9E_D7_99_D7_A7_D7_94__a9fd98b9.md (7618 bytes)
  ✓ https://nfct.org.il/blog/movies/%D7%A9%D7%99%D7%91%D7%AA-%D7%9E%D7%99%D7%A7%D7%94-%D7%94%D7%91%D7%99%D7%AA%D7%94/ → nfct__blog_movies_D7_A9_D7_99_D7_91_D7_AA-_D7_9E_D7_99_D7_A7_D7_94-_D7_94_D7_91_D7_99___dd625281.md (8291 bytes)
  ✓ https://nfct.org.il/blog/movies/%D7%A9%D7%99%D7%93%D7%95%D7%A8-%D7%90%D7%95%D7%95%D7%99%D7%A8%D7%99/ → nfct__blog_movies_D7_A9_D7_99_D7_93_D7_95_D7_A8-_D7_90_D7_95_D7_95_D7_99_D7_A8_D7_99__165ea8dc.md (7672 bytes)
  ✓ https://nfct.org.il/blog/movies/%D7%A9%D7%99%D7%93%D7%95%D7%A8-%D7%97%D7%95%D7%96%D7%A8/ → nfct__blog_movies_D7_A9_D7_99_D7_93_D7_95_D7_A8-_D7_97_D7_95_D7_96_D7_A8__24568bb0.md (7636 bytes)
  ✓ https://nfct.org.il/blog/movies/%D7%A9%D7%99%D7%93%D7%95%D7%A8/ → nfct__blog_movies_D7_A9_D7_99_D7_93_D7_95_D7_A8__a318076b.md (7561 bytes)
  ✓ https://nfct.org.il/blog/movies/%D7%A9%D7%99%D7%97%D7%94-%D7%9E%D7%A4%D7%A8%D7%95%D7%99%D7%A7%D7%98-%D7%94%D7%92%D7%99%D7%95%D7%A8/ → nfct__blog_movies_D7_A9_D7_99_D7_97_D7_94-_D7_9E_D7_A4_D7_A8_D7_95_D7_99_D7_A7_D7_98-___8a3cfb41.md (8345 bytes)
  ✓ https://nfct.org.il/blog/movies/%D7%A9%D7%99%D7%97%D7%94-%D7%9E%D7%A4%D7%A8%D7%95%D7%99%D7%A7%D7%98-%D7%94%D7%9E%D7%A8%D7%94/ → nfct__blog_movies_D7_A9_D7_99_D7_97_D7_94-_D7_9E_D7_A4_D7_A8_D7_95_D7_99_D7_A7_D7_98-___30e242ba.md (7747 bytes)
  ✓ https://nfct.org.il/blog/movies/%D7%A9%D7%99%D7%97%D7%94-%D7%9E%D7%AA%D7%95%D7%9A-%D7%A4%D7%A8%D7%95%D7%99%D7%A7%D7%98-%D7%94%D7%92%D7%99%D7%95%D7%A8/ → nfct__blog_movies_D7_A9_D7_99_D7_97_D7_94-_D7_9E_D7_AA_D7_95_D7_9A-_D7_A4_D7_A8_D7_95___05d483ee.md (8431 bytes)
  ✓ https://nfct.org.il/blog/movies/%D7%A9%D7%99%D7%97%D7%95%D7%AA-%D7%A2%D7%9D-%D7%97%D7%91%D7%A8%D7%99%D7%99-%D7%94%D7%9E%D7%AA%D7%99%D7%9D/ → nfct__blog_movies_D7_A9_D7_99_D7_97_D7_95_D7_AA-_D7_A2_D7_9D-_D7_97_D7_91_D7_A8_D7_99___5ae52ca3.md (8366 bytes)
  ✓ https://nfct.org.il/blog/movies/%D7%A9%D7%99%D7%97%D7%AA-%D7%99%D7%9C%D7%93%D7%99%D7%9D/ → nfct__blog_movies_D7_A9_D7_99_D7_97_D7_AA-_D7_99_D7_9C_D7_93_D7_99_D7_9D__c3bbb41a.md (7636 bytes)
  ✓ https://nfct.org.il/blog/movies/%D7%A9%D7%99%D7%97%D7%95%D7%AA-%D7%A2%D7%9D-%D7%97%D7%91%D7%A8%D7%99-%D7%94%D7%9E%D7%AA%D7%99%D7%9D-%D7%A9%D7%9C%D7%99/ → nfct__blog_movies_D7_A9_D7_99_D7_97_D7_95_D7_AA-_D7_A2_D7_9D-_D7_97_D7_91_D7_A8_D7_99-__25827ad5.md (8434 bytes)
  ✓ https://nfct.org.il/blog/movies/%D7%A9%D7%99%D7%97-%D7%92%D7%A8%D7%90%D7%97/ → nfct__blog_movies_D7_A9_D7_99_D7_97-_D7_92_D7_A8_D7_90_D7_97__e7159723.md (7600 bytes)
  ✓ https://nfct.org.il/blog/movies/%D7%A9%D7%99%D7%9B%D7%95%D7%A0%D7%99%D7%9D/ → nfct__blog_movies_D7_A9_D7_99_D7_9B_D7_95_D7_A0_D7_99_D7_9D__f885ca9f.md (8206 bytes)
  ✓ https://nfct.org.il/blog/movies/%D7%A9%D7%99%D7%A0%D7%95%D7%99-%D7%A7%D7%A9%D7%94/ → nfct__blog_movies_D7_A9_D7_99_D7_A0_D7_95_D7_99-_D7_A7_D7_A9_D7_94__d334caba.md (7618 bytes)
  ✗ https://nfct.org.il/blog/movies/%D7%A9%D7%99%D7%A7%D7%95%D7%9D-%D7%A7%D7%93%D7%95%D7%A9/: 429 Client Error: Too Many Requests for url: https://crawl4ai-wrapper-559961100092.europe-west1.run.app/scrape
  ✓ https://nfct.org.il/blog/movies/%D7%A9%D7%99%D7%A2%D7%95%D7%A8-%D7%91%D7%94%D7%AA%D7%9E%D7%93%D7%94/ → nfct__blog_movies_D7_A9_D7_99_D7_A2_D7_95_D7_A8-_D7_91_D7_94_D7_AA_D7_9E_D7_93_D7_94__88726ea9.md (7672 bytes)
  ✗ https://nfct.org.il/blog/movies/%D7%A9%D7%99%D7%A8%D7%95%D7%AA-%D7%9C%D7%9E%D7%9C%D7%9A/: 429 Client Error: Too Many Requests for url: https://crawl4ai-wrapper-559961100092.europe-west1.run.app/scrape
  ✓ https://nfct.org.il/blog/movies/%D7%A9%D7%99%D7%A2%D7%95%D7%A8-%D7%94%D7%A1%D7%A8%D7%98/ → nfct__blog_movies_D7_A9_D7_99_D7_A2_D7_95_D7_A8-_D7_94_D7_A1_D7_A8_D7_98__0f2adde9.md (7636 bytes)
  ✓ https://nfct.org.il/blog/movies/%D7%A9%D7%99%D7%A7%D7%95%D7%9D-%D7%9B%D7%A9%D7%A8/ → nfct__blog_movies_D7_A9_D7_99_D7_A7_D7_95_D7_9D-_D7_9B_D7_A9_D7_A8__d1b884db.md (7618 bytes)
  ✓ https://nfct.org.il/blog/movies/%D7%A9%D7%99%D7%A7%D7%95%D7%9D-%D7%9E%D7%A2%D7%9E%D7%93-%D7%94%D7%A4%D7%95%D7%A2%D7%9C%D7%99%D7%9D/ → nfct__blog_movies_D7_A9_D7_99_D7_A7_D7_95_D7_9D-_D7_9E_D7_A2_D7_9E_D7_93-_D7_94_D7_A4___2b1a14e3.md (7765 bytes)
  ✓ https://nfct.org.il/blog/movies/%D7%A9%D7%99%D7%A8%D7%94-%D7%A9%D7%9C-%D7%9E%D7%A8%D7%99%D7%9D/ → nfct__blog_movies_D7_A9_D7_99_D7_A8_D7_94-_D7_A9_D7_9C-_D7_9E_D7_A8_D7_99_D7_9D__a45b2ac8.md (7657 bytes)
  ✓ https://nfct.org.il/blog/movies/%D7%A9%D7%99%D7%A8%D7%AA-%D7%90%D7%94%D7%91%D7%95%D7%AA-%E2%80%93-%D7%A8-%D7%93%D7%95%D7%93-%D7%91%D7%95%D7%96%D7%92%D7%9C%D7%95/ → nfct__blog_movies_D7_A9_D7_99_D7_A8_D7_AA-_D7_90_D7_94_D7_91_D7_95_D7_AA-_E2_80_93-_D7__ef5c2af4.md (8435 bytes)
  ✓ https://nfct.org.il/blog/movies/%D7%A9%D7%99%D7%A8%D7%99%D7%9D-%D7%9E%D7%90%D7%AA-%D7%A8%D7%95%D7%AA%D7%91%D7%9C%D7%99%D7%98/ → nfct__blog_movies_D7_A9_D7_99_D7_A8_D7_99_D7_9D-_D7_9E_D7_90_D7_AA-_D7_A8_D7_95_D7_AA___7d880b67.md (7747 bytes)
  ✓ https://nfct.org.il/blog/movies/%D7%A9%D7%99%D7%A8%D7%AA-%D7%90%D7%99-%D7%94%D7%A2%D7%A6%D7%9E%D7%99/ → nfct__blog_movies_D7_A9_D7_99_D7_A8_D7_AA-_D7_90_D7_99-_D7_94_D7_A2_D7_A6_D7_9E_D7_99__d293d951.md (7675 bytes)
  ✓ https://nfct.org.il/blog/movies/%D7%A9%D7%99%D7%A8%D7%AA-%D7%94%D7%9C%D7%90-%D7%A2%D7%A6%D7%9E%D7%99/ → nfct__blog_movies_D7_A9_D7_99_D7_A8_D7_AA-_D7_94_D7_9C_D7_90-_D7_A2_D7_A6_D7_9E_D7_99__22c2ca87.md (7675 bytes)
  ✓ https://nfct.org.il/blog/movies/%D7%A9%D7%99%D7%A8%D7%AA-%D7%94%D7%A2%D7%9C%D7%99%D7%99%D7%94/ → nfct__blog_movies_D7_A9_D7_99_D7_A8_D7_AA-_D7_94_D7_A2_D7_9C_D7_99_D7_99_D7_94__8eef9a01.md (7654 bytes)
  ✓ https://nfct.org.il/blog/movies/%D7%A9%D7%99%D7%A8%D7%AA-%D7%97%D7%99%D7%99-%E2%80%93-%D7%A1%D7%99%D7%A4%D7%95%D7%A8%D7%95-%D7%A9%D7%9C-%D7%90%D7%91%D7%A8%D7%94%D7%9D-%D7%97%D7%9C%D7%A4%D7%99/ → nfct__blog_movies_D7_A9_D7_99_D7_A8_D7_AA-_D7_97_D7_99_D7_99-_E2_80_93-_D7_A1_D7_99_D7__a5771f36.md (7948 bytes)
  ✓ https://nfct.org.il/blog/movies/%D7%A9%D7%99%D7%A8%D7%AA-%D7%9E%D7%A8%D7%99%D7%9D/ → nfct__blog_movies_D7_A9_D7_99_D7_A8_D7_AA-_D7_9E_D7_A8_D7_99_D7_9D__65dcc9ed.md (7618 bytes)
  ✓ https://nfct.org.il/blog/movies/%D7%A9%D7%99%D7%A8-%D7%90%D7%94%D7%91%D7%94-%D7%A9%D7%95%D7%A0%D7%94/ → nfct__blog_movies_D7_A9_D7_99_D7_A8-_D7_90_D7_94_D7_91_D7_94-_D7_A9_D7_95_D7_A0_D7_94__d49bcb92.md (7675 bytes)
  ✓ https://nfct.org.il/blog/movies/%D7%A9%D7%99%D7%A8-%D7%90%D7%94%D7%91%D7%94-%E2%80%93-%D7%A8%E2%80%99-%D7%93%D7%95%D7%93-%D7%91%D7%95%D7%96%D7%92%D7%9C%D7%95/ → nfct__blog_movies_D7_A9_D7_99_D7_A8-_D7_90_D7_94_D7_91_D7_94-_E2_80_93-_D7_A8_E2_80_99__77649d9f.md (7846 bytes)
  ✓ https://nfct.org.il/blog/movies/%D7%A9%D7%99%D7%A8-%D7%90%D7%94%D7%91%D7%94-%E2%80%93-%D7%A8-%D7%93%D7%95%D7%93-%D7%91%D7%95%D7%96%D7%92%D7%9C%D7%95/ → nfct__blog_movies_D7_A9_D7_99_D7_A8-_D7_90_D7_94_D7_91_D7_94-_E2_80_93-_D7_A8-_D7_93_D__178ea5cc.md (7819 bytes)
  ✓ https://nfct.org.il/blog/movies/%D7%A9%D7%99%D7%A8-%D7%90%D7%94%D7%91%D7%95%D7%AA-%E2%80%93-%D7%A8%E2%80%99-%D7%93%D7%95%D7%93-%D7%91%D7%95%D7%96%D7%92%D7%9C%D7%95/ → nfct__blog_movies_D7_A9_D7_99_D7_A8-_D7_90_D7_94_D7_91_D7_95_D7_AA-_E2_80_93-_D7_A8_E2__da0cd1ba.md (7864 bytes)
  ✓ https://nfct.org.il/blog/movies/%D7%A9%D7%99%D7%A8-%D7%90%D7%94%D7%91%D7%94---%D7%A8-%D7%93%D7%95%D7%93-%D7%91%D7%95%D7%96%D7%92%D7%9C%D7%95/ → nfct__blog_movies_D7_A9_D7_99_D7_A8-_D7_90_D7_94_D7_91_D7_94---_D7_A8-_D7_93_D7_95_D7___46084f0d.md (7795 bytes)
  ✓ https://nfct.org.il/blog/movies/%D7%A9%D7%99%D7%A8-%D7%90%D7%94%D7%91%D7%95%D7%AA-%E2%80%93-%D7%A8-%D7%93%D7%95%D7%93-%D7%91%D7%95%D7%96%D7%92%D7%9C%D7%95/ → nfct__blog_movies_D7_A9_D7_99_D7_A8-_D7_90_D7_94_D7_91_D7_95_D7_AA-_E2_80_93-_D7_A8-_D__656d0fa6.md (7837 bytes)
  ✓ https://nfct.org.il/blog/movies/%D7%A9%D7%99%D7%A8-%D7%90%D7%94%D7%91%D7%95%D7%AA---%D7%A8-%D7%93%D7%95%D7%93-%D7%91%D7%95%D7%96%D7%92%D7%9C%D7%95/ → nfct__blog_movies_D7_A9_D7_99_D7_A8-_D7_90_D7_94_D7_91_D7_95_D7_AA---_D7_A8-_D7_93_D7___91e29689.md (7813 bytes)
  ✓ https://nfct.org.il/blog/movies/%D7%A9%D7%99%D7%A8-%D7%94%D7%92%D7%9C%D7%99%D7%9C/ → nfct__blog_movies_D7_A9_D7_99_D7_A8-_D7_94_D7_92_D7_9C_D7_99_D7_9C__25d1dea8.md (8227 bytes)
  ✓ https://nfct.org.il/blog/movies/%D7%A9%D7%99%D7%A8-%D7%94%D7%9C%D7%9C-%D7%9C%D7%99%D7%94%D7%95%D7%93%D7%94/ → nfct__blog_movies_D7_A9_D7_99_D7_A8-_D7_94_D7_9C_D7_9C-_D7_9C_D7_99_D7_94_D7_95_D7_93___c0a47b45.md (7693 bytes)
  ✓ https://nfct.org.il/blog/movies/%D7%A9%D7%99%D7%A8-%D7%98%D7%99%D7%A4%D7%A9%D7%99-%D7%9C%D7%9C%D7%99%D7%94/ → nfct__blog_movies_D7_A9_D7_99_D7_A8-_D7_98_D7_99_D7_A4_D7_A9_D7_99-_D7_9C_D7_9C_D7_99___4024bd49.md (7693 bytes)
  ✓ https://nfct.org.il/blog/movies/%D7%A9%D7%99%D7%A8-%D7%99%D6%B0%D7%93%D6%B4%D7%99%D7%93%D7%95%D6%B9%D7%AA-%E2%80%93-%D7%A8-%D7%93%D7%95%D7%93-%D7%91%D7%95%D7%96%D7%92%D7%9C%D7%95/ → nfct__blog_movies_D7_A9_D7_99_D7_A8-_D7_99_D6_B0_D7_93_D6_B4_D7_99_D7_93_D7_95_D6_B9_D__98c3cf05.md (7909 bytes)
  ✓ https://nfct.org.il/blog/movies/%D7%A9%D7%99%D7%A8-%D7%94%D7%A2%D7%9C%D7%99%D7%99%D7%94/ → nfct__blog_movies_D7_A9_D7_99_D7_A8-_D7_94_D7_A2_D7_9C_D7_99_D7_99_D7_94__020b277c.md (7636 bytes)
  ✓ https://nfct.org.il/blog/movies/%D7%A9%D7%99%D7%A8-%D7%99%D7%93%D7%99%D7%93%D7%95%D7%AA-%E2%80%93-%D7%A8-%D7%93%D7%95%D7%93-%D7%91%D7%95%D7%96%D7%92%D7%9C%D7%95/ → nfct__blog_movies_D7_A9_D7_99_D7_A8-_D7_99_D7_93_D7_99_D7_93_D7_95_D7_AA-_E2_80_93-_D7__76e92ed3.md (8464 bytes)
  ✓ https://nfct.org.il/blog/movies/%D7%A9%D7%99%D7%A8-%D7%A1%D7%95%D7%A0%D7%98%D7%94-%D7%9C%D7%99%D7%94%D7%95%D7%93%D7%94/ → nfct__blog_movies_D7_A9_D7_99_D7_A8-_D7_A1_D7_95_D7_A0_D7_98_D7_94-_D7_9C_D7_99_D7_94___15a0f447.md (7729 bytes)
  ✓ https://nfct.org.il/blog/movies/%D7%A9%D7%99%D7%A8-%D7%A2%D7%98%D7%99%D7%A4%D7%94/ → nfct__blog_movies_D7_A9_D7_99_D7_A8-_D7_A2_D7_98_D7_99_D7_A4_D7_94__793170ca.md (7618 bytes)
  ✓ https://nfct.org.il/blog/movies/%D7%A9%D7%99%D7%A8-%D7%A2%D7%A8%D7%A9-%D7%9C%D7%A4%D7%9C%D7%99%D7%98/ → nfct__blog_movies_D7_A9_D7_99_D7_A8-_D7_A2_D7_A8_D7_A9-_D7_9C_D7_A4_D7_9C_D7_99_D7_98__a07bfa48.md (8255 bytes)
  ✓ https://nfct.org.il/blog/movies/%D7%A9%D7%99%D7%A8-%D7%A9%D7%98%D7%95%D7%AA%D7%99-%D7%9C%D7%9C%D7%99%D7%94/ → nfct__blog_movies_D7_A9_D7_99_D7_A8-_D7_A9_D7_98_D7_95_D7_AA_D7_99-_D7_9C_D7_9C_D7_99___077bd7d1.md (8273 bytes)
  ✓ https://nfct.org.il/blog/movies/%D7%A9%D7%99%D7%A8-%D7%9E%D7%A9%D7%95%D7%92%D7%A2-%D7%9C%D7%9C%D7%99%D7%94/ → nfct__blog_movies_D7_A9_D7_99_D7_A8-_D7_9E_D7_A9_D7_95_D7_92_D7_A2-_D7_9C_D7_9C_D7_99___bd0fd8d6.md (8302 bytes)
  ✓ https://nfct.org.il/blog/movies/%D7%A9%D7%9B%D7%91%D7%94-%D7%91%D7%A8%D7%95%D7%A8%D7%94-%D7%99%D7%95%D7%AA%D7%A8/ → nfct__blog_movies_D7_A9_D7_9B_D7_91_D7_94-_D7_91_D7_A8_D7_95_D7_A8_D7_94-_D7_99_D7_95___e07f6189.md (7711 bytes)
  ✓ https://nfct.org.il/blog/movies/%D7%A9%D7%99%D7%A9%D7%94-%D7%9E%D7%99%D7%9C%D7%99%D7%95%D7%9F-%D7%95%D7%90%D7%97%D7%93/ → nfct__blog_movies_D7_A9_D7_99_D7_A9_D7_94-_D7_9E_D7_99_D7_9C_D7_99_D7_95_D7_9F-_D7_95___20d589df.md (7729 bytes)
  ✓ https://nfct.org.il/blog/movies/%D7%A9%D7%9B%D7%95%D7%A0%D7%AA-%D7%9B%D7%A8%D7%9D-%D7%94%D7%AA%D7%99%D7%9E%D7%A0%D7%99%D7%9D/ → nfct__blog_movies_D7_A9_D7_9B_D7_95_D7_A0_D7_AA-_D7_9B_D7_A8_D7_9D-_D7_94_D7_AA_D7_99___c736ad31.md (7747 bytes)
  ✓ https://nfct.org.il/blog/movies/%D7%A9%D7%9B%D7%97-%D7%90%D7%AA-%D7%96%D7%94-%D7%A9%D7%95%D7%9D-%D7%93%D7%91%D7%A8-%D7%9C%D7%90-%D7%A7%D7%A8%D7%94/ → nfct__blog_movies_D7_A9_D7_9B_D7_97-_D7_90_D7_AA-_D7_96_D7_94-_D7_A9_D7_95_D7_9D-_D7_9__75f7d207.md (7813 bytes)
  ✓ https://nfct.org.il/blog/movies/%D7%A9%D7%9C%D7%90%D7%9C-%D7%9E%D7%9C%D7%97%D7%9E%D7%94-%D7%A2%D7%9C-%D7%92%D7%9C%D7%99%D7%9C/ → nfct__blog_movies_D7_A9_D7_9C_D7_90_D7_9C-_D7_9E_D7_9C_D7_97_D7_9E_D7_94-_D7_A2_D7_9C-__be87bc49.md (7750 bytes)
  ✓ https://nfct.org.il/blog/movies/%D7%A9%D7%9C%D7%90%D7%9C-%D7%9E%D7%9C%D7%97%D7%9E%D7%AA-%D7%A1%D7%A8%D7%98%D7%99%D7%9D/ → nfct__blog_movies_D7_A9_D7_9C_D7_90_D7_9C-_D7_9E_D7_9C_D7_97_D7_9E_D7_AA-_D7_A1_D7_A8___9a3940a8.md (7729 bytes)
  ✓ https://nfct.org.il/blog/movies/%D7%A9%D7%9C%D7%95%D7%95%D7%94-%D7%9C%D7%99%D7%93-%D7%99%D7%9D-%D7%94%D7%9E%D7%9C%D7%97/ → nfct__blog_movies_D7_A9_D7_9C_D7_95_D7_95_D7_94-_D7_9C_D7_99_D7_93-_D7_99_D7_9D-_D7_94__84f97d03.md (7732 bytes)
  ✓ https://nfct.org.il/blog/movies/%D7%A9%D7%9C%D7%90%D7%9C-%D7%9E%D7%9C%D7%97%D7%9E%D7%94-%D7%90%D7%9E%D7%99%D7%AA%D7%99%D7%AA/ → nfct__blog_movies_D7_A9_D7_9C_D7_90_D7_9C-_D7_9E_D7_9C_D7_97_D7_9E_D7_94-_D7_90_D7_9E___5097ba1e.md (9893 bytes)
  ✓ https://nfct.org.il/blog/movies/%D7%A9%D7%9C%D7%95%D7%95%D7%94-%D7%A2%D7%9C-%D7%99%D7%9D-%D7%94%D7%9E%D7%9C%D7%97/ → nfct__blog_movies_D7_A9_D7_9C_D7_95_D7_95_D7_94-_D7_A2_D7_9C-_D7_99_D7_9D-_D7_94_D7_9E__d0f85f42.md (7714 bytes)
  ✓ https://nfct.org.il/blog/movies/%D7%A9%D7%9C%D7%95%D7%9D-%D7%90%D7%91%D7%95-%D7%91%D7%95%D7%A1%D7%9D/ → nfct__blog_movies_D7_A9_D7_9C_D7_95_D7_9D-_D7_90_D7_91_D7_95-_D7_91_D7_95_D7_A1_D7_9D__5ac31f60.md (7675 bytes)
  ✓ https://nfct.org.il/blog/movies/%D7%A9%D7%9C%D7%90%D7%9C-%D7%9E%D7%9C%D7%97%D7%9E%D7%AA-%D7%A1%D7%A8%D7%98/ → nfct__blog_movies_D7_A9_D7_9C_D7_90_D7_9C-_D7_9E_D7_9C_D7_97_D7_9E_D7_AA-_D7_A1_D7_A8___d71d720a.md (8273 bytes)
  ✓ https://nfct.org.il/blog/movies/%D7%A9%D7%9C%D7%95%D7%9D-%D7%9C%D7%AA%D7%9E%D7%99%D7%9E%D7%95%D7%AA-%D7%A4%D7%A6%D7%A2%D7%99-%D7%91%D7%92%D7%A8%D7%95%D7%AA/ → nfct__blog_movies_D7_A9_D7_9C_D7_95_D7_9D-_D7_9C_D7_AA_D7_9E_D7_99_D7_9E_D7_95_D7_AA-___bfec5e8a.md (7840 bytes)
  ✓ https://nfct.org.il/blog/movies/%D7%A9%D7%9C%D7%95%D7%9D-%D7%90%D7%97%D7%A8-%D7%A9%D7%9C%D7%95%D7%9D/ → nfct__blog_movies_D7_A9_D7_9C_D7_95_D7_9D-_D7_90_D7_97_D7_A8-_D7_A9_D7_9C_D7_95_D7_9D__466e61bf.md (8284 bytes)
  ✗ https://nfct.org.il/blog/movies/%D7%A9%D7%9C%D7%95%D7%A9%D7%94-%D7%96%D7%94-%D7%A2%D7%A1%D7%A7/: 429 Client Error: Too Many Requests for url: https://crawl4ai-wrapper-559961100092.europe-west1.run.app/scrape
  ✓ https://nfct.org.il/blog/movies/%D7%A9%D7%9C%D7%95%D7%9D-%D7%91%D7%97%D7%9C%D7%A7%D7%99%D7%9D/ → nfct__blog_movies_D7_A9_D7_9C_D7_95_D7_9D-_D7_91_D7_97_D7_9C_D7_A7_D7_99_D7_9D__6401c0a5.md (7654 bytes)
  ✗ https://nfct.org.il/blog/movies/%D7%A9%D7%9C%D7%95%D7%A9%D7%99%D7%9D-%D7%95%D7%90%D7%A8%D7%91%D7%A2%D7%94-%D7%A6%D7%99%D7%95%D7%A8%D7%99%D7%9D/: 429 Client Error: Too Many Requests for url: https://crawl4ai-wrapper-559961100092.europe-west1.run.app/scrape
  ✗ https://nfct.org.il/blog/movies/%D7%A9%D7%9C%D7%95%D7%A9%D7%AA-%D7%99%D7%95%D7%A1%D7%99/: 429 Client Error: Too Many Requests for url: https://crawl4ai-wrapper-559961100092.europe-west1.run.app/scrape
  ✓ https://nfct.org.il/blog/movies/%D7%A9%D7%9C%D7%95%D7%9D-%D7%9E%D7%A4%D7%99%D7%A1/ → nfct__blog_movies_D7_A9_D7_9C_D7_95_D7_9D-_D7_9E_D7_A4_D7_99_D7_A1__f3c78dd4.md (8198 bytes)
  ✗ https://nfct.org.il/blog/movies/%D7%A9%D7%9C%D7%95%D7%A9-%D7%94%D7%9F-%D7%97%D7%91%D7%A8%D7%94/: 429 Client Error: Too Many Requests for url: https://crawl4ai-wrapper-559961100092.europe-west1.run.app/scrape
  ✓ https://nfct.org.il/blog/movies/%D7%A9%D7%9C%D7%95%D7%9E%D7%94-%D7%91%D7%A8---%D7%A1%D7%A8%D7%98-%D7%9E%D7%95%D7%96%D7%99%D7%A7%D7%9C%D7%99/ → nfct__blog_movies_D7_A9_D7_9C_D7_95_D7_9E_D7_94-_D7_91_D7_A8---_D7_A1_D7_A8_D7_98-_D7___c2e6312b.md (8372 bytes)
  ✓ https://nfct.org.il/blog/movies/%D7%A9%D7%9C%D7%95%D7%A9%D7%94-%D7%96%D7%94-%D7%97%D7%91%D7%A8%D7%94/ → nfct__blog_movies_D7_A9_D7_9C_D7_95_D7_A9_D7_94-_D7_96_D7_94-_D7_97_D7_91_D7_A8_D7_94__71c35c5e.md (8284 bytes)
  ✓ https://nfct.org.il/blog/movies/%D7%A9%D7%9C%D7%95%D7%A9-%D7%93%D7%A7%D7%95%D7%AA-%D7%9C%D7%A8%D7%91%D7%A2/ → nfct__blog_movies_D7_A9_D7_9C_D7_95_D7_A9-_D7_93_D7_A7_D7_95_D7_AA-_D7_9C_D7_A8_D7_91___77919bbc.md (7693 bytes)
  ✓ https://nfct.org.il/blog/movies/%D7%A9%D7%9C%D7%95%D7%A9-%D7%A4%D7%A2%D7%9E%D7%99%D7%9D-%D7%92%D7%A8%D7%95%D7%A9%D7%94/ → nfct__blog_movies_D7_A9_D7_9C_D7_95_D7_A9-_D7_A4_D7_A2_D7_9E_D7_99_D7_9D-_D7_92_D7_A8___c47a6d21.md (7729 bytes)
  ✓ https://nfct.org.il/blog/movies/%D7%A9%D7%9C%D7%95%D7%A9-%D7%93%D7%A7%D7%95%D7%AA-%D7%9C%D7%90%D7%A8%D7%91%D7%A2/ → nfct__blog_movies_D7_A9_D7_9C_D7_95_D7_A9-_D7_93_D7_A7_D7_95_D7_AA-_D7_9C_D7_90_D7_A8___b4622b92.md (7711 bytes)
  ✗ https://nfct.org.il/blog/movies/%D7%A9%D7%9C%D7%9C-%D7%9E%D7%9C%D7%97%D7%9E%D7%94-%D7%A2%D7%9C-%D7%92%D7%9C%D7%92%D7%9C/: 429 Client Error: Too Many Requests for url: https://crawl4ai-wrapper-559961100092.europe-west1.run.app/scrape
  ✓ https://nfct.org.il/blog/movies/%D7%A9%D7%9C%D7%9C-%D7%95%D7%97%D7%A1%D7%A8/ → nfct__blog_movies_D7_A9_D7_9C_D7_9C-_D7_95_D7_97_D7_A1_D7_A8__e79fd029.md (7600 bytes)
  ✗ https://nfct.org.il/blog/movies/%D7%A9%D7%9C%D7%9C-%D7%9E%D7%9C%D7%97%D7%9E%D7%AA-%D7%A1%D7%A8%D7%98%D7%99%D7%9D/: 429 Client Error: Too Many Requests for url: https://crawl4ai-wrapper-559961100092.europe-west1.run.app/scrape
  ✗ https://nfct.org.il/blog/movies/%D7%A9%D7%9C%D7%9C-%D7%A1%D7%A8%D7%98-%D7%9E%D7%9C%D7%97%D7%9E%D7%94/: 429 Client Error: Too Many Requests for url: https://crawl4ai-wrapper-559961100092.europe-west1.run.app/scrape
  ✗ https://nfct.org.il/blog/movies/%D7%A9%D7%9C%D7%9E%D7%94-%D7%91%D7%A8-%E2%80%93-%D7%9E%D7%97%D7%96%D7%9E%D7%A8-%D7%93%D7%95%D7%A7%D7%95%D7%9E%D7%A0%D7%98%D7%A8%D7%99/: 429 Client Error: Too Many Requests for url: https://crawl4ai-wrapper-559961100092.europe-west1.run.app/scrape
  ✓ https://nfct.org.il/blog/movies/%D7%A9%D7%9C%D7%99%D7%A9%D7%99%D7%94/ → nfct__blog_movies_D7_A9_D7_9C_D7_99_D7_A9_D7_99_D7_94__176f9086.md (8188 bytes)
  ✓ https://nfct.org.il/blog/movies/%D7%A9%D7%9C%D7%9C-%D7%95%D7%A4%D7%96%D7%95%D7%A8%D7%95%D7%AA/ → nfct__blog_movies_D7_A9_D7_9C_D7_9C-_D7_95_D7_A4_D7_96_D7_95_D7_A8_D7_95_D7_AA__8b992a83.md (7654 bytes)
  ✓ https://nfct.org.il/blog/movies/%D7%A9%D7%9C%D7%9C-%D7%9E%D7%9C%D7%97%D7%9E%D7%94-%D7%90%D7%9E%D7%99%D7%AA%D7%99%D7%AA/ → nfct__blog_movies_D7_A9_D7_9C_D7_9C-_D7_9E_D7_9C_D7_97_D7_9E_D7_94-_D7_90_D7_9E_D7_99___672a67fc.md (7729 bytes)
  ✓ https://nfct.org.il/blog/movies/%D7%A9%D7%9C%D7%9C-%D7%9E%D7%9C%D7%97%D7%9E%D7%94-%D7%A2%D7%9C-%D7%A1%D7%A8%D7%98/ → nfct__blog_movies_D7_A9_D7_9C_D7_9C-_D7_9E_D7_9C_D7_97_D7_9E_D7_94-_D7_A2_D7_9C-_D7_A1__6a94340c.md (7714 bytes)
  ✓ https://nfct.org.il/blog/movies/%D7%A9%D7%9C%D7%9E%D7%94-%D7%91%D7%A8---%D7%9E%D7%97%D7%96%D7%9E%D7%A8-%D7%93%D7%95%D7%A7%D7%95%D7%9E%D7%A0%D7%98%D7%A8%D7%99/ → nfct__blog_movies_D7_A9_D7_9C_D7_9E_D7_94-_D7_91_D7_A8---_D7_9E_D7_97_D7_96_D7_9E_D7_A__a10c86a4.md (15507 bytes)
  ✓ https://nfct.org.il/blog/movies/%D7%A9%D7%9C%D7%9E%D7%94-%D7%91%D7%A8---%D7%A1%D7%A8%D7%98-%D7%9E%D7%95%D7%96%D7%99%D7%A7%D7%9C%D7%99/ → nfct__blog_movies_D7_A9_D7_9C_D7_9E_D7_94-_D7_91_D7_A8---_D7_A1_D7_A8_D7_98-_D7_9E_D7___4f6001a5.md (7774 bytes)
  ✓ https://nfct.org.il/blog/movies/%D7%A9%D7%9C%D7%9E%D7%94-%D7%91%D7%A8---%D7%A1%D7%A8%D7%98-%D7%9E%D7%95%D7%96%D7%99%D7%A7%D7%9C%D7%99-%D7%AA%D7%99%D7%A2%D7%95%D7%93%D7%99/ → nfct__blog_movies_D7_A9_D7_9C_D7_9E_D7_94-_D7_91_D7_A8---_D7_A1_D7_A8_D7_98-_D7_9E_D7___067a9f5c.md (8465 bytes)
  ✓ https://nfct.org.il/blog/movies/%D7%A9%D7%9C%D7%9E%D7%94-%D7%91%D7%A8---%D7%A1%D7%A8%D7%98-%D7%AA%D7%99%D7%A2%D7%95%D7%93%D7%99-%D7%9E%D7%95%D7%96%D7%99%D7%A7%D7%9C%D7%99/ → nfct__blog_movies_D7_A9_D7_9C_D7_9E_D7_94-_D7_91_D7_A8---_D7_A1_D7_A8_D7_98-_D7_AA_D7___bbbe7d8c.md (8494 bytes)
  ✓ https://nfct.org.il/blog/movies/%D7%A9%D7%9C%D7%9E%D7%94-%D7%91%D7%A8-%E2%80%93-%D7%A1%D7%A8%D7%98-%D7%9E%D7%95%D7%96%D7%99%D7%A7%D7%9C%D7%99-%D7%AA%D7%99%D7%A2%D7%95%D7%93%D7%99/ → nfct__blog_movies_D7_A9_D7_9C_D7_9E_D7_94-_D7_91_D7_A8-_E2_80_93-_D7_A1_D7_A8_D7_98-_D__d1ee4e62.md (8518 bytes)
  ✓ https://nfct.org.il/blog/movies/%D7%A9%D7%9D-%D7%9C%D7%90-%D7%99%D7%93%D7%95%D7%A2/ → nfct__blog_movies_D7_A9_D7_9D-_D7_9C_D7_90-_D7_99_D7_93_D7_95_D7_A2__292fe2fa.md (8201 bytes)
  ✓ https://nfct.org.il/blog/movies/%D7%A9%D7%9E%D7%90%D7%9C%D7%9C%D7%A1/ → nfct__blog_movies_D7_A9_D7_9E_D7_90_D7_9C_D7_9C_D7_A1__2c8b2725.md (7579 bytes)
  ✓ https://nfct.org.il/blog/movies/%D7%A9%D7%9D-%D7%94%D7%A1%D7%A8%D7%98/ → nfct__blog_movies_D7_A9_D7_9D-_D7_94_D7_A1_D7_A8_D7_98__7f3e7407.md (8162 bytes)
  ✓ https://nfct.org.il/blog/movies/%D7%A9%D7%9E%D7%94-%D7%96%D7%99%D7%94%D7%91%D7%94/ → nfct__blog_movies_D7_A9_D7_9E_D7_94-_D7_96_D7_99_D7_94_D7_91_D7_94__2a4cb27f.md (8198 bytes)
  ✓ https://nfct.org.il/blog/movies/%D7%A9%D7%9E%D7%94-%D7%94%D7%99%D7%94-%D7%96%D7%94%D7%91%D7%94/ → nfct__blog_movies_D7_A9_D7_9E_D7_94-_D7_94_D7_99_D7_94-_D7_96_D7_94_D7_91_D7_94__32008b45.md (7657 bytes)
  ✓ https://nfct.org.il/blog/movies/%D7%A9%D7%9E%D7%99%D7%99%D7%9D-%D7%90%D7%97%D7%A8%D7%99%D7%9D/ → nfct__blog_movies_D7_A9_D7_9E_D7_99_D7_99_D7_9D-_D7_90_D7_97_D7_A8_D7_99_D7_9D__94659be3.md (7654 bytes)
  ✓ https://nfct.org.il/blog/movies/%D7%A9%D7%9E%D7%99%D7%99%D7%9D-%D7%9E%D7%A2%D7%95%D7%A8%D7%A4%D7%9C%D7%99%D7%9D/ → nfct__blog_movies_D7_A9_D7_9E_D7_99_D7_99_D7_9D-_D7_9E_D7_A2_D7_95_D7_A8_D7_A4_D7_9C_D__e821b645.md (7708 bytes)
  ✓ https://nfct.org.il/blog/movies/%D7%A9%D7%9E%D7%99%D7%99%D7%9D-%D7%A9%D7%95%D7%A0%D7%99%D7%9D/ → nfct__blog_movies_D7_A9_D7_9E_D7_99_D7_99_D7_9D-_D7_A9_D7_95_D7_A0_D7_99_D7_9D__8b2f25d0.md (7654 bytes)
  ✓ https://nfct.org.il/blog/movies/%D7%A9%D7%9E%D7%99%D7%99%D7%9D-%D7%A2%D7%9B%D7%95%D7%A8%D7%99%D7%9D/ → nfct__blog_movies_D7_A9_D7_9E_D7_99_D7_99_D7_9D-_D7_A2_D7_9B_D7_95_D7_A8_D7_99_D7_9D__bdb3436e.md (7672 bytes)
  ✓ https://nfct.org.il/blog/movies/%D7%A9%D7%9E%D7%99%D7%99%D7%9D-%D7%A9%D7%A7%D7%98%D7%99%D7%9D/ → nfct__blog_movies_D7_A9_D7_9E_D7_99_D7_99_D7_9D-_D7_A9_D7_A7_D7_98_D7_99_D7_9D__fa00fdb1.md (8263 bytes)
  ✓ https://nfct.org.il/blog/movies/%D7%A9%D7%9E%D7%97%D7%94/ → nfct__blog_movies_D7_A9_D7_9E_D7_97_D7_94__a960c910.md (14077 bytes)
  ✓ https://nfct.org.il/blog/movies/%D7%A9%D7%9E%D7%99-%D7%90%D7%97%D7%9C%D7%9D/ → nfct__blog_movies_D7_A9_D7_9E_D7_99-_D7_90_D7_97_D7_9C_D7_9D__d077cffb.md (8209 bytes)
  ✓ https://nfct.org.il/blog/movies/%D7%A9%D7%9E%D7%9F-%D7%96%D7%99%D7%AA-%D7%91%D7%9C%D7%91%D7%93/ → nfct__blog_movies_D7_A9_D7_9E_D7_9F-_D7_96_D7_99_D7_AA-_D7_91_D7_9C_D7_91_D7_93__30631815.md (7657 bytes)
  ✓ https://nfct.org.il/blog/movies/%D7%A9%D7%9E%D7%9F-%D7%96%D7%99%D7%AA-%D7%98%D7%94%D7%95%D7%A8/ → nfct__blog_movies_D7_A9_D7_9E_D7_9F-_D7_96_D7_99_D7_AA-_D7_98_D7_94_D7_95_D7_A8__40cffead.md (7657 bytes)
  ✓ https://nfct.org.il/blog/movies/%D7%A9%D7%9E%D7%9F-%D7%A7%D7%A0%D7%90%D7%91%D7%99%D7%A1/ → nfct__blog_movies_D7_A9_D7_9E_D7_9F-_D7_A7_D7_A0_D7_90_D7_91_D7_99_D7_A1__6218714b.md (7636 bytes)
  ✓ https://nfct.org.il/blog/movies/%D7%A9%D7%9E%D7%9F-%D7%A9%D7%95%D7%9D-%D7%95%D7%9C%D7%97%D7%9D/ → nfct__blog_movies_D7_A9_D7_9E_D7_9F-_D7_A9_D7_95_D7_9D-_D7_95_D7_9C_D7_97_D7_9D__1fa28965.md (8266 bytes)
  ✓ https://nfct.org.il/blog/movies/%D7%A9%D7%9E%D7%9F-%D7%A9%D7%95%D7%9D-%D7%95%D7%9C%D7%99%D7%9E%D7%95%D7%9F-%D7%A2%D7%9C-%D7%9C%D7%97%D7%9D/ → nfct__blog_movies_D7_A9_D7_9E_D7_9F-_D7_A9_D7_95_D7_9D-_D7_95_D7_9C_D7_99_D7_9E_D7_95___b5c42674.md (8369 bytes)
  ✓ https://nfct.org.il/blog/movies/%D7%A9%D7%9E%D7%A8%D7%99-%D7%A2%D7%9C-%D7%90%D7%97%D7%95%D7%AA%D7%99/ → nfct__blog_movies_D7_A9_D7_9E_D7_A8_D7_99-_D7_A2_D7_9C-_D7_90_D7_97_D7_95_D7_AA_D7_99__5869fbbb.md (7675 bytes)
  ✓ https://nfct.org.il/blog/movies/%D7%A9%D7%A0%D7%99%D7%99%D7%94-%D7%97%D7%99%D7%99%D7%9D/ → nfct__blog_movies_D7_A9_D7_A0_D7_99_D7_99_D7_94-_D7_97_D7_99_D7_99_D7_9D__6dd6152f.md (7636 bytes)
  ✓ https://nfct.org.il/blog/movies/%D7%A9%D7%A0%D7%99%D7%99%D7%94-%D7%9E%D7%94%D7%91%D7%99%D7%AA/ → nfct__blog_movies_D7_A9_D7_A0_D7_99_D7_99_D7_94-_D7_9E_D7_94_D7_91_D7_99_D7_AA__bb02333c.md (8263 bytes)
  ✓ https://nfct.org.il/blog/movies/%D7%A9%D7%A0%D7%98%D7%99-%D7%95%D7%9E%D7%A8%D7%98%D7%99%D7%9F/ → nfct__blog_movies_D7_A9_D7_A0_D7_98_D7_99-_D7_95_D7_9E_D7_A8_D7_98_D7_99_D7_9F__cefb9814.md (8234 bytes)
  ✓ https://nfct.org.il/blog/movies/%D7%A9%D7%A0%D7%99-%D7%9E%D7%95%D7%A8%D7%A9%D7%AA/ → nfct__blog_movies_D7_A9_D7_A0_D7_99-_D7_9E_D7_95_D7_A8_D7_A9_D7_AA__03e0077c.md (7618 bytes)
  ✓ https://nfct.org.il/blog/movies/%D7%A9%D7%A0%D7%99-%D7%9E%D7%9C%D7%9B%D7%99%D7%9D/ → nfct__blog_movies_D7_A9_D7_A0_D7_99-_D7_9E_D7_9C_D7_9B_D7_99_D7_9D__a5fcc76e.md (7618 bytes)
  ✓ https://nfct.org.il/blog/movies/%D7%A9%D7%A2%D7%AA-%D7%A1%D7%99%D7%A4%D7%95%D7%A8/ → nfct__blog_movies_D7_A9_D7_A2_D7_AA-_D7_A1_D7_99_D7_A4_D7_95_D7_A8__5daa3e04.md (7618 bytes)
  ✓ https://nfct.org.il/blog/movies/%D7%A9%D7%A2%D7%95%D7%AA-%D7%94%D7%A4%D7%A0%D7%90%D7%99/ → nfct__blog_movies_D7_A9_D7_A2_D7_95_D7_AA-_D7_94_D7_A4_D7_A0_D7_90_D7_99__0744ca59.md (16074 bytes)
  ✓ https://nfct.org.il/blog/movies/%D7%A9%D7%A2%D7%AA-%D7%A9%D7%99%D7%A0%D7%94/ → nfct__blog_movies_D7_A9_D7_A2_D7_AA-_D7_A9_D7_99_D7_A0_D7_94__f17d814e.md (7600 bytes)
  ✓ https://nfct.org.il/blog/movies/%D7%A9%D7%A7%D7%98-%D7%91%D7%A9%D7%A7%D7%98/ → nfct__blog_movies_D7_A9_D7_A7_D7_98-_D7_91_D7_A9_D7_A7_D7_98__49ba6364.md (7600 bytes)
  ✓ https://nfct.org.il/blog/movies/%D7%A9%D7%A4%D7%AA-%D7%90%D7%9D/ → nfct__blog_movies_D7_A9_D7_A4_D7_AA-_D7_90_D7_9D__84fa0211.md (7564 bytes)
  ✓ https://nfct.org.il/blog/movies/%D7%A9%D7%A7%D7%98-%D7%A0%D7%A4%D7%A9%D7%99/ → nfct__blog_movies_D7_A9_D7_A7_D7_98-_D7_A0_D7_A4_D7_A9_D7_99__bc943b51.md (8180 bytes)
  ✓ https://nfct.org.il/blog/movies/%D7%A9%D7%A4%D7%94-%D7%9E%D7%AA%D7%94/ → nfct__blog_movies_D7_A9_D7_A4_D7_94-_D7_9E_D7_AA_D7_94__0c56f6a9.md (8191 bytes)
  ✓ https://nfct.org.il/blog/movies/%D7%A9%D7%A4%D7%A8%D7%94/ → nfct__blog_movies_D7_A9_D7_A4_D7_A8_D7_94__2b669b5d.md (17360 bytes)
  ✓ https://nfct.org.il/blog/movies/%D7%A9%D7%A7%D7%A8%D7%99-%D7%97%D7%90%D7%A8%D7%91/ → nfct__blog_movies_D7_A9_D7_A7_D7_A8_D7_99-_D7_97_D7_90_D7_A8_D7_91__7196cd2a.md (7618 bytes)
  ✓ https://nfct.org.il/blog/movies/%D7%A9%D7%A7-%D7%A9%D7%9C-%D7%9B%D7%99%D7%A9%D7%A8%D7%95%D7%A0%D7%95%D7%AA/ → nfct__blog_movies_D7_A9_D7_A7-_D7_A9_D7_9C-_D7_9B_D7_99_D7_A9_D7_A8_D7_95_D7_A0_D7_95___333518df.md (7693 bytes)
  ✓ https://nfct.org.il/blog/movies/%D7%A9%D7%A7%D7%A8%D7%9F-%D7%A4%D7%AA%D7%95%D7%9C%D7%95%D7%92%D7%99/ → nfct__blog_movies_D7_A9_D7_A7_D7_A8_D7_9F-_D7_A4_D7_AA_D7_95_D7_9C_D7_95_D7_92_D7_99__e64edd63.md (8252 bytes)
  ✓ https://nfct.org.il/blog/movies/%D7%A9%D7%A8%D7%94-%D7%A0%D7%AA%D7%A0%D7%99%D7%94%D7%95/ → nfct__blog_movies_D7_A9_D7_A8_D7_94-_D7_A0_D7_AA_D7_A0_D7_99_D7_94_D7_95__aa8552d3.md (7636 bytes)
  ✓ https://nfct.org.il/blog/movies/%D7%A9%D7%A8%D7%95%D7%95%D7%9C/ → nfct__blog_movies_D7_A9_D7_A8_D7_95_D7_95_D7_9C__3c0985e2.md (7561 bytes)
  ✓ https://nfct.org.il/blog/movies/%D7%A9%D7%A8%D7%98-%D7%90%D7%95%D7%AA%D7%99/ → nfct__blog_movies_D7_A9_D7_A8_D7_98-_D7_90_D7_95_D7_AA_D7_99__cddda6ac.md (7600 bytes)
  ✓ https://nfct.org.il/blog/movies/%D7%A9%D7%A9%D7%AA-%D7%94%D7%99%D7%9E%D7%99%D7%9D/ → nfct__blog_movies_D7_A9_D7_A9_D7_AA-_D7_94_D7_99_D7_9E_D7_99_D7_9D__63f50ca0.md (7618 bytes)
  ✓ https://nfct.org.il/blog/movies/%D7%A9%D7%A8%D7%98-%D7%90%D7%A0%D7%93/ → nfct__blog_movies_D7_A9_D7_A8_D7_98-_D7_90_D7_A0_D7_93__8a085465.md (7582 bytes)
  ✓ https://nfct.org.il/blog/movies/%D7%A9%D7%A9%D7%95%D7%9F-%D7%92%D7%91%D7%90%D7%99-%D7%90%D7%91%D7%99/ → nfct__blog_movies_D7_A9_D7_A9_D7_95_D7_9F-_D7_92_D7_91_D7_90_D7_99-_D7_90_D7_91_D7_99__adfa0e5f.md (8284 bytes)
  ✓ https://nfct.org.il/blog/movies/%D7%A9%D7%A9-%D7%99%D7%9E%D7%99%D7%9D/ → nfct__blog_movies_D7_A9_D7_A9-_D7_99_D7_9E_D7_99_D7_9D__af3fe211.md (7582 bytes)
  ✓ https://nfct.org.il/blog/movies/%D7%A9%D7%A8%D7%98%D7%98-%D7%90%D7%AA-%D7%96%D7%94/ → nfct__blog_movies_D7_A9_D7_A8_D7_98_D7_98-_D7_90_D7_AA-_D7_96_D7_94__d591f2a4.md (8230 bytes)
  ✓ https://nfct.org.il/blog/movies/%D7%A9%D7%A9-%D7%9E%D7%99%D7%9C%D7%99%D7%95%D7%9F-%D7%95%D7%90%D7%97%D7%AA/ → nfct__blog_movies_D7_A9_D7_A9-_D7_9E_D7_99_D7_9C_D7_99_D7_95_D7_9F-_D7_95_D7_90_D7_97___e8ecabf0.md (8273 bytes)
  ✓ https://nfct.org.il/blog/movies/%D7%A9%D7%AA%D7%99%D7%A7%D7%94/ → nfct__blog_movies_D7_A9_D7_AA_D7_99_D7_A7_D7_94__ecd86ca3.md (7561 bytes)
  ✓ https://nfct.org.il/blog/movies/%D7%A9%D7%A9-%D7%A9%D7%95%D7%A8%D7%95%D7%AA/ → nfct__blog_movies_D7_A9_D7_A9-_D7_A9_D7_95_D7_A8_D7_95_D7_AA__70e6abc8.md (7600 bytes)
  ✓ https://nfct.org.il/blog/movies/%D7%A9%D7%AA%D7%99-%D7%99%D7%A8%D7%99%D7%95%D7%AA/ → nfct__blog_movies_D7_A9_D7_AA_D7_99-_D7_99_D7_A8_D7_99_D7_95_D7_AA__eacabbde.md (8198 bytes)
  ✓ https://nfct.org.il/blog/movies/%D7%A9%D7%AA%D7%99-%D7%9E%D7%95%D7%A8%D7%A9%D7%95%D7%AA/ → nfct__blog_movies_D7_A9_D7_AA_D7_99-_D7_9E_D7_95_D7_A8_D7_A9_D7_95_D7_AA__46a1b1c3.md (7636 bytes)
  ✓ https://nfct.org.il/blog/movies/%D7%A9%D9%88%D8%B1%D8%AA/ → nfct__blog_movies_D7_A9_D9_88_D8_B1_D8_AA__b0facd87.md (7543 bytes)
  ✓ https://nfct.org.il/blog/movies/%D7%AA%D7%90%D7%95%D7%9E%D7%99%D7%9D-%D7%9C%D7%9C%D7%90-%D7%AA%D7%90%D7%95%D7%9E%D7%99%D7%9D/ → nfct__blog_movies_D7_AA_D7_90_D7_95_D7_9E_D7_99_D7_9D-_D7_9C_D7_9C_D7_90-_D7_AA_D7_90___028addf2.md (7747 bytes)
  ✓ https://nfct.org.il/blog/movies/%D7%A9-%D7%9E%D7%97%D7%94/ → nfct__blog_movies_D7_A9-_D7_9E_D7_97_D7_94__da56e38c.md (7546 bytes)
  ✓ https://nfct.org.il/blog/movies/%D7%AA%D7%90%D7%95%D7%9E%D7%99%D7%9D-%D7%9C%D7%9C%D7%90/ → nfct__blog_movies_D7_AA_D7_90_D7_95_D7_9E_D7_99_D7_9D-_D7_9C_D7_9C_D7_90__45d89b4d.md (7636 bytes)
  ✓ https://nfct.org.il/blog/movies/%D7%AA%D7%90%D7%95%D7%A0%D7%95%D7%AA-%D7%9E%D7%9C%D7%97%D7%9E%D7%AA-%D7%A9%D7%A9%D7%AA-%D7%94%D7%99%D7%9E%D7%99%D7%9D/ → nfct__blog_movies_D7_AA_D7_90_D7_95_D7_A0_D7_95_D7_AA-_D7_9E_D7_9C_D7_97_D7_9E_D7_AA-___3770ab7c.md (7822 bytes)
  ✓ https://nfct.org.il/blog/movies/%D7%AA%D6%B7%D7%A8%D6%B7%D7%90%D7%91%D6%BC/ → nfct__blog_movies_D7_AA_D6_B7_D7_A8_D6_B7_D7_90_D7_91_D6_BC__7fb5b4e7.md (8177 bytes)
  ✓ https://nfct.org.il/blog/movies/%D7%AA%D7%92%D7%9E%D7%95%D7%9C/ → nfct__blog_movies_D7_AA_D7_92_D7_9E_D7_95_D7_9C__dcf3769a.md (7561 bytes)
  ✓ https://nfct.org.il/blog/movies/%D7%AA%D7%92%D7%A8%D7%93%D7%95-%D7%90%D7%AA-%D7%96%D7%94/ → nfct__blog_movies_D7_AA_D7_92_D7_A8_D7_93_D7_95-_D7_90_D7_AA-_D7_96_D7_94__3986844c.md (7639 bytes)
  ✓ https://nfct.org.il/blog/movies/%D7%AA%D7%90%D7%99-%D7%92%D7%96%D7%99%D7%9D/ → nfct__blog_movies_D7_AA_D7_90_D7_99-_D7_92_D7_96_D7_99_D7_9D__5f3a7867.md (8180 bytes)
  ✓ https://nfct.org.il/blog/movies/%D7%AA%D7%92%D7%A8%D7%93-%D7%90%D7%AA-%D7%96%D7%94/ → nfct__blog_movies_D7_AA_D7_92_D7_A8_D7_93-_D7_90_D7_AA-_D7_96_D7_94__fdd4527a.md (8230 bytes)
  ✓ https://nfct.org.il/blog/movies/%D7%AA%D7%94%D7%99%D7%94-%D7%9E%D7%90%D7%95%D7%A9%D7%A8-%D7%94%D7%9C%D7%99%D7%9C%D7%94/ → nfct__blog_movies_D7_AA_D7_94_D7_99_D7_94-_D7_9E_D7_90_D7_95_D7_A9_D7_A8-_D7_94_D7_9C___9153db77.md (7729 bytes)
  ✓ https://nfct.org.il/blog/movies/%D7%AA%D7%94%D7%99%D7%94-%D7%A9%D7%9E%D7%97-%D7%94%D7%9C%D7%99%D7%9C%D7%94/ → nfct__blog_movies_D7_AA_D7_94_D7_99_D7_94-_D7_A9_D7_9E_D7_97-_D7_94_D7_9C_D7_99_D7_9C___3a33b716.md (7693 bytes)
  ✓ https://nfct.org.il/blog/movies/%D7%AA%D7%95%D7%9B%D7%A0%D7%99%D7%AA-%D7%94%D7%9E%D7%A2%D7%91%D7%93%D7%94/ → nfct__blog_movies_D7_AA_D7_95_D7_9B_D7_A0_D7_99_D7_AA-_D7_94_D7_9E_D7_A2_D7_91_D7_93_D__4e4c4ac0.md (8270 bytes)
  ✓ https://nfct.org.il/blog/movies/%D7%AA%D7%95%D7%A0%D7%99%D7%9D%D7%99%D7%A1%D7%94/ → nfct__blog_movies_D7_AA_D7_95_D7_A0_D7_99_D7_9D_D7_99_D7_A1_D7_94__adc303ab.md (7615 bytes)
  ✓ https://nfct.org.il/blog/movies/%D7%AA%D7%95%D7%9E%D7%90%D7%A1-%D7%A2%D7%95%D7%96%D7%91/ → nfct__blog_movies_D7_AA_D7_95_D7_9E_D7_90_D7_A1-_D7_A2_D7_95_D7_96_D7_91__8590367c.md (7636 bytes)
  ✗ https://nfct.org.il/blog/movies/%D7%AA%D7%95%D7%A6%D7%A8%D7%AA-%D7%94%D7%90%D7%A8%D7%A5-%E2%80%93-%D7%91%D7%99%D7%98%D7%97%D7%95%D7%9F/: 429 Client Error: Too Many Requests for url: https://crawl4ai-wrapper-559961100092.europe-west1.run.app/scrape
  ✗ https://nfct.org.il/blog/movies/%D7%AA%D7%95%D7%A6%D7%A8%D7%AA-%D7%94%D7%90%D7%A8%D7%A5-%E2%80%93-%D7%94%D7%92%D7%A0%D7%94/: 429 Client Error: Too Many Requests for url: https://crawl4ai-wrapper-559961100092.europe-west1.run.app/scrape
  ✓ https://nfct.org.il/blog/movies/%D7%AA%D7%94%D7%99%D7%94-%D7%A4%D7%95%D7%A8%D7%94-%D7%95%D7%AA%D7%AA%D7%A8%D7%91%D7%94/ → nfct__blog_movies_D7_AA_D7_94_D7_99_D7_94-_D7_A4_D7_95_D7_A8_D7_94-_D7_95_D7_AA_D7_AA___6f3357a9.md (8338 bytes)
  ✗ https://nfct.org.il/blog/movies/%D7%AA%D7%95%D7%A6%D7%A8%D7%AA-%D7%94%D7%90%D7%A8%D7%A5-%E2%80%93-%D7%94%D7%99%D7%99-%D7%98%D7%A7/: 429 Client Error: Too Many Requests for url: https://crawl4ai-wrapper-559961100092.europe-west1.run.app/scrape
  ✗ https://nfct.org.il/blog/movies/%D7%AA%D7%95%D7%A6%D7%A8%D7%AA-%D7%94%D7%90%D7%A8%D7%A5-%E2%80%93-%D7%99%D7%94%D7%9C%D7%95%D7%9E%D7%99%D7%9D/: 429 Client Error: Too Many Requests for url: https://crawl4ai-wrapper-559961100092.europe-west1.run.app/scrape
  ✗ https://nfct.org.il/blog/movies/%D7%AA%D7%95%D7%A6%D7%A8%D7%AA-%D7%94%D7%90%D7%A8%D7%A5-%E2%80%93-%D7%9E%D7%96%D7%95%D7%9F/: 429 Client Error: Too Many Requests for url: https://crawl4ai-wrapper-559961100092.europe-west1.run.app/scrape
  ✓ https://nfct.org.il/blog/movies/%D7%AA%D7%95%D7%A0%D7%99%D7%9D/ → nfct__blog_movies_D7_AA_D7_95_D7_A0_D7_99_D7_9D__da11333c.md (7561 bytes)
  ✗ https://nfct.org.il/blog/movies/%D7%AA%D7%95%D7%A8%D7%AA-%D7%9C%D7%97%D7%99%D7%9E%D7%94/: 429 Client Error: Too Many Requests for url: https://crawl4ai-wrapper-559961100092.europe-west1.run.app/scrape
  ✓ https://nfct.org.il/blog/movies/%D7%AA%D7%95%D7%A6%D7%A8%D7%AA-%D7%94%D7%90%D7%A8%D7%A5-%E2%80%93-%D7%90%D7%95%D7%9B%D7%9C/ → nfct__blog_movies_D7_AA_D7_95_D7_A6_D7_A8_D7_AA-_D7_94_D7_90_D7_A8_D7_A5-_E2_80_93-_D7__1540ed8a.md (7741 bytes)
  ✗ https://nfct.org.il/blog/movies/%D7%AA%D7%95%D7%AA-%D7%A9%D7%93%D7%94-%D7%97%D7%9E%D7%95%D7%A5/: 429 Client Error: Too Many Requests for url: https://crawl4ai-wrapper-559961100092.europe-west1.run.app/scrape
  ✗ https://nfct.org.il/blog/movies/%D7%AA%D7%96%D7%9E%D7%95%D7%A8%D7%AA-%D7%94%D7%AA%D7%A2%D7%9E%D7%95%D7%9C%D7%94/: 429 Client Error: Too Many Requests for url: https://crawl4ai-wrapper-559961100092.europe-west1.run.app/scrape
  ✗ https://nfct.org.il/blog/movies/%D7%AA%D7%97%D7%91%D7%95%D7%A8%D7%94-%D7%91%D7%99%D7%A9%D7%A8%D7%90%D7%9C/: 429 Client Error: Too Many Requests for url: https://crawl4ai-wrapper-559961100092.europe-west1.run.app/scrape
  ✓ https://nfct.org.il/blog/movies/%D7%AA%D7%95%D7%A6%D7%A8%D7%AA-%D7%94%D7%90%D7%A8%D7%A5-%E2%80%93-%D7%90%D7%A0%D7%A8%D7%92%D7%99%D7%94/ → nfct__blog_movies_D7_AA_D7_95_D7_A6_D7_A8_D7_AA-_D7_94_D7_90_D7_A8_D7_A5-_E2_80_93-_D7__c683b158.md (7777 bytes)
  ✗ https://nfct.org.il/blog/movies/%D7%AA%D7%97%D7%99%D7%99%D7%94-%D7%9E%D7%A4%D7%A8%D7%95%D7%99%D7%A7%D7%98-%D7%94%D7%92%D7%99%D7%95%D7%A8/: 429 Client Error: Too Many Requests for url: https://crawl4ai-wrapper-559961100092.europe-west1.run.app/scrape
  ✗ https://nfct.org.il/blog/movies/%D7%AA%D7%97%D7%99%D7%99%D7%94/: 429 Client Error: Too Many Requests for url: https://crawl4ai-wrapper-559961100092.europe-west1.run.app/scrape
  ✗ https://nfct.org.il/blog/movies/%D7%AA%D7%97%D7%A4%D7%95%D7%A9%D7%AA/: 429 Client Error: Too Many Requests for url: https://crawl4ai-wrapper-559961100092.europe-west1.run.app/scrape
  ✗ https://nfct.org.il/blog/movies/%D7%AA%D7%97%D7%A7%D7%99%D7%A8-%D7%97%D7%A9%D7%90%D7%99/: 429 Client Error: Too Many Requests for url: https://crawl4ai-wrapper-559961100092.europe-west1.run.app/scrape
  ✓ https://nfct.org.il/blog/movies/%D7%AA%D7%95%D7%A6%D7%A8%D7%AA-%D7%94%D7%90%D7%A8%D7%A5-%E2%80%93-%D7%94%D7%99%D7%99%D7%98%D7%A7/ → nfct__blog_movies_D7_AA_D7_95_D7_A6_D7_A8_D7_AA-_D7_94_D7_90_D7_A8_D7_A5-_E2_80_93-_D7__5cb2e513.md (7759 bytes)
  ✗ https://nfct.org.il/blog/movies/%D7%AA%D7%97%D7%AA-%D7%A9%D7%9E%D7%99%D7%99%D7%9D-%D7%A6%D7%A8%D7%99%D7%9D/: 429 Client Error: Too Many Requests for url: https://crawl4ai-wrapper-559961100092.europe-west1.run.app/scrape
  ✓ https://nfct.org.il/blog/movies/%D7%AA%D7%95%D7%AA%D7%97-%D7%94%D7%A8%D7%9E%D7%93%D7%90%D7%9F-%D7%A9%D7%9C-%D7%99%D7%A8%D7%95%D7%A9%D7%9C%D7%99%D7%9D/ → nfct__blog_movies_D7_AA_D7_95_D7_AA_D7_97-_D7_94_D7_A8_D7_9E_D7_93_D7_90_D7_9F-_D7_A9___e4b864a9.md (7822 bytes)
  ✗ https://nfct.org.il/blog/movies/%D7%AA%D7%99%D7%90%D7%98%D7%A8%D7%95%D7%9F-%D7%97%D7%A4%D7%A6%D7%99%D7%9D/: 429 Client Error: Too Many Requests for url: https://crawl4ai-wrapper-559961100092.europe-west1.run.app/scrape
  ✗ https://nfct.org.il/blog/movies/%D7%AA%D7%99%D7%A2%D7%95%D7%93%D7%99-%2F-13-%D7%93%D7%A7%D7%95%D7%AA/: 429 Client Error: Too Many Requests for url: https://crawl4ai-wrapper-559961100092.europe-west1.run.app/scrape
  ✗ https://nfct.org.il/blog/movies/%D7%AA%D7%99%D7%A2%D7%95%D7%93%D7%99-%2F-52-%D7%93%D7%A7%D7%95%D7%AA/: 429 Client Error: Too Many Requests for url: https://crawl4ai-wrapper-559961100092.europe-west1.run.app/scrape
  ✗ https://nfct.org.il/blog/movies/%D7%AA%D7%99%D7%A2%D7%95%D7%93%D7%99/: 429 Client Error: Too Many Requests for url: https://crawl4ai-wrapper-559961100092.europe-west1.run.app/scrape
  ✓ https://nfct.org.il/blog/movies/%D7%AA%D7%95%D7%A6%D7%A8%D7%AA-%D7%94%D7%90%D7%A8%D7%A5/ → nfct__blog_movies_D7_AA_D7_95_D7_A6_D7_A8_D7_AA-_D7_94_D7_90_D7_A8_D7_A5__47c2c134.md (8216 bytes)
  ✓ https://nfct.org.il/blog/movies/%D7%AA%D7%97%D7%96%D7%95%D7%A7%D7%94/ → nfct__blog_movies_D7_AA_D7_97_D7_96_D7_95_D7_A7_D7_94__85eb4eb3.md (7579 bytes)
  ✓ https://nfct.org.il/blog/movies/%D7%AA%D7%97%D7%AA-%D7%94%D7%A9%D7%9E%D7%99%D7%99%D7%9D-%D7%94%D7%9B%D7%97%D7%95%D7%9C%D7%99%D7%9D/ → nfct__blog_movies_D7_AA_D7_97_D7_AA-_D7_94_D7_A9_D7_9E_D7_99_D7_99_D7_9D-_D7_94_D7_9B___f35731b3.md (8345 bytes)
  ✓ https://nfct.org.il/blog/movies/%D7%AA%D7%97%D7%AA-%D7%A9%D7%9E%D7%A9-%D7%9B%D7%97%D7%95%D7%9C%D7%94/ → nfct__blog_movies_D7_AA_D7_97_D7_AA-_D7_A9_D7_9E_D7_A9-_D7_9B_D7_97_D7_95_D7_9C_D7_94__7ed9c0e9.md (7675 bytes)
  ✓ https://nfct.org.il/blog/movies/%D7%AA%D7%99%D7%A7%D7%99-%D7%A8%D7%A6%D7%97-%D7%9C%D7%90-%D7%9E%D7%A4%D7%95%D7%A2%D7%A0%D7%97%D7%99%D7%9D/ → nfct__blog_movies_D7_AA_D7_99_D7_A7_D7_99-_D7_A8_D7_A6_D7_97-_D7_9C_D7_90-_D7_9E_D7_A4__d4265e5a.md (7786 bytes)
  ✓ https://nfct.org.il/blog/movies/%D7%AA%D7%99%D7%A7-%D7%9E%D7%A1-512/ → nfct__blog_movies_D7_AA_D7_99_D7_A7-_D7_9E_D7_A1-512__ef4c8d08.md (8185 bytes)
  ✗ https://nfct.org.il/blog/movies/%D7%AA%D7%9E%D7%99%D7%9E%D7%95%D7%AA-%D7%98%D7%94%D7%95%D7%A8%D7%94/: 429 Client Error: Too Many Requests for url: https://crawl4ai-wrapper-559961100092.europe-west1.run.app/scrape
  ✗ https://nfct.org.il/blog/movies/%D7%AA%D7%9E%D7%99%D7%9E%D7%95%D7%AA/: 429 Client Error: Too Many Requests for url: https://crawl4ai-wrapper-559961100092.europe-west1.run.app/scrape
  ✗ https://nfct.org.il/blog/movies/%D7%AA%D7%9E%D7%9C%D7%95%D7%9C%D7%99-1957/: 429 Client Error: Too Many Requests for url: https://crawl4ai-wrapper-559961100092.europe-west1.run.app/scrape
  ✗ https://nfct.org.il/blog/movies/%D7%AA%D7%9E%D7%9C%D7%99%D7%9C%D7%99-1957/: 429 Client Error: Too Many Requests for url: https://crawl4ai-wrapper-559961100092.europe-west1.run.app/scrape
  ✓ https://nfct.org.il/blog/movies/%D7%AA%D7%9C%D7%AA%D7%9C/ → nfct__blog_movies_D7_AA_D7_9C_D7_AA_D7_9C__0d1037fe.md (7543 bytes)
  ✓ https://nfct.org.il/blog/movies/%D7%AA%D7%9E%D7%95%D7%A0%D7%94-%D7%9E%D7%97%D7%99%D7%99%D7%95/ → nfct__blog_movies_D7_AA_D7_9E_D7_95_D7_A0_D7_94-_D7_9E_D7_97_D7_99_D7_99_D7_95__495604eb.md (8234 bytes)
  ✓ https://nfct.org.il/blog/movies/%D7%AA%D7%9E%D7%95%D7%A8%D7%94/ → nfct__blog_movies_D7_AA_D7_9E_D7_95_D7_A8_D7_94__20e63ba5.md (8141 bytes)
  ✓ https://nfct.org.il/blog/movies/%D7%AA%D7%9E%D7%A6%D7%99%D7%AA/ → nfct__blog_movies_D7_AA_D7_9E_D7_A6_D7_99_D7_AA__b813cb3d.md (7561 bytes)
  ✓ https://nfct.org.il/blog/movies/%D7%AA%D7%9E%D7%A8%D7%95%D7%A0%D7%99%D7%9D-%D7%9C%D7%99%D7%A6%D7%99%D7%90%D7%94/ → nfct__blog_movies_D7_AA_D7_9E_D7_A8_D7_95_D7_A0_D7_99_D7_9D-_D7_9C_D7_99_D7_A6_D7_99_D__607bf665.md (7708 bytes)
  ✓ https://nfct.org.il/blog/movies/%D7%AA%D7%9C%D7%AA-%D7%9E%D7%9E%D7%93/ → nfct__blog_movies_D7_AA_D7_9C_D7_AA-_D7_9E_D7_9E_D7_93__142b3729.md (9398 bytes)
  ✓ https://nfct.org.il/blog/movies/%D7%AA%D7%9F-%D7%9C%D7%99-%D7%A6%D7%94%D7%9C/ → nfct__blog_movies_D7_AA_D7_9F-_D7_9C_D7_99-_D7_A6_D7_94_D7_9C__a9dc0af6.md (8183 bytes)
  ✓ https://nfct.org.il/blog/movies/%D7%AA%D7%A0%D7%95%D7%A2%D7%94/ → nfct__blog_movies_D7_AA_D7_A0_D7_95_D7_A2_D7_94__bd8ab6ea.md (7561 bytes)
  ✓ https://nfct.org.il/blog/movies/%D7%AA%D7%9F-%D7%9C%D7%A0%D7%95-%D7%A1%D7%99%D7%9E%D7%9F/ → nfct__blog_movies_D7_AA_D7_9F-_D7_9C_D7_A0_D7_95-_D7_A1_D7_99_D7_9E_D7_9F__8eeacc00.md (7639 bytes)
  ✓ https://nfct.org.il/blog/movies/%D7%AA%D7%A0%D7%95-%D7%9C%D7%A0%D7%95-%D7%A1%D7%99%D7%9E%D7%9F/ → nfct__blog_movies_D7_AA_D7_A0_D7_95-_D7_9C_D7_A0_D7_95-_D7_A1_D7_99_D7_9E_D7_9F__93dfb328.md (8237 bytes)
  ✓ https://nfct.org.il/blog/movies/%D7%AA%D7%A1%D7%A4%D7%95%D7%A8%D7%AA/ → nfct__blog_movies_D7_AA_D7_A1_D7_A4_D7_95_D7_A8_D7_AA__01d90151.md (14785 bytes)
  ✓ https://nfct.org.il/blog/movies/%D7%AA%D7%A2%D7%95%D7%93%D7%93-%D7%90%D7%95%D7%AA%D7%99/ → nfct__blog_movies_D7_AA_D7_A2_D7_95_D7_93_D7_93-_D7_90_D7_95_D7_AA_D7_99__b62c7058.md (7636 bytes)
  ✓ https://nfct.org.il/blog/movies/%D7%AA%D7%A2%D7%95%D7%93%D7%AA-%D7%96%D7%94%D7%95%D7%AA/ → nfct__blog_movies_D7_AA_D7_A2_D7_95_D7_93_D7_AA-_D7_96_D7_94_D7_95_D7_AA__b2e01422.md (7636 bytes)
  ✓ https://nfct.org.il/blog/movies/%D7%AA%D7%A2%D7%9E%D7%95%D7%9C%D7%94-%D7%A8%D7%93%D7%99%D7%95/ → nfct__blog_movies_D7_AA_D7_A2_D7_9E_D7_95_D7_9C_D7_94-_D7_A8_D7_93_D7_99_D7_95__16b89b6e.md (7654 bytes)
  ✓ https://nfct.org.il/blog/movies/%D7%AA%D7%A2%D7%9C%D7%95%D7%9E%D7%AA-%D7%94%D7%A4%D7%97-%D7%94%D7%99%D7%A8%D7%95%D7%A7/ → nfct__blog_movies_D7_AA_D7_A2_D7_9C_D7_95_D7_9E_D7_AA-_D7_94_D7_A4_D7_97-_D7_94_D7_99___aa50e738.md (8338 bytes)
  ✓ https://nfct.org.il/blog/movies/%D7%AA%D7%A2%D7%A9%D7%94-%D7%90%D7%AA-%D7%A2%D7%A6%D7%9E%D7%9A-%D7%91%D7%91%D7%99%D7%AA/ → nfct__blog_movies_D7_AA_D7_A2_D7_A9_D7_94-_D7_90_D7_AA-_D7_A2_D7_A6_D7_9E_D7_9A-_D7_91__25cab953.md (7732 bytes)
  ✓ https://nfct.org.il/blog/movies/%D7%AA%D7%A4%D7%90%D7%95%D7%A8%D7%94/ → nfct__blog_movies_D7_AA_D7_A4_D7_90_D7_95_D7_A8_D7_94__38c1a299.md (7579 bytes)
  ✓ https://nfct.org.il/blog/movies/%D7%AA%D7%A2%D7%A9%D7%99%D7%99%D7%AA-%D7%94%D7%9E%D7%96%D7%95%D7%9F/ → nfct__blog_movies_D7_AA_D7_A2_D7_A9_D7_99_D7_99_D7_AA-_D7_94_D7_9E_D7_96_D7_95_D7_9F__5fdc7597.md (7672 bytes)
  ✓ https://nfct.org.il/blog/movies/%D7%AA%D7%A4%D7%95%D7%96%D7%99%D7%A0%D7%94/ → nfct__blog_movies_D7_AA_D7_A4_D7_95_D7_96_D7_99_D7_A0_D7_94__3ec84b3a.md (8206 bytes)
  ✓ https://nfct.org.il/blog/movies/%D7%AA%D7%A4%D7%95%D7%97-%D7%9B%D7%AA%D7%95%D7%9D/ → nfct__blog_movies_D7_AA_D7_A4_D7_95_D7_97-_D7_9B_D7_AA_D7_95_D7_9D__30da4bd7.md (8198 bytes)
  ✓ https://nfct.org.il/blog/movies/%D7%AA%D7%A4%D7%95%D7%A1-%D7%91%D7%A8%D7%A9%D7%AA/ → nfct__blog_movies_D7_AA_D7_A4_D7_95_D7_A1-_D7_91_D7_A8_D7_A9_D7_AA__7d7d2fa2.md (7618 bytes)
  ✓ https://nfct.org.il/blog/movies/%D7%AA%D7%A4%D7%95%D7%96-%D7%9B%D7%AA%D7%95%D7%9D/ → nfct__blog_movies_D7_AA_D7_A4_D7_95_D7_96-_D7_9B_D7_AA_D7_95_D7_9D__cf730dd3.md (8227 bytes)
  ✓ https://nfct.org.il/blog/movies/%D7%AA%D7%A4%D7%A7%D7%99%D7%93%D7%99-%D7%9E%D7%92%D7%93%D7%A8/ → nfct__blog_movies_D7_AA_D7_A4_D7_A7_D7_99_D7_93_D7_99-_D7_9E_D7_92_D7_93_D7_A8__26b3ef28.md (7654 bytes)
  ✓ https://nfct.org.il/blog/movies/%D7%AA%D7%A7%D7%95%D7%95%D7%94/ → nfct__blog_movies_D7_AA_D7_A7_D7_95_D7_95_D7_94__519d5f81.md (7561 bytes)
  ✗ https://nfct.org.il/blog/movies/%D7%AA%D7%A7%D7%A9%D7%95%D7%A8%D7%AA-%D7%91%D7%99%D7%A0%D7%90%D7%99%D7%A9%D7%99%D7%AA/: 429 Client Error: Too Many Requests for url: https://crawl4ai-wrapper-559961100092.europe-west1.run.app/scrape
  ✓ https://nfct.org.il/blog/movies/%D7%AA%D7%A7%D7%A6%D7%99%D7%A8-%D7%99%D7%95%D7%9E%D7%9F/ → nfct__blog_movies_D7_AA_D7_A7_D7_A6_D7_99_D7_A8-_D7_99_D7_95_D7_9E_D7_9F__cf7a7a76.md (8216 bytes)
  ✓ https://nfct.org.il/blog/movies/%D7%AA%D7%A7%D7%A8%D7%A2/ → nfct__blog_movies_D7_AA_D7_A7_D7_A8_D7_A2__2c73be7b.md (7543 bytes)
  ✗ https://nfct.org.il/blog/movies/%D7%AA%D7%A8%D7%90%D7%91/: 429 Client Error: Too Many Requests for url: https://crawl4ai-wrapper-559961100092.europe-west1.run.app/scrape
  ✗ https://nfct.org.il/blog/movies/%D7%AA%D7%A8%D7%90%D7%95-%D7%91%D7%A7%D7%A8%D7%95%D7%91-%D7%9C%D7%90-%D7%AA%D7%A8%D7%90%D7%95-%D7%9B%D7%9C%D7%95%D7%9D/: 429 Client Error: Too Many Requests for url: https://crawl4ai-wrapper-559961100092.europe-west1.run.app/scrape
  ✓ https://nfct.org.il/blog/movies/%D7%AA%D7%A7%D7%A8%D7%90/ → nfct__blog_movies_D7_AA_D7_A7_D7_A8_D7_90__d98976f1.md (8123 bytes)
  ✓ https://nfct.org.il/blog/movies/%D7%AA%D7%A6%D7%90-%D7%95%D7%AA%D7%97%D7%96%D7%95%D7%A8/ → nfct__blog_movies_D7_AA_D7_A6_D7_90-_D7_95_D7_AA_D7_97_D7_96_D7_95_D7_A8__a010ba4c.md (9560 bytes)
  ✓ https://nfct.org.il/blog/movies/%D7%AA%D7%A8%D7%90%D7%95-%D7%A2%D7%95%D7%93-%D7%9E%D7%A2%D7%98-%D7%9C%D7%90-%D7%AA%D7%A8%D7%90%D7%95-%D7%9B%D7%9C%D7%95%D7%9D/ → nfct__blog_movies_D7_AA_D7_A8_D7_90_D7_95-_D7_A2_D7_95_D7_93-_D7_9E_D7_A2_D7_98-_D7_9C__0ca3fc64.md (8455 bytes)
  ✓ https://nfct.org.il/blog/movies/%D7%AA%D7%A7%D7%A9%D7%99%D7%91-%D7%9C%D7%A7%D7%95%D7%9C%D7%99/ → nfct__blog_movies_D7_AA_D7_A7_D7_A9_D7_99_D7_91-_D7_9C_D7_A7_D7_95_D7_9C_D7_99__2191a0eb.md (8234 bytes)
  ✓ https://nfct.org.il/blog/movies/%D7%AA%D7%A8%D7%91%D7%95%D7%AA-%D7%94%D7%A0%D7%92%D7%93/ → nfct__blog_movies_D7_AA_D7_A8_D7_91_D7_95_D7_AA-_D7_94_D7_A0_D7_92_D7_93__7cdc8812.md (7636 bytes)
  ✓ https://nfct.org.il/blog/movies/%D7%AA%D7%A8%D7%90%D7%95-%D7%A2%D7%95%D7%93-%D7%9E%D7%A2%D7%98-%D7%9C%D7%90-%D7%99%D7%A8%D7%90%D7%95-%D7%9B%D7%9C%D7%95%D7%9D/ → nfct__blog_movies_D7_AA_D7_A8_D7_90_D7_95-_D7_A2_D7_95_D7_93-_D7_9E_D7_A2_D7_98-_D7_9C__16497cde.md (8455 bytes)
  ✓ https://nfct.org.il/blog/movies/%D7%AA%D7%A8%D7%91/ → nfct__blog_movies_D7_AA_D7_A8_D7_91__9d5e8dc9.md (7525 bytes)
  ✓ https://nfct.org.il/blog/movies/%D7%AA%D7%A8%D7%A4%D7%99%D7%94-%D7%91%D7%90%D7%9E%D7%A0%D7%95%D7%AA/ → nfct__blog_movies_D7_AA_D7_A8_D7_A4_D7_99_D7_94-_D7_91_D7_90_D7_9E_D7_A0_D7_95_D7_AA__52106aac.md (7672 bytes)
  ✓ https://nfct.org.il/blog/movies/%D7%AA%D7%A8%D7%91%D7%95%D7%AA-%D7%94%D7%A6%D7%A8%D7%99%D7%9B%D7%94-%D7%94%D7%99%D7%A9%D7%A8%D7%90%D7%9C%D7%99%D7%AA/ → nfct__blog_movies_D7_AA_D7_A8_D7_91_D7_95_D7_AA-_D7_94_D7_A6_D7_A8_D7_99_D7_9B_D7_94-___4da598ed.md (10109 bytes)
  ✓ https://nfct.org.il/blog/movies/%D7%AA%D7%A8%D7%A9%D7%95%D7%9D-%D7%90%D7%A0%D7%99-%D7%A2%D7%A8%D7%91%D7%99-%2F-%D8%B3%D8%AC%D9%84-%D8%A3%D9%86%D8%A7-%D8%B9%D8%B1%D8%A8%D9%8A/ → nfct__blog_movies_D7_AA_D7_A8_D7_A9_D7_95_D7_9D-_D7_90_D7_A0_D7_99-_D7_A2_D7_A8_D7_91___4b838441.md (8474 bytes)
  ✓ https://nfct.org.il/blog/movies/%D7%AA%D7%A8%D7%92/ → nfct__blog_movies_D7_AA_D7_A8_D7_92__a6400a81.md (14058 bytes)
  ✓ https://nfct.org.il/blog/movies/%D7%AA%D7%A9%D7%95%D7%91%D7%94-%D7%9E%D7%A2%D7%9E%D7%93%D7%99%D7%AA/ → nfct__blog_movies_D7_AA_D7_A9_D7_95_D7_91_D7_94-_D7_9E_D7_A2_D7_9E_D7_93_D7_99_D7_AA__d8f82e3f.md (8252 bytes)
  ✓ https://nfct.org.il/blog/movies/%D7%AA%D7%A9%D7%9B%D7%97-%D7%9E%D7%96%D7%94-%D7%A9%D7%95%D7%9D-%D7%93%D7%91%D7%A8-%D7%9C%D7%90-%D7%A7%D7%A8%D7%94/ → nfct__blog_movies_D7_AA_D7_A9_D7_9B_D7_97-_D7_9E_D7_96_D7_94-_D7_A9_D7_95_D7_9D-_D7_93__a850fb87.md (8390 bytes)
  ✓ https://nfct.org.il/blog/movies/%D7%AA%D7%A8%D7%A9%D7%95%D7%9D-%D7%90%D7%A0%D7%99-%D7%A2%D7%A8%D7%91%D7%99/ → nfct__blog_movies_D7_AA_D7_A8_D7_A9_D7_95_D7_9D-_D7_90_D7_A0_D7_99-_D7_A2_D7_A8_D7_91___b17d52df.md (20153 bytes)
  ✓ https://nfct.org.il/blog/movies/%E2%80%9C%D7%9C%D7%9E%D7%94-%D7%90%D7%AA%D7%94-%D7%9C%D7%90-%D7%90%D7%95%D7%9E%D7%A8-%D7%90%D7%AA-%D7%96%D7%94%E2%80%9D/ → nfct__blog_movies_E2_80_9C_D7_9C_D7_9E_D7_94-_D7_90_D7_AA_D7_94-_D7_9C_D7_90-_D7_90_D7__510dad4e.md (7828 bytes)
  ✓ https://nfct.org.il/blog/movies/%E2%80%9C%D7%9C%D7%9E%D7%94-%D7%A9%D7%9C%D7%90-%D7%AA%D7%92%D7%99%D7%93-%D7%90%D7%AA-%D7%96%D7%94%E2%80%9D-%D7%A4%D7%A8%D7%95%D7%99%D7%A7%D7%98/ → nfct__blog_movies_E2_80_9C_D7_9C_D7_9E_D7_94-_D7_A9_D7_9C_D7_90-_D7_AA_D7_92_D7_99_D7___b7347ae8.md (7900 bytes)
  ✓ https://nfct.org.il/blog/movies/%E2%80%9C%D7%A8%D7%A7-%D7%9C%D7%90-%D7%A2%D7%95%D7%93-%D7%94%D7%A4%D7%A6%D7%A6%D7%94%E2%80%9D/ → nfct__blog_movies_E2_80_9C_D7_A8_D7_A7-_D7_9C_D7_90-_D7_A2_D7_95_D7_93-_D7_94_D7_A4_D7__2a2fa5fb.md (7750 bytes)
  ✓ https://nfct.org.il/blog/movies/%E2%80%9C%D7%9C%D7%9E%D7%94-%D7%A9%D7%9C%D7%90-%D7%AA%D7%92%D7%99%D7%93-%D7%90%D7%AA-%D7%96%D7%94%E2%80%9D/ → nfct__blog_movies_E2_80_9C_D7_9C_D7_9E_D7_94-_D7_A9_D7_9C_D7_90-_D7_AA_D7_92_D7_99_D7___82f5381a.md (7789 bytes)
  ✓ https://nfct.org.il/blog/movies/1-%D7%9E%D7%AA%D7%95%D7%9A-%D7%A9%D7%9C%D7%95%D7%A9/ → nfct__blog_movies_1-_D7_9E_D7_AA_D7_95_D7_9A-_D7_A9_D7_9C_D7_95_D7_A9__a4e7e456.md (8204 bytes)
  ✓ https://nfct.org.il/blog/movies/10%25-%E2%80%93-%D7%9E%D7%94-%D7%94%D7%95%D7%A4%D7%9A-%D7%90%D7%93%D7%9D-%D7%9C%D7%92%D7%99%D7%91%D7%95%D7%A8/ → nfct__blog_movies_10_25-_E2_80_93-_D7_9E_D7_94-_D7_94_D7_95_D7_A4_D7_9A-_D7_90_D7_93_D__7a3b535a.md (7798 bytes)
  ✓ https://nfct.org.il/blog/movies/100-%D7%94%D7%99%D7%9C%D7%93%D7%99%D7%9D-%D7%A9%D7%9C%D7%99/ → nfct__blog_movies_100-_D7_94_D7_99_D7_9C_D7_93_D7_99_D7_9D-_D7_A9_D7_9C_D7_99__3aab83d0.md (8228 bytes)
  ✓ https://nfct.org.il/blog/movies/119-%D7%9B%D7%93%D7%95%D7%A8%D7%99%D7%9D%2B%D7%A9%D7%9C%D7%95%D7%A9%D7%94/ → nfct__blog_movies_119-_D7_9B_D7_93_D7_95_D7_A8_D7_99_D7_9D_2B_D7_A9_D7_9C_D7_95_D7_A9___1e233144.md (7690 bytes)
  ✓ https://nfct.org.il/blog/movies/119-%D7%9B%D7%93%D7%95%D7%A8%D7%99%D7%9D%2B%D7%A9%D7%9C%D7%95%D7%A9/ → nfct__blog_movies_119-_D7_9B_D7_93_D7_95_D7_A8_D7_99_D7_9D_2B_D7_A9_D7_9C_D7_95_D7_A9__03caddfc.md (7672 bytes)
  ✓ https://nfct.org.il/blog/movies/10%25-%E2%80%93-%D7%9E%D7%94-%D7%94%D7%95%D7%A4%D7%9A-%D7%92%D7%99%D7%91%D7%95%D7%A8/ → nfct__blog_movies_10_25-_E2_80_93-_D7_9E_D7_94-_D7_94_D7_95_D7_A4_D7_9A-_D7_92_D7_99_D__2931fb3a.md (8332 bytes)
  ✓ https://nfct.org.il/blog/movies/119-%D7%9B%D7%93%D7%95%D7%A8%D7%99%D7%9D-%2B-%D7%A9%D7%9C%D7%95%D7%A9/ → nfct__blog_movies_119-_D7_9B_D7_93_D7_95_D7_A8_D7_99_D7_9D-_2B-_D7_A9_D7_9C_D7_95_D7_A__3e5df7a3.md (7678 bytes)
  ✓ https://nfct.org.il/blog/movies/119-%D7%9B%D7%93%D7%95%D7%A8%D7%99%D7%9D%2B/ → nfct__blog_movies_119-_D7_9B_D7_93_D7_95_D7_A8_D7_99_D7_9D_2B__033c65c4.md (8209 bytes)
  ✓ https://nfct.org.il/blog/movies/119-%D7%9B%D7%93%D7%95%D7%A8%D7%99%D7%9D-%D7%A4%D7%9C%D7%95%D7%A1-%D7%A9%D7%9C%D7%95%D7%A9/ → nfct__blog_movies_119-_D7_9B_D7_93_D7_95_D7_A8_D7_99_D7_9D-_D7_A4_D7_9C_D7_95_D7_A1-_D__c32aa80e.md (7741 bytes)
  ✓ https://nfct.org.il/blog/movies/1234-%D7%90%D7%93%D7%95%D7%9C%D7%A3-%D7%94%D7%99%D7%98%D7%9C%D7%A8-%D7%91%D7%93%D7%9C%D7%AA-%D7%A9%D7%9C%D7%99/ → nfct__blog_movies_1234-_D7_90_D7_93_D7_95_D7_9C_D7_A3-_D7_94_D7_99_D7_98_D7_9C_D7_A8-___c9387a93.md (7801 bytes)
  ✓ https://nfct.org.il/blog/movies/1234-%D7%90%D7%93%D7%95%D7%9C%D7%A3-%D7%94%D7%99%D7%98%D7%9C%D7%A8-%D7%91%D7%93%D7%9C%D7%AA/ → nfct__blog_movies_1234-_D7_90_D7_93_D7_95_D7_9C_D7_A3-_D7_94_D7_99_D7_98_D7_9C_D7_A8-___0d27b259.md (8353 bytes)
  ✓ https://nfct.org.il/blog/movies/1234-%D7%94%D7%99%D7%98%D7%9C%D7%A8-%D7%91%D7%93%D7%9C%D7%AA/ → nfct__blog_movies_1234-_D7_94_D7_99_D7_98_D7_9C_D7_A8-_D7_91_D7_93_D7_9C_D7_AA__e262d71e.md (8231 bytes)
  ✓ https://nfct.org.il/blog/movies/14-%D7%A1%D7%99%D7%9E%D7%A0%D7%99-%D7%A4%D7%99%D7%A1%D7%95%D7%A7-%D7%9C%D7%94%D7%A8-%D7%90%D7%A9%D7%A4%D7%94-%D7%97%D7%99%D7%A8%D7%99%D7%99%D7%94/ → nfct__blog_movies_14-_D7_A1_D7_99_D7_9E_D7_A0_D7_99-_D7_A4_D7_99_D7_A1_D7_95_D7_A7-_D7__5f084ccd.md (7906 bytes)
  ✓ https://nfct.org.il/blog/movies/119-%D7%9B%D7%93%D7%95%D7%A8%D7%99%D7%9D/ → nfct__blog_movies_119-_D7_9B_D7_93_D7_95_D7_A8_D7_99_D7_9D__c099e520.md (23458 bytes)
  ✓ https://nfct.org.il/blog/movies/14-%D7%A4%D7%AA%D7%A7%D7%99%D7%9D-%D7%9C%D7%94%D7%A8-%D7%94%D7%90%D7%A9%D7%A4%D7%94-%D7%97%D7%99%D7%A8%D7%99%D7%99%D7%94/ → nfct__blog_movies_14-_D7_A4_D7_AA_D7_A7_D7_99_D7_9D-_D7_9C_D7_94_D7_A8-_D7_94_D7_90_D7__979315bf.md (8411 bytes)
  ✓ https://nfct.org.il/blog/movies/14-%D7%A8%D7%A9%D7%99%D7%9E%D7%95%D7%AA-%D7%9C%D7%96%D7%91%D7%9C-%D7%94%D7%A8/ → nfct__blog_movies_14-_D7_A8_D7_A9_D7_99_D7_9E_D7_95_D7_AA-_D7_9C_D7_96_D7_91_D7_9C-_D7__38b5427a.md (7702 bytes)
  ✓ https://nfct.org.il/blog/movies/14-%D7%A8%D7%A9%D7%99%D7%9E%D7%95%D7%AA-%D7%A9%D7%95%D7%9C%D7%99%D7%99%D7%9D-%D7%9C%D7%94%D7%A8-%D7%94%D7%90%D7%A9%D7%A4%D7%94-%D7%97%D7%99%D7%A8%D7%99%D7%99%D7%94/ → nfct__blog_movies_14-_D7_A8_D7_A9_D7_99_D7_9E_D7_95_D7_AA-_D7_A9_D7_95_D7_9C_D7_99_D7___88365695.md (8540 bytes)
  ✓ https://nfct.org.il/blog/movies/14-%D7%A8%D7%A9%D7%99%D7%9E%D7%95%D7%AA-%D7%A9%D7%95%D7%9C%D7%99%D7%99%D7%9D-%D7%9C%D7%94%D7%A8-%D7%94%D7%99%D7%95%D7%A8%D7%99%D7%94/ → nfct__blog_movies_14-_D7_A8_D7_A9_D7_99_D7_9E_D7_95_D7_AA-_D7_A9_D7_95_D7_9C_D7_99_D7___01f24995.md (10253 bytes)
  ✓ https://nfct.org.il/blog/movies/22-%D7%93%D7%A7%D7%95%D7%AA/ → nfct__blog_movies_22-_D7_93_D7_A7_D7_95_D7_AA__530bb992.md (7552 bytes)
  ✓ https://nfct.org.il/blog/movies/3-%D7%A7%D7%99%D7%95%D7%A1%D7%95-%D7%A1%D7%98%D7%A8%D7%99%D7%98/ → nfct__blog_movies_3-_D7_A7_D7_99_D7_95_D7_A1_D7_95-_D7_A1_D7_98_D7_A8_D7_99_D7_98__5cd1d519.md (8240 bytes)
  ✓ https://nfct.org.il/blog/movies/3-%D7%A7%D7%99%D7%95%D7%A1%D7%A7%D7%95-%D7%A1%D7%98%D7%A8%D7%99%D7%98/ → nfct__blog_movies_3-_D7_A7_D7_99_D7_95_D7_A1_D7_A7_D7_95-_D7_A1_D7_98_D7_A8_D7_99_D7_9__e5aaa12d.md (7678 bytes)
  ✓ https://nfct.org.il/blog/movies/73-%D7%A9%D7%91%D7%A2%D7%99%D7%9D-%D7%95%D7%A9%D7%9C%D7%95%D7%A9/ → nfct__blog_movies_73-_D7_A9_D7_91_D7_A2_D7_99_D7_9D-_D7_95_D7_A9_D7_9C_D7_95_D7_A9__ecb50d14.md (8272 bytes)
  ✓ https://nfct.org.il/blog/movies/7778-%E2%80%93-%D7%A2%D7%9C-%D7%94%D7%9E%D7%A4%D7%94/ → nfct__blog_movies_7778-_E2_80_93-_D7_A2_D7_9C-_D7_94_D7_9E_D7_A4_D7_94__aae70dd3.md (8207 bytes)
  ✓ https://nfct.org.il/blog/movies/7778---%D7%A2%D7%9C-%D7%94%D7%9E%D7%A4%D7%94/ → nfct__blog_movies_7778---_D7_A2_D7_9C-_D7_94_D7_9E_D7_A4_D7_94__f25e0249.md (15273 bytes)
  ✓ https://nfct.org.il/blog/movies/3-%D7%A7%D7%99%D7%A1%D7%95-%D7%A1%D7%98%D7%A8%D7%99%D7%98/ → nfct__blog_movies_3-_D7_A7_D7_99_D7_A1_D7_95-_D7_A1_D7_98_D7_A8_D7_99_D7_98__e04fb25b.md (8222 bytes)
  ✓ https://nfct.org.il/blog/movies/80-%D7%A7%D7%9E%D7%A9-%D7%91%D7%93%D7%A8%D7%9A-%D7%90%D7%94%D7%91%D7%94-%D7%95%D7%90%D7%A0%D7%99/ → nfct__blog_movies_80-_D7_A7_D7_9E_D7_A9-_D7_91_D7_93_D7_A8_D7_9A-_D7_90_D7_94_D7_91_D7__baa3ecb0.md (7759 bytes)
  ✓ https://nfct.org.il/blog/movies/80-%D7%A7%D7%9E%D7%A9-%D7%91%D7%93%D7%A8%D7%9A-%D7%90%D7%94%D7%91%D7%94-%D7%A9%D7%9C%D7%99-%D7%95%D7%90%D7%A0%D7%99/ → nfct__blog_movies_80-_D7_A7_D7_9E_D7_A9-_D7_91_D7_93_D7_A8_D7_9A-_D7_90_D7_94_D7_91_D7__5b2dc381.md (8425 bytes)
  ✓ https://nfct.org.il/blog/movies/80-%D7%A7%D7%9E%D7%A9-%D7%91%D7%93%D7%A8%D7%9A-%D7%90%D7%94%D7%95%D7%91%D7%AA%D7%99-%D7%95%D7%90%D7%A0%D7%99/ → nfct__blog_movies_80-_D7_A7_D7_9E_D7_A9-_D7_91_D7_93_D7_A8_D7_9A-_D7_90_D7_94_D7_95_D7__27e3f797.md (7795 bytes)
  ✓ https://nfct.org.il/blog/movies/80-%D7%A7%D7%9E%D7%A9-%D7%91%D7%9B%D7%91%D7%99%D7%A9-%D7%90%D7%94%D7%91%D7%94-%D7%A9%D7%9C%D7%99-%D7%95%D7%90%D7%A0%D7%99/ → nfct__blog_movies_80-_D7_A7_D7_9E_D7_A9-_D7_91_D7_9B_D7_91_D7_99_D7_A9-_D7_90_D7_94_D7__a63e7466.md (8414 bytes)
  ✓ https://nfct.org.il/blog/movies/9-%D7%93%D7%95%D7%9C%D7%A8/ → nfct__blog_movies_9-_D7_93_D7_95_D7_9C_D7_A8__d144d07e.md (7549 bytes)
  ✓ https://nfct.org.il/blog/movies/9-%D7%A9%D7%A0%D7%99%D7%9D-%D7%90%D7%97%D7%A8%D7%99/ → nfct__blog_movies_9-_D7_A9_D7_A0_D7_99_D7_9D-_D7_90_D7_97_D7_A8_D7_99__067d8e77.md (7624 bytes)
  ✓ https://nfct.org.il/blog/movies/9-%D7%9B%D7%95%D7%9B%D7%91%D7%99%D7%9D/ → nfct__blog_movies_9-_D7_9B_D7_95_D7_9B_D7_91_D7_99_D7_9D__0acfc0a7.md (8165 bytes)
  ✓ https://nfct.org.il/blog/movies/H2-%D7%94%D7%9E%D7%A2%D7%91%D7%93%D7%94-%D7%94%D7%9B%D7%95%D7%91%D7%A9%D7%AA/ → nfct__blog_movies_H2-_D7_94_D7_9E_D7_A2_D7_91_D7_93_D7_94-_D7_94_D7_9B_D7_95_D7_91_D7___6ee0c6a4.md (7699 bytes)
  ✓ https://nfct.org.il/blog/movies/ABC-%D7%91%D7%A0%D7%92%D7%A7%D7%95%D7%A7/ → nfct__blog_movies_ABC-_D7_91_D7_A0_D7_92_D7_A7_D7_95_D7_A7__48a13ec2.md (7591 bytes)
  ✓ https://nfct.org.il/blog/movies/H2-%D7%94%D7%9E%D7%A2%D7%91%D7%93%D7%94-%D7%9C%D7%9B%D7%99%D7%91%D7%95%D7%A9/ → nfct__blog_movies_H2-_D7_94_D7_9E_D7_A2_D7_91_D7_93_D7_94-_D7_9C_D7_9B_D7_99_D7_91_D7___9cde8062.md (7699 bytes)
  ✓ https://nfct.org.il/blog/movies/H2-%D7%9E%D7%A2%D7%91%D7%93%D7%AA-%D7%94%D7%9B%D7%99%D7%91%D7%95%D7%A9/ → nfct__blog_movies_H2-_D7_9E_D7_A2_D7_91_D7_93_D7_AA-_D7_94_D7_9B_D7_99_D7_91_D7_95_D7___c7132141.md (7681 bytes)
  ✓ https://nfct.org.il/blog/movies/Home-Sick-%E2%80%93-%D7%94%D7%95%D7%9D-%D7%A1%D7%99%D7%A7/ → nfct__blog_movies_Home-Sick-_E2_80_93-_D7_94_D7_95_D7_9D-_D7_A1_D7_99_D7_A7__6c61b340.md (8222 bytes)
  ✓ https://nfct.org.il/blog/movies/MADE-IN-ISRAEL-%E2%80%93-%D7%A1%D7%99%D7%A4%D7%95%D7%A8%D7%94-%D7%A9%D7%9C-%D7%94%D7%AA%D7%A2%D7%A9%D7%99%D7%99%D7%94-%D7%94%D7%99%D7%A9%D7%A8%D7%90%D7%9C%D7%99%D7%AA/ → nfct__blog_movies_MADE-IN-ISRAEL-_E2_80_93-_D7_A1_D7_99_D7_A4_D7_95_D7_A8_D7_94-_D7_A9__115130f2.md (7969 bytes)
  ✓ https://nfct.org.il/blog/movies/MADE-IN-ISRAEL-%E2%80%93-%D7%94%D7%AA%D7%A2%D7%A9%D7%99%D7%99%D7%94-%D7%94%D7%91%D7%99%D7%98%D7%97%D7%95%D7%A0%D7%99%D7%AA/ → nfct__blog_movies_MADE-IN-ISRAEL-_E2_80_93-_D7_94_D7_AA_D7_A2_D7_A9_D7_99_D7_99_D7_94-__f9013225.md (8417 bytes)
  ✓ https://nfct.org.il/blog/movies/MADE-IN-ISRAEL-%E2%80%93-%D7%AA%D7%A2%D7%A9%D7%99%D7%99%D7%AA-%D7%94%D7%90%D7%A0%D7%A8%D7%92%D7%99%D7%94/ → nfct__blog_movies_MADE-IN-ISRAEL-_E2_80_93-_D7_AA_D7_A2_D7_A9_D7_99_D7_99_D7_AA-_D7_94__bc05f63e.md (8363 bytes)
  ✓ https://nfct.org.il/blog/movies/MADE-IN-ISRAEL-%E2%80%93-%D7%AA%D7%A2%D7%A9%D7%99%D7%99%D7%AA-%D7%94%D7%99%D7%94%D7%9C%D7%95%D7%9E%D7%99%D7%9D/ → nfct__blog_movies_MADE-IN-ISRAEL-_E2_80_93-_D7_AA_D7_A2_D7_A9_D7_99_D7_99_D7_AA-_D7_94__073bceb8.md (7801 bytes)
  ✓ https://nfct.org.il/blog/movies/MADE-IN-ISRAEL-%E2%80%93-%D7%AA%D7%A2%D7%A9%D7%99%D7%99%D7%AA-%D7%94%D7%9E%D7%96%D7%95%D7%9F/ → nfct__blog_movies_MADE-IN-ISRAEL-_E2_80_93-_D7_AA_D7_A2_D7_A9_D7_99_D7_99_D7_AA-_D7_94__c24e3ae9.md (7747 bytes)
  ✓ https://nfct.org.il/blog/movies/MADE-IN-ISRAEL-%E2%80%93-%D7%AA%D7%A2%D7%A9%D7%99%D7%99%D7%AA-%D7%94%D7%94%D7%99%D7%99-%D7%98%D7%A7/ → nfct__blog_movies_MADE-IN-ISRAEL-_E2_80_93-_D7_AA_D7_A2_D7_A9_D7_99_D7_99_D7_AA-_D7_94__fcb00910.md (8348 bytes)
  ✗ https://nfct.org.il/blog/movies/%D7%AA%D7%AA-%D7%9E%D7%95%D7%93%D7%A2/: HTTPSConnectionPool(host='crawl4ai-wrapper-559961100092.europe-west1.run.app', port=443): Read timed out. (read timeout=120)
  ✓ https://nfct.org.il/blog/movies/x-%D7%94%D7%90%D7%A1%D7%99%D7%A8%D7%94/ → nfct__blog_movies_x-_D7_94_D7_90_D7_A1_D7_99_D7_A8_D7_94__3eb81c9f.md (8165 bytes)
  ✓ https://nfct.org.il/blog/movies/MADE-IN-ISRAEL---%D7%94%D7%AA%D7%A2%D7%A9%D7%99%D7%99%D7%94-%D7%94%D7%91%D7%99%D7%98%D7%97%D7%95%D7%A0%D7%99%D7%AA/ → nfct__blog_movies_MADE-IN-ISRAEL---_D7_94_D7_AA_D7_A2_D7_A9_D7_99_D7_99_D7_94-_D7_94_D__e4debb82.md (18878 bytes)

Done: 2475 succeeded, 703 failed, 0 empty
Manifest: sources/nfct/runs/2026-05-18T17-08-21Z/manifest.json
