name,confidence,models,roles,organizations,source_count,years,sources
zukim,medium,hebert,,קרן קולנוע ערבה,90,"2012,2020,2021,2023,2024,2025",https://aravaff.co.il/en/director/shira-geffen/; https://aravaff.co.il/en/director/john-cassavetes/; https://aravaff.co.il/en/director/nuri-bilge-ceylan/
##ukim,medium,hebert,,קרן קולנוע ערבה,79,"2012,2023,2024,2025",https://aravaff.co.il/en/director/shira-geffen/; https://aravaff.co.il/en/director/nuri-bilge-ceylan/; https://aravaff.co.il/en/director/george-roy-hill/
stephan komandare,medium,hebert,,קרן קולנוע ערבה,79,"2012,2023,2024,2025",https://aravaff.co.il/en/director/shira-geffen/; https://aravaff.co.il/en/director/john-cassavetes/; https://aravaff.co.il/en/director/nuri-bilge-ceylan/
##hael hanek,medium,hebert,,קרן קולנוע ערבה,74,"2012,2023,2024,2025",https://aravaff.co.il/en/director/marie-amachoukeli/; https://aravaff.co.il/en/director/shira-geffen/; https://aravaff.co.il/en/director/mascha-halberstad/
arava,medium,hebert,במאי,"קרן קולנוע נגב, קרן הקולנוע ערבה, קרן קולנוע ערבה",18,"2023,2024,2025",https://aravaff.co.il/archive/2025/#main; https://aravaff.co.il/en/movies/shorts-in-the-desert-2/#main; https://aravaff.co.il/en/movies/%d7%94%d7%98%d7%99%d7%a8%d7%94-%d7%94%d7%a0%d7%a2%d7%94/
דליה,high,hebert+dictabert,במאי,"מרכז קהילה ערבה, קרן הקולנוע ערבה, קרן קולנוע ערבה, המועצה האזורית ערבה תיכונה, קרן קולנוע נגב, משרד התרבות, קרן גשר, קרן גשר לקולנוע, קרן קולנוע מדרום, מכללת ספיר",14,"2020,2021,2025",https://aravaff.co.il/archive/2025/#main; https://aravaff.co.il/movies/%d7%94%d7%aa%d7%94-%d7%a9%d7%9c-%d7%93%d7%9c%d7%99%d7%94-%d7%9e%d7%98%d7%99%d7%9c-%d7%a6%d7%9c-%d7%a2%d7%9c-%d7%94%d7%a8-%d7%a4%d7%95%d7%92%d7%99/#main; https://aravaff.co.il/%d7%9c%d7%95%d7%97-%d7%94%d7%a7%d7%a8%d7%a0%d7%95%d7%aa/#main
ara,medium,dictabert,במאי,"קרן קולנוע נגב, קרן הקולנוע ערבה, קרן קולנוע ערבה",14,"2023,2024,2025",https://aravaff.co.il/movies/%d7%91%d7%99%d7%a8%d7%93/#main; https://aravaff.co.il/movies/%d7%90%d7%a0%d7%95%d7%a8%d7%94/; https://aravaff.co.il/movies/%d7%94%d7%a2%d7%95%d7%a7%d7%a5/#main
##ba,medium,hebert,,קרן קולנוע ערבה,14,"2024,2025",https://aravaff.co.il/en/movies/summer-beats/; https://aravaff.co.il/en/movies/summer-beats/#main; https://aravaff.co.il/en/movies/not-my-weekend/
עבדאללה,high,dictabert+hebert,במאי,"מרכז קהילה ערבה, קרן הקולנוע ערבה, קרן קולנוע ערבה, המועצה האזורית ערבה תיכונה, קרן קולנוע נגב, משרד התרבות, קרן גשר, קרן גשר לקולנוע, קרן קולנוע מדרום, מכללת ספיר",12,"2020,2021,2025",https://aravaff.co.il/%d7%9c%d7%95%d7%97-%d7%94%d7%a7%d7%a8%d7%a0%d7%95%d7%aa/#main; https://aravaff.co.il/movies/%d7%94%d7%9e%d7%93%d7%99%d7%a0%d7%94-%d7%a7%d7%95%d7%a8%d7%90%d7%aa-%d7%9c%d7%9a/#main; https://aravaff.co.il/movies/%d7%a7%d7%a6%d7%a8-%d7%91%d7%9e%d7%93%d7%91%d7%a8-%d7%a1%d7%a8%d7%98%d7%99-%d7%a7%d7%a8%d7%9f-%d7%a7%d7%95%d7%9c%d7%a0%d7%95%d7%a2-%d7%94%d7%a0%d7%92%d7%91-%d7%94%d7%9e%d7%90%d7%95%d7%97%d7%93/
מישל פרנקו,high,dictabert+hebert,"במאי, מפיק, שחקן","קרן קולנוע נגב, קרן קולנוע ערבה",12,"2012,2020,2021,2023,2025",https://aravaff.co.il/%d7%9c%d7%95%d7%97-%d7%94%d7%a7%d7%a8%d7%a0%d7%95%d7%aa/#main; https://aravaff.co.il/movies/%d7%90%d7%97%d7%a8%d7%99-%d7%9c%d7%95%d7%a1%d7%99%d7%94/#main; https://aravaff.co.il/archive/2023/#main
לינה,medium,hebert,מפיק,קרן קולנוע ערבה,10,"2014,2023,2024",https://aravaff.co.il/movies/%d7%99%d7%9e%d7%99%d7%9d-%d7%9e%d7%95%d7%a9%d7%9c%d7%9e%d7%99%d7%9d/#main; https://aravaff.co.il/movies/%d7%90%d7%9e%d7%90-%d7%92%d7%9c%d7%95%d7%a8%d7%99%d7%94/#main; https://aravaff.co.il/movies/%d7%a7%d7%96%d7%91%d7%9c%d7%a0%d7%a7%d7%94/
מדינה,medium,dictabert,"במאי, שחקן, מפיק","קרן הקולנוע ערבה, קרן קולנוע ערבה",9,"2024,2025",https://aravaff.co.il/movies/%d7%9e%d7%98%d7%90%d7%95%d7%a8%d7%99%d7%9d/; https://aravaff.co.il/movies/%d7%a0%d7%90%d7%a0%d7%93%d7%90%d7%95%d7%a8%d7%99/; https://aravaff.co.il/movies/%d7%91%d7%a2%d7%91%d7%95%d7%93%d7%94/
michael hanek,medium,hebert,,קרן קולנוע ערבה,9,"2012,2020,2021,2023,2024,2025",https://aravaff.co.il/en/director/michelangelo-antonioni/; https://aravaff.co.il/en/director/min-bahadur-bham/; https://aravaff.co.il/en/director/john-cassavetes/
וים ונדרס,high,dictabert+hebert,"במאי, מפיק, שחקן","קרן הקולנוע ערבה, קרן קולנוע ערבה",8,"2023,2024",https://aravaff.co.il/movies/%d7%a4%d7%a8%d7%99%d7%96-%d7%98%d7%a7%d7%a1%d7%a1/#main; https://aravaff.co.il/movies/%d7%a4%d7%a8%d7%99%d7%96-%d7%98%d7%a7%d7%a1%d7%a1/; https://aravaff.co.il/movies/%d7%99%d7%9e%d7%99%d7%9d-%d7%9e%d7%95%d7%a9%d7%9c%d7%9e%d7%99%d7%9d/#main
שון בייקר,high,dictabert+hebert,"במאי, מפיק, עורך","קרן קולנוע נגב, קרן הקולנוע ערבה, קרן קולנוע ערבה",8,"2020,2021,2024,2025",https://aravaff.co.il/movies/%d7%90%d7%a0%d7%95%d7%a8%d7%94/; https://aravaff.co.il/%d7%9c%d7%95%d7%97-%d7%94%d7%a7%d7%a8%d7%a0%d7%95%d7%aa/#main; https://aravaff.co.il/movies/%d7%94%d7%99%d7%9c%d7%93%d7%94-%d7%94%d7%a9%d7%9e%d7%90%d7%9c%d7%99%d7%aa/
עמרי ברזילי,high,dictabert+hebert,"במאי, מפיק","קרן הקולנוע ערבה, קרן קולנוע ערבה",8,2024,https://aravaff.co.il/movies/%d7%9e%d7%9b%d7%aa%d7%91-%d7%90%d7%9c-%d7%94%d7%90%d7%91/; https://aravaff.co.il/movies/%d7%92%d7%91%d7%95%d7%9c/#main; https://aravaff.co.il/archive/2024/#main
אורן גר,medium,dictabert,"במאי, מפיק","קרן קולנוע ערבה, קרן קולנוע נגב",8,"2020,2021,2025",https://aravaff.co.il/archive/2025/#main; https://aravaff.co.il/movies/%d7%94%d7%aa%d7%94-%d7%a9%d7%9c-%d7%93%d7%9c%d7%99%d7%94-%d7%9e%d7%98%d7%99%d7%9c-%d7%a6%d7%9c-%d7%a2%d7%9c-%d7%94%d7%a8-%d7%a4%d7%95%d7%92%d7%99/#main; https://aravaff.co.il/%d7%9c%d7%95%d7%97-%d7%94%d7%a7%d7%a8%d7%a0%d7%95%d7%aa/#main
יוסר,medium,dictabert,"במאי, מפיק","קרן קולנוע ערבה, קרן קולנוע נגב",8,"2020,2021,2025",https://aravaff.co.il/archive/2025/#main; https://aravaff.co.il/%d7%9c%d7%95%d7%97-%d7%94%d7%a7%d7%a8%d7%a0%d7%95%d7%aa/#main; https://aravaff.co.il/movies/%d7%94%d7%9e%d7%93%d7%99%d7%a0%d7%94-%d7%a7%d7%95%d7%a8%d7%90%d7%aa-%d7%9c%d7%9a/#main
miyazaki,medium,hebert,,קרן קולנוע ערבה,8,"2023,2024",https://aravaff.co.il/en/movies/%d7%94%d7%99%d7%9c%d7%93-%d7%95%d7%94%d7%90%d7%a0%d7%a4%d7%94/; https://aravaff.co.il/en/movies/shorts-in-the-desert-2/#main; https://aravaff.co.il/en/movies/%d7%94%d7%98%d7%99%d7%a8%d7%94-%d7%94%d7%a0%d7%a2%d7%94/
jonathan,medium,hebert,,קרן קולנוע ערבה,8,"2023,2024",https://aravaff.co.il/en/movies/%d7%94%d7%99%d7%9c%d7%93-%d7%95%d7%94%d7%90%d7%a0%d7%a4%d7%94/; https://aravaff.co.il/en/movies/shorts-in-the-desert-2/#main; https://aravaff.co.il/en/movies/shorts-in-the-desert-2/
midbara,medium,hebert,,קרן קולנוע ערבה,8,"2020,2021,2023,2025",https://aravaff.co.il/en/movies/%d7%99%d7%9d-%d7%98%d7%aa%d7%99%d7%a1/; https://aravaff.co.il/en/movies/%d7%94%d7%a8%d7%95%d7%a2-%d7%90%d7%99%d7%a0%d7%95-%d7%a7%d7%99%d7%99%d7%9d/; https://aravaff.co.il/en/movies/stop-making-sense/
גלוריה,high,dictabert+hebert,במאי,קרן קולנוע ערבה,8,"2014,2023",https://aravaff.co.il/movies/%d7%90%d7%9e%d7%90-%d7%92%d7%9c%d7%95%d7%a8%d7%99%d7%94/#main; https://aravaff.co.il/movies/%d7%92%d7%9c%d7%95%d7%a8%d7%99%d7%94/#main; https://aravaff.co.il/movies/%d7%92%d7%9c%d7%95%d7%a8%d7%99%d7%94/
##נקים,medium,hebert,,קרן קולנוע ערבה,8,"2014,2023,2024,2025",https://aravaff.co.il/movies/%d7%9c%d7%94%d7%96%d7%99%d7%96-%d7%94%d7%a8%d7%99%d7%9d/#main; https://aravaff.co.il/movies/%d7%90%d7%9e%d7%90-%d7%92%d7%9c%d7%95%d7%a8%d7%99%d7%94/#main; https://aravaff.co.il/movies/%d7%9b%d7%a9%d7%94%d7%90%d7%95%d7%a8-%d7%a0%d7%a9%d7%91%d7%a8/#main
היי,medium,dictabert,"מייסד, במאי, מפיק",קרן קולנוע ערבה,8,"2016,2023",https://aravaff.co.il/movies/%d7%a4%d7%95%d7%a0%d7%99%d7%95-%d7%a2%d7%9c-%d7%94%d7%a6%d7%95%d7%a7-%d7%9c%d7%99%d7%93-%d7%94%d7%99%d7%9d/#main; https://aravaff.co.il/movies/%d7%94%d7%a6%d7%91-%d7%94%d7%90%d7%93%d7%95%d7%9d/#main; https://aravaff.co.il/movies/%d7%a4%d7%95%d7%a0%d7%99%d7%95-%d7%a2%d7%9c-%d7%94%d7%a6%d7%95%d7%a7-%d7%9c%d7%99%d7%93-%d7%94%d7%99%d7%9d/
ברנינג מן,medium,hebert,במאי,"מרכז קהילה ערבה, קרן הקולנוע ערבה, קרן קולנוע ערבה, המועצה האזורית ערבה תיכונה, קרן קולנוע נגב, משרד התרבות, קרן גשר, קרן גשר לקולנוע, קרן קולנוע מדרום, מכללת ספיר",7,"2020,2021,2025",https://aravaff.co.il/%d7%9c%d7%95%d7%97-%d7%94%d7%a7%d7%a8%d7%a0%d7%95%d7%aa/#main; https://aravaff.co.il/%d7%a1%d7%a8%d7%98%d7%99-%d7%a7%d7%a8%d7%9f-%d7%a7%d7%95%d7%9c%d7%a0%d7%95%d7%a2-%d7%a0%d7%92%d7%91-%d7%94%d7%9e%d7%90%d7%95%d7%97%d7%93%d7%aa/#main; https://aravaff.co.il/%D7%A1%D7%A8%D7%98%D7%99-%D7%A7%D7%A8%D7%9F-%D7%A7%D7%95%D7%9C%D7%A0%D7%95%D7%A2-%D7%A2%D7%A8%D7%91%D7%94-2/#main
ג'ונתן גלייזר,high,dictabert+hebert,"במאי, מפיק",קרן קולנוע ערבה,7,2023,https://aravaff.co.il/movies/%d7%90%d7%96%d7%95%d7%a8-%d7%94%d7%a2%d7%a0%d7%99%d7%99%d7%9f/#main; https://aravaff.co.il/movies/%d7%90%d7%96%d7%95%d7%a8-%d7%94%d7%a2%d7%a0%d7%99%d7%99%d7%9f/; https://aravaff.co.il/movies/%d7%94%d7%99%d7%9c%d7%93-%d7%95%d7%94%d7%90%d7%a0%d7%a4%d7%94/
מיאזאקי,high,dictabert+hebert,"במאי, מייסד, מפיק",קרן קולנוע ערבה,7,2023,https://aravaff.co.il/movies/%d7%a4%d7%95%d7%a0%d7%99%d7%95-%d7%a2%d7%9c-%d7%94%d7%a6%d7%95%d7%a7-%d7%9c%d7%99%d7%93-%d7%94%d7%99%d7%9d/#main; https://aravaff.co.il/archive/2023/#main; https://aravaff.co.il/movies/%d7%a4%d7%95%d7%a0%d7%99%d7%95-%d7%a2%d7%9c-%d7%94%d7%a6%d7%95%d7%a7-%d7%9c%d7%99%d7%93-%d7%94%d7%99%d7%9d/
aravaff,medium,hebert,במאי,"קרן הקולנוע ערבה, קרן קולנוע ערבה",7,"2023,2024,2025",https://aravaff.co.il/movies/%d7%9e%d7%98%d7%90%d7%95%d7%a8%d7%99%d7%9d/; https://aravaff.co.il/movies/%d7%a9%d7%9c%d7%95%d7%a9%d7%94-%d7%a7%d7%99%d7%9c%d7%95%d7%9e%d7%98%d7%a8%d7%99%d7%9d-%d7%9e%d7%a1%d7%95%d7%a3-%d7%94%d7%a2%d7%95%d7%9c%d7%9d/#main; https://aravaff.co.il/movies/%d7%a9%d7%9c%d7%95%d7%a9%d7%94-%d7%a7%d7%99%d7%9c%d7%95%d7%9e%d7%98%d7%a8%d7%99%d7%9d-%d7%9e%d7%a1%d7%95%d7%a3-%d7%94%d7%a2%d7%95%d7%9c%d7%9d/
מיקל,medium,dictabert,במאי,"קרן קולנוע ערבה, קרן קולנוע נגב",7,"2020,2021,2025",https://aravaff.co.il/movies/%d7%99%d7%a6%d7%a8%d7%99%d7%9d/; https://aravaff.co.il/archive/2025/#main; https://aravaff.co.il/%d7%9c%d7%95%d7%97-%d7%94%d7%a7%d7%a8%d7%a0%d7%95%d7%aa/#main
איל,medium,dictabert+hebert,"במאי, שחקן","קרן קולנוע ערבה, קרן קולנוע נגב",7,"2020,2023,2025",https://aravaff.co.il/movies/%d7%94%d7%97%d7%91%d7%a8-%d7%94%d7%a9%d7%a7%d7%98/; https://aravaff.co.il/movies/%d7%97%d7%93%d7%a8-%d7%94%d7%9e%d7%95%d7%a8%d7%99%d7%9d/#main; https://aravaff.co.il/archive/2025/#main
אבו כף,medium,dictabert,"במאי, מפיק","קרן קולנוע ערבה, קרן קולנוע נגב",7,"2020,2021,2025",https://aravaff.co.il/%d7%9c%d7%95%d7%97-%d7%94%d7%a7%d7%a8%d7%a0%d7%95%d7%aa/#main; https://aravaff.co.il/movies/%d7%94%d7%9e%d7%93%d7%99%d7%a0%d7%94-%d7%a7%d7%95%d7%a8%d7%90%d7%aa-%d7%9c%d7%9a/#main; https://aravaff.co.il/movies/%d7%a7%d7%a6%d7%a8-%d7%91%d7%9e%d7%93%d7%91%d7%a8-%d7%a1%d7%a8%d7%98%d7%99-%d7%a7%d7%a8%d7%9f-%d7%a7%d7%95%d7%9c%d7%a0%d7%95%d7%a2-%d7%94%d7%a0%d7%92%d7%91-%d7%94%d7%9e%d7%90%d7%95%d7%97%d7%93/
יוסרא אבו כף,medium,hebert,"במאי, מפיק","קרן קולנוע ערבה, קרן קולנוע נגב",7,"2020,2021,2025",https://aravaff.co.il/%d7%9c%d7%95%d7%97-%d7%94%d7%a7%d7%a8%d7%a0%d7%95%d7%aa/#main; https://aravaff.co.il/movies/%d7%94%d7%9e%d7%93%d7%99%d7%a0%d7%94-%d7%a7%d7%95%d7%a8%d7%90%d7%aa-%d7%9c%d7%9a/#main; https://aravaff.co.il/movies/%d7%a7%d7%a6%d7%a8-%d7%91%d7%9e%d7%93%d7%91%d7%a8-%d7%a1%d7%a8%d7%98%d7%99-%d7%a7%d7%a8%d7%9f-%d7%a7%d7%95%d7%9c%d7%a0%d7%95%d7%a2-%d7%94%d7%a0%d7%92%d7%91-%d7%94%d7%9e%d7%90%d7%95%d7%97%d7%93/
אייל חלפון,medium,hebert,במאי,"מרכז קהילה ערבה, קרן הקולנוע ערבה, קרן קולנוע ערבה, המועצה האזורית ערבה תיכונה, קרן קולנוע נגב, משרד התרבות, קרן גשר, קרן גשר לקולנוע, קרן קולנוע מדרום, מכללת ספיר",6,"2020,2025",https://aravaff.co.il/%D7%A1%D7%A8%D7%98%D7%99-%D7%A7%D7%A8%D7%9F-%D7%A7%D7%95%D7%9C%D7%A0%D7%95%D7%A2-%D7%A2%D7%A8%D7%91%D7%94-2/#main; https://aravaff.co.il/%d7%a1%d7%a8%d7%98%d7%99-%d7%a7%d7%a8%d7%9f-%d7%a7%d7%95%d7%9c%d7%a0%d7%95%d7%a2-%d7%a0%d7%92%d7%91-%d7%94%d7%9e%d7%90%d7%95%d7%97%d7%93%d7%aa/#main; https://aravaff.co.il/%D7%A1%D7%A8%D7%98%D7%99-%D7%A7%D7%A8%D7%9F-%D7%A7%D7%95%D7%9C%D7%A0%D7%95%D7%A2-%D7%A2%D7%A8%D7%91%D7%94-2/
דוד וולך,high,dictabert+hebert,"במאי, מפיק",קרן קולנוע ערבה,6,2023,https://aravaff.co.il/archive/2023/#main; https://aravaff.co.il/movies/%d7%93%d7%a0%d7%99%d7%90%d7%9c-%d7%90%d7%95%d7%99%d7%a2%d7%a8%d7%91%d7%90%d7%9a/#main; https://aravaff.co.il/archive/2023/
צ'טאק,medium,dictabert,"במאי, שחקן",קרן קולנוע ערבה,6,2023,https://aravaff.co.il/movies/%d7%97%d7%93%d7%a8-%d7%94%d7%9e%d7%95%d7%a8%d7%99%d7%9d/#main; https://aravaff.co.il/archive/2023/#main; https://aravaff.co.il/movies/%d7%97%d7%93%d7%a8-%d7%94%d7%9e%d7%95%d7%a8%d7%99%d7%9d/
אקי קאו,medium,dictabert,במאי,קרן קולנוע ערבה,6,2023,https://aravaff.co.il/en/movies/%d7%a2%d7%9c%d7%99-%d7%a9%d7%9c%d7%9b%d7%aa/#main; https://aravaff.co.il/archive/2023/#main; https://aravaff.co.il/movies/%d7%a2%d7%9c%d7%99-%d7%a9%d7%9c%d7%9b%d7%aa/#main
שירה גפן,high,dictabert+hebert,"במאי, מפיק","קרן הקולנוע ערבה, קרן קולנוע ערבה",6,2024,https://aravaff.co.il/movies/%d7%90%d7%95%d7%a4%d7%a7-%d7%94%d7%90%d7%99%d7%a8%d7%95%d7%a2%d7%99%d7%9d/; https://aravaff.co.il/archive/2024/#main; https://aravaff.co.il/movies/%d7%90%d7%95%d7%a4%d7%a7-%d7%94%d7%90%d7%99%d7%a8%d7%95%d7%a2%d7%99%d7%9d/#main
דילן,medium,dictabert,"במאי, מפיק","קרן הקולנוע ערבה, קרן קולנוע ערבה",6,2024,https://aravaff.co.il/movies/%d7%a4%d7%a8%d7%a0%d7%a6%d7%b3/; https://aravaff.co.il/movies/%d7%a4%d7%a8%d7%a0%d7%a6%d7%b3/#main; https://aravaff.co.il/archive/2024/#main
יעל רייספלד,medium,hebert,"במאי, מפיק","קרן הקולנוע ערבה, קרן קולנוע ערבה",6,"2023,2024",https://aravaff.co.il/movies/%d7%93%d7%92-%d7%97%d7%9d/#main; https://aravaff.co.il/movies/%d7%93%d7%92-%d7%97%d7%9d/; https://aravaff.co.il/archive/2024/#main
דפנה אוודיש גולן,medium,hebert,"במאי, מפיק","קרן הקולנוע ערבה, קרן קולנוע ערבה",6,"2023,2024",https://aravaff.co.il/movies/%d7%9c%d7%a9%d7%97%d7%95%d7%aa-%d7%a2%d7%9d-%d7%9b%d7%a0%d7%a4%d7%99%d7%99%d7%9d/#main; https://aravaff.co.il/movies/%d7%9c%d7%a9%d7%97%d7%95%d7%aa-%d7%a2%d7%9d-%d7%9b%d7%a0%d7%a4%d7%99%d7%99%d7%9d/; https://aravaff.co.il/archive/2024/#main
רוני בהט,high,dictabert+hebert,"במאי, מפיק","קרן הקולנוע ערבה, קרן קולנוע ערבה",6,2024,https://aravaff.co.il/movies/%d7%92%d7%91%d7%95%d7%9c/#main; https://aravaff.co.il/archive/2024/#main; https://aravaff.co.il/movies/%d7%92%d7%91%d7%95%d7%9c/
סיון לוי זק,medium,dictabert,"במאי, מפיק","קרן הקולנוע ערבה, קרן קולנוע ערבה",6,2024,https://aravaff.co.il/movies/%d7%97%d7%9c%d7%9c/; https://aravaff.co.il/movies/%d7%97%d7%9c%d7%9c/#main; https://aravaff.co.il/archive/2024/#main
גולן,medium,dictabert,"במאי, מפיק","קרן הקולנוע ערבה, קרן קולנוע ערבה",6,"2023,2024",https://aravaff.co.il/movies/%d7%9c%d7%a9%d7%97%d7%95%d7%aa-%d7%a2%d7%9d-%d7%9b%d7%a0%d7%a4%d7%99%d7%99%d7%9d/#main; https://aravaff.co.il/movies/%d7%9c%d7%a9%d7%97%d7%95%d7%aa-%d7%a2%d7%9d-%d7%9b%d7%a0%d7%a4%d7%99%d7%99%d7%9d/; https://aravaff.co.il/archive/2024/#main
כליל,high,dictabert+hebert,"במאי, מפיק","קרן הקולנוע ערבה, קרן קולנוע ערבה",6,2024,https://aravaff.co.il/movies/%d7%a9%d7%9b%d7%91%d7%95%d7%aa/#main; https://aravaff.co.il/archive/2024/#main; https://aravaff.co.il/movies/%d7%a9%d7%9b%d7%91%d7%95%d7%aa/
ועומר בן - דוד,medium,dictabert,,"קרן הקולנוע ערבה, קרן קולנוע ערבה",6,2024,https://aravaff.co.il/movies/%d7%9e%d7%9b%d7%aa%d7%91-%d7%90%d7%9c-%d7%94%d7%90%d7%91/; https://aravaff.co.il/archive/2024/#main; https://aravaff.co.il/movies/%d7%a1%d7%a8%d7%98%d7%99-%d7%a7%d7%a8%d7%9f-%d7%94%d7%a7%d7%95%d7%9c%d7%a0%d7%95%d7%a2-%d7%a2%d7%a8%d7%91%d7%94/#main
יעל רייס,high,dictabert+hebert,"במאי, מפיק","קרן הקולנוע ערבה, קרן קולנוע ערבה",6,"2023,2024",https://aravaff.co.il/movies/%d7%93%d7%92-%d7%97%d7%9d/#main; https://aravaff.co.il/movies/%d7%93%d7%92-%d7%97%d7%9d/; https://aravaff.co.il/archive/2024/#main
טלי,medium,dictabert,"במאי, מפיק","קרן הקולנוע ערבה, קרן קולנוע ערבה",6,"2023,2024",https://aravaff.co.il/movies/%d7%a4%d7%a0%d7%a1-%d7%91%d7%95%d7%93%d7%93/; https://aravaff.co.il/archive/2024/#main; https://aravaff.co.il/archive/2024/
דפנה אוו,medium,dictabert,"במאי, מפיק","קרן הקולנוע ערבה, קרן קולנוע ערבה",6,"2023,2024",https://aravaff.co.il/movies/%d7%9c%d7%a9%d7%97%d7%95%d7%aa-%d7%a2%d7%9d-%d7%9b%d7%a0%d7%a4%d7%99%d7%99%d7%9d/#main; https://aravaff.co.il/movies/%d7%9c%d7%a9%d7%97%d7%95%d7%aa-%d7%a2%d7%9d-%d7%9b%d7%a0%d7%a4%d7%99%d7%99%d7%9d/; https://aravaff.co.il/archive/2024/#main
רונה סגל,high,dictabert+hebert,"במאי, מפיק","קרן הקולנוע ערבה, קרן קולנוע ערבה",6,2024,https://aravaff.co.il/archive/2024/#main; https://aravaff.co.il/movies/%d7%a1%d7%a8%d7%98%d7%99-%d7%a7%d7%a8%d7%9f-%d7%94%d7%a7%d7%95%d7%9c%d7%a0%d7%95%d7%a2-%d7%a2%d7%a8%d7%91%d7%94/#main; https://aravaff.co.il/archive/2024/
##ים,medium,hebert,,"קרן קולנוע נגב, קרן הקולנוע ערבה, קרן קולנוע ערבה",6,"2023,2024,2025",https://aravaff.co.il/archive/2025/; https://aravaff.co.il/archive/2024/#main; https://aravaff.co.il/movies/%d7%94%d7%99%d7%9c%d7%93-%d7%95%d7%94%d7%90%d7%a0%d7%a4%d7%94/
דייגו סס,high,dictabert+hebert,במאי,"קרן קולנוע ערבה, קרן קולנוע נגב",6,"2020,2021,2025",https://aravaff.co.il/archive/2025/#main; https://aravaff.co.il/%d7%9c%d7%95%d7%97-%d7%94%d7%a7%d7%a8%d7%a0%d7%95%d7%aa/#main; https://aravaff.co.il/archive/2025/
סרגיי לוז,medium,dictabert,במאי,"קרן קולנוע ערבה, קרן קולנוע נגב",6,"2020,2021,2025",https://aravaff.co.il/archive/2025/#main; https://aravaff.co.il/%d7%9c%d7%95%d7%97-%d7%94%d7%a7%d7%a8%d7%a0%d7%95%d7%aa/#main; https://aravaff.co.il/archive/2025/
' לו אנטוניו,medium,dictabert,,"קרן קולנוע ערבה, קרן קולנוע נגב",6,2025,https://aravaff.co.il/movies/%d7%99%d7%a6%d7%a8%d7%99%d7%9d/; https://aravaff.co.il/archive/2025/#main; https://aravaff.co.il/archive/2025/
רומן פולנסקי,high,dictabert+hebert,"במאי, תסריטאי, מפיק","קרן קולנוע ערבה, קרן קולנוע נגב",6,"2020,2021,2025",https://aravaff.co.il/archive/2025/#main; https://aravaff.co.il/%d7%9c%d7%95%d7%97-%d7%94%d7%a7%d7%a8%d7%a0%d7%95%d7%aa/#main; https://aravaff.co.il/archive/2025/
מנד,medium,dictabert,"במאי, מנהל, שחקן","קרן קולנוע ערבה, קרן קולנוע נגב",6,"2020,2021,2025",https://aravaff.co.il/archive/2025/#main; https://aravaff.co.il/%d7%9c%d7%95%d7%97-%d7%94%d7%a7%d7%a8%d7%a0%d7%95%d7%aa/#main; https://aravaff.co.il/movies/%d7%94%d7%a1%d7%95%d7%9b%d7%9f-%d7%94%d7%97%d7%a9%d7%90%d7%99/#main
אורן גרנר,medium,hebert,"במאי, מפיק","קרן קולנוע ערבה, קרן קולנוע נגב",6,"2020,2021,2025",https://aravaff.co.il/movies/%d7%94%d7%aa%d7%94-%d7%a9%d7%9c-%d7%93%d7%9c%d7%99%d7%94-%d7%9e%d7%98%d7%99%d7%9c-%d7%a6%d7%9c-%d7%a2%d7%9c-%d7%94%d7%a8-%d7%a4%d7%95%d7%92%d7%99/#main; https://aravaff.co.il/%d7%9c%d7%95%d7%97-%d7%94%d7%a7%d7%a8%d7%a0%d7%95%d7%aa/#main; https://aravaff.co.il/movies/%d7%94%d7%aa%d7%94-%d7%a9%d7%9c-%d7%93%d7%9c%d7%99%d7%94-%d7%9e%d7%98%d7%99%d7%9c-%d7%a6%d7%9c-%d7%a2%d7%9c-%d7%94%d7%a8-%d7%a4%d7%95%d7%92%d7%99/
דניאל,high,dictabert+hebert,מפיק,"קרן קולנוע ערבה, קרן קולנוע נגב",6,"2020,2021,2023,2025",https://aravaff.co.il/movies/%d7%9e%d7%98%d7%90%d7%95%d7%a8%d7%99%d7%9d/; https://aravaff.co.il/%d7%9c%d7%95%d7%97-%d7%94%d7%a7%d7%a8%d7%a0%d7%95%d7%aa/#main; https://aravaff.co.il/%d7%9c%d7%95%d7%97-%d7%94%d7%a7%d7%a8%d7%a0%d7%95%d7%aa/
אלונה,high,dictabert+hebert,"במאי, מפיק",קרן קולנוע ערבה,6,2024,https://aravaff.co.il/movies/%d7%a4%d7%a8%d7%a0%d7%a6%d7%b3/; https://aravaff.co.il/movies/%d7%a4%d7%a8%d7%a0%d7%a6%d7%b3/#main; https://aravaff.co.il/%d7%a1%d7%a8%d7%98%d7%99-%d7%a7%d7%a8%d7%9f-%d7%a7%d7%95%d7%9c%d7%a0%d7%95%d7%a2-%d7%a2%d7%a8%d7%91%d7%94/#main
גלי,high,dictabert+hebert,"במאי, מפיק",קרן קולנוע ערבה,6,2024,https://aravaff.co.il/movies/%d7%a9%d7%9b%d7%91%d7%95%d7%aa/#main; https://aravaff.co.il/%d7%a1%d7%a8%d7%98%d7%99-%d7%a7%d7%a8%d7%9f-%d7%a7%d7%95%d7%9c%d7%a0%d7%95%d7%a2-%d7%a2%d7%a8%d7%91%d7%94/#main; https://aravaff.co.il/movies/%d7%a9%d7%9b%d7%91%d7%95%d7%aa/
גילה,high,dictabert+hebert,במאי,קרן קולנוע ערבה,6,"2023,2024",https://aravaff.co.il/movies/%d7%a4%d7%a0%d7%a1-%d7%91%d7%95%d7%93%d7%93/; https://aravaff.co.il/%d7%a1%d7%a8%d7%98%d7%99-%d7%a7%d7%a8%d7%9f-%d7%a7%d7%95%d7%9c%d7%a0%d7%95%d7%a2-%d7%a2%d7%a8%d7%91%d7%94/#main; https://aravaff.co.il/movies/%d7%a4%d7%a0%d7%a1-%d7%91%d7%95%d7%93%d7%93/#main
באמנון,medium,hebert,במאי,קרן קולנוע ערבה,6,"2023,2024",https://aravaff.co.il/movies/%d7%a4%d7%a0%d7%a1-%d7%91%d7%95%d7%93%d7%93/; https://aravaff.co.il/%d7%a1%d7%a8%d7%98%d7%99-%d7%a7%d7%a8%d7%9f-%d7%a7%d7%95%d7%9c%d7%a0%d7%95%d7%a2-%d7%a2%d7%a8%d7%91%d7%94/#main; https://aravaff.co.il/movies/%d7%a4%d7%a0%d7%a1-%d7%91%d7%95%d7%93%d7%93/#main
כשגילה,medium,dictabert+hebert,במאי,קרן קולנוע ערבה,6,"2023,2024",https://aravaff.co.il/movies/%d7%a4%d7%a0%d7%a1-%d7%91%d7%95%d7%93%d7%93/; https://aravaff.co.il/%d7%a1%d7%a8%d7%98%d7%99-%d7%a7%d7%a8%d7%9f-%d7%a7%d7%95%d7%9c%d7%a0%d7%95%d7%a2-%d7%a2%d7%a8%d7%91%d7%94/#main; https://aravaff.co.il/movies/%d7%a4%d7%a0%d7%a1-%d7%91%d7%95%d7%93%d7%93/#main
שרי,high,dictabert+hebert,במאי,קרן קולנוע ערבה,6,2024,https://aravaff.co.il/movies/%d7%a4%d7%a8%d7%a0%d7%a6%d7%b3/; https://aravaff.co.il/movies/%d7%a4%d7%a8%d7%a0%d7%a6%d7%b3/#main; https://aravaff.co.il/%d7%a1%d7%a8%d7%98%d7%99-%d7%a7%d7%a8%d7%9f-%d7%a7%d7%95%d7%9c%d7%a0%d7%95%d7%a2-%d7%a2%d7%a8%d7%91%d7%94/#main
שרונה,high,dictabert+hebert,במאי,קרן קולנוע ערבה,6,"2023,2024",https://aravaff.co.il/%d7%a1%d7%a8%d7%98%d7%99-%d7%a7%d7%a8%d7%9f-%d7%a7%d7%95%d7%9c%d7%a0%d7%95%d7%a2-%d7%a2%d7%a8%d7%91%d7%94/#main; https://aravaff.co.il/movies/%d7%9e%d7%96%d7%9c-%d7%93%d7%92%d7%99%d7%9d/#main; https://aravaff.co.il/movies/%d7%9e%d7%96%d7%9c-%d7%93%d7%92%d7%99%d7%9d/
והשייח',medium,hebert,במאי,"מרכז קהילה ערבה, קרן הקולנוע ערבה, קרן קולנוע ערבה, המועצה האזורית ערבה תיכונה, קרן קולנוע נגב, משרד התרבות, קרן גשר, קרן גשר לקולנוע, קרן קולנוע מדרום, מכללת ספיר",6,"2020,2025",https://aravaff.co.il/movies/%d7%94%d7%9e%d7%93%d7%99%d7%a0%d7%94-%d7%a7%d7%95%d7%a8%d7%90%d7%aa-%d7%9c%d7%9a/#main; https://aravaff.co.il/movies/%d7%a7%d7%a6%d7%a8-%d7%91%d7%9e%d7%93%d7%91%d7%a8-%d7%a1%d7%a8%d7%98%d7%99-%d7%a7%d7%a8%d7%9f-%d7%a7%d7%95%d7%9c%d7%a0%d7%95%d7%a2-%d7%94%d7%a0%d7%92%d7%91-%d7%94%d7%9e%d7%90%d7%95%d7%97%d7%93/; https://aravaff.co.il/%d7%a1%d7%a8%d7%98%d7%99-%d7%a7%d7%a8%d7%9f-%d7%a7%d7%95%d7%9c%d7%a0%d7%95%d7%a2-%d7%a0%d7%92%d7%91-%d7%94%d7%9e%d7%90%d7%95%d7%97%d7%93%d7%aa/#main
##nath,medium,hebert,,קרן קולנוע ערבה,6,"2023,2024",https://aravaff.co.il/en/movies/shorts-in-the-desert-2/#main; https://aravaff.co.il/en/movies/%d7%94%d7%98%d7%99%d7%a8%d7%94-%d7%94%d7%a0%d7%a2%d7%94/; https://aravaff.co.il/en/movies/shorts-in-the-desert-2/
volach,medium,hebert,,קרן קולנוע ערבה,6,2023,https://aravaff.co.il/en/movies/%d7%93%d7%a0%d7%99%d7%90%d7%9c-%d7%90%d7%95%d7%99%d7%a2%d7%a8%d7%91%d7%90%d7%9a/#main; https://aravaff.co.il/en/movies/%d7%94%d7%99%d7%9c%d7%93-%d7%95%d7%94%d7%90%d7%a0%d7%a4%d7%94/; https://aravaff.co.il/en/movies/%d7%94%d7%98%d7%99%d7%a8%d7%94-%d7%94%d7%a0%d7%a2%d7%94/
jon,medium,dictabert,,קרן קולנוע ערבה,6,2023,https://aravaff.co.il/movies/stop-making-sense/; https://aravaff.co.il/movies/%d7%90%d7%96%d7%95%d7%a8-%d7%94%d7%a2%d7%a0%d7%99%d7%99%d7%9f/#main; https://aravaff.co.il/movies/%d7%90%d7%96%d7%95%d7%a8-%d7%94%d7%a2%d7%a0%d7%99%d7%99%d7%9f/
נגה,medium,hebert+dictabert,"מפיק, במאי",קרן קולנוע ערבה,6,"2024,2025",https://aravaff.co.il/movies/%d7%94%d7%aa%d7%94-%d7%a9%d7%9c-%d7%93%d7%9c%d7%99%d7%94-%d7%9e%d7%98%d7%99%d7%9c-%d7%a6%d7%9c-%d7%a2%d7%9c-%d7%94%d7%a8-%d7%a4%d7%95%d7%92%d7%99/#main; https://aravaff.co.il/movies/%d7%94%d7%aa%d7%94-%d7%a9%d7%9c-%d7%93%d7%9c%d7%99%d7%94-%d7%9e%d7%98%d7%99%d7%9c-%d7%a6%d7%9c-%d7%a2%d7%9c-%d7%94%d7%a8-%d7%a4%d7%95%d7%92%d7%99/; https://aravaff.co.il/movies/%d7%90%d7%95%d7%a4%d7%a7-%d7%94%d7%90%d7%99%d7%a8%d7%95%d7%a2%d7%99%d7%9d/
franc,medium,dictabert,,קרן קולנוע ערבה,6,"2012,2023,2025",https://aravaff.co.il/movies/%d7%90%d7%97%d7%a8%d7%99-%d7%9c%d7%95%d7%a1%d7%99%d7%94/#main; https://aravaff.co.il/movies/%d7%94%d7%91%d7%95%d7%96/#main; https://aravaff.co.il/movies/%d7%96%d7%9b%d7%a8%d7%95%d7%a0%d7%95%d7%aa/
mic,medium,dictabert,,קרן קולנוע ערבה,6,"2012,2023",https://aravaff.co.il/movies/%d7%99%d7%a6%d7%a8%d7%99%d7%9d/; https://aravaff.co.il/movies/%d7%90%d7%97%d7%a8%d7%99-%d7%9c%d7%95%d7%a1%d7%99%d7%94/#main; https://aravaff.co.il/movies/%d7%96%d7%9b%d7%a8%d7%95%d7%a0%d7%95%d7%aa/
מארי אמשוקלי,medium,hebert,"במאי, צלם, מפיק",קרן קולנוע ערבה,6,"2014,2023",https://aravaff.co.il/movies/%d7%90%d7%9e%d7%90-%d7%92%d7%9c%d7%95%d7%a8%d7%99%d7%94/#main; https://aravaff.co.il/movies/%d7%94%d7%99%d7%9c%d7%93-%d7%95%d7%94%d7%90%d7%a0%d7%a4%d7%94/; https://aravaff.co.il/movies/%d7%90%d7%9e%d7%90-%d7%92%d7%9c%d7%95%d7%a8%d7%99%d7%94/
hayao miyazaki,medium,hebert,,קרן קולנוע ערבה,6,2023,https://aravaff.co.il/movies/%d7%a4%d7%95%d7%a0%d7%99%d7%95-%d7%a2%d7%9c-%d7%94%d7%a6%d7%95%d7%a7-%d7%9c%d7%99%d7%93-%d7%94%d7%99%d7%9d/#main; https://aravaff.co.il/movies/%d7%a4%d7%95%d7%a0%d7%99%d7%95-%d7%a2%d7%9c-%d7%94%d7%a6%d7%95%d7%a7-%d7%9c%d7%99%d7%93-%d7%94%d7%99%d7%9d/; https://aravaff.co.il/movies/%d7%94%d7%99%d7%9c%d7%93-%d7%95%d7%94%d7%90%d7%a0%d7%a4%d7%94/
מייקל קורטיז,medium,hebert,"במאי, מפיק",קרן קולנוע ערבה,6,2023,https://aravaff.co.il/movies/%d7%a7%d7%96%d7%91%d7%9c%d7%a0%d7%a7%d7%94/; https://aravaff.co.il/movies/%d7%a7%d7%96%d7%91%d7%9c%d7%a0%d7%a7%d7%94/#main; https://aravaff.co.il/movies/%d7%94%d7%99%d7%9c%d7%93-%d7%95%d7%94%d7%90%d7%a0%d7%a4%d7%94/
נורי בילגה ג'יילן,medium,hebert,"במאי, שחקן",קרן קולנוע ערבה,6,2023,https://aravaff.co.il/movies/%d7%a2%d7%9c-%d7%a2%d7%a9%d7%91%d7%99%d7%9d-%d7%99%d7%91%d7%a9%d7%99%d7%9d/; https://aravaff.co.il/movies/%d7%a2%d7%9c-%d7%a2%d7%a9%d7%91%d7%99%d7%9d-%d7%99%d7%91%d7%a9%d7%99%d7%9d/#main; https://aravaff.co.il/movies/%d7%94%d7%99%d7%9c%d7%93-%d7%95%d7%94%d7%90%d7%a0%d7%a4%d7%94/
joe hisaishi,medium,hebert,,קרן קולנוע ערבה,6,2023,https://aravaff.co.il/movies/%d7%a4%d7%95%d7%a0%d7%99%d7%95-%d7%a2%d7%9c-%d7%94%d7%a6%d7%95%d7%a7-%d7%9c%d7%99%d7%93-%d7%94%d7%99%d7%9d/#main; https://aravaff.co.il/movies/%d7%a4%d7%95%d7%a0%d7%99%d7%95-%d7%a2%d7%9c-%d7%94%d7%a6%d7%95%d7%a7-%d7%9c%d7%99%d7%93-%d7%94%d7%99%d7%9d/; https://aravaff.co.il/movies/%d7%94%d7%99%d7%9c%d7%93-%d7%95%d7%94%d7%90%d7%a0%d7%a4%d7%94/
ג'ונתן דמי מדינה,medium,hebert,,קרן קולנוע ערבה,6,2023,https://aravaff.co.il/movies/stop-making-sense/; https://aravaff.co.il/movies/stop-making-sense/#main; https://aravaff.co.il/movies/%d7%94%d7%99%d7%9c%d7%93-%d7%95%d7%94%d7%90%d7%a0%d7%a4%d7%94/
פבלו ברגר,high,dictabert+hebert,"במאי, מפיק",קרן קולנוע ערבה,6,2023,https://aravaff.co.il/movies/%d7%97%d7%9c%d7%95%d7%9e%d7%95%d7%aa-%d7%a9%d7%9c-%d7%a8%d7%95%d7%91%d7%95%d7%98/; https://aravaff.co.il/movies/%d7%94%d7%99%d7%9c%d7%93-%d7%95%d7%94%d7%90%d7%a0%d7%a4%d7%94/; https://aravaff.co.il/movies/%d7%97%d7%9c%d7%95%d7%9e%d7%95%d7%aa-%d7%a9%d7%9c-%d7%a8%d7%95%d7%91%d7%95%d7%98/#main
ג'ונתן דמי,high,hebert+dictabert,,קרן קולנוע ערבה,6,2023,https://aravaff.co.il/movies/stop-making-sense/; https://aravaff.co.il/movies/stop-making-sense/#main; https://aravaff.co.il/movies/%d7%94%d7%99%d7%9c%d7%93-%d7%95%d7%94%d7%90%d7%a0%d7%a4%d7%94/
ברני,medium,dictabert,במאי,"מרכז קהילה ערבה, קרן הקולנוע ערבה, קרן קולנוע ערבה, המועצה האזורית ערבה תיכונה, קרן קולנוע נגב, משרד התרבות, קרן גשר, קרן גשר לקולנוע, קרן קולנוע מדרום, מכללת ספיר",5,"2020,2021,2025",https://aravaff.co.il/%d7%9c%d7%95%d7%97-%d7%94%d7%a7%d7%a8%d7%a0%d7%95%d7%aa/#main; https://aravaff.co.il/%d7%9c%d7%95%d7%97-%d7%94%d7%a7%d7%a8%d7%a0%d7%95%d7%aa/; https://aravaff.co.il/%D7%A1%D7%A8%D7%98%D7%99-%D7%A7%D7%A8%D7%9F-%D7%A7%D7%95%D7%9C%D7%A0%D7%95%D7%A2-%D7%A2%D7%A8%D7%91%D7%94-2/#main
רוזאלי רוזאלי,medium,hebert,,קרן קולנוע ערבה,5,2023,https://aravaff.co.il/archive/2023/#main; https://aravaff.co.il/movies/%d7%94%d7%99%d7%9c%d7%93-%d7%95%d7%94%d7%90%d7%a0%d7%a4%d7%94/; https://aravaff.co.il/movies/%d7%94%d7%99%d7%9c%d7%93-%d7%95%d7%94%d7%90%d7%a0%d7%a4%d7%94/#main
רוזנטל,high,dictabert+hebert,במאי,"קרן קולנוע נגב, קרן הקולנוע ערבה, קרן קולנוע ערבה",5,"2024,2025",https://aravaff.co.il/archive/2025/; https://aravaff.co.il/archive/2024/#main; https://aravaff.co.il/%d7%a1%d7%a8%d7%98%d7%99-%d7%a7%d7%a8%d7%9f-%d7%a7%d7%95%d7%9c%d7%a0%d7%95%d7%a2-%d7%a2%d7%a8%d7%91%d7%94/#main
ג'ורג'רוי היל,high,dictabert+hebert,,"קרן קולנוע ערבה, קרן קולנוע נגב",5,"2020,2021,2025",https://aravaff.co.il/archive/2025/#main; https://aravaff.co.il/%d7%9c%d7%95%d7%97-%d7%94%d7%a7%d7%a8%d7%a0%d7%95%d7%aa/#main; https://aravaff.co.il/movies/%d7%94%d7%a2%d7%95%d7%a7%d7%a5/#main
צ'רלי צ'פלין,high,dictabert+hebert,,"קרן קולנוע ערבה, קרן קולנוע נגב",5,"2020,2021,2025",https://aravaff.co.il/archive/2025/#main; https://aravaff.co.il/archive/2025/; https://aravaff.co.il/%d7%9c%d7%95%d7%97-%d7%94%d7%a7%d7%a8%d7%a0%d7%95%d7%aa/
ben,high,hebert+dictabert,,קרן קולנוע ערבה,5,"2023,2024,2025",https://aravaff.co.il/movies/%d7%a8%d7%95%d7%96%d7%90%d7%9c%d7%99/; https://aravaff.co.il/movies/%d7%a8%d7%95%d7%96%d7%90%d7%9c%d7%99/#main; https://aravaff.co.il/movies/%d7%9c%d7%a2%d7%96%d7%95%d7%91-%d7%99%d7%95%d7%9d-%d7%90%d7%97%d7%93/#main
אורסולה סול,medium,dictabert,"במאי, שחקן",קרן קולנוע ערבה,4,2023,https://aravaff.co.il/movies/20-%d7%90%d7%9c%d7%a3-%d7%9e%d7%99%d7%a0%d7%99%d7%9d-%d7%a9%d7%9c-%d7%93%d7%91%d7%95%d7%a8%d7%99%d7%9d/#main; https://aravaff.co.il/archive/2023/#main; https://aravaff.co.il/archive/2023/
' ה רור,medium,dictabert,,קרן קולנוע ערבה,4,2023,https://aravaff.co.il/movies/%d7%9c%d7%94-%d7%9b%d7%99%d7%9e%d7%a8%d7%94/#main; https://aravaff.co.il/archive/2023/#main; https://aravaff.co.il/movies/%d7%9c%d7%94-%d7%9b%d7%99%d7%9e%d7%a8%d7%94/
נורי ביל,medium,dictabert,"במאי, שחקן",קרן קולנוע ערבה,4,2023,https://aravaff.co.il/movies/%d7%a2%d7%9c-%d7%a2%d7%a9%d7%91%d7%99%d7%9d-%d7%99%d7%91%d7%a9%d7%99%d7%9d/#main; https://aravaff.co.il/archive/2023/#main; https://aravaff.co.il/archive/2023/
אלי,medium,dictabert,במאי,קרן קולנוע ערבה,4,2023,https://aravaff.co.il/movies/%d7%9c%d7%94-%d7%9b%d7%99%d7%9e%d7%a8%d7%94/#main; https://aravaff.co.il/archive/2023/#main; https://aravaff.co.il/movies/%d7%9c%d7%94-%d7%9b%d7%99%d7%9e%d7%a8%d7%94/
ג'יילן,medium,dictabert,"במאי, שחקן",קרן קולנוע ערבה,4,2023,https://aravaff.co.il/movies/%d7%a2%d7%9c-%d7%a2%d7%a9%d7%91%d7%99%d7%9d-%d7%99%d7%91%d7%a9%d7%99%d7%9d/#main; https://aravaff.co.il/archive/2023/#main; https://aravaff.co.il/archive/2023/
מאיה קסל,high,dictabert+hebert,"במאי, מפיק",קרן קולנוע ערבה,4,2023,https://aravaff.co.il/movies/%d7%94%d7%95%d7%a8%d7%99%d7%a7%d7%9f-%d7%9c%d7%9c%d7%99/#main; https://aravaff.co.il/archive/2023/#main; https://aravaff.co.il/archive/2023/
מייקל קורט,medium,dictabert,"במאי, מפיק",קרן קולנוע ערבה,4,2023,https://aravaff.co.il/movies/%d7%a7%d7%96%d7%91%d7%9c%d7%a0%d7%a7%d7%94/#main; https://aravaff.co.il/archive/2023/#main; https://aravaff.co.il/archive/2023/
וולטר סאל,medium,dictabert,"במאי, תסריטאי, מפיק, שחקן","קרן הקולנוע ערבה, קרן קולנוע ערבה",4,2024,https://aravaff.co.il/movies/%d7%90%d7%a0%d7%99-%d7%a2%d7%93%d7%99%d7%99%d7%9f-%d7%9b%d7%90%d7%9f/; https://aravaff.co.il/archive/2024/; https://aravaff.co.il/archive/2024/#main
מישל הז,medium,dictabert,"במאי, מפיק","קרן הקולנוע ערבה, קרן קולנוע ערבה",4,2024,https://aravaff.co.il/movies/%d7%a1%d7%97%d7%95%d7%a8%d7%94-%d7%99%d7%a7%d7%a8%d7%94-%d7%9e%d7%9b%d7%9c/#main; https://aravaff.co.il/archive/2024/; https://aravaff.co.il/archive/2024/#main
מייקל דודו,medium,dictabert,"במאי, מפיק","קרן הקולנוע ערבה, קרן קולנוע ערבה",4,"2016,2024",https://aravaff.co.il/movies/%d7%94%d7%a6%d7%91-%d7%94%d7%90%d7%93%d7%95%d7%9d/; https://aravaff.co.il/archive/2024/; https://aravaff.co.il/archive/2024/#main
צוקים,medium,hebert,במאי,"קרן קולנוע נגב, קרן הקולנוע ערבה, קרן קולנוע ערבה",4,"2023,2024,2025",https://aravaff.co.il/archive/2025/#main; https://aravaff.co.il/archive/2024/; https://aravaff.co.il/movies/%d7%94%d7%98%d7%99%d7%a8%d7%94-%d7%94%d7%a0%d7%a2%d7%94/#main
עמנואל פאר,medium,dictabert,במאי,"קרן הקולנוע ערבה, קרן קולנוע ערבה",4,2024,https://aravaff.co.il/movies/%d7%a9%d7%9c%d7%95%d7%a9%d7%94-%d7%a7%d7%99%d7%9c%d7%95%d7%9e%d7%98%d7%a8%d7%99%d7%9d-%d7%9e%d7%a1%d7%95%d7%a3-%d7%94%d7%a2%d7%95%d7%9c%d7%9d/#main; https://aravaff.co.il/archive/2024/; https://aravaff.co.il/archive/2024/#main
גינ,medium,dictabert,"במאי, מפיק","קרן הקולנוע ערבה, קרן קולנוע ערבה",4,2024,https://aravaff.co.il/movies/%d7%a2%d7%9d-%d7%94%d7%96%d7%a8%d7%9d/; https://aravaff.co.il/archive/2024/; https://aravaff.co.il/archive/2024/#main
רוני,medium,dictabert,במאי,"קרן הקולנוע ערבה, קרן קולנוע ערבה",4,2024,https://aravaff.co.il/movies/%d7%aa%d7%97%d7%a8%d7%95%d7%aa-%d7%9c%d7%a1%d7%a8%d7%98%d7%99%d7%9d-%d7%99%d7%a9%d7%a8%d7%90%d7%9c%d7%99%d7%9d-%d7%a2%d7%9c%d7%99%d7%9c%d7%aa%d7%99%d7%99%d7%9d-%d7%a7%d7%a6%d7%a8%d7%99%d7%9d-2/; https://aravaff.co.il/archive/2024/; https://aravaff.co.il/archive/2024/#main
אקי,medium,dictabert,"במאי, מפיק","קרן הקולנוע ערבה, קרן קולנוע ערבה",4,"2023,2024",https://aravaff.co.il/movies/%d7%9e%d7%96%d7%9c-%d7%93%d7%92%d7%99%d7%9d/#main; https://aravaff.co.il/movies/%d7%9e%d7%96%d7%9c-%d7%93%d7%92%d7%99%d7%9d/; https://aravaff.co.il/archive/2024/
מאיה קניג,medium,dictabert,במאי,"קרן הקולנוע ערבה, קרן קולנוע ערבה",4,2024,https://aravaff.co.il/archive/2024/; https://aravaff.co.il/archive/2024/#main; https://aravaff.co.il/movies/%d7%97%d7%9c%d7%91/
מילוש פורמן,high,dictabert+hebert,במאי,"קרן הקולנוע ערבה, קרן קולנוע ערבה",4,2024,https://aravaff.co.il/movies/%d7%a9%d7%99%d7%a2%d7%a8/#main; https://aravaff.co.il/archive/2024/; https://aravaff.co.il/archive/2024/#main
מאורה דל,medium,dictabert,"במאי, מפיק","קרן הקולנוע ערבה, קרן קולנוע ערבה",4,2024,https://aravaff.co.il/movies/%d7%9b%d7%9c%d7%aa-%d7%94%d7%94%d7%a8/#main; https://aravaff.co.il/archive/2024/; https://aravaff.co.il/archive/2024/#main
פרנק,medium,dictabert,במאי,"קרן הקולנוע ערבה, קרן קולנוע ערבה",4,2024,https://aravaff.co.il/movies/%d7%aa%d7%97%d7%a8%d7%95%d7%aa-%d7%9c%d7%a1%d7%a8%d7%98%d7%99%d7%9d-%d7%99%d7%a9%d7%a8%d7%90%d7%9c%d7%99%d7%9d-%d7%a2%d7%9c%d7%99%d7%9c%d7%aa%d7%99%d7%99%d7%9d-%d7%a7%d7%a6%d7%a8%d7%99%d7%9d-2/; https://aravaff.co.il/archive/2024/; https://aravaff.co.il/archive/2024/#main
ספיר,high,hebert+dictabert,במאי,"קרן הקולנוע ערבה, קרן קולנוע ערבה",4,2024,https://aravaff.co.il/%d7%a1%d7%a8%d7%98%d7%99-%d7%a7%d7%a8%d7%9f-%d7%a7%d7%95%d7%9c%d7%a0%d7%95%d7%a2-%d7%a2%d7%a8%d7%91%d7%94/; https://aravaff.co.il/%d7%a1%d7%a8%d7%98%d7%99-%d7%a7%d7%a8%d7%9f-%d7%a7%d7%95%d7%9c%d7%a0%d7%95%d7%a2-%d7%a2%d7%a8%d7%91%d7%94/#main; https://aravaff.co.il/archive/2024/
ריימונד בורל,medium,dictabert,"במאי, מפיק","קרן הקולנוע ערבה, קרן קולנוע ערבה",4,"1998,2024",https://aravaff.co.il/movies/%d7%a7%d7%99%d7%a8%d7%99%d7%a7%d7%95-%d7%95%d7%94%d7%9e%d7%9b%d7%a9%d7%a4%d7%94/; https://aravaff.co.il/archive/2024/; https://aravaff.co.il/archive/2024/#main
מישל אוסלו,high,dictabert+hebert,"במאי, מפיק","קרן הקולנוע ערבה, קרן קולנוע ערבה",4,"1998,2024",https://aravaff.co.il/movies/%d7%a7%d7%99%d7%a8%d7%99%d7%a7%d7%95-%d7%95%d7%94%d7%9e%d7%9b%d7%a9%d7%a4%d7%94/; https://aravaff.co.il/archive/2024/; https://aravaff.co.il/archive/2024/#main
רידינג,medium,dictabert,"במאי, מפיק","קרן הקולנוע ערבה, קרן קולנוע ערבה",4,2024,https://aravaff.co.il/movies/%d7%99%d7%94%d7%9c%d7%95%d7%9d-%d7%a4%d7%a8%d7%95%d7%a2/; https://aravaff.co.il/movies/%d7%99%d7%94%d7%9c%d7%95%d7%9d-%d7%a4%d7%a8%d7%95%d7%a2/#main; https://aravaff.co.il/archive/2024/
בוריס לוז'קין,high,dictabert+hebert,,"קרן הקולנוע ערבה, קרן קולנוע ערבה",4,2024,https://aravaff.co.il/movies/%d7%94%d7%a1%d7%99%d7%a4%d7%95%d7%a8-%d7%a9%d7%9c-%d7%a1%d7%95%d7%9c%d7%99%d7%9e%d7%90%d7%9f/#main; https://aravaff.co.il/movies/%d7%94%d7%a1%d7%99%d7%a4%d7%95%d7%a8-%d7%a9%d7%9c-%d7%a1%d7%95%d7%9c%d7%99%d7%9e%d7%90%d7%9f/; https://aravaff.co.il/archive/2024/
כליל כובש,medium,hebert,במאי,"קרן הקולנוע ערבה, קרן קולנוע ערבה",4,2024,https://aravaff.co.il/movies/%d7%aa%d7%97%d7%a8%d7%95%d7%aa-%d7%9c%d7%a1%d7%a8%d7%98%d7%99%d7%9d-%d7%99%d7%a9%d7%a8%d7%90%d7%9c%d7%99%d7%9d-%d7%a2%d7%9c%d7%99%d7%9c%d7%aa%d7%99%d7%99%d7%9d-%d7%a7%d7%a6%d7%a8%d7%99%d7%9d-2/; https://aravaff.co.il/archive/2024/; https://aravaff.co.il/archive/2024/#main
רונ,medium,dictabert,"במאי, תסריטאי","קרן הקולנוע ערבה, קרן קולנוע ערבה",4,2024,https://aravaff.co.il/movies/%d7%9b%d7%a9%d7%94%d7%90%d7%95%d7%a8-%d7%a0%d7%a9%d7%91%d7%a8/#main; https://aravaff.co.il/archive/2024/; https://aravaff.co.il/archive/2024/#main
הו גווא,medium,dictabert,"במאי, מפיק","קרן הקולנוע ערבה, קרן קולנוע ערבה",4,2024,https://aravaff.co.il/movies/%d7%9b%d7%9c%d7%91-%d7%a9%d7%97%d7%95%d7%a8/; https://aravaff.co.il/archive/2024/; https://aravaff.co.il/archive/2024/#main
רייס,medium,dictabert,במאי,"קרן הקולנוע ערבה, קרן קולנוע ערבה",4,2024,https://aravaff.co.il/movies/%d7%aa%d7%97%d7%a8%d7%95%d7%aa-%d7%9c%d7%a1%d7%a8%d7%98%d7%99%d7%9d-%d7%99%d7%a9%d7%a8%d7%90%d7%9c%d7%99%d7%9d-%d7%a2%d7%9c%d7%99%d7%9c%d7%aa%d7%99%d7%99%d7%9d-%d7%a7%d7%a6%d7%a8%d7%99%d7%9d-2/; https://aravaff.co.il/archive/2024/; https://aravaff.co.il/archive/2024/#main
אגא,medium,dictabert,"במאי, מפיק","קרן הקולנוע ערבה, קרן קולנוע ערבה",4,2024,https://aravaff.co.il/movies/%d7%99%d7%94%d7%9c%d7%95%d7%9d-%d7%a4%d7%a8%d7%95%d7%a2/; https://aravaff.co.il/movies/%d7%99%d7%94%d7%9c%d7%95%d7%9d-%d7%a4%d7%a8%d7%95%d7%a2/#main; https://aravaff.co.il/archive/2024/
ג'ון קס,high,dictabert+hebert,,"קרן הקולנוע ערבה, קרן קולנוע ערבה",4,2024,https://aravaff.co.il/movies/%d7%92%d7%9c%d7%95%d7%a8%d7%99%d7%94/#main; https://aravaff.co.il/archive/2024/; https://aravaff.co.il/archive/2024/#main
דה - ויט,medium,dictabert,,"קרן הקולנוע ערבה, קרן קולנוע ערבה",4,"2016,2024",https://aravaff.co.il/movies/%d7%94%d7%a6%d7%91-%d7%94%d7%90%d7%93%d7%95%d7%9d/; https://aravaff.co.il/archive/2024/; https://aravaff.co.il/archive/2024/#main
טלילה פרנק,medium,hebert,במאי,"קרן הקולנוע ערבה, קרן קולנוע ערבה",4,2024,https://aravaff.co.il/movies/%d7%aa%d7%97%d7%a8%d7%95%d7%aa-%d7%9c%d7%a1%d7%a8%d7%98%d7%99%d7%9d-%d7%99%d7%a9%d7%a8%d7%90%d7%9c%d7%99%d7%9d-%d7%a2%d7%9c%d7%99%d7%9c%d7%aa%d7%99%d7%99%d7%9d-%d7%a7%d7%a6%d7%a8%d7%99%d7%9d-2/; https://aravaff.co.il/archive/2024/; https://aravaff.co.il/archive/2024/#main
פדרו אלמודובר,high,dictabert+hebert,"במאי, מפיק","קרן הקולנוע ערבה, קרן קולנוע ערבה",4,2024,https://aravaff.co.il/movies/%d7%94%d7%97%d7%93%d7%a8-%d7%94%d7%a1%d7%9e%d7%95%d7%9a/; https://aravaff.co.il/movies/%d7%94%d7%97%d7%93%d7%a8-%d7%94%d7%a1%d7%9e%d7%95%d7%9a/#main; https://aravaff.co.il/archive/2024/
פרנק מדינה,medium,dictabert,,"קרן הקולנוע ערבה, קרן קולנוע ערבה",4,"2023,2024",https://aravaff.co.il/movies/%d7%a4%d7%a0%d7%a1-%d7%91%d7%95%d7%93%d7%93/#main; https://aravaff.co.il/movies/%d7%a4%d7%a0%d7%a1-%d7%91%d7%95%d7%93%d7%93/; https://aravaff.co.il/archive/2024/
דרור,medium,dictabert,במאי,"קרן הקולנוע ערבה, קרן קולנוע ערבה",4,2024,https://aravaff.co.il/movies/%d7%aa%d7%97%d7%a8%d7%95%d7%aa-%d7%9c%d7%a1%d7%a8%d7%98%d7%99%d7%9d-%d7%99%d7%a9%d7%a8%d7%90%d7%9c%d7%99%d7%9d-%d7%a2%d7%9c%d7%99%d7%9c%d7%aa%d7%99%d7%99%d7%9d-%d7%a7%d7%a6%d7%a8%d7%99%d7%9d-2/; https://aravaff.co.il/archive/2024/; https://aravaff.co.il/archive/2024/#main
זיל,medium,dictabert,"במאי, מפיק","קרן הקולנוע ערבה, קרן קולנוע ערבה",4,2024,https://aravaff.co.il/movies/%d7%a2%d7%9d-%d7%94%d7%96%d7%a8%d7%9d/; https://aravaff.co.il/archive/2024/; https://aravaff.co.il/archive/2024/#main
לואיז קורב,medium,dictabert,במאי,"קרן הקולנוע ערבה, קרן קולנוע ערבה",4,2024,https://aravaff.co.il/movies/%d7%a4%d7%a8%d7%94-%d7%a4%d7%a8%d7%94/; https://aravaff.co.il/archive/2024/; https://aravaff.co.il/archive/2024/#main
סולימאן,high,hebert+dictabert,במאי,"קרן הקולנוע ערבה, קרן קולנוע ערבה",4,2024,https://aravaff.co.il/movies/%d7%94%d7%a1%d7%99%d7%a4%d7%95%d7%a8-%d7%a9%d7%9c-%d7%a1%d7%95%d7%9c%d7%99%d7%9e%d7%90%d7%9f/#main; https://aravaff.co.il/movies/%d7%94%d7%a1%d7%99%d7%a4%d7%95%d7%a8-%d7%a9%d7%9c-%d7%a1%d7%95%d7%9c%d7%99%d7%9e%d7%90%d7%9f/; https://aravaff.co.il/archive/2024/
קרין טר,medium,dictabert,במאי,"קרן הקולנוע ערבה, קרן קולנוע ערבה",4,2024,https://aravaff.co.il/movies/%d7%9e%d7%94-%d7%a9%d7%9e%d7%97%d7%91%d7%a8-%d7%91%d7%99%d7%a0%d7%99%d7%a0%d7%95/#main; https://aravaff.co.il/archive/2024/; https://aravaff.co.il/archive/2024/#main
מאשה הלבר,medium,dictabert,"במאי, מפיק","קרן קולנוע ערבה, קרן קולנוע נגב",4,"2024,2025",https://aravaff.co.il/movies/%d7%a9%d7%95%d7%a2%d7%9c-%d7%95%d7%90%d7%a8%d7%a0%d7%91%d7%aa-%d7%9e%d7%a6%d7%99%d7%9c%d7%99%d7%9d-%d7%90%d7%aa-%d7%94%d7%99%d7%a2%d7%a8/#main; https://aravaff.co.il/archive/2025/; https://aravaff.co.il/archive/2025/#main
יואכים טרייר,high,dictabert+hebert,במאי,"קרן קולנוע ערבה, קרן קולנוע נגב",4,2025,https://aravaff.co.il/archive/2025/; https://aravaff.co.il/archive/2025/#main; https://aravaff.co.il/movies/%d7%a2%d7%a8%d7%9a-%d7%a1%d7%a0%d7%98%d7%99%d7%9e%d7%a0%d7%98%d7%9c%d7%99/
כריס באק,high,dictabert+hebert,"במאי, מפיק","קרן קולנוע ערבה, קרן קולנוע נגב",4,2025,https://aravaff.co.il/movies/%d7%aa%d7%a4%d7%95%d7%a1-%d7%aa%d7%b3%d7%92%d7%9c%d7%99%d7%9d/#main; https://aravaff.co.il/archive/2025/; https://aravaff.co.il/archive/2025/#main
הילה רוי,medium,dictabert,במאי,"קרן קולנוע ערבה, קרן קולנוע נגב",4,2025,https://aravaff.co.il/movies/%d7%a7%d7%a6%d7%a8-%d7%91%d7%9e%d7%93%d7%91%d7%a8-%d7%a1%d7%a8%d7%98%d7%99-%d7%a7%d7%a8%d7%9f-%d7%a7%d7%95%d7%9c%d7%a0%d7%95%d7%a2-%d7%94%d7%a0%d7%92%d7%91-%d7%94%d7%9e%d7%90%d7%95%d7%97%d7%93/; https://aravaff.co.il/archive/2025/; https://aravaff.co.il/archive/2025/#main
הובר,medium,dictabert,"במאי, מפיק","קרן קולנוע ערבה, קרן קולנוע נגב",4,"2020,2021,2025",https://aravaff.co.il/movies/%d7%9e%d7%98%d7%90%d7%95%d7%a8%d7%99%d7%9d/; https://aravaff.co.il/movies/%d7%9e%d7%98%d7%90%d7%95%d7%a8%d7%99%d7%9d/#main; https://aravaff.co.il/archive/2025/#main
ברנינג,medium,hebert,במאי,"מרכז קהילה ערבה, קרן הקולנוע ערבה, המועצה האזורית ערבה תיכונה, קרן קולנוע נגב, קרן קולנוע מדרום, משרד התרבות, קרן גשר, קרן גשר לקולנוע, קרן קולנוע ערבה, מכללת ספיר",4,"2020,2025",https://aravaff.co.il/%d7%a1%d7%a8%d7%98%d7%99-%d7%a7%d7%a8%d7%9f-%d7%a7%d7%95%d7%9c%d7%a0%d7%95%d7%a2-%d7%a0%d7%92%d7%91-%d7%94%d7%9e%d7%90%d7%95%d7%97%d7%93%d7%aa/; https://aravaff.co.il/archive/2025/#main; https://aravaff.co.il/%d7%a1%d7%a8%d7%98%d7%99-%d7%a7%d7%a8%d7%9f-%d7%a7%d7%95%d7%9c%d7%a0%d7%95%d7%a2-%d7%a0%d7%92%d7%91-%d7%94%d7%9e%d7%90%d7%95%d7%97%d7%93%d7%aa/#main
אמלי בונ,medium,dictabert,במאי,"קרן קולנוע ערבה, קרן קולנוע נגב",4,2025,https://aravaff.co.il/movies/%d7%9c%d7%a2%d7%96%d7%95%d7%91-%d7%99%d7%95%d7%9d-%d7%90%d7%97%d7%93/#main; https://aravaff.co.il/archive/2025/; https://aravaff.co.il/archive/2025/#main
הרז,medium,dictabert,"במאי, שחקן","קרן קולנוע ערבה, קרן קולנוע נגב",4,"2020,2021,2025",https://aravaff.co.il/archive/2025/; https://aravaff.co.il/archive/2025/#main; https://aravaff.co.il/%d7%9c%d7%95%d7%97-%d7%94%d7%a7%d7%a8%d7%a0%d7%95%d7%aa/
אן - לוק גודאר,medium,dictabert+hebert,,"קרן קולנוע ערבה, קרן קולנוע נגב",4,2025,https://aravaff.co.il/movies/%d7%94%d7%91%d7%95%d7%96/; https://aravaff.co.il/archive/2025/; https://aravaff.co.il/archive/2025/#main
איל חלפון,high,dictabert+hebert,"במאי, מפיק, שחקן","קרן קולנוע ערבה, קרן קולנוע נגב",4,2025,https://aravaff.co.il/movies/%d7%91%d7%a8%d7%a0%d7%99%d7%a0%d7%92-%d7%9e%d7%9f/; https://aravaff.co.il/archive/2025/; https://aravaff.co.il/archive/2025/#main
laur,medium,dictabert,,"קרן קולנוע ערבה, קרן קולנוע נגב",4,"2021,2025",https://aravaff.co.il/archive/2025/; https://aravaff.co.il/archive/2025/#main; https://aravaff.co.il/movies/%d7%91%d7%a9%d7%91%d7%99%d7%9c-%d7%90%d7%93%d7%9d/
גאורגי אונק,medium,dictabert,במאי,"קרן קולנוע ערבה, קרן קולנוע נגב",4,2025,https://aravaff.co.il/archive/2025/; https://aravaff.co.il/archive/2025/#main; https://aravaff.co.il/movies/%d7%9c%d7%94%d7%96%d7%99%d7%96-%d7%94%d7%a8%d7%99%d7%9d/
ולרי דונ,medium,dictabert,"במאי, שחקן","קרן קולנוע ערבה, קרן קולנוע נגב",4,2025,https://aravaff.co.il/archive/2025/; https://aravaff.co.il/archive/2025/#main; https://aravaff.co.il/movies/%d7%91%d7%a2%d7%91%d7%95%d7%93%d7%94/
ליז אקו,medium,dictabert,במאי,"קרן קולנוע ערבה, קרן קולנוע נגב",4,2025,https://aravaff.co.il/movies/%d7%9e%d7%97%d7%a0%d7%94-%d7%a7%d7%99%d7%a5/#main; https://aravaff.co.il/archive/2025/; https://aravaff.co.il/archive/2025/#main
־ פילי,medium,dictabert,,"קרן קולנוע ערבה, קרן קולנוע נגב",4,"2020,2021,2025",https://aravaff.co.il/movies/%d7%94%d7%a1%d7%95%d7%9b%d7%9f-%d7%94%d7%97%d7%a9%d7%90%d7%99/#main; https://aravaff.co.il/archive/2025/#main; https://aravaff.co.il/%d7%9c%d7%95%d7%97-%d7%94%d7%a7%d7%a8%d7%a0%d7%95%d7%aa/
סטפן קומ,medium,dictabert,"במאי, מנהל","קרן קולנוע ערבה, קרן קולנוע נגב",4,2025,https://aravaff.co.il/archive/2025/; https://aravaff.co.il/archive/2025/#main; https://aravaff.co.il/movies/%d7%aa%d7%95%d7%a6%d7%a8%d7%aa-%d7%90%d7%99%d7%a8%d7%95%d7%a4%d7%94/#main
אלכסנדר קורנ,medium,dictabert,,"קרן קולנוע ערבה, קרן קולנוע נגב",4,"2020,2021,2025",https://aravaff.co.il/movies/%d7%a1%d7%99%d7%a4%d7%95%d7%a8%d7%9d-%d7%a9%d7%9c-%d7%a9%d7%a0%d7%99-%d7%a4%d7%a8%d7%a7%d7%9c%d7%99%d7%98%d7%99%d7%9d/#main; https://aravaff.co.il/movies/%d7%a1%d7%99%d7%a4%d7%95%d7%a8%d7%9d-%d7%a9%d7%9c-%d7%a9%d7%a0%d7%99-%d7%a4%d7%a8%d7%a7%d7%9c%d7%99%d7%98%d7%99%d7%9d/; https://aravaff.co.il/%d7%9c%d7%95%d7%97-%d7%94%d7%a7%d7%a8%d7%a0%d7%95%d7%aa/
ג'ייק גיט,medium,dictabert,,"קרן קולנוע ערבה, קרן קולנוע נגב",4,"2020,2021,2025",https://aravaff.co.il/movies/%d7%a6%d7%b3%d7%99%d7%99%d7%a0%d7%94%d7%98%d7%90%d7%95%d7%9f/#main; https://aravaff.co.il/movies/%d7%a6%d7%b3%d7%99%d7%99%d7%a0%d7%94%d7%98%d7%90%d7%95%d7%9f/; https://aravaff.co.il/%d7%9c%d7%95%d7%97-%d7%94%d7%a7%d7%a8%d7%a0%d7%95%d7%aa/
רוברט רדפורד,high,dictabert+hebert,,"קרן קולנוע ערבה, קרן קולנוע נגב",4,"2020,2021,2025",https://aravaff.co.il/movies/%d7%94%d7%a2%d7%95%d7%a7%d7%a5/; https://aravaff.co.il/%d7%9c%d7%95%d7%97-%d7%94%d7%a7%d7%a8%d7%a0%d7%95%d7%aa/; https://aravaff.co.il/%d7%9c%d7%95%d7%97-%d7%94%d7%a7%d7%a8%d7%a0%d7%95%d7%aa/#main
תום שובל,high,dictabert+hebert,במאי,"קרן קולנוע ערבה, קרן קולנוע נגב",4,"2020,2021,2025",https://aravaff.co.il/movies/%d7%9e%d7%9b%d7%aa%d7%91-%d7%9c%d7%93%d7%95%d7%99%d7%93/#main; https://aravaff.co.il/%d7%9c%d7%95%d7%97-%d7%94%d7%a7%d7%a8%d7%a0%d7%95%d7%aa/; https://aravaff.co.il/%d7%9c%d7%95%d7%97-%d7%94%d7%a7%d7%a8%d7%a0%d7%95%d7%aa/#main
רדפורד ופול ניומן,medium,hebert,במאי,"קרן קולנוע ערבה, קרן קולנוע נגב",4,"2020,2021,2025",https://aravaff.co.il/movies/%d7%94%d7%a2%d7%95%d7%a7%d7%a5/; https://aravaff.co.il/%d7%9c%d7%95%d7%97-%d7%94%d7%a7%d7%a8%d7%a0%d7%95%d7%aa/; https://aravaff.co.il/%d7%9c%d7%95%d7%97-%d7%94%d7%a7%d7%a8%d7%a0%d7%95%d7%aa/#main
קלב,medium,dictabert,"במאי, שחקן","קרן קולנוע ערבה, קרן קולנוע נגב",4,"2020,2021,2025",https://aravaff.co.il/movies/%d7%94%d7%a1%d7%95%d7%9b%d7%9f-%d7%94%d7%97%d7%a9%d7%90%d7%99/#main; https://aravaff.co.il/movies/%d7%94%d7%a1%d7%95%d7%9b%d7%9f-%d7%94%d7%97%d7%a9%d7%90%d7%99/; https://aravaff.co.il/%d7%9c%d7%95%d7%97-%d7%94%d7%a7%d7%a8%d7%a0%d7%95%d7%aa/
אמלי בונן,medium,hebert,במאי,"קרן קולנוע ערבה, קרן קולנוע נגב",4,"2020,2021,2025",https://aravaff.co.il/movies/%d7%9c%d7%a2%d7%96%d7%95%d7%91-%d7%99%d7%95%d7%9d-%d7%90%d7%97%d7%93/#main; https://aravaff.co.il/%d7%9c%d7%95%d7%97-%d7%94%d7%a7%d7%a8%d7%a0%d7%95%d7%aa/; https://aravaff.co.il/%d7%9c%d7%95%d7%97-%d7%94%d7%a7%d7%a8%d7%a0%d7%95%d7%aa/#main
טוני,high,dictabert+hebert,,"קרן קולנוע ערבה, קרן קולנוע נגב",4,"2020,2021,2025",https://aravaff.co.il/movies/%d7%9e%d7%98%d7%90%d7%95%d7%a8%d7%99%d7%9d/; https://aravaff.co.il/movies/%d7%9e%d7%98%d7%90%d7%95%d7%a8%d7%99%d7%9d/#main; https://aravaff.co.il/%d7%9c%d7%95%d7%97-%d7%94%d7%a7%d7%a8%d7%a0%d7%95%d7%aa/
לדויד קוני,medium,dictabert,,"קרן קולנוע ערבה, קרן קולנוע נגב",4,"2020,2021,2025",https://aravaff.co.il/movies/%d7%9e%d7%9b%d7%aa%d7%91-%d7%9c%d7%93%d7%95%d7%99%d7%93/#main; https://aravaff.co.il/%d7%9c%d7%95%d7%97-%d7%94%d7%a7%d7%a8%d7%a0%d7%95%d7%aa/; https://aravaff.co.il/%d7%9c%d7%95%d7%97-%d7%94%d7%a7%d7%a8%d7%a0%d7%95%d7%aa/#main
קודי,high,dictabert+hebert,במאי,"קרן קולנוע ערבה, קרן קולנוע נגב",4,"2020,2021,2025",https://aravaff.co.il/movies/%d7%aa%d7%a4%d7%95%d7%a1-%d7%aa%d7%b3%d7%92%d7%9c%d7%99%d7%9d/#main; https://aravaff.co.il/%d7%9c%d7%95%d7%97-%d7%94%d7%a7%d7%a8%d7%a0%d7%95%d7%aa/; https://aravaff.co.il/%d7%9c%d7%95%d7%97-%d7%94%d7%a7%d7%a8%d7%a0%d7%95%d7%aa/#main
שמיק,medium,dictabert,,"קרן קולנוע ערבה, קרן קולנוע נגב",4,"2020,2021,2025",https://aravaff.co.il/movies/%d7%9e%d7%98%d7%90%d7%95%d7%a8%d7%99%d7%9d/; https://aravaff.co.il/movies/%d7%9e%d7%98%d7%90%d7%95%d7%a8%d7%99%d7%9d/#main; https://aravaff.co.il/%d7%9c%d7%95%d7%97-%d7%94%d7%a7%d7%a8%d7%a0%d7%95%d7%aa/
ג'רי גולדסמית',medium,hebert,,"קרן קולנוע ערבה, קרן קולנוע נגב",4,"2020,2021,2025",https://aravaff.co.il/movies/%d7%a6%d7%b3%d7%99%d7%99%d7%a0%d7%94%d7%98%d7%90%d7%95%d7%9f/#main; https://aravaff.co.il/movies/%d7%a6%d7%b3%d7%99%d7%99%d7%a0%d7%94%d7%98%d7%90%d7%95%d7%9f/; https://aravaff.co.il/%d7%9c%d7%95%d7%97-%d7%94%d7%a7%d7%a8%d7%a0%d7%95%d7%aa/
נדיה מליטי,medium,hebert,"במאי, שחקן","קרן קולנוע ערבה, קרן קולנוע נגב",4,"2020,2021,2025",https://aravaff.co.il/movies/%d7%94%d7%90%d7%97%d7%95%d7%aa-%d7%94%d7%a7%d7%98%d7%a0%d7%94/#main; https://aravaff.co.il/%d7%9c%d7%95%d7%97-%d7%94%d7%a7%d7%a8%d7%a0%d7%95%d7%aa/; https://aravaff.co.il/%d7%9c%d7%95%d7%97-%d7%94%d7%a7%d7%a8%d7%a0%d7%95%d7%aa/#main
ניקולסון,high,dictabert+hebert,,"קרן קולנוע ערבה, קרן קולנוע נגב",4,"2020,2021,2025",https://aravaff.co.il/movies/%d7%a6%d7%b3%d7%99%d7%99%d7%a0%d7%94%d7%98%d7%90%d7%95%d7%9f/#main; https://aravaff.co.il/movies/%d7%a6%d7%b3%d7%99%d7%99%d7%a0%d7%94%d7%98%d7%90%d7%95%d7%9f/; https://aravaff.co.il/%d7%9c%d7%95%d7%97-%d7%94%d7%a7%d7%a8%d7%a0%d7%95%d7%aa/
הובר שרואל,medium,hebert,"במאי, מפיק","קרן קולנוע ערבה, קרן קולנוע נגב",4,"2020,2021,2025",https://aravaff.co.il/movies/%d7%9e%d7%98%d7%90%d7%95%d7%a8%d7%99%d7%9d/; https://aravaff.co.il/movies/%d7%9e%d7%98%d7%90%d7%95%d7%a8%d7%99%d7%9d/#main; https://aravaff.co.il/%d7%9c%d7%95%d7%97-%d7%94%d7%a7%d7%a8%d7%a0%d7%95%d7%aa/
קודי מאבריק,medium,hebert,,"קרן קולנוע ערבה, קרן קולנוע נגב",4,"2020,2021,2025",https://aravaff.co.il/movies/%d7%aa%d7%a4%d7%95%d7%a1-%d7%aa%d7%b3%d7%92%d7%9c%d7%99%d7%9d/#main; https://aravaff.co.il/%d7%9c%d7%95%d7%97-%d7%94%d7%a7%d7%a8%d7%a0%d7%95%d7%aa/; https://aravaff.co.il/%d7%9c%d7%95%d7%97-%d7%94%d7%a7%d7%a8%d7%a0%d7%95%d7%aa/#main
לוסיה,medium,hebert,,"קרן קולנוע ערבה, קרן קולנוע נגב",4,"2020,2021,2023,2025",https://aravaff.co.il/movies/%d7%96%d7%9b%d7%a8%d7%95%d7%a0%d7%95%d7%aa/; https://aravaff.co.il/%d7%9c%d7%95%d7%97-%d7%94%d7%a7%d7%a8%d7%a0%d7%95%d7%aa/; https://aravaff.co.il/%d7%9c%d7%95%d7%97-%d7%94%d7%a7%d7%a8%d7%a0%d7%95%d7%aa/#main
ג'ון אלו,medium,dictabert,,"קרן קולנוע ערבה, קרן קולנוע נגב",4,"2020,2021,2025",https://aravaff.co.il/movies/%d7%a6%d7%b3%d7%99%d7%99%d7%a0%d7%94%d7%98%d7%90%d7%95%d7%9f/#main; https://aravaff.co.il/movies/%d7%a6%d7%b3%d7%99%d7%99%d7%a0%d7%94%d7%98%d7%90%d7%95%d7%9f/; https://aravaff.co.il/%d7%9c%d7%95%d7%97-%d7%94%d7%a7%d7%a8%d7%a0%d7%95%d7%aa/
שצ'פלין,high,dictabert+hebert,,"קרן קולנוע ערבה, קרן קולנוע נגב",4,"2020,2021,2025",https://aravaff.co.il/%d7%9c%d7%95%d7%97-%d7%94%d7%a7%d7%a8%d7%a0%d7%95%d7%aa/; https://aravaff.co.il/%d7%9c%d7%95%d7%97-%d7%94%d7%a7%d7%a8%d7%a0%d7%95%d7%aa/#main; https://aravaff.co.il/movies/%d7%94%d7%91%d7%94%d7%9c%d7%94-%d7%9c%d7%96%d7%94%d7%91/
לידיה,medium,dictabert,,"קרן קולנוע ערבה, קרן קולנוע נגב",4,"2020,2021,2025",https://aravaff.co.il/movies/%d7%94%d7%9e%d7%91%d7%98-%d7%94%d7%9e%d7%a1%d7%aa%d7%95%d7%a8%d7%99-%d7%a9%d7%9c-%d7%94%d7%a4%d7%9c%d7%9e%d7%99%d7%a0%d7%92%d7%95/#main; https://aravaff.co.il/%d7%9c%d7%95%d7%97-%d7%94%d7%a7%d7%a8%d7%a0%d7%95%d7%aa/; https://aravaff.co.il/%d7%9c%d7%95%d7%97-%d7%94%d7%a7%d7%a8%d7%a0%d7%95%d7%aa/#main
אלח,medium,dictabert,,"קרן קולנוע ערבה, קרן קולנוע נגב",4,"2012,2020,2021,2025",https://aravaff.co.il/movies/%d7%90%d7%97%d7%a8%d7%99-%d7%9c%d7%95%d7%a1%d7%99%d7%94/#main; https://aravaff.co.il/%d7%9c%d7%95%d7%97-%d7%94%d7%a7%d7%a8%d7%a0%d7%95%d7%aa/; https://aravaff.co.il/%d7%9c%d7%95%d7%97-%d7%94%d7%a7%d7%a8%d7%a0%d7%95%d7%aa/#main
קיד וקסידי,medium,hebert,במאי,"קרן קולנוע ערבה, קרן קולנוע נגב",4,"2020,2021,2025",https://aravaff.co.il/movies/%d7%94%d7%a2%d7%95%d7%a7%d7%a5/; https://aravaff.co.il/%d7%9c%d7%95%d7%97-%d7%94%d7%a7%d7%a8%d7%a0%d7%95%d7%aa/; https://aravaff.co.il/%d7%9c%d7%95%d7%97-%d7%94%d7%a7%d7%a8%d7%a0%d7%95%d7%aa/#main
שי - שינג צו,high,hebert+dictabert,,"קרן קולנוע ערבה, קרן קולנוע נגב",4,"2020,2021,2025",https://aravaff.co.il/movies/%d7%94%d7%99%d7%9c%d7%93%d7%94-%d7%94%d7%a9%d7%9e%d7%90%d7%9c%d7%99%d7%aa/#main; https://aravaff.co.il/%d7%9c%d7%95%d7%97-%d7%94%d7%a7%d7%a8%d7%a0%d7%95%d7%aa/; https://aravaff.co.il/%d7%9c%d7%95%d7%97-%d7%94%d7%a7%d7%a8%d7%a0%d7%95%d7%aa/#main
לווא,medium,dictabert,"במאי, שחקן","קרן קולנוע ערבה, קרן קולנוע נגב",4,"2020,2021,2025",https://aravaff.co.il/movies/%d7%94%d7%a1%d7%95%d7%9b%d7%9f-%d7%94%d7%97%d7%a9%d7%90%d7%99/#main; https://aravaff.co.il/movies/%d7%94%d7%a1%d7%95%d7%9b%d7%9f-%d7%94%d7%97%d7%a9%d7%90%d7%99/; https://aravaff.co.il/%d7%9c%d7%95%d7%97-%d7%94%d7%a7%d7%a8%d7%a0%d7%95%d7%aa/
ודניאל,medium,dictabert,,"קרן קולנוע ערבה, קרן קולנוע נגב",4,"2020,2021,2025",https://aravaff.co.il/movies/%d7%9e%d7%98%d7%90%d7%95%d7%a8%d7%99%d7%9d/; https://aravaff.co.il/movies/%d7%9e%d7%98%d7%90%d7%95%d7%a8%d7%99%d7%9d/#main; https://aravaff.co.il/%d7%9c%d7%95%d7%97-%d7%94%d7%a7%d7%a8%d7%a0%d7%95%d7%aa/
מיכאל הנקה,high,dictabert+hebert,"במאי, מפיק","קרן קולנוע ערבה, קרן קולנוע נגב",4,"2020,2021,2025",https://aravaff.co.il/movies/%d7%a1%d7%a8%d7%98-%d7%9c%d7%91%d7%9f/; https://aravaff.co.il/movies/%d7%a1%d7%a8%d7%98-%d7%9c%d7%91%d7%9f/#main; https://aravaff.co.il/%d7%9c%d7%95%d7%97-%d7%94%d7%a7%d7%a8%d7%a0%d7%95%d7%aa/
איתן,high,hebert+dictabert,,"קרן קולנוע ערבה, קרן קולנוע נגב",4,"2020,2021,2025",https://aravaff.co.il/movies/%d7%9e%d7%9b%d7%aa%d7%91-%d7%9c%d7%93%d7%95%d7%99%d7%93/#main; https://aravaff.co.il/%d7%9c%d7%95%d7%97-%d7%94%d7%a7%d7%a8%d7%a0%d7%95%d7%aa/; https://aravaff.co.il/%d7%9c%d7%95%d7%97-%d7%94%d7%a7%d7%a8%d7%a0%d7%95%d7%aa/#main
סטלין,high,dictabert+hebert,במאי,"קרן קולנוע ערבה, קרן קולנוע נגב",4,"2020,2021,2025",https://aravaff.co.il/movies/%d7%a1%d7%99%d7%a4%d7%95%d7%a8%d7%9d-%d7%a9%d7%9c-%d7%a9%d7%a0%d7%99-%d7%a4%d7%a8%d7%a7%d7%9c%d7%99%d7%98%d7%99%d7%9d/#main; https://aravaff.co.il/movies/%d7%a1%d7%99%d7%a4%d7%95%d7%a8%d7%9d-%d7%a9%d7%9c-%d7%a9%d7%a0%d7%99-%d7%a4%d7%a8%d7%a7%d7%9c%d7%99%d7%98%d7%99%d7%9d/; https://aravaff.co.il/%d7%9c%d7%95%d7%97-%d7%94%d7%a7%d7%a8%d7%a0%d7%95%d7%aa/
ג'רי גולד,medium,dictabert,,"קרן קולנוע ערבה, קרן קולנוע נגב",4,"2020,2021,2025",https://aravaff.co.il/movies/%d7%a6%d7%b3%d7%99%d7%99%d7%a0%d7%94%d7%98%d7%90%d7%95%d7%9f/#main; https://aravaff.co.il/movies/%d7%a6%d7%b3%d7%99%d7%99%d7%a0%d7%94%d7%98%d7%90%d7%95%d7%9f/; https://aravaff.co.il/%d7%9c%d7%95%d7%97-%d7%94%d7%a7%d7%a8%d7%a0%d7%95%d7%aa/
מרינה,high,dictabert+hebert,עורך,"קרן קולנוע ערבה, קרן קולנוע נגב",4,"2020,2021,2025",https://aravaff.co.il/movies/%d7%a0%d7%90%d7%a0%d7%93%d7%90%d7%95%d7%a8%d7%99/; https://aravaff.co.il/%d7%9c%d7%95%d7%97-%d7%94%d7%a7%d7%a8%d7%a0%d7%95%d7%aa/; https://aravaff.co.il/%d7%9c%d7%95%d7%97-%d7%94%d7%a7%d7%a8%d7%a0%d7%95%d7%aa/#main
ססיל,high,dictabert+hebert,,"קרן קולנוע ערבה, קרן קולנוע נגב",4,"2020,2021,2025",https://aravaff.co.il/movies/%d7%9c%d7%a2%d7%96%d7%95%d7%91-%d7%99%d7%95%d7%9d-%d7%90%d7%97%d7%93/#main; https://aravaff.co.il/%d7%9c%d7%95%d7%97-%d7%94%d7%a7%d7%a8%d7%a0%d7%95%d7%aa/; https://aravaff.co.il/%d7%9c%d7%95%d7%97-%d7%94%d7%a7%d7%a8%d7%a0%d7%95%d7%aa/#main
שובל,high,dictabert+hebert,במאי,"קרן קולנוע ערבה, קרן קולנוע נגב",4,"2020,2021,2025",https://aravaff.co.il/movies/%d7%9e%d7%9b%d7%aa%d7%91-%d7%9c%d7%93%d7%95%d7%99%d7%93/#main; https://aravaff.co.il/%d7%9c%d7%95%d7%97-%d7%94%d7%a7%d7%a8%d7%a0%d7%95%d7%aa/; https://aravaff.co.il/%d7%9c%d7%95%d7%97-%d7%94%d7%a7%d7%a8%d7%a0%d7%95%d7%aa/#main
ופול ניומן,medium,dictabert,במאי,"קרן קולנוע ערבה, קרן קולנוע נגב",4,"2020,2021,2025",https://aravaff.co.il/movies/%d7%94%d7%a2%d7%95%d7%a7%d7%a5/; https://aravaff.co.il/%d7%9c%d7%95%d7%97-%d7%94%d7%a7%d7%a8%d7%a0%d7%95%d7%aa/; https://aravaff.co.il/%d7%9c%d7%95%d7%97-%d7%94%d7%a7%d7%a8%d7%a0%d7%95%d7%aa/#main
אחמט,high,dictabert+hebert,שחקן,"קרן קולנוע ערבה, קרן קולנוע נגב",4,"2020,2021,2025",https://aravaff.co.il/movies/%d7%9c%d7%94%d7%96%d7%99%d7%96-%d7%94%d7%a8%d7%99%d7%9d/; https://aravaff.co.il/%d7%9c%d7%95%d7%97-%d7%94%d7%a7%d7%a8%d7%a0%d7%95%d7%aa/; https://aravaff.co.il/%d7%9c%d7%95%d7%97-%d7%94%d7%a7%d7%a8%d7%a0%d7%95%d7%aa/#main
ג'ון אלונזו,medium,hebert,,"קרן קולנוע ערבה, קרן קולנוע נגב",4,"2020,2021,2025",https://aravaff.co.il/movies/%d7%a6%d7%b3%d7%99%d7%99%d7%a0%d7%94%d7%98%d7%90%d7%95%d7%9f/#main; https://aravaff.co.il/movies/%d7%a6%d7%b3%d7%99%d7%99%d7%a0%d7%94%d7%98%d7%90%d7%95%d7%9f/; https://aravaff.co.il/%d7%9c%d7%95%d7%97-%d7%94%d7%a7%d7%a8%d7%a0%d7%95%d7%aa/
סרגיי לוזניצה,medium,hebert,"במאי, מפיק","קרן קולנוע ערבה, קרן קולנוע נגב",4,"2020,2021,2025",https://aravaff.co.il/movies/%d7%a1%d7%99%d7%a4%d7%95%d7%a8%d7%9d-%d7%a9%d7%9c-%d7%a9%d7%a0%d7%99-%d7%a4%d7%a8%d7%a7%d7%9c%d7%99%d7%98%d7%99%d7%9d/#main; https://aravaff.co.il/movies/%d7%a1%d7%99%d7%a4%d7%95%d7%a8%d7%9d-%d7%a9%d7%9c-%d7%a9%d7%a0%d7%99-%d7%a4%d7%a8%d7%a7%d7%9c%d7%99%d7%98%d7%99%d7%9d/; https://aravaff.co.il/%d7%9c%d7%95%d7%97-%d7%94%d7%a7%d7%a8%d7%a0%d7%95%d7%aa/
אלחנדרה,medium,hebert,,"קרן קולנוע ערבה, קרן קולנוע נגב",4,"2012,2020,2021,2025",https://aravaff.co.il/movies/%d7%90%d7%97%d7%a8%d7%99-%d7%9c%d7%95%d7%a1%d7%99%d7%94/#main; https://aravaff.co.il/%d7%9c%d7%95%d7%97-%d7%94%d7%a7%d7%a8%d7%a0%d7%95%d7%aa/; https://aravaff.co.il/%d7%9c%d7%95%d7%97-%d7%94%d7%a7%d7%a8%d7%a0%d7%95%d7%aa/#main
רדפורד,medium,dictabert,במאי,"קרן קולנוע ערבה, קרן קולנוע נגב",4,"2020,2021,2025",https://aravaff.co.il/movies/%d7%94%d7%a2%d7%95%d7%a7%d7%a5/; https://aravaff.co.il/%d7%9c%d7%95%d7%97-%d7%94%d7%a7%d7%a8%d7%a0%d7%95%d7%aa/; https://aravaff.co.il/%d7%9c%d7%95%d7%97-%d7%94%d7%a7%d7%a8%d7%a0%d7%95%d7%aa/#main
ליז אקוקה ורומן גרה,medium,hebert,במאי,"קרן קולנוע ערבה, קרן קולנוע נגב",4,"2020,2021,2025",https://aravaff.co.il/movies/%d7%9e%d7%97%d7%a0%d7%94-%d7%a7%d7%99%d7%a5/#main; https://aravaff.co.il/%d7%9c%d7%95%d7%97-%d7%94%d7%a7%d7%a8%d7%a0%d7%95%d7%aa/; https://aravaff.co.il/%d7%9c%d7%95%d7%97-%d7%94%d7%a7%d7%a8%d7%a0%d7%95%d7%aa/#main
מיקלאנג'לו אנטוניוני באנגלית,medium,hebert,,"קרן קולנוע ערבה, קרן קולנוע נגב",4,"2020,2021,2025",https://aravaff.co.il/movies/%d7%99%d7%a6%d7%a8%d7%99%d7%9d/; https://aravaff.co.il/movies/%d7%99%d7%a6%d7%a8%d7%99%d7%9d/#main; https://aravaff.co.il/%d7%9c%d7%95%d7%97-%d7%94%d7%a7%d7%a8%d7%a0%d7%95%d7%aa/
ג'ייק גיטס,medium,hebert,,"קרן קולנוע ערבה, קרן קולנוע נגב",4,"2020,2021,2025",https://aravaff.co.il/movies/%d7%a6%d7%b3%d7%99%d7%99%d7%a0%d7%94%d7%98%d7%90%d7%95%d7%9f/#main; https://aravaff.co.il/movies/%d7%a6%d7%b3%d7%99%d7%99%d7%a0%d7%94%d7%98%d7%90%d7%95%d7%9f/; https://aravaff.co.il/%d7%9c%d7%95%d7%97-%d7%94%d7%a7%d7%a8%d7%a0%d7%95%d7%aa/
וטוני,medium,dictabert,,"קרן קולנוע ערבה, קרן קולנוע נגב",4,"2020,2021,2025",https://aravaff.co.il/movies/%d7%9e%d7%98%d7%90%d7%95%d7%a8%d7%99%d7%9d/; https://aravaff.co.il/movies/%d7%9e%d7%98%d7%90%d7%95%d7%a8%d7%99%d7%9d/#main; https://aravaff.co.il/%d7%9c%d7%95%d7%97-%d7%94%d7%a7%d7%a8%d7%a0%d7%95%d7%aa/
ביג זי,high,dictabert+hebert,,"קרן קולנוע ערבה, קרן קולנוע נגב",4,"2020,2021,2025",https://aravaff.co.il/movies/%d7%aa%d7%a4%d7%95%d7%a1-%d7%aa%d7%b3%d7%92%d7%9c%d7%99%d7%9d/#main; https://aravaff.co.il/%d7%9c%d7%95%d7%97-%d7%94%d7%a7%d7%a8%d7%a0%d7%95%d7%aa/; https://aravaff.co.il/%d7%9c%d7%95%d7%97-%d7%94%d7%a7%d7%a8%d7%a0%d7%95%d7%aa/#main
קורנ,medium,dictabert,במאי,"קרן קולנוע ערבה, קרן קולנוע נגב",4,"2020,2021,2025",https://aravaff.co.il/movies/%d7%a1%d7%99%d7%a4%d7%95%d7%a8%d7%9d-%d7%a9%d7%9c-%d7%a9%d7%a0%d7%99-%d7%a4%d7%a8%d7%a7%d7%9c%d7%99%d7%98%d7%99%d7%9d/#main; https://aravaff.co.il/movies/%d7%a1%d7%99%d7%a4%d7%95%d7%a8%d7%9d-%d7%a9%d7%9c-%d7%a9%d7%a0%d7%99-%d7%a4%d7%a8%d7%a7%d7%9c%d7%99%d7%98%d7%99%d7%9d/; https://aravaff.co.il/%d7%9c%d7%95%d7%97-%d7%94%d7%a7%d7%a8%d7%a0%d7%95%d7%aa/
קלבר מנדונסה ־ פיליו,medium,hebert,,"קרן קולנוע ערבה, קרן קולנוע נגב",4,"2020,2021,2025",https://aravaff.co.il/movies/%d7%94%d7%a1%d7%95%d7%9b%d7%9f-%d7%94%d7%97%d7%a9%d7%90%d7%99/#main; https://aravaff.co.il/movies/%d7%94%d7%a1%d7%95%d7%9b%d7%9f-%d7%94%d7%97%d7%a9%d7%90%d7%99/; https://aravaff.co.il/%d7%9c%d7%95%d7%97-%d7%94%d7%a7%d7%a8%d7%a0%d7%95%d7%aa/
פול קירש,medium,dictabert,במאי,"קרן קולנוע ערבה, קרן קולנוע נגב",4,"2020,2021,2025",https://aravaff.co.il/movies/%d7%9e%d7%98%d7%90%d7%95%d7%a8%d7%99%d7%9d/; https://aravaff.co.il/movies/%d7%9e%d7%98%d7%90%d7%95%d7%a8%d7%99%d7%9d/#main; https://aravaff.co.il/%d7%9c%d7%95%d7%97-%d7%94%d7%a7%d7%a8%d7%a0%d7%95%d7%aa/
צ'פלין,high,hebert+dictabert,,"קרן קולנוע ערבה, קרן קולנוע נגב",4,"2020,2021,2025",https://aravaff.co.il/%d7%9c%d7%95%d7%97-%d7%94%d7%a7%d7%a8%d7%a0%d7%95%d7%aa/; https://aravaff.co.il/%d7%9c%d7%95%d7%97-%d7%94%d7%a7%d7%a8%d7%a0%d7%95%d7%aa/#main; https://aravaff.co.il/movies/%d7%94%d7%91%d7%94%d7%9c%d7%94-%d7%9c%d7%96%d7%94%d7%91/
מיק,medium,dictabert,,"קרן קולנוע ערבה, קרן קולנוע נגב",4,"2020,2021,2025",https://aravaff.co.il/movies/%d7%9e%d7%98%d7%90%d7%95%d7%a8%d7%99%d7%9d/; https://aravaff.co.il/movies/%d7%9e%d7%98%d7%90%d7%95%d7%a8%d7%99%d7%9d/#main; https://aravaff.co.il/%d7%9c%d7%95%d7%97-%d7%94%d7%a7%d7%a8%d7%a0%d7%95%d7%aa/
פול קירשר,medium,hebert,במאי,"קרן קולנוע ערבה, קרן קולנוע נגב",4,"2020,2021,2025",https://aravaff.co.il/movies/%d7%9e%d7%98%d7%90%d7%95%d7%a8%d7%99%d7%9d/; https://aravaff.co.il/movies/%d7%9e%d7%98%d7%90%d7%95%d7%a8%d7%99%d7%9d/#main; https://aravaff.co.il/%d7%9c%d7%95%d7%97-%d7%94%d7%a7%d7%a8%d7%a0%d7%95%d7%aa/
מיקאל,medium,hebert,,"קרן קולנוע ערבה, קרן קולנוע נגב",4,"2020,2021,2025",https://aravaff.co.il/movies/%d7%9e%d7%98%d7%90%d7%95%d7%a8%d7%99%d7%9d/; https://aravaff.co.il/movies/%d7%9e%d7%98%d7%90%d7%95%d7%a8%d7%99%d7%9d/#main; https://aravaff.co.il/%d7%9c%d7%95%d7%97-%d7%94%d7%a7%d7%a8%d7%a0%d7%95%d7%aa/
ג'ק ניקולסון,high,dictabert+hebert,,"קרן קולנוע ערבה, קרן קולנוע נגב",4,"2020,2021,2025",https://aravaff.co.il/movies/%d7%a6%d7%b3%d7%99%d7%99%d7%a0%d7%94%d7%98%d7%90%d7%95%d7%9f/#main; https://aravaff.co.il/movies/%d7%a6%d7%b3%d7%99%d7%99%d7%a0%d7%94%d7%98%d7%90%d7%95%d7%9f/; https://aravaff.co.il/%d7%9c%d7%95%d7%97-%d7%94%d7%a7%d7%a8%d7%a0%d7%95%d7%aa/
הנקה,high,hebert+dictabert,"במאי, מפיק","קרן קולנוע ערבה, קרן קולנוע נגב",4,"2020,2021,2025",https://aravaff.co.il/movies/%d7%a1%d7%a8%d7%98-%d7%9c%d7%91%d7%9f/; https://aravaff.co.il/movies/%d7%a1%d7%a8%d7%98-%d7%9c%d7%91%d7%9f/#main; https://aravaff.co.il/%d7%9c%d7%95%d7%97-%d7%94%d7%a7%d7%a8%d7%a0%d7%95%d7%aa/
נדיה מליט,medium,dictabert,"במאי, שחקן","קרן קולנוע ערבה, קרן קולנוע נגב",4,"2020,2021,2025",https://aravaff.co.il/movies/%d7%94%d7%90%d7%97%d7%95%d7%aa-%d7%94%d7%a7%d7%98%d7%a0%d7%94/#main; https://aravaff.co.il/%d7%9c%d7%95%d7%97-%d7%94%d7%a7%d7%a8%d7%a0%d7%95%d7%aa/; https://aravaff.co.il/%d7%9c%d7%95%d7%97-%d7%94%d7%a7%d7%a8%d7%a0%d7%95%d7%aa/#main
דניאל וטוני,medium,hebert,,"קרן קולנוע ערבה, קרן קולנוע נגב",4,"2020,2021,2025",https://aravaff.co.il/movies/%d7%9e%d7%98%d7%90%d7%95%d7%a8%d7%99%d7%9d/; https://aravaff.co.il/movies/%d7%9e%d7%98%d7%90%d7%95%d7%a8%d7%99%d7%9d/#main; https://aravaff.co.il/%d7%9c%d7%95%d7%97-%d7%94%d7%a7%d7%a8%d7%a0%d7%95%d7%aa/
מרצ'לו,medium,hebert,,"קרן קולנוע ערבה, קרן קולנוע נגב",4,"2020,2021,2025",https://aravaff.co.il/movies/%d7%94%d7%a1%d7%95%d7%9b%d7%9f-%d7%94%d7%97%d7%a9%d7%90%d7%99/#main; https://aravaff.co.il/movies/%d7%94%d7%a1%d7%95%d7%9b%d7%9f-%d7%94%d7%97%d7%a9%d7%90%d7%99/; https://aravaff.co.il/%d7%9c%d7%95%d7%97-%d7%94%d7%a7%d7%a8%d7%a0%d7%95%d7%aa/
רוברט טאון,high,dictabert+hebert,"במאי, תסריטאי","קרן קולנוע ערבה, קרן קולנוע נגב",4,"2020,2021,2025",https://aravaff.co.il/movies/%d7%a6%d7%b3%d7%99%d7%99%d7%a0%d7%94%d7%98%d7%90%d7%95%d7%9f/#main; https://aravaff.co.il/movies/%d7%a6%d7%b3%d7%99%d7%99%d7%a0%d7%94%d7%98%d7%90%d7%95%d7%9f/; https://aravaff.co.il/%d7%9c%d7%95%d7%97-%d7%94%d7%a7%d7%a8%d7%a0%d7%95%d7%aa/
פטימה,medium,hebert,,"קרן קולנוע ערבה, קרן קולנוע נגב",4,"2020,2021,2025",https://aravaff.co.il/movies/%d7%94%d7%90%d7%97%d7%95%d7%aa-%d7%94%d7%a7%d7%98%d7%a0%d7%94/#main; https://aravaff.co.il/%d7%9c%d7%95%d7%97-%d7%94%d7%a7%d7%a8%d7%a0%d7%95%d7%aa/; https://aravaff.co.il/%d7%9c%d7%95%d7%97-%d7%94%d7%a7%d7%a8%d7%a0%d7%95%d7%aa/#main
דויד,high,dictabert+hebert,,"קרן קולנוע ערבה, קרן קולנוע נגב",4,"2020,2021,2025",https://aravaff.co.il/movies/%d7%9e%d7%9b%d7%aa%d7%91-%d7%9c%d7%93%d7%95%d7%99%d7%93/#main; https://aravaff.co.il/%d7%9c%d7%95%d7%97-%d7%94%d7%a7%d7%a8%d7%a0%d7%95%d7%aa/; https://aravaff.co.il/%d7%9c%d7%95%d7%97-%d7%94%d7%a7%d7%a8%d7%a0%d7%95%d7%aa/#main
ליוסף,medium,dictabert,במאי,קרן קולנוע ערבה,4,2024,https://aravaff.co.il/%d7%a1%d7%a8%d7%98%d7%99-%d7%a7%d7%a8%d7%9f-%d7%a7%d7%95%d7%9c%d7%a0%d7%95%d7%a2-%d7%a2%d7%a8%d7%91%d7%94/; https://aravaff.co.il/movies/%d7%aa%d7%97%d7%a8%d7%95%d7%aa-%d7%9c%d7%a1%d7%a8%d7%98%d7%99%d7%9d-%d7%99%d7%a9%d7%a8%d7%90%d7%9c%d7%99%d7%9d-%d7%a2%d7%9c%d7%99%d7%9c%d7%aa%d7%99%d7%99%d7%9d-%d7%a7%d7%a6%d7%a8%d7%99%d7%9d-2/; https://aravaff.co.il/movies/%d7%aa%d7%97%d7%a8%d7%95%d7%aa-%d7%9c%d7%a1%d7%a8%d7%98%d7%99%d7%9d-%d7%99%d7%a9%d7%a8%d7%90%d7%9c%d7%99%d7%9d-%d7%a2%d7%9c%d7%99%d7%9c%d7%aa%d7%99%d7%99%d7%9d-%d7%a7%d7%a6%d7%a8%d7%99%d7%9d-2/#main
ben - david,medium,hebert,,קרן קולנוע ערבה,4,2024,https://aravaff.co.il/en/movies/a-letter-to-the-father/#main; https://aravaff.co.il/en/archive/2024-en/; https://aravaff.co.il/en/movies/a-letter-to-the-father/
andre mar,medium,dictabert,,קרן קולנוע ערבה,4,2025,https://aravaff.co.il/en/movies/at-work/#main; https://aravaff.co.il/en/movies/at-work/; https://aravaff.co.il/movies/%d7%91%d7%a2%d7%91%d7%95%d7%93%d7%94/
don,medium,dictabert,,קרן קולנוע ערבה,4,2025,https://aravaff.co.il/en/movies/at-work/#main; https://aravaff.co.il/en/movies/at-work/; https://aravaff.co.il/movies/%d7%91%d7%a2%d7%91%d7%95%d7%93%d7%94/
val,medium,dictabert,,קרן קולנוע ערבה,4,2025,https://aravaff.co.il/en/movies/at-work/#main; https://aravaff.co.il/en/movies/at-work/; https://aravaff.co.il/movies/%d7%91%d7%a2%d7%91%d7%95%d7%93%d7%94/
marie riv,medium,dictabert,,קרן קולנוע ערבה,4,2025,https://aravaff.co.il/en/movies/at-work/#main; https://aravaff.co.il/en/movies/at-work/; https://aravaff.co.il/movies/%d7%91%d7%a2%d7%91%d7%95%d7%93%d7%94/
charles chap,medium,dictabert,,קרן קולנוע ערבה,4,,https://aravaff.co.il/en/movies/%d7%94%d7%91%d7%94%d7%9c%d7%94-%d7%9c%d7%96%d7%94%d7%91/#main; https://aravaff.co.il/movies/%d7%94%d7%91%d7%94%d7%9c%d7%94-%d7%9c%d7%96%d7%94%d7%91/; https://aravaff.co.il/en/movies/%d7%94%d7%91%d7%94%d7%9c%d7%94-%d7%9c%d7%96%d7%94%d7%91/
zuqim,medium,hebert,,קרן קולנוע ערבה,4,"2023,2024",https://aravaff.co.il/en/movies/%d7%94%d7%99%d7%9c%d7%93-%d7%95%d7%94%d7%90%d7%a0%d7%a4%d7%94/#main; https://aravaff.co.il/en/movies/shorts-in-the-desert-2/; https://aravaff.co.il/en/movies/%d7%94%d7%99%d7%9c%d7%93-%d7%95%d7%94%d7%90%d7%a0%d7%a4%d7%94/
jerry harrison,medium,hebert,,קרן קולנוע ערבה,4,,https://aravaff.co.il/en/movies/stop-making-sense/#main; https://aravaff.co.il/movies/stop-making-sense/; https://aravaff.co.il/movies/stop-making-sense/#main
hadas yaron,medium,hebert,,קרן קולנוע ערבה,4,2024,https://aravaff.co.il/en/movies/the-milky-way/; https://aravaff.co.il/movies/%d7%97%d7%9c%d7%91/; https://aravaff.co.il/en/movies/the-milky-way/#main
samira saraya,medium,hebert,,קרן קולנוע ערבה,4,2024,https://aravaff.co.il/en/movies/the-milky-way/; https://aravaff.co.il/movies/%d7%97%d7%9c%d7%91/; https://aravaff.co.il/en/movies/the-milky-way/#main
tali sharon,medium,hebert,,קרן קולנוע ערבה,4,2024,https://aravaff.co.il/en/movies/the-milky-way/; https://aravaff.co.il/movies/%d7%97%d7%9c%d7%91/; https://aravaff.co.il/en/movies/the-milky-way/#main
##orn,medium,hebert,,קרן קולנוע ערבה,4,"2020,2021,2025",https://aravaff.co.il/en/movies/two-prosecutors/#main; https://aravaff.co.il/en/movies/two-prosecutors/; https://aravaff.co.il/en/program/#main
טינקר שיר,medium,dictabert,"במאי, מפיק",קרן קולנוע ערבה,4,2024,https://aravaff.co.il/movies/%d7%92%d7%91%d7%95%d7%9c/#main; https://aravaff.co.il/movies/%d7%90%d7%95%d7%a4%d7%a7-%d7%94%d7%90%d7%99%d7%a8%d7%95%d7%a2%d7%99%d7%9d/; https://aravaff.co.il/movies/%d7%90%d7%95%d7%a4%d7%a7-%d7%94%d7%90%d7%99%d7%a8%d7%95%d7%a2%d7%99%d7%9d/#main
טינקר שיראי,medium,hebert,"במאי, מפיק",קרן קולנוע ערבה,4,2024,https://aravaff.co.il/movies/%d7%92%d7%91%d7%95%d7%9c/#main; https://aravaff.co.il/movies/%d7%90%d7%95%d7%a4%d7%a7-%d7%94%d7%90%d7%99%d7%a8%d7%95%d7%a2%d7%99%d7%9d/; https://aravaff.co.il/movies/%d7%90%d7%95%d7%a4%d7%a7-%d7%94%d7%90%d7%99%d7%a8%d7%95%d7%a2%d7%99%d7%9d/#main
מולי מנינג - ווקר,medium,hebert,,קרן קולנוע ערבה,4,2023,https://aravaff.co.il/movies/%d7%90%d7%99%d7%9a-%d7%9c%d7%a2%d7%a9%d7%95%d7%aa-%d7%a1%d7%a7%d7%a1/; https://aravaff.co.il/movies/%d7%94%d7%98%d7%99%d7%a8%d7%94-%d7%94%d7%a0%d7%a2%d7%94/; https://aravaff.co.il/movies/%d7%90%d7%99%d7%9a-%d7%9c%d7%a2%d7%a9%d7%95%d7%aa-%d7%a1%d7%a7%d7%a1/#main
sam,medium,dictabert+hebert,,קרן קולנוע ערבה,4,"2023,2024",https://aravaff.co.il/movies/%d7%a2%d7%9c%d7%99-%d7%a9%d7%9c%d7%9b%d7%aa/; https://aravaff.co.il/movies/%d7%a2%d7%9c%d7%99-%d7%a9%d7%9c%d7%9b%d7%aa/#main; https://aravaff.co.il/movies/%d7%90%d7%a0%d7%95%d7%a8%d7%94/
sea,medium,dictabert,,קרן קולנוע ערבה,4,"2024,2025",https://aravaff.co.il/movies/%d7%94%d7%99%d7%9c%d7%93%d7%94-%d7%94%d7%a9%d7%9e%d7%90%d7%9c%d7%99%d7%aa/#main; https://aravaff.co.il/movies/%d7%94%d7%99%d7%9c%d7%93%d7%94-%d7%94%d7%a9%d7%9e%d7%90%d7%9c%d7%99%d7%aa/; https://aravaff.co.il/movies/%d7%90%d7%a0%d7%95%d7%a8%d7%94/
sal,medium,dictabert,,קרן קולנוע ערבה,4,"2024,2025",https://aravaff.co.il/movies/%d7%9e%d7%98%d7%90%d7%95%d7%a8%d7%99%d7%9d/; https://aravaff.co.il/movies/%d7%90%d7%a0%d7%99-%d7%a2%d7%93%d7%99%d7%99%d7%9f-%d7%9b%d7%90%d7%9f/; https://aravaff.co.il/movies/%d7%90%d7%a0%d7%99-%d7%a2%d7%93%d7%99%d7%99%d7%9f-%d7%9b%d7%90%d7%9f/#main
jul,medium,dictabert,,קרן קולנוע ערבה,4,2024,https://aravaff.co.il/movies/%d7%91%d7%99%d7%a8%d7%93/#main; https://aravaff.co.il/movies/%d7%94%d7%97%d7%93%d7%a8-%d7%94%d7%a1%d7%9e%d7%95%d7%9a/; https://aravaff.co.il/movies/%d7%91%d7%99%d7%a8%d7%93/
bas,medium,dictabert,,קרן קולנוע ערבה,4,2025,https://aravaff.co.il/movies/%d7%9c%d7%a2%d7%96%d7%95%d7%91-%d7%99%d7%95%d7%9d-%d7%90%d7%97%d7%93/; https://aravaff.co.il/movies/%d7%9c%d7%a2%d7%96%d7%95%d7%91-%d7%99%d7%95%d7%9d-%d7%90%d7%97%d7%93/#main; https://aravaff.co.il/movies/%d7%91%d7%a2%d7%91%d7%95%d7%93%d7%94/
paul,medium,dictabert,,קרן קולנוע ערבה,4,2025,https://aravaff.co.il/movies/%d7%94%d7%9e%d7%91%d7%98-%d7%94%d7%9e%d7%a1%d7%aa%d7%95%d7%a8%d7%99-%d7%a9%d7%9c-%d7%94%d7%a4%d7%9c%d7%9e%d7%99%d7%a0%d7%92%d7%95/; https://aravaff.co.il/movies/%d7%94%d7%9e%d7%91%d7%98-%d7%94%d7%9e%d7%a1%d7%aa%d7%95%d7%a8%d7%99-%d7%a9%d7%9c-%d7%94%d7%a4%d7%9c%d7%9e%d7%99%d7%a0%d7%92%d7%95/#main; https://aravaff.co.il/movies/%d7%91%d7%a2%d7%91%d7%95%d7%93%d7%94/
bou,medium,dictabert,,קרן קולנוע ערבה,4,2025,https://aravaff.co.il/movies/%d7%9c%d7%a2%d7%96%d7%95%d7%91-%d7%99%d7%95%d7%9d-%d7%90%d7%97%d7%93/; https://aravaff.co.il/movies/%d7%9c%d7%a2%d7%96%d7%95%d7%91-%d7%99%d7%95%d7%9d-%d7%90%d7%97%d7%93/#main; https://aravaff.co.il/movies/%d7%91%d7%a2%d7%91%d7%95%d7%93%d7%94/
אלישבע וייל,high,dictabert+hebert,"במאי, מפיק",קרן קולנוע ערבה,4,"2023,2024",https://aravaff.co.il/movies/%d7%93%d7%a0%d7%99%d7%90%d7%9c-%d7%90%d7%95%d7%99%d7%a2%d7%a8%d7%91%d7%90%d7%9a/; https://aravaff.co.il/movies/%d7%93%d7%a0%d7%99%d7%90%d7%9c-%d7%90%d7%95%d7%99%d7%a2%d7%a8%d7%91%d7%90%d7%9a/#main; https://aravaff.co.il/movies/%d7%92%d7%91%d7%95%d7%9c/#main
##ת זהרון,medium,hebert,,קרן קולנוע ערבה,4,"2023,2024",https://aravaff.co.il/movies/%d7%93%d7%92-%d7%97%d7%9d/; https://aravaff.co.il/movies/%d7%aa%d7%97%d7%a8%d7%95%d7%aa-%d7%9c%d7%a1%d7%a8%d7%98%d7%99%d7%9d-%d7%99%d7%a9%d7%a8%d7%90%d7%9c%d7%99%d7%9d-%d7%a2%d7%9c%d7%99%d7%9c%d7%aa%d7%99%d7%99%d7%9d-%d7%a7%d7%a6%d7%a8%d7%99%d7%9d-2/; https://aravaff.co.il/movies/%d7%aa%d7%97%d7%a8%d7%95%d7%aa-%d7%9c%d7%a1%d7%a8%d7%98%d7%99%d7%9d-%d7%99%d7%a9%d7%a8%d7%90%d7%9c%d7%99%d7%9d-%d7%a2%d7%9c%d7%99%d7%9c%d7%aa%d7%99%d7%99%d7%9d-%d7%a7%d7%a6%d7%a8%d7%99%d7%9d-2/#main
המפנקים,medium,hebert,,קרן קולנוע ערבה,4,2023,https://aravaff.co.il/movies/%d7%a2%d7%9c%d7%99-%d7%a9%d7%9c%d7%9b%d7%aa/; https://aravaff.co.il/movies/%d7%93%d7%a0%d7%99%d7%90%d7%9c-%d7%90%d7%95%d7%99%d7%a2%d7%a8%d7%91%d7%90%d7%9a/#main; https://aravaff.co.il/movies/%d7%a2%d7%9c%d7%99-%d7%a9%d7%9c%d7%9b%d7%aa/#main
הערבה,medium,hebert,,קרן קולנוע ערבה,4,2023,https://aravaff.co.il/movies/%d7%a2%d7%9c%d7%99-%d7%a9%d7%9c%d7%9b%d7%aa/; https://aravaff.co.il/movies/%d7%93%d7%a0%d7%99%d7%90%d7%9c-%d7%90%d7%95%d7%99%d7%a2%d7%a8%d7%91%d7%90%d7%9a/#main; https://aravaff.co.il/movies/%d7%a2%d7%9c%d7%99-%d7%a9%d7%9c%d7%9b%d7%aa/#main
mal,medium,dictabert,,קרן קולנוע ערבה,4,2024,https://aravaff.co.il/movies/%d7%99%d7%94%d7%9c%d7%95%d7%9d-%d7%a4%d7%a8%d7%95%d7%a2/#main; https://aravaff.co.il/movies/%d7%99%d7%94%d7%9c%d7%95%d7%9d-%d7%a4%d7%a8%d7%95%d7%a2/; https://aravaff.co.il/movies/%d7%94%d7%91%d7%94%d7%9c%d7%94-%d7%9c%d7%96%d7%94%d7%91/
פריץ לאנג,high,dictabert+hebert,"מפיק, תסריטאי",קרן קולנוע ערבה,4,2025,https://aravaff.co.il/movies/%d7%94%d7%91%d7%95%d7%96/#main; https://aravaff.co.il/movies/%d7%94%d7%91%d7%95%d7%96/; https://aravaff.co.il/movies/stop-making-sense/#main
chi,medium,dictabert,,קרן קולנוע ערבה,4,"2020,2023,2025",https://aravaff.co.il/movies/%d7%94%d7%97%d7%91%d7%a8-%d7%94%d7%a9%d7%a7%d7%98/; https://aravaff.co.il/movies/%d7%94%d7%97%d7%91%d7%a8-%d7%94%d7%a9%d7%a7%d7%98/#main; https://aravaff.co.il/movies/%d7%9c%d7%94-%d7%9b%d7%99%d7%9e%d7%a8%d7%94/
רוז,medium,dictabert,במאי,קרן קולנוע ערבה,4,2023,https://aravaff.co.il/movies/%d7%a8%d7%95%d7%96%d7%90%d7%9c%d7%99/#main; https://aravaff.co.il/movies/%d7%94%d7%98%d7%99%d7%a8%d7%94-%d7%94%d7%a0%d7%a2%d7%94/; https://aravaff.co.il/movies/%d7%94%d7%98%d7%99%d7%a8%d7%94-%d7%94%d7%a0%d7%a2%d7%94/#main
hay,medium,dictabert,,קרן קולנוע ערבה,4,2023,https://aravaff.co.il/movies/%d7%94%d7%99%d7%9c%d7%93-%d7%95%d7%94%d7%90%d7%a0%d7%a4%d7%94/; https://aravaff.co.il/movies/%d7%94%d7%99%d7%9c%d7%93-%d7%95%d7%94%d7%90%d7%a0%d7%a4%d7%94/#main; https://aravaff.co.il/movies/%d7%94%d7%98%d7%99%d7%a8%d7%94-%d7%94%d7%a0%d7%a2%d7%94/
הייאו מיאזאקי,medium,hebert,"מייסד, במאי, מפיק",קרן קולנוע ערבה,4,2023,https://aravaff.co.il/movies/%d7%94%d7%99%d7%9c%d7%93-%d7%95%d7%94%d7%90%d7%a0%d7%a4%d7%94/; https://aravaff.co.il/movies/%d7%94%d7%99%d7%9c%d7%93-%d7%95%d7%94%d7%90%d7%a0%d7%a4%d7%94/#main; https://aravaff.co.il/movies/%d7%94%d7%98%d7%99%d7%a8%d7%94-%d7%94%d7%a0%d7%a2%d7%94/
דניאל אויערבאך דניאל אויערבאך,medium,hebert,,קרן קולנוע ערבה,4,2023,https://aravaff.co.il/movies/%d7%94%d7%99%d7%9c%d7%93-%d7%95%d7%94%d7%90%d7%a0%d7%a4%d7%94/; https://aravaff.co.il/movies/%d7%94%d7%99%d7%9c%d7%93-%d7%95%d7%94%d7%90%d7%a0%d7%a4%d7%94/#main; https://aravaff.co.il/movies/%d7%94%d7%98%d7%99%d7%a8%d7%94-%d7%94%d7%a0%d7%a2%d7%94/
toshio suzuki,medium,hebert,,קרן קולנוע ערבה,4,2023,https://aravaff.co.il/movies/%d7%a4%d7%95%d7%a0%d7%99%d7%95-%d7%a2%d7%9c-%d7%94%d7%a6%d7%95%d7%a7-%d7%9c%d7%99%d7%93-%d7%94%d7%99%d7%9d/; https://aravaff.co.il/movies/%d7%94%d7%99%d7%9c%d7%93-%d7%95%d7%94%d7%90%d7%a0%d7%a4%d7%94/#main; https://aravaff.co.il/movies/%d7%94%d7%99%d7%9c%d7%93-%d7%95%d7%94%d7%90%d7%a0%d7%a4%d7%94/
ג'יבל,medium,dictabert,"במאי, מפיק",קרן קולנוע ערבה,4,"2016,2023",https://aravaff.co.il/movies/%d7%94%d7%a6%d7%91-%d7%94%d7%90%d7%93%d7%95%d7%9d/; https://aravaff.co.il/movies/%d7%94%d7%99%d7%9c%d7%93-%d7%95%d7%94%d7%90%d7%a0%d7%a4%d7%94/#main; https://aravaff.co.il/movies/%d7%94%d7%99%d7%9c%d7%93-%d7%95%d7%94%d7%90%d7%a0%d7%a4%d7%94/
בלז,medium,dictabert,"מפיק, במאי",קרן קולנוע ערבה,4,"2023,2025",https://aravaff.co.il/movies/%d7%a4%d7%a0%d7%a1-%d7%91%d7%95%d7%93%d7%93/#main; https://aravaff.co.il/movies/%d7%a4%d7%a0%d7%a1-%d7%91%d7%95%d7%93%d7%93/; https://aravaff.co.il/movies/%d7%94%d7%9e%d7%93%d7%99%d7%a0%d7%94-%d7%a7%d7%95%d7%a8%d7%90%d7%aa-%d7%9c%d7%9a/#main
רונן מכלי,medium,dictabert,"מפיק, במאי",קרן קולנוע ערבה,4,"2023,2025",https://aravaff.co.il/movies/%d7%a4%d7%a0%d7%a1-%d7%91%d7%95%d7%93%d7%93/#main; https://aravaff.co.il/movies/%d7%a4%d7%a0%d7%a1-%d7%91%d7%95%d7%93%d7%93/; https://aravaff.co.il/movies/%d7%94%d7%9e%d7%93%d7%99%d7%a0%d7%94-%d7%a7%d7%95%d7%a8%d7%90%d7%aa-%d7%9c%d7%9a/#main
רונן מכליס בלזם,medium,hebert,"מפיק, במאי",קרן קולנוע ערבה,4,"2023,2025",https://aravaff.co.il/movies/%d7%a4%d7%a0%d7%a1-%d7%91%d7%95%d7%93%d7%93/#main; https://aravaff.co.il/movies/%d7%a4%d7%a0%d7%a1-%d7%91%d7%95%d7%93%d7%93/; https://aravaff.co.il/movies/%d7%94%d7%9e%d7%93%d7%99%d7%a0%d7%94-%d7%a7%d7%95%d7%a8%d7%90%d7%aa-%d7%9c%d7%9a/#main
מיקלאנג'לו אנטוניוני,medium,hebert,,קרן קולנוע ערבה,4,,https://aravaff.co.il/movies/%d7%99%d7%a6%d7%a8%d7%99%d7%9d/; https://aravaff.co.il/movies/%d7%94%d7%a9%d7%99%d7%97%d7%94/; https://aravaff.co.il/movies/%d7%99%d7%a6%d7%a8%d7%99%d7%9d/#main
gar,medium,dictabert,,קרן קולנוע ערבה,4,,https://aravaff.co.il/movies/stop-making-sense/#main; https://aravaff.co.il/movies/stop-making-sense/; https://aravaff.co.il/movies/%d7%94%d7%a9%d7%99%d7%97%d7%94/
dun,medium,dictabert,,קרן קולנוע ערבה,4,2023,https://aravaff.co.il/movies/%d7%97%d7%93%d7%a8-%d7%94%d7%9e%d7%95%d7%a8%d7%99%d7%9d/#main; https://aravaff.co.il/movies/%d7%97%d7%93%d7%a8-%d7%94%d7%9e%d7%95%d7%a8%d7%99%d7%9d/; https://aravaff.co.il/movies/%d7%96%d7%9b%d7%a8%d7%95%d7%a0%d7%95%d7%aa/
גוני,high,dictabert+hebert,במאי,קרן קולנוע ערבה,4,2024,https://aravaff.co.il/movies/%d7%a1%d7%a8%d7%98%d7%99-%d7%a7%d7%a8%d7%9f-%d7%94%d7%a7%d7%95%d7%9c%d7%a0%d7%95%d7%a2-%d7%a2%d7%a8%d7%91%d7%94/; https://aravaff.co.il/movies/%d7%97%d7%9c%d7%9c/; https://aravaff.co.il/movies/%d7%97%d7%9c%d7%9c/#main
סיון לוי זקין,medium,hebert,"במאי, מפיק",קרן קולנוע ערבה,4,2024,https://aravaff.co.il/movies/%d7%a1%d7%a8%d7%98%d7%99-%d7%a7%d7%a8%d7%9f-%d7%94%d7%a7%d7%95%d7%9c%d7%a0%d7%95%d7%a2-%d7%a2%d7%a8%d7%91%d7%94/; https://aravaff.co.il/movies/%d7%97%d7%9c%d7%9c/; https://aravaff.co.il/movies/%d7%97%d7%9c%d7%9c/#main
ari,medium,dictabert,,קרן קולנוע ערבה,4,"2023,2025",https://aravaff.co.il/movies/%d7%9c%d7%94%d7%96%d7%99%d7%96-%d7%94%d7%a8%d7%99%d7%9d/; https://aravaff.co.il/movies/%d7%99%d7%9e%d7%99%d7%9d-%d7%9e%d7%95%d7%a9%d7%9c%d7%9e%d7%99%d7%9d/; https://aravaff.co.il/movies/%d7%9c%d7%94%d7%96%d7%99%d7%96-%d7%94%d7%a8%d7%99%d7%9d/#main
שרון,high,dictabert+hebert,"במאי, מפיק",קרן קולנוע ערבה,4,2024,https://aravaff.co.il/movies/%d7%9c%d7%90-%d7%94%d7%a9%d7%91%d7%aa-%d7%a9%d7%9c%d7%99/#main; https://aravaff.co.il/movies/%d7%a1%d7%a8%d7%98%d7%99-%d7%a7%d7%a8%d7%9f-%d7%94%d7%a7%d7%95%d7%9c%d7%a0%d7%95%d7%a2-%d7%a2%d7%a8%d7%91%d7%94/; https://aravaff.co.il/movies/%d7%9c%d7%90-%d7%94%d7%a9%d7%91%d7%aa-%d7%a9%d7%9c%d7%99/
hel,medium,dictabert,,קרן קולנוע ערבה,4,"2023,2025",https://aravaff.co.il/movies/%d7%9c%d7%94-%d7%9b%d7%99%d7%9e%d7%a8%d7%94/#main; https://aravaff.co.il/movies/%d7%9c%d7%a2%d7%96%d7%95%d7%91-%d7%99%d7%95%d7%9d-%d7%90%d7%97%d7%93/#main; https://aravaff.co.il/movies/%d7%9c%d7%94-%d7%9b%d7%99%d7%9e%d7%a8%d7%94/
סטודיו הייב,medium,hebert,מפיק,קרן קולנוע ערבה,4,2023,https://aravaff.co.il/movies/%d7%9e%d7%96%d7%9c-%d7%93%d7%92%d7%99%d7%9d/#main; https://aravaff.co.il/movies/%d7%9e%d7%96%d7%9c-%d7%93%d7%92%d7%99%d7%9d/; https://aravaff.co.il/movies/%d7%9c%d7%a9%d7%97%d7%95%d7%aa-%d7%a2%d7%9d-%d7%9b%d7%a0%d7%a4%d7%99%d7%99%d7%9d/#main
ber,medium,dictabert,"במאי, מפיק",קרן קולנוע ערבה,4,2025,https://aravaff.co.il/movies/%d7%9e%d7%98%d7%90%d7%95%d7%a8%d7%99%d7%9d/; https://aravaff.co.il/movies/%d7%9e%d7%98%d7%90%d7%95%d7%a8%d7%99%d7%9d/#main; https://aravaff.co.il/movies/%d7%a2%d7%a8%d7%9a-%d7%a1%d7%a0%d7%98%d7%99%d7%9e%d7%a0%d7%98%d7%9c%d7%99/
יואל רוזנקיאר,medium,hebert,"במאי, מפיק",קרן קולנוע ערבה,4,2024,https://aravaff.co.il/movies/%d7%a9%d7%9b%d7%91%d7%95%d7%aa/#main; https://aravaff.co.il/movies/%d7%9e%d7%9b%d7%aa%d7%91-%d7%90%d7%9c-%d7%94%d7%90%d7%91/#main; https://aravaff.co.il/movies/%d7%9e%d7%9b%d7%aa%d7%91-%d7%90%d7%9c-%d7%94%d7%90%d7%91/
יואל רוז,medium,dictabert,"במאי, מפיק",קרן קולנוע ערבה,4,2024,https://aravaff.co.il/movies/%d7%a9%d7%9b%d7%91%d7%95%d7%aa/#main; https://aravaff.co.il/movies/%d7%9e%d7%9b%d7%aa%d7%91-%d7%90%d7%9c-%d7%94%d7%90%d7%91/#main; https://aravaff.co.il/movies/%d7%9e%d7%9b%d7%aa%d7%91-%d7%90%d7%9c-%d7%94%d7%90%d7%91/
מאיר,high,dictabert+hebert,במאי,קרן קולנוע ערבה,4,2024,https://aravaff.co.il/movies/%d7%9e%d7%9b%d7%aa%d7%91-%d7%90%d7%9c-%d7%94%d7%90%d7%91/#main; https://aravaff.co.il/movies/%d7%9e%d7%9b%d7%aa%d7%91-%d7%90%d7%9c-%d7%94%d7%90%d7%91/; https://aravaff.co.il/movies/%d7%a1%d7%a8%d7%98%d7%99-%d7%a7%d7%a8%d7%9f-%d7%94%d7%a7%d7%95%d7%9c%d7%a0%d7%95%d7%a2-%d7%a2%d7%a8%d7%91%d7%94/
נינו,high,dictabert+hebert,עורך,קרן קולנוע ערבה,4,2025,https://aravaff.co.il/movies/%d7%a0%d7%99%d7%a0%d7%95/#main; https://aravaff.co.il/movies/%d7%a0%d7%90%d7%a0%d7%93%d7%90%d7%95%d7%a8%d7%99/; https://aravaff.co.il/movies/%d7%a0%d7%90%d7%a0%d7%93%d7%90%d7%95%d7%a8%d7%99/#main
jean,medium,dictabert+hebert,,קרן קולנוע ערבה,4,"2024,2025",https://aravaff.co.il/movies/%d7%a0%d7%99%d7%a0%d7%95/#main; https://aravaff.co.il/movies/%d7%a1%d7%97%d7%95%d7%a8%d7%94-%d7%99%d7%a7%d7%a8%d7%94-%d7%9e%d7%9b%d7%9c/; https://aravaff.co.il/movies/%d7%a1%d7%97%d7%95%d7%a8%d7%94-%d7%99%d7%a7%d7%a8%d7%94-%d7%9e%d7%9b%d7%9c/#main
יעל,medium,dictabert,"במאי, מפיק",קרן קולנוע ערבה,4,"2023,2024",https://aravaff.co.il/movies/%d7%a4%d7%a0%d7%a1-%d7%91%d7%95%d7%93%d7%93/#main; https://aravaff.co.il/movies/%d7%a4%d7%a0%d7%a1-%d7%91%d7%95%d7%93%d7%93/; https://aravaff.co.il/movies/%d7%aa%d7%97%d7%a8%d7%95%d7%aa-%d7%9c%d7%a1%d7%a8%d7%98%d7%99%d7%9d-%d7%99%d7%a9%d7%a8%d7%90%d7%9c%d7%99%d7%9d-%d7%a2%d7%9c%d7%99%d7%9c%d7%aa%d7%99%d7%99%d7%9d-%d7%a7%d7%a6%d7%a8%d7%99%d7%9d-2/#main
דילן יוסף שטרית,high,dictabert+hebert,"במאי, מפיק",קרן קולנוע ערבה,4,2024,https://aravaff.co.il/movies/%d7%a4%d7%a8%d7%a0%d7%a6%d7%b3/#main; https://aravaff.co.il/movies/%d7%a4%d7%a8%d7%a0%d7%a6%d7%b3/; https://aravaff.co.il/movies/%d7%aa%d7%97%d7%a8%d7%95%d7%aa-%d7%9c%d7%a1%d7%a8%d7%98%d7%99%d7%9d-%d7%99%d7%a9%d7%a8%d7%90%d7%9c%d7%99%d7%9d-%d7%a2%d7%9c%d7%99%d7%9c%d7%aa%d7%99%d7%99%d7%9d-%d7%a7%d7%a6%d7%a8%d7%99%d7%9d-2/
- ווקר,medium,dictabert,,קרן קולנוע ערבה,3,2023,https://aravaff.co.il/movies/%d7%90%d7%99%d7%9a-%d7%9c%d7%a2%d7%a9%d7%95%d7%aa-%d7%a1%d7%a7%d7%a1/; https://aravaff.co.il/archive/2023/#main; https://aravaff.co.il/movies/%d7%90%d7%99%d7%9a-%d7%9c%d7%a2%d7%a9%d7%95%d7%aa-%d7%a1%d7%a7%d7%a1/#main
מולי מני,medium,dictabert,"במאי, מפיק",קרן קולנוע ערבה,3,2023,https://aravaff.co.il/movies/%d7%90%d7%99%d7%9a-%d7%9c%d7%a2%d7%a9%d7%95%d7%aa-%d7%a1%d7%a7%d7%a1/; https://aravaff.co.il/archive/2023/#main; https://aravaff.co.il/movies/%d7%90%d7%99%d7%9a-%d7%9c%d7%a2%d7%a9%d7%95%d7%aa-%d7%a1%d7%a7%d7%a1/#main
אלמודובר,high,dictabert+hebert,"במאי, מפיק","קרן הקולנוע ערבה, קרן קולנוע ערבה",3,2024,https://aravaff.co.il/movies/%d7%94%d7%97%d7%93%d7%a8-%d7%94%d7%a1%d7%9e%d7%95%d7%9a/; https://aravaff.co.il/archive/2024/; https://aravaff.co.il/movies/%d7%94%d7%97%d7%93%d7%a8-%d7%94%d7%a1%d7%9e%d7%95%d7%9a/#main
דוד,medium,hebert,במאי,"קרן הקולנוע ערבה, קרן קולנוע ערבה",3,"2023,2024",https://aravaff.co.il/movies/%d7%94%d7%98%d7%99%d7%a8%d7%94-%d7%94%d7%a0%d7%a2%d7%94/; https://aravaff.co.il/archive/2024/#main; https://aravaff.co.il/movies/%d7%94%d7%98%d7%99%d7%a8%d7%94-%d7%94%d7%a0%d7%a2%d7%94/#main
ריימונד בורלה,medium,hebert,"במאי, מפיק","קרן הקולנוע ערבה, קרן קולנוע ערבה",3,"1998,2024",https://aravaff.co.il/movies/%d7%a7%d7%99%d7%a8%d7%99%d7%a7%d7%95-%d7%95%d7%94%d7%9e%d7%9b%d7%a9%d7%a4%d7%94/; https://aravaff.co.il/archive/2024/#main; https://aravaff.co.il/movies/%d7%a7%d7%99%d7%a8%d7%99%d7%a7%d7%95-%d7%95%d7%94%d7%9e%d7%9b%d7%a9%d7%a4%d7%94/#main
אתי ציק,medium,dictabert,"במאי, מפיק, שחקן","קרן קולנוע ערבה, קרן קולנוע נגב",3,2025,https://aravaff.co.il/archive/2025/#main; https://aravaff.co.il/movies/%d7%a0%d7%90%d7%a0%d7%93%d7%90%d7%95%d7%a8%d7%99/; https://aravaff.co.il/movies/%d7%a0%d7%90%d7%a0%d7%93%d7%90%d7%95%d7%a8%d7%99/#main
ז'אן - לוק גודאר,medium,dictabert,,"קרן קולנוע ערבה, קרן קולנוע נגב",3,2025,https://aravaff.co.il/movies/%d7%94%d7%91%d7%95%d7%96/#main; https://aravaff.co.il/movies/%d7%94%d7%91%d7%95%d7%96/; https://aravaff.co.il/archive/2025/
הילה רויזנמן,medium,hebert,במאי,"קרן קולנוע ערבה, קרן קולנוע נגב",3,2025,https://aravaff.co.il/movies/%d7%a7%d7%a6%d7%a8-%d7%91%d7%9e%d7%93%d7%91%d7%a8-%d7%a1%d7%a8%d7%98%d7%99-%d7%a7%d7%a8%d7%9f-%d7%a7%d7%95%d7%9c%d7%a0%d7%95%d7%a2-%d7%94%d7%a0%d7%92%d7%91-%d7%94%d7%9e%d7%90%d7%95%d7%97%d7%93/; https://aravaff.co.il/archive/2025/; https://aravaff.co.il/movies/%d7%a7%d7%a6%d7%a8-%d7%91%d7%9e%d7%93%d7%91%d7%a8-%d7%a1%d7%a8%d7%98%d7%99-%d7%a7%d7%a8%d7%9f-%d7%a7%d7%95%d7%9c%d7%a0%d7%95%d7%a2-%d7%94%d7%a0%d7%92%d7%91-%d7%94%d7%9e%d7%90%d7%95%d7%97%d7%93/#main
דונ,medium,dictabert,"במאי, שחקן","קרן קולנוע ערבה, קרן קולנוע נגב",3,2025,https://aravaff.co.il/archive/2025/; https://aravaff.co.il/movies/%d7%91%d7%a2%d7%91%d7%95%d7%93%d7%94/; https://aravaff.co.il/movies/%d7%91%d7%a2%d7%91%d7%95%d7%93%d7%94/#main
ופיי דא,medium,dictabert,,"קרן קולנוע ערבה, קרן קולנוע נגב",3,"2020,2021,2025",https://aravaff.co.il/movies/%d7%a6%d7%b3%d7%99%d7%99%d7%a0%d7%94%d7%98%d7%90%d7%95%d7%9f/#main; https://aravaff.co.il/%d7%9c%d7%95%d7%97-%d7%94%d7%a7%d7%a8%d7%a0%d7%95%d7%aa/; https://aravaff.co.il/movies/%d7%a6%d7%b3%d7%99%d7%99%d7%a0%d7%94%d7%98%d7%90%d7%95%d7%9f/
ז'ולייט ארמ,medium,dictabert,,"קרן קולנוע ערבה, קרן קולנוע נגב",3,"2020,2021,2025",https://aravaff.co.il/movies/%d7%9c%d7%a2%d7%96%d7%95%d7%91-%d7%99%d7%95%d7%9d-%d7%90%d7%97%d7%93/#main; https://aravaff.co.il/%d7%9c%d7%95%d7%97-%d7%94%d7%a7%d7%a8%d7%a0%d7%95%d7%aa/; https://aravaff.co.il/movies/%d7%9c%d7%a2%d7%96%d7%95%d7%91-%d7%99%d7%95%d7%9d-%d7%90%d7%97%d7%93/
אלכסנדר קורנב,medium,hebert,,"קרן קולנוע ערבה, קרן קולנוע נגב",3,"2020,2021,2025",https://aravaff.co.il/movies/%d7%a1%d7%99%d7%a4%d7%95%d7%a8%d7%9d-%d7%a9%d7%9c-%d7%a9%d7%a0%d7%99-%d7%a4%d7%a8%d7%a7%d7%9c%d7%99%d7%98%d7%99%d7%9d/#main; https://aravaff.co.il/movies/%d7%a1%d7%99%d7%a4%d7%95%d7%a8%d7%9d-%d7%a9%d7%9c-%d7%a9%d7%a0%d7%99-%d7%a4%d7%a8%d7%a7%d7%9c%d7%99%d7%98%d7%99%d7%9d/; https://aravaff.co.il/%d7%9c%d7%95%d7%97-%d7%94%d7%a7%d7%a8%d7%a0%d7%95%d7%aa/
קורנב,medium,hebert,במאי,"קרן קולנוע ערבה, קרן קולנוע נגב",3,"2020,2021,2025",https://aravaff.co.il/movies/%d7%a1%d7%99%d7%a4%d7%95%d7%a8%d7%9d-%d7%a9%d7%9c-%d7%a9%d7%a0%d7%99-%d7%a4%d7%a8%d7%a7%d7%9c%d7%99%d7%98%d7%99%d7%9d/#main; https://aravaff.co.il/movies/%d7%a1%d7%99%d7%a4%d7%95%d7%a8%d7%9d-%d7%a9%d7%9c-%d7%a9%d7%a0%d7%99-%d7%a4%d7%a8%d7%a7%d7%9c%d7%99%d7%98%d7%99%d7%9d/; https://aravaff.co.il/%d7%9c%d7%95%d7%97-%d7%94%d7%a7%d7%a8%d7%a0%d7%95%d7%aa/
שרו,medium,dictabert,"במאי, מפיק","קרן קולנוע ערבה, קרן קולנוע נגב",3,"2020,2021,2025",https://aravaff.co.il/movies/%d7%9e%d7%98%d7%90%d7%95%d7%a8%d7%99%d7%9d/; https://aravaff.co.il/movies/%d7%9e%d7%98%d7%90%d7%95%d7%a8%d7%99%d7%9d/#main; https://aravaff.co.il/%d7%9c%d7%95%d7%97-%d7%94%d7%a7%d7%a8%d7%a0%d7%95%d7%aa/
ז'ולייט ארמאנה,medium,hebert,,"קרן קולנוע ערבה, קרן קולנוע נגב",3,"2020,2021,2025",https://aravaff.co.il/movies/%d7%9c%d7%a2%d7%96%d7%95%d7%91-%d7%99%d7%95%d7%9d-%d7%90%d7%97%d7%93/#main; https://aravaff.co.il/%d7%9c%d7%95%d7%97-%d7%94%d7%a7%d7%a8%d7%a0%d7%95%d7%aa/; https://aravaff.co.il/movies/%d7%9c%d7%a2%d7%96%d7%95%d7%91-%d7%99%d7%95%d7%9d-%d7%90%d7%97%d7%93/
חפסיה הרזי,medium,hebert,"במאי, שחקן","קרן קולנוע ערבה, קרן קולנוע נגב",3,"2020,2021,2025",https://aravaff.co.il/movies/%d7%94%d7%90%d7%97%d7%95%d7%aa-%d7%94%d7%a7%d7%98%d7%a0%d7%94/#main; https://aravaff.co.il/%d7%9c%d7%95%d7%97-%d7%94%d7%a7%d7%a8%d7%a0%d7%95%d7%aa/; https://aravaff.co.il/movies/%d7%94%d7%90%d7%97%d7%95%d7%aa-%d7%94%d7%a7%d7%98%d7%a0%d7%94/
קודי מאב,medium,dictabert,,"קרן קולנוע ערבה, קרן קולנוע נגב",3,"2020,2021,2025",https://aravaff.co.il/movies/%d7%aa%d7%a4%d7%95%d7%a1-%d7%aa%d7%b3%d7%92%d7%9c%d7%99%d7%9d/#main; https://aravaff.co.il/%d7%9c%d7%95%d7%97-%d7%94%d7%a7%d7%a8%d7%a0%d7%95%d7%aa/#main; https://aravaff.co.il/movies/%d7%aa%d7%a4%d7%95%d7%a1-%d7%aa%d7%b3%d7%92%d7%9c%d7%99%d7%9d/
שמיקאל ודניאל,medium,hebert,,"קרן קולנוע ערבה, קרן קולנוע נגב",3,"2020,2021,2025",https://aravaff.co.il/movies/%d7%9e%d7%98%d7%90%d7%95%d7%a8%d7%99%d7%9d/; https://aravaff.co.il/movies/%d7%9e%d7%98%d7%90%d7%95%d7%a8%d7%99%d7%9d/#main; https://aravaff.co.il/%d7%9c%d7%95%d7%97-%d7%94%d7%a7%d7%a8%d7%a0%d7%95%d7%aa/#main
barzilai,medium,hebert,,קרן קולנוע ערבה,3,2024,https://aravaff.co.il/en/movies/a-letter-to-the-father/#main; https://aravaff.co.il/en/movies/a-letter-to-the-father/; https://aravaff.co.il/en/archive/2024-en/#main
ונתן גלייזר ריו,medium,dictabert,,קרן קולנוע ערבה,2,2023,https://aravaff.co.il/archive/2023/#main; https://aravaff.co.il/archive/2023/
' י מארי,medium,dictabert,,קרן קולנוע ערבה,2,2023,https://aravaff.co.il/archive/2023/#main; https://aravaff.co.il/archive/2023/
מני,medium,dictabert,במאי,קרן קולנוע ערבה,2,2023,https://aravaff.co.il/archive/2023/#main; https://aravaff.co.il/archive/2023/
שוויץ,medium,hebert,במאי,קרן קולנוע ערבה,2,2023,https://aravaff.co.il/archive/2023/#main; https://aravaff.co.il/archive/2023/
פינ,medium,hebert,במאי,קרן קולנוע ערבה,2,2023,https://aravaff.co.il/archive/2023/#main; https://aravaff.co.il/archive/2023/
בלגיה,medium,hebert,במאי,קרן קולנוע ערבה,2,2023,https://aravaff.co.il/archive/2023/#main; https://aravaff.co.il/archive/2023/
ווקר,medium,dictabert,במאי,קרן קולנוע ערבה,2,2023,https://aravaff.co.il/archive/2023/#main; https://aravaff.co.il/archive/2023/
##ava,medium,hebert,,קרן קולנוע ערבה,2,"2023,2024",https://aravaff.co.il/archive/2023/; https://aravaff.co.il/en/archive/2024-en/#main
סי היי,medium,dictabert,,קרן קולנוע ערבה,2,2023,https://aravaff.co.il/archive/2023/#main; https://aravaff.co.il/archive/2023/
פבלו ברגר איל,medium,dictabert,,קרן קולנוע ערבה,2,2023,https://aravaff.co.il/archive/2023/#main; https://aravaff.co.il/archive/2023/
קפא,medium,dictabert,במאי,"קרן הקולנוע ערבה, קרן קולנוע ערבה",2,2024,https://aravaff.co.il/archive/2024/; https://aravaff.co.il/archive/2024/#main
דרור רונ,medium,dictabert,,"קרן הקולנוע ערבה, קרן קולנוע ערבה",2,2024,https://aravaff.co.il/archive/2024/; https://aravaff.co.il/archive/2024/#main
קוה,medium,dictabert,במאי,"קרן הקולנוע ערבה, קרן קולנוע ערבה",2,2024,https://aravaff.co.il/archive/2024/; https://aravaff.co.il/archive/2024/#main
סאל,medium,dictabert,במאי,"קרן הקולנוע ערבה, קרן קולנוע ערבה",2,2024,https://aravaff.co.il/archive/2024/; https://aravaff.co.il/archive/2024/#main
ג׳ון קס,medium,dictabert,במאי,"קרן הקולנוע ערבה, קרן קולנוע ערבה",2,2024,https://aravaff.co.il/archive/2024/; https://aravaff.co.il/archive/2024/#main
בהא,medium,dictabert,במאי,"קרן הקולנוע ערבה, קרן קולנוע ערבה",2,2024,https://aravaff.co.il/archive/2024/; https://aravaff.co.il/archive/2024/#main
איגרא,medium,dictabert,במאי,"קרן הקולנוע ערבה, קרן קולנוע ערבה",2,2024,https://aravaff.co.il/archive/2024/; https://aravaff.co.il/archive/2024/#main
אנדריאה ארנולד פיא,medium,dictabert,,"קרן הקולנוע ערבה, קרן קולנוע ערבה",2,2024,https://aravaff.co.il/archive/2024/; https://aravaff.co.il/archive/2024/#main
גוואן מדינה,medium,hebert,,"קרן הקולנוע ערבה, קרן קולנוע ערבה",2,2024,https://aravaff.co.il/archive/2024/; https://aravaff.co.il/archive/2024/#main
בימויג'ון קסאווטס,medium,hebert,,"קרן הקולנוע ערבה, קרן קולנוע ערבה",2,2024,https://aravaff.co.il/archive/2024/; https://aravaff.co.il/archive/2024/#main
יוסף שטרית לי,medium,dictabert,,"קרן הקולנוע ערבה, קרן קולנוע ערבה",2,2024,https://aravaff.co.il/archive/2024/; https://aravaff.co.il/archive/2024/#main
אולם רוזנטל בימוילי דרור,medium,hebert,,"קרן הקולנוע ערבה, קרן קולנוע ערבה",2,2024,https://aravaff.co.il/archive/2024/; https://aravaff.co.il/archive/2024/#main
##זייה רוני בהט,medium,hebert,,"קרן הקולנוע ערבה, קרן קולנוע ערבה",2,2024,https://aravaff.co.il/archive/2024/; https://aravaff.co.il/archive/2024/#main
פרנסיס פורד קופולה לי דרור,medium,dictabert,,"קרן הקולנוע ערבה, קרן קולנוע ערבה",2,2024,https://aravaff.co.il/archive/2024/; https://aravaff.co.il/archive/2024/#main
גלוריה גלוריה,high,dictabert+hebert,,"קרן הקולנוע ערבה, קרן קולנוע ערבה",2,2024,https://aravaff.co.il/archive/2024/; https://aravaff.co.il/archive/2024/#main
ה״ב,medium,dictabert,במאי,"קרן הקולנוע ערבה, קרן קולנוע ערבה",2,2024,https://aravaff.co.il/archive/2024/; https://aravaff.co.il/archive/2024/#main
בן דוד,medium,dictabert,במאי,"קרן קולנוע ערבה, קרן קולנוע נגב",2,2025,https://aravaff.co.il/archive/2025/; https://aravaff.co.il/archive/2025/#main
הולנד,medium,dictabert,במאי,"קרן קולנוע ערבה, קרן קולנוע נגב",2,2025,https://aravaff.co.il/archive/2025/; https://aravaff.co.il/archive/2025/#main
מיכאל הנקה אש ברא,medium,dictabert,,"קרן קולנוע ערבה, קרן קולנוע נגב",2,2025,https://aravaff.co.il/archive/2025/; https://aravaff.co.il/archive/2025/#main
##מן פולנסקי,medium,hebert,,"קרן קולנוע ערבה, קרן קולנוע נגב",2,2025,https://aravaff.co.il/archive/2025/; https://aravaff.co.il/archive/2025/#main
שי - שינג צו קלב,medium,dictabert,,"קרן קולנוע ערבה, קרן קולנוע נגב",2,2025,https://aravaff.co.il/archive/2025/; https://aravaff.co.il/archive/2025/#main
##גאורגי אונקובסקי,medium,hebert,,"קרן קולנוע ערבה, קרן קולנוע נגב",2,2025,https://aravaff.co.il/archive/2025/; https://aravaff.co.il/archive/2025/#main
צ׳רלי צ,medium,dictabert,,"קרן קולנוע ערבה, קרן קולנוע נגב",2,"2020,2021,2025",https://aravaff.co.il/%d7%9c%d7%95%d7%97-%d7%94%d7%a7%d7%a8%d7%a0%d7%95%d7%aa/; https://aravaff.co.il/%d7%9c%d7%95%d7%97-%d7%94%d7%a7%d7%a8%d7%a0%d7%95%d7%aa/#main
פטי,medium,dictabert,במאי,"קרן קולנוע ערבה, קרן קולנוע נגב",2,"2020,2021,2025",https://aravaff.co.il/%d7%9c%d7%95%d7%97-%d7%94%d7%a7%d7%a8%d7%a0%d7%95%d7%aa/; https://aravaff.co.il/%d7%9c%d7%95%d7%97-%d7%94%d7%a7%d7%a8%d7%a0%d7%95%d7%aa/#main
ניקולסון ופיי דאנאוויי,medium,hebert,,"קרן קולנוע ערבה, קרן קולנוע נגב",2,"2020,2021,2025",https://aravaff.co.il/%d7%9c%d7%95%d7%97-%d7%94%d7%a7%d7%a8%d7%a0%d7%95%d7%aa/; https://aravaff.co.il/%d7%9c%d7%95%d7%97-%d7%94%d7%a7%d7%a8%d7%a0%d7%95%d7%aa/#main
לדויד קוניו,medium,hebert,,"קרן קולנוע ערבה, קרן קולנוע נגב",2,"2020,2021,2025",https://aravaff.co.il/%d7%9c%d7%95%d7%97-%d7%94%d7%a7%d7%a8%d7%a0%d7%95%d7%aa/; https://aravaff.co.il/%d7%9c%d7%95%d7%97-%d7%94%d7%a7%d7%a8%d7%a0%d7%95%d7%aa/#main
אנטוניו,medium,dictabert,,"קרן קולנוע ערבה, קרן קולנוע נגב",2,"2020,2021,2025",https://aravaff.co.il/%d7%9c%d7%95%d7%97-%d7%94%d7%a7%d7%a8%d7%a0%d7%95%d7%aa/; https://aravaff.co.il/%d7%9c%d7%95%d7%97-%d7%94%d7%a7%d7%a8%d7%a0%d7%95%d7%aa/#main
אמלי,medium,dictabert,במאי,"קרן קולנוע ערבה, קרן קולנוע נגב",2,"2020,2021,2025",https://aravaff.co.il/%d7%9c%d7%95%d7%97-%d7%94%d7%a7%d7%a8%d7%a0%d7%95%d7%aa/; https://aravaff.co.il/%d7%9c%d7%95%d7%97-%d7%94%d7%a7%d7%a8%d7%a0%d7%95%d7%aa/#main
צ׳פלין,medium,dictabert,,"קרן קולנוע ערבה, קרן קולנוע נגב",2,"2020,2021,2025",https://aravaff.co.il/%d7%9c%d7%95%d7%97-%d7%94%d7%a7%d7%a8%d7%a0%d7%95%d7%aa/; https://aravaff.co.il/%d7%9c%d7%95%d7%97-%d7%94%d7%a7%d7%a8%d7%a0%d7%95%d7%aa/#main
לדויד,high,dictabert+hebert,,"קרן קולנוע ערבה, קרן קולנוע נגב",2,"2020,2021,2025",https://aravaff.co.il/%d7%9c%d7%95%d7%97-%d7%94%d7%a7%d7%a8%d7%a0%d7%95%d7%aa/; https://aravaff.co.il/%d7%9c%d7%95%d7%97-%d7%94%d7%a7%d7%a8%d7%a0%d7%95%d7%aa/#main
. גילה,medium,hebert,,קרן קולנוע ערבה,2,2024,https://aravaff.co.il/%d7%a1%d7%a8%d7%98%d7%99-%d7%a7%d7%a8%d7%9f-%d7%a7%d7%95%d7%9c%d7%a0%d7%95%d7%a2-%d7%a2%d7%a8%d7%91%d7%94/; https://aravaff.co.il/%d7%a1%d7%a8%d7%98%d7%99-%d7%a7%d7%a8%d7%9f-%d7%a7%d7%95%d7%9c%d7%a0%d7%95%d7%a2-%d7%a2%d7%a8%d7%91%d7%94/#main
##נה,medium,hebert,,קרן קולנוע ערבה,2,2024,https://aravaff.co.il/%d7%a1%d7%a8%d7%98%d7%99-%d7%a7%d7%a8%d7%9f-%d7%a7%d7%95%d7%9c%d7%a0%d7%95%d7%a2-%d7%a2%d7%a8%d7%91%d7%94/; https://aravaff.co.il/%d7%a1%d7%a8%d7%98%d7%99-%d7%a7%d7%a8%d7%9f-%d7%a7%d7%95%d7%9c%d7%a0%d7%95%d7%a2-%d7%a2%d7%a8%d7%91%d7%94/#main
באמ,medium,dictabert,,קרן קולנוע ערבה,2,2024,https://aravaff.co.il/%d7%a1%d7%a8%d7%98%d7%99-%d7%a7%d7%a8%d7%9f-%d7%a7%d7%95%d7%9c%d7%a0%d7%95%d7%a2-%d7%a2%d7%a8%d7%91%d7%94/; https://aravaff.co.il/%d7%a1%d7%a8%d7%98%d7%99-%d7%a7%d7%a8%d7%9f-%d7%a7%d7%95%d7%9c%d7%a0%d7%95%d7%a2-%d7%a2%d7%a8%d7%91%d7%94/#main
ג'ל,medium,dictabert,,קרן קולנוע ערבה,2,2024,https://aravaff.co.il/%d7%a1%d7%a8%d7%98%d7%99-%d7%a7%d7%a8%d7%9f-%d7%a7%d7%95%d7%9c%d7%a0%d7%95%d7%a2-%d7%a2%d7%a8%d7%91%d7%94/; https://aravaff.co.il/%d7%a1%d7%a8%d7%98%d7%99-%d7%a7%d7%a8%d7%9f-%d7%a7%d7%95%d7%9c%d7%a0%d7%95%d7%a2-%d7%a2%d7%a8%d7%91%d7%94/#main
רוזנטל גלי,medium,hebert,,קרן קולנוע ערבה,2,2024,https://aravaff.co.il/%d7%a1%d7%a8%d7%98%d7%99-%d7%a7%d7%a8%d7%9f-%d7%a7%d7%95%d7%9c%d7%a0%d7%95%d7%a2-%d7%a2%d7%a8%d7%91%d7%94/; https://aravaff.co.il/%d7%a1%d7%a8%d7%98%d7%99-%d7%a7%d7%a8%d7%9f-%d7%a7%d7%95%d7%9c%d7%a0%d7%95%d7%a2-%d7%a2%d7%a8%d7%91%d7%94/#main
אייל,medium,dictabert,במאי,"מרכז קהילה ערבה, קרן הקולנוע ערבה, קרן קולנוע ערבה, המועצה האזורית ערבה תיכונה, קרן קולנוע נגב, משרד התרבות, קרן גשר, קרן גשר לקולנוע, קרן קולנוע מדרום, מכללת ספיר",2,"2020,2025",https://aravaff.co.il/%d7%a1%d7%a8%d7%98%d7%99-%d7%a7%d7%a8%d7%9f-%d7%a7%d7%95%d7%9c%d7%a0%d7%95%d7%a2-%d7%a0%d7%92%d7%91-%d7%94%d7%9e%d7%90%d7%95%d7%97%d7%93%d7%aa/#main; https://aravaff.co.il/%d7%a1%d7%a8%d7%98%d7%99-%d7%a7%d7%a8%d7%9f-%d7%a7%d7%95%d7%9c%d7%a0%d7%95%d7%a2-%d7%a0%d7%92%d7%91-%d7%94%d7%9e%d7%90%d7%95%d7%97%d7%93%d7%aa/
3666646 aravaff,medium,hebert,,קרן קולנוע ערבה,2,,https://aravaff.co.il/%d7%a6%d7%95%d7%a8-%d7%a7%d7%a9%d7%a8/; https://aravaff.co.il/%d7%a6%d7%95%d7%a8-%d7%a7%d7%a9%d7%a8/#main
yos,medium,hebert,,קרן קולנוע ערבה,2,2025,https://aravaff.co.il/en/all-films/; https://aravaff.co.il/en/all-films/#main
yao miyazaki,medium,hebert,,קרן קולנוע ערבה,2,2023,https://aravaff.co.il/en/archive/2023/; https://aravaff.co.il/en/archive/2023/#main
##rric,medium,hebert,,קרן קולנוע ערבה,2,2023,https://aravaff.co.il/en/archive/2023/; https://aravaff.co.il/en/archive/2023/#main
david,medium,hebert,,קרן קולנוע ערבה,2,2024,https://aravaff.co.il/en/archive/2024-en/; https://aravaff.co.il/en/archive/2024-en/#main
##im,medium,hebert,,קרן קולנוע ערבה,2,,https://aravaff.co.il/en/contact-us/; https://aravaff.co.il/en/contact-us/#main
ben - david count,medium,hebert,,קרן קולנוע ערבה,2,2024,https://aravaff.co.il/en/movies/a-letter-to-the-father/#main; https://aravaff.co.il/en/movies/a-letter-to-the-father/
rani abit,medium,hebert,,קרן קולנוע ערבה,2,2024,https://aravaff.co.il/en/movies/a-letter-to-the-father/#main; https://aravaff.co.il/en/movies/a-letter-to-the-father/
yoel rozenkier,medium,hebert,,קרן קולנוע ערבה,2,2024,https://aravaff.co.il/en/movies/a-letter-to-the-father/#main; https://aravaff.co.il/en/movies/a-letter-to-the-father/
##ant,medium,hebert,,קרן קולנוע ערבה,2,2024,https://aravaff.co.il/en/movies/anora/; https://aravaff.co.il/en/movies/anora/#main
##achoukel,medium,hebert,,קרן קולנוע ערבה,2,"2014,2023",https://aravaff.co.il/en/movies/%d7%90%d7%9e%d7%90-%d7%92%d7%9c%d7%95%d7%a8%d7%99%d7%94/; https://aravaff.co.il/en/movies/%d7%90%d7%9e%d7%90-%d7%92%d7%9c%d7%95%d7%a8%d7%99%d7%94/#main
yonata,medium,hebert,,קרן קולנוע ערבה,2,2023,https://aravaff.co.il/en/movies/%d7%93%d7%a0%d7%99%d7%90%d7%9c-%d7%90%d7%95%d7%99%d7%a2%d7%a8%d7%91%d7%90%d7%9a/#main; https://aravaff.co.il/en/movies/%d7%93%d7%a0%d7%99%d7%90%d7%9c-%d7%90%d7%95%d7%99%d7%a2%d7%a8%d7%91%d7%90%d7%9a/
him,medium,hebert,,קרן קולנוע ערבה,2,2023,https://aravaff.co.il/en/movies/%d7%93%d7%a0%d7%99%d7%90%d7%9c-%d7%90%d7%95%d7%99%d7%a2%d7%a8%d7%91%d7%90%d7%9a/#main; https://aravaff.co.il/en/movies/%d7%93%d7%a0%d7%99%d7%90%d7%9c-%d7%90%d7%95%d7%99%d7%a2%d7%a8%d7%91%d7%90%d7%9a/
elisheva weil,medium,hebert,,קרן קולנוע ערבה,2,2023,https://aravaff.co.il/en/movies/%d7%93%d7%a0%d7%99%d7%90%d7%9c-%d7%90%d7%95%d7%99%d7%a2%d7%a8%d7%91%d7%90%d7%9a/#main; https://aravaff.co.il/en/movies/%d7%93%d7%a0%d7%99%d7%90%d7%9c-%d7%90%d7%95%d7%99%d7%a2%d7%a8%d7%91%d7%90%d7%9a/
hannah azulai,medium,hebert,,קרן קולנוע ערבה,2,2023,https://aravaff.co.il/en/movies/%d7%93%d7%a0%d7%99%d7%90%d7%9c-%d7%90%d7%95%d7%99%d7%a2%d7%a8%d7%91%d7%90%d7%9a/#main; https://aravaff.co.il/en/movies/%d7%93%d7%a0%d7%99%d7%90%d7%9c-%d7%90%d7%95%d7%99%d7%a2%d7%a8%d7%91%d7%90%d7%9a/
hasfari,medium,hebert,,קרן קולנוע ערבה,2,2023,https://aravaff.co.il/en/movies/%d7%93%d7%a0%d7%99%d7%90%d7%9c-%d7%90%d7%95%d7%99%d7%a2%d7%a8%d7%91%d7%90%d7%9a/#main; https://aravaff.co.il/en/movies/%d7%93%d7%a0%d7%99%d7%90%d7%9c-%d7%90%d7%95%d7%99%d7%a2%d7%a8%d7%91%d7%90%d7%9a/
sinai peter,medium,hebert,,קרן קולנוע ערבה,2,2023,https://aravaff.co.il/en/movies/%d7%93%d7%a0%d7%99%d7%90%d7%9c-%d7%90%d7%95%d7%99%d7%a2%d7%a8%d7%91%d7%90%d7%9a/#main; https://aravaff.co.il/en/movies/%d7%93%d7%a0%d7%99%d7%90%d7%9c-%d7%90%d7%95%d7%99%d7%a2%d7%a8%d7%91%d7%90%d7%9a/
yoav bavly,medium,hebert,,קרן קולנוע ערבה,2,2023,https://aravaff.co.il/en/movies/%d7%93%d7%a0%d7%99%d7%90%d7%9c-%d7%90%d7%95%d7%99%d7%a2%d7%a8%d7%91%d7%90%d7%9a/#main; https://aravaff.co.il/en/movies/%d7%93%d7%a0%d7%99%d7%90%d7%9c-%d7%90%d7%95%d7%99%d7%a2%d7%a8%d7%91%d7%90%d7%9a/
##im tabakman,medium,hebert,,קרן קולנוע ערבה,2,2023,https://aravaff.co.il/en/movies/%d7%93%d7%a0%d7%99%d7%90%d7%9c-%d7%90%d7%95%d7%99%d7%a2%d7%a8%d7%91%d7%90%d7%9a/#main; https://aravaff.co.il/en/movies/%d7%93%d7%a0%d7%99%d7%90%d7%9c-%d7%90%d7%95%d7%99%d7%a2%d7%a8%d7%91%d7%90%d7%9a/
yacov,medium,hebert,,קרן קולנוע ערבה,2,2023,https://aravaff.co.il/en/movies/%d7%93%d7%a0%d7%99%d7%90%d7%9c-%d7%90%d7%95%d7%99%d7%a2%d7%a8%d7%91%d7%90%d7%9a/#main; https://aravaff.co.il/en/movies/%d7%93%d7%a0%d7%99%d7%90%d7%9c-%d7%90%d7%95%d7%99%d7%a2%d7%a8%d7%91%d7%90%d7%9a/
lihi kornowski,medium,hebert,,קרן קולנוע ערבה,2,2023,https://aravaff.co.il/en/movies/%d7%93%d7%a0%d7%99%d7%90%d7%9c-%d7%90%d7%95%d7%99%d7%a2%d7%a8%d7%91%d7%90%d7%9a/#main; https://aravaff.co.il/en/movies/%d7%93%d7%a0%d7%99%d7%90%d7%9c-%d7%90%d7%95%d7%99%d7%a2%d7%a8%d7%91%d7%90%d7%9a/
yuval dayan,medium,hebert,,קרן קולנוע ערבה,2,2023,https://aravaff.co.il/en/movies/%d7%93%d7%a0%d7%99%d7%90%d7%9c-%d7%90%d7%95%d7%99%d7%a2%d7%a8%d7%91%d7%90%d7%9a/#main; https://aravaff.co.il/en/movies/%d7%93%d7%a0%d7%99%d7%90%d7%9c-%d7%90%d7%95%d7%99%d7%a2%d7%a8%d7%91%d7%90%d7%9a/
alblak,medium,hebert,,קרן קולנוע ערבה,2,2023,https://aravaff.co.il/en/movies/%d7%93%d7%a0%d7%99%d7%90%d7%9c-%d7%90%d7%95%d7%99%d7%a2%d7%a8%d7%91%d7%90%d7%9a/#main; https://aravaff.co.il/en/movies/%d7%93%d7%a0%d7%99%d7%90%d7%9c-%d7%90%d7%95%d7%99%d7%a2%d7%a8%d7%91%d7%90%d7%9a/
##inan,medium,hebert,,קרן קולנוע ערבה,2,2023,https://aravaff.co.il/en/movies/%d7%93%d7%a0%d7%99%d7%90%d7%9c-%d7%90%d7%95%d7%99%d7%a2%d7%a8%d7%91%d7%90%d7%9a/#main; https://aravaff.co.il/en/movies/%d7%93%d7%a0%d7%99%d7%90%d7%9c-%d7%90%d7%95%d7%99%d7%a2%d7%a8%d7%91%d7%90%d7%9a/
##achoukeli,medium,hebert,,קרן קולנוע ערבה,2,2023,https://aravaff.co.il/en/movies/%d7%94%d7%98%d7%99%d7%a8%d7%94-%d7%94%d7%a0%d7%a2%d7%94/#main; https://aravaff.co.il/en/movies/%d7%94%d7%98%d7%99%d7%a8%d7%94-%d7%94%d7%a0%d7%a2%d7%94/
ayao miyazaki,medium,hebert,,קרן קולנוע ערבה,2,2023,https://aravaff.co.il/en/movies/%d7%94%d7%98%d7%99%d7%a8%d7%94-%d7%94%d7%a0%d7%a2%d7%94/#main; https://aravaff.co.il/en/movies/%d7%94%d7%98%d7%99%d7%a8%d7%94-%d7%94%d7%a0%d7%a2%d7%94/
haya,medium,hebert,,קרן קולנוע ערבה,2,2023,https://aravaff.co.il/en/movies/%d7%94%d7%99%d7%9c%d7%93-%d7%95%d7%94%d7%90%d7%a0%d7%a4%d7%94/#main; https://aravaff.co.il/en/movies/%d7%94%d7%99%d7%9c%d7%93-%d7%95%d7%94%d7%90%d7%a0%d7%a4%d7%94/
jonath,medium,hebert,,קרן קולנוע ערבה,2,2023,https://aravaff.co.il/en/movies/%d7%94%d7%99%d7%9c%d7%93-%d7%95%d7%94%d7%90%d7%a0%d7%a4%d7%94/#main; https://aravaff.co.il/en/movies/%d7%94%d7%99%d7%9c%d7%93-%d7%95%d7%94%d7%90%d7%a0%d7%a4%d7%94/
gai,medium,hebert,,קרן קולנוע ערבה,2,2023,https://aravaff.co.il/en/movies/%d7%94%d7%99%d7%9c%d7%93-%d7%95%d7%94%d7%90%d7%a0%d7%a4%d7%94/#main; https://aravaff.co.il/en/movies/%d7%94%d7%99%d7%9c%d7%93-%d7%95%d7%94%d7%90%d7%a0%d7%a4%d7%94/
hisaish,medium,hebert,,קרן קולנוע ערבה,2,2023,https://aravaff.co.il/en/movies/%d7%94%d7%99%d7%9c%d7%93-%d7%95%d7%94%d7%90%d7%a0%d7%a4%d7%94/#main; https://aravaff.co.il/en/movies/%d7%94%d7%99%d7%9c%d7%93-%d7%95%d7%94%d7%90%d7%a0%d7%a4%d7%94/
##shio suzuk,medium,hebert,,קרן קולנוע ערבה,2,2023,https://aravaff.co.il/en/movies/%d7%94%d7%99%d7%9c%d7%93-%d7%95%d7%94%d7%90%d7%a0%d7%a4%d7%94/#main; https://aravaff.co.il/en/movies/%d7%94%d7%99%d7%9c%d7%93-%d7%95%d7%94%d7%90%d7%a0%d7%a4%d7%94/
##ach,medium,hebert,,קרן קולנוע ערבה,2,2025,https://aravaff.co.il/en/movies/%d7%a2%d7%a8%d7%9a-%d7%a1%d7%a0%d7%98%d7%99%d7%9e%d7%a0%d7%98%d7%9c%d7%99/#main; https://aravaff.co.il/en/movies/%d7%a2%d7%a8%d7%9a-%d7%a1%d7%a0%d7%98%d7%99%d7%9e%d7%a0%d7%98%d7%9c%d7%99/
##rwegian,medium,hebert,,קרן קולנוע ערבה,2,2025,https://aravaff.co.il/en/movies/%d7%a2%d7%a8%d7%9a-%d7%a1%d7%a0%d7%98%d7%99%d7%9e%d7%a0%d7%98%d7%9c%d7%99/#main; https://aravaff.co.il/en/movies/%d7%a2%d7%a8%d7%9a-%d7%a1%d7%a0%d7%98%d7%99%d7%9e%d7%a0%d7%98%d7%9c%d7%99/
##zab,medium,hebert,,קרן קולנוע ערבה,2,,https://aravaff.co.il/en/movies/%d7%a4%d7%95%d7%a0%d7%99%d7%95-%d7%a2%d7%9c-%d7%94%d7%a6%d7%95%d7%a7-%d7%9c%d7%99%d7%93-%d7%94%d7%99%d7%9d/; https://aravaff.co.il/en/movies/%d7%a4%d7%95%d7%a0%d7%99%d7%95-%d7%a2%d7%9c-%d7%94%d7%a6%d7%95%d7%a7-%d7%9c%d7%99%d7%93-%d7%94%d7%99%d7%9d/#main
##sh,medium,hebert,,קרן קולנוע ערבה,2,,https://aravaff.co.il/en/movies/%d7%a4%d7%95%d7%a0%d7%99%d7%95-%d7%a2%d7%9c-%d7%94%d7%a6%d7%95%d7%a7-%d7%9c%d7%99%d7%93-%d7%94%d7%99%d7%9d/; https://aravaff.co.il/en/movies/%d7%a4%d7%95%d7%a0%d7%99%d7%95-%d7%a2%d7%9c-%d7%94%d7%a6%d7%95%d7%a7-%d7%9c%d7%99%d7%93-%d7%94%d7%99%d7%9d/#main
##el,medium,hebert,,קרן קולנוע ערבה,2,2025,https://aravaff.co.il/en/movies/dj-ahmet/#main; https://aravaff.co.il/en/movies/dj-ahmet/
eti tsik,medium,hebert,,קרן קולנוע ערבה,2,2025,https://aravaff.co.il/en/movies/nandauri/#main; https://aravaff.co.il/en/movies/nandauri/
shai goldman,medium,hebert,,קרן קולנוע ערבה,2,2025,https://aravaff.co.il/en/movies/nandauri/#main; https://aravaff.co.il/en/movies/nandauri/
nandauri,medium,hebert,,קרן קולנוע ערבה,2,2025,https://aravaff.co.il/en/movies/nandauri/#main; https://aravaff.co.il/en/movies/nandauri/
sharon,medium,hebert,,קרן קולנוע ערבה,2,"2023,2024",https://aravaff.co.il/en/movies/shorts-in-the-desert-2/; https://aravaff.co.il/en/movies/shorts-in-the-desert-2/#main
zak,medium,hebert,,קרן קולנוע ערבה,2,"2023,2024",https://aravaff.co.il/en/movies/shorts-in-the-desert-2/; https://aravaff.co.il/en/movies/shorts-in-the-desert-2/#main
##ni,medium,hebert,,קרן קולנוע ערבה,2,"2023,2024",https://aravaff.co.il/en/movies/shorts-in-the-desert-2/; https://aravaff.co.il/en/movies/shorts-in-the-desert-2/#main
dem,medium,dictabert,,קרן קולנוע ערבה,2,,https://aravaff.co.il/en/movies/stop-making-sense/#main; https://aravaff.co.il/en/movies/stop-making-sense/
##s,medium,hebert,,קרן קולנוע ערבה,2,2025,https://aravaff.co.il/en/movies/the-country-calls-you/; https://aravaff.co.il/en/movies/the-country-calls-you/#main
##zaki,medium,hebert,,קרן קולנוע ערבה,2,2016,https://aravaff.co.il/en/movies/the-red-turtle/#main; https://aravaff.co.il/en/movies/the-red-turtle/
##and,medium,hebert,,קרן קולנוע ערבה,2,"2020,2021,2025",https://aravaff.co.il/en/program/#main; https://aravaff.co.il/en/program/
סופיה אוטר,medium,dictabert,שחקן,קרן קולנוע ערבה,2,2023,https://aravaff.co.il/movies/20-%d7%90%d7%9c%d7%a3-%d7%9e%d7%99%d7%a0%d7%99%d7%9d-%d7%a9%d7%9c-%d7%93%d7%91%d7%95%d7%a8%d7%99%d7%9d/#main; https://aravaff.co.il/movies/20-%d7%90%d7%9c%d7%a3-%d7%9e%d7%99%d7%a0%d7%99%d7%9d-%d7%a9%d7%9c-%d7%93%d7%91%d7%95%d7%a8%d7%99%d7%9d/
אסטי,medium,dictabert,"שחקן, במאי",קרן קולנוע ערבה,2,2023,https://aravaff.co.il/movies/20-%d7%90%d7%9c%d7%a3-%d7%9e%d7%99%d7%a0%d7%99%d7%9d-%d7%a9%d7%9c-%d7%93%d7%91%d7%95%d7%a8%d7%99%d7%9d/#main; https://aravaff.co.il/movies/20-%d7%90%d7%9c%d7%a3-%d7%9e%d7%99%d7%a0%d7%99%d7%9d-%d7%a9%d7%9c-%d7%93%d7%91%d7%95%d7%a8%d7%99%d7%9d/
סופיה אוטרו,medium,hebert,שחקן,קרן קולנוע ערבה,2,2023,https://aravaff.co.il/movies/20-%d7%90%d7%9c%d7%a3-%d7%9e%d7%99%d7%a0%d7%99%d7%9d-%d7%a9%d7%9c-%d7%93%d7%91%d7%95%d7%a8%d7%99%d7%9d/#main; https://aravaff.co.il/movies/20-%d7%90%d7%9c%d7%a3-%d7%9e%d7%99%d7%a0%d7%99%d7%9d-%d7%a9%d7%9c-%d7%93%d7%91%d7%95%d7%a8%d7%99%d7%9d/
אסטיבליז אורסולה סולגורן,medium,hebert,"שחקן, במאי, מפיק",קרן קולנוע ערבה,2,2023,https://aravaff.co.il/movies/20-%d7%90%d7%9c%d7%a3-%d7%9e%d7%99%d7%a0%d7%99%d7%9d-%d7%a9%d7%9c-%d7%93%d7%91%d7%95%d7%a8%d7%99%d7%9d/#main; https://aravaff.co.il/movies/20-%d7%90%d7%9c%d7%a3-%d7%9e%d7%99%d7%a0%d7%99%d7%9d-%d7%a9%d7%9c-%d7%93%d7%91%d7%95%d7%a8%d7%99%d7%9d/
דניאלה נובי,medium,dictabert,מפיק,קרן קולנוע ערבה,2,2024,https://aravaff.co.il/movies/%d7%90%d7%95%d7%a4%d7%a7-%d7%94%d7%90%d7%99%d7%a8%d7%95%d7%a2%d7%99%d7%9d/; https://aravaff.co.il/movies/%d7%90%d7%95%d7%a4%d7%a7-%d7%94%d7%90%d7%99%d7%a8%d7%95%d7%a2%d7%99%d7%9d/#main
סתיו מורג מרון,high,dictabert+hebert,"במאי, מפיק",קרן קולנוע ערבה,2,2024,https://aravaff.co.il/movies/%d7%90%d7%95%d7%a4%d7%a7-%d7%94%d7%90%d7%99%d7%a8%d7%95%d7%a2%d7%99%d7%9d/; https://aravaff.co.il/movies/%d7%90%d7%95%d7%a4%d7%a7-%d7%94%d7%90%d7%99%d7%a8%d7%95%d7%a2%d7%99%d7%9d/#main
אמילי וייס,high,dictabert+hebert,"במאי, מפיק",קרן קולנוע ערבה,2,2024,https://aravaff.co.il/movies/%d7%90%d7%95%d7%a4%d7%a7-%d7%94%d7%90%d7%99%d7%a8%d7%95%d7%a2%d7%99%d7%9d/; https://aravaff.co.il/movies/%d7%90%d7%95%d7%a4%d7%a7-%d7%94%d7%90%d7%99%d7%a8%d7%95%d7%a2%d7%99%d7%9d/#main
אלדד פרי,medium,dictabert,"במאי, מפיק",קרן קולנוע ערבה,2,2024,https://aravaff.co.il/movies/%d7%90%d7%95%d7%a4%d7%a7-%d7%94%d7%90%d7%99%d7%a8%d7%95%d7%a2%d7%99%d7%9d/; https://aravaff.co.il/movies/%d7%90%d7%95%d7%a4%d7%a7-%d7%94%d7%90%d7%99%d7%a8%d7%95%d7%a2%d7%99%d7%9d/#main
תימ,medium,dictabert,"במאי, מפיק",קרן קולנוע ערבה,2,2024,https://aravaff.co.il/movies/%d7%90%d7%95%d7%a4%d7%a7-%d7%94%d7%90%d7%99%d7%a8%d7%95%d7%a2%d7%99%d7%9d/; https://aravaff.co.il/movies/%d7%90%d7%95%d7%a4%d7%a7-%d7%94%d7%90%d7%99%d7%a8%d7%95%d7%a2%d7%99%d7%9d/#main
אלדד פריבס,medium,hebert,"במאי, מפיק",קרן קולנוע ערבה,2,2024,https://aravaff.co.il/movies/%d7%90%d7%95%d7%a4%d7%a7-%d7%94%d7%90%d7%99%d7%a8%d7%95%d7%a2%d7%99%d7%9d/; https://aravaff.co.il/movies/%d7%90%d7%95%d7%a4%d7%a7-%d7%94%d7%90%d7%99%d7%a8%d7%95%d7%a2%d7%99%d7%9d/#main
שירה גפן מדינה ישראל,medium,hebert,,קרן קולנוע ערבה,2,2024,https://aravaff.co.il/movies/%d7%90%d7%95%d7%a4%d7%a7-%d7%94%d7%90%d7%99%d7%a8%d7%95%d7%a2%d7%99%d7%9d/; https://aravaff.co.il/movies/%d7%90%d7%95%d7%a4%d7%a7-%d7%94%d7%90%d7%99%d7%a8%d7%95%d7%a2%d7%99%d7%9d/#main
מאי רש,high,dictabert+hebert,מפיק,קרן קולנוע ערבה,2,2024,https://aravaff.co.il/movies/%d7%90%d7%95%d7%a4%d7%a7-%d7%94%d7%90%d7%99%d7%a8%d7%95%d7%a2%d7%99%d7%9d/; https://aravaff.co.il/movies/%d7%90%d7%95%d7%a4%d7%a7-%d7%94%d7%90%d7%99%d7%a8%d7%95%d7%a2%d7%99%d7%9d/#main
כהן,medium,dictabert,"במאי, מפיק",קרן קולנוע ערבה,2,2024,https://aravaff.co.il/movies/%d7%90%d7%95%d7%a4%d7%a7-%d7%94%d7%90%d7%99%d7%a8%d7%95%d7%a2%d7%99%d7%9d/; https://aravaff.co.il/movies/%d7%90%d7%95%d7%a4%d7%a7-%d7%94%d7%90%d7%99%d7%a8%d7%95%d7%a2%d7%99%d7%9d/#main
תימור כהן,medium,hebert,"במאי, מפיק",קרן קולנוע ערבה,2,2024,https://aravaff.co.il/movies/%d7%90%d7%95%d7%a4%d7%a7-%d7%94%d7%90%d7%99%d7%a8%d7%95%d7%a2%d7%99%d7%9d/; https://aravaff.co.il/movies/%d7%90%d7%95%d7%a4%d7%a7-%d7%94%d7%90%d7%99%d7%a8%d7%95%d7%a2%d7%99%d7%9d/#main
דניאלה נוביץ,medium,hebert,מפיק,קרן קולנוע ערבה,2,2024,https://aravaff.co.il/movies/%d7%90%d7%95%d7%a4%d7%a7-%d7%94%d7%90%d7%99%d7%a8%d7%95%d7%a2%d7%99%d7%9d/; https://aravaff.co.il/movies/%d7%90%d7%95%d7%a4%d7%a7-%d7%94%d7%90%d7%99%d7%a8%d7%95%d7%a2%d7%99%d7%9d/#main
lev,medium,dictabert,,קרן קולנוע ערבה,2,2023,https://aravaff.co.il/movies/%d7%90%d7%96%d7%95%d7%a8-%d7%94%d7%a2%d7%a0%d7%99%d7%99%d7%9f/#main; https://aravaff.co.il/movies/%d7%90%d7%96%d7%95%d7%a8-%d7%94%d7%a2%d7%a0%d7%99%d7%99%d7%9f/
sand,medium,dictabert,,קרן קולנוע ערבה,2,2023,https://aravaff.co.il/movies/%d7%90%d7%96%d7%95%d7%a8-%d7%94%d7%a2%d7%a0%d7%99%d7%99%d7%9f/#main; https://aravaff.co.il/movies/%d7%90%d7%96%d7%95%d7%a8-%d7%94%d7%a2%d7%a0%d7%99%d7%99%d7%9f/
christian fri,medium,dictabert,,קרן קולנוע ערבה,2,2023,https://aravaff.co.il/movies/%d7%90%d7%96%d7%95%d7%a8-%d7%94%d7%a2%d7%a0%d7%99%d7%99%d7%9f/#main; https://aravaff.co.il/movies/%d7%90%d7%96%d7%95%d7%a8-%d7%94%d7%a2%d7%a0%d7%99%d7%99%d7%9f/
ג׳ונתן גלייזר,medium,hebert,,קרן קולנוע ערבה,2,2023,https://aravaff.co.il/movies/%d7%90%d7%96%d7%95%d7%a8-%d7%94%d7%a2%d7%a0%d7%99%d7%99%d7%9f/#main; https://aravaff.co.il/movies/%d7%90%d7%96%d7%95%d7%a8-%d7%94%d7%a2%d7%a0%d7%99%d7%99%d7%9f/
##dra huller,medium,hebert,,קרן קולנוע ערבה,2,2023,https://aravaff.co.il/movies/%d7%90%d7%96%d7%95%d7%a8-%d7%94%d7%a2%d7%a0%d7%99%d7%99%d7%9f/#main; https://aravaff.co.il/movies/%d7%90%d7%96%d7%95%d7%a8-%d7%94%d7%a2%d7%a0%d7%99%d7%99%d7%9f/
רודולף הס,high,dictabert+hebert,,קרן קולנוע ערבה,2,2023,https://aravaff.co.il/movies/%d7%90%d7%96%d7%95%d7%a8-%d7%94%d7%a2%d7%a0%d7%99%d7%99%d7%9f/#main; https://aravaff.co.il/movies/%d7%90%d7%96%d7%95%d7%a8-%d7%94%d7%a2%d7%a0%d7%99%d7%99%d7%9f/
mica levi,medium,hebert,,קרן קולנוע ערבה,2,2023,https://aravaff.co.il/movies/%d7%90%d7%96%d7%95%d7%a8-%d7%94%d7%a2%d7%a0%d7%99%d7%99%d7%9f/#main; https://aravaff.co.il/movies/%d7%90%d7%96%d7%95%d7%a8-%d7%94%d7%a2%d7%a0%d7%99%d7%99%d7%9f/
ralph,medium,hebert,,קרן קולנוע ערבה,2,2023,https://aravaff.co.il/movies/%d7%90%d7%96%d7%95%d7%a8-%d7%94%d7%a2%d7%a0%d7%99%d7%99%d7%9f/#main; https://aravaff.co.il/movies/%d7%90%d7%96%d7%95%d7%a8-%d7%94%d7%a2%d7%a0%d7%99%d7%99%d7%9f/
paul wat,medium,dictabert,,קרן קולנוע ערבה,2,2023,https://aravaff.co.il/movies/%d7%90%d7%96%d7%95%d7%a8-%d7%94%d7%a2%d7%a0%d7%99%d7%99%d7%9f/#main; https://aravaff.co.il/movies/%d7%90%d7%96%d7%95%d7%a8-%d7%94%d7%a2%d7%a0%d7%99%d7%99%d7%9f/
gla,medium,dictabert,,קרן קולנוע ערבה,2,2023,https://aravaff.co.il/movies/%d7%90%d7%96%d7%95%d7%a8-%d7%94%d7%a2%d7%a0%d7%99%d7%99%d7%9f/#main; https://aravaff.co.il/movies/%d7%90%d7%96%d7%95%d7%a8-%d7%94%d7%a2%d7%a0%d7%99%d7%99%d7%9f/
michel fr,medium,hebert,,קרן קולנוע ערבה,2,2012,https://aravaff.co.il/movies/%d7%90%d7%97%d7%a8%d7%99-%d7%9c%d7%95%d7%a1%d7%99%d7%94/#main; https://aravaff.co.il/movies/%d7%90%d7%97%d7%a8%d7%99-%d7%9c%d7%95%d7%a1%d7%99%d7%94/
michel,medium,hebert,,קרן קולנוע ערבה,2,2012,https://aravaff.co.il/movies/%d7%90%d7%97%d7%a8%d7%99-%d7%9c%d7%95%d7%a1%d7%99%d7%94/#main; https://aravaff.co.il/movies/%d7%90%d7%97%d7%a8%d7%99-%d7%9c%d7%95%d7%a1%d7%99%d7%94/
־ ווקר,medium,dictabert,,קרן קולנוע ערבה,2,2023,https://aravaff.co.il/movies/%d7%90%d7%99%d7%9a-%d7%9c%d7%a2%d7%a9%d7%95%d7%aa-%d7%a1%d7%a7%d7%a1/; https://aravaff.co.il/movies/%d7%90%d7%99%d7%9a-%d7%9c%d7%a2%d7%a9%d7%95%d7%aa-%d7%a1%d7%a7%d7%a1/#main
mia mckenna,medium,hebert,,קרן קולנוע ערבה,2,2023,https://aravaff.co.il/movies/%d7%90%d7%99%d7%9a-%d7%9c%d7%a2%d7%a9%d7%95%d7%aa-%d7%a1%d7%a7%d7%a1/; https://aravaff.co.il/movies/%d7%90%d7%99%d7%9a-%d7%9c%d7%a2%d7%a9%d7%95%d7%aa-%d7%a1%d7%a7%d7%a1/#main
מולי מנינג ־ ווקר,medium,hebert,,קרן קולנוע ערבה,2,2023,https://aravaff.co.il/movies/%d7%90%d7%99%d7%9a-%d7%9c%d7%a2%d7%a9%d7%95%d7%aa-%d7%a1%d7%a7%d7%a1/; https://aravaff.co.il/movies/%d7%90%d7%99%d7%9a-%d7%9c%d7%a2%d7%a9%d7%95%d7%aa-%d7%a1%d7%a7%d7%a1/#main
suzana pedro,medium,hebert,,קרן קולנוע ערבה,2,"2014,2023",https://aravaff.co.il/movies/%d7%90%d7%9e%d7%90-%d7%92%d7%9c%d7%95%d7%a8%d7%99%d7%94/#main; https://aravaff.co.il/movies/%d7%90%d7%9e%d7%90-%d7%92%d7%9c%d7%95%d7%a8%d7%99%d7%94/
mauroy,medium,hebert,,קרן קולנוע ערבה,2,"2014,2023",https://aravaff.co.il/movies/%d7%90%d7%9e%d7%90-%d7%92%d7%9c%d7%95%d7%a8%d7%99%d7%94/#main; https://aravaff.co.il/movies/%d7%90%d7%9e%d7%90-%d7%92%d7%9c%d7%95%d7%a8%d7%99%d7%94/
קלייר בור,medium,dictabert,"במאי, צלם",קרן קולנוע ערבה,2,"2014,2023",https://aravaff.co.il/movies/%d7%90%d7%9e%d7%90-%d7%92%d7%9c%d7%95%d7%a8%d7%99%d7%94/#main; https://aravaff.co.il/movies/%d7%90%d7%9e%d7%90-%d7%92%d7%9c%d7%95%d7%a8%d7%99%d7%94/
תאי,medium,dictabert,"במאי, צלם",קרן קולנוע ערבה,2,"2014,2023",https://aravaff.co.il/movies/%d7%90%d7%9e%d7%90-%d7%92%d7%9c%d7%95%d7%a8%d7%99%d7%94/#main; https://aravaff.co.il/movies/%d7%90%d7%9e%d7%90-%d7%92%d7%9c%d7%95%d7%a8%d7%99%d7%94/
קלייר בורז'ה וסמואל תאיס,medium,hebert,"במאי, צלם",קרן קולנוע ערבה,2,"2014,2023",https://aravaff.co.il/movies/%d7%90%d7%9e%d7%90-%d7%92%d7%9c%d7%95%d7%a8%d7%99%d7%94/#main; https://aravaff.co.il/movies/%d7%90%d7%9e%d7%90-%d7%92%d7%9c%d7%95%d7%a8%d7%99%d7%94/
שמארי אמשוקלי,medium,hebert,"במאי, צלם",קרן קולנוע ערבה,2,"2014,2023",https://aravaff.co.il/movies/%d7%90%d7%9e%d7%90-%d7%92%d7%9c%d7%95%d7%a8%d7%99%d7%94/#main; https://aravaff.co.il/movies/%d7%90%d7%9e%d7%90-%d7%92%d7%9c%d7%95%d7%a8%d7%99%d7%94/
tabarin,medium,hebert,,קרן קולנוע ערבה,2,"2014,2023",https://aravaff.co.il/movies/%d7%90%d7%9e%d7%90-%d7%92%d7%9c%d7%95%d7%a8%d7%99%d7%94/#main; https://aravaff.co.il/movies/%d7%90%d7%9e%d7%90-%d7%92%d7%9c%d7%95%d7%a8%d7%99%d7%94/
marie amachoukeli,medium,hebert,,קרן קולנוע ערבה,2,"2014,2023",https://aravaff.co.il/movies/%d7%90%d7%9e%d7%90-%d7%92%d7%9c%d7%95%d7%a8%d7%99%d7%94/#main; https://aravaff.co.il/movies/%d7%90%d7%9e%d7%90-%d7%92%d7%9c%d7%95%d7%a8%d7%99%d7%94/
fanny martin,medium,hebert,,קרן קולנוע ערבה,2,"2014,2023",https://aravaff.co.il/movies/%d7%90%d7%9e%d7%90-%d7%92%d7%9c%d7%95%d7%a8%d7%99%d7%94/#main; https://aravaff.co.il/movies/%d7%90%d7%9e%d7%90-%d7%92%d7%9c%d7%95%d7%a8%d7%99%d7%94/
כשג,medium,dictabert,,קרן קולנוע ערבה,2,"2014,2023",https://aravaff.co.il/movies/%d7%90%d7%9e%d7%90-%d7%92%d7%9c%d7%95%d7%a8%d7%99%d7%94/#main; https://aravaff.co.il/movies/%d7%90%d7%9e%d7%90-%d7%92%d7%9c%d7%95%d7%a8%d7%99%d7%94/
##לוריה,medium,hebert,,קרן קולנוע ערבה,2,"2014,2023",https://aravaff.co.il/movies/%d7%90%d7%9e%d7%90-%d7%92%d7%9c%d7%95%d7%a8%d7%99%d7%94/#main; https://aravaff.co.il/movies/%d7%90%d7%9e%d7%90-%d7%92%d7%9c%d7%95%d7%a8%d7%99%d7%94/
' ה,medium,dictabert,,קרן קולנוע ערבה,2,"2014,2023",https://aravaff.co.il/movies/%d7%90%d7%9e%d7%90-%d7%92%d7%9c%d7%95%d7%a8%d7%99%d7%94/#main; https://aravaff.co.il/movies/%d7%90%d7%9e%d7%90-%d7%92%d7%9c%d7%95%d7%a8%d7%99%d7%94/
וסמ,medium,dictabert,"במאי, צלם",קרן קולנוע ערבה,2,"2014,2023",https://aravaff.co.il/movies/%d7%90%d7%9e%d7%90-%d7%92%d7%9c%d7%95%d7%a8%d7%99%d7%94/#main; https://aravaff.co.il/movies/%d7%90%d7%9e%d7%90-%d7%92%d7%9c%d7%95%d7%a8%d7%99%d7%94/
zego arnaud rebotin,medium,hebert,,קרן קולנוע ערבה,2,"2014,2023",https://aravaff.co.il/movies/%d7%90%d7%9e%d7%90-%d7%92%d7%9c%d7%95%d7%a8%d7%99%d7%94/#main; https://aravaff.co.il/movies/%d7%90%d7%9e%d7%90-%d7%92%d7%9c%d7%95%d7%a8%d7%99%d7%94/
nor,medium,dictabert,,קרן קולנוע ערבה,2,2024,https://aravaff.co.il/movies/%d7%90%d7%a0%d7%95%d7%a8%d7%94/; https://aravaff.co.il/movies/%d7%90%d7%a0%d7%95%d7%a8%d7%94/#main
ומארק אדלשטיין,medium,dictabert,במאי,קרן קולנוע ערבה,2,2024,https://aravaff.co.il/movies/%d7%90%d7%a0%d7%95%d7%a8%d7%94/; https://aravaff.co.il/movies/%d7%90%d7%a0%d7%95%d7%a8%d7%94/#main
אנורה,medium,hebert,,קרן קולנוע ערבה,2,2024,https://aravaff.co.il/movies/%d7%90%d7%a0%d7%95%d7%a8%d7%94/; https://aravaff.co.il/movies/%d7%90%d7%a0%d7%95%d7%a8%d7%94/#main
mad,medium,dictabert,,קרן קולנוע ערבה,2,2024,https://aravaff.co.il/movies/%d7%90%d7%a0%d7%95%d7%a8%d7%94/; https://aravaff.co.il/movies/%d7%90%d7%a0%d7%95%d7%a8%d7%94/#main
samantha quan,medium,hebert,,קרן קולנוע ערבה,2,2024,https://aravaff.co.il/movies/%d7%90%d7%a0%d7%95%d7%a8%d7%94/; https://aravaff.co.il/movies/%d7%90%d7%a0%d7%95%d7%a8%d7%94/#main
וניה,high,dictabert+hebert,במאי,קרן קולנוע ערבה,2,2024,https://aravaff.co.il/movies/%d7%90%d7%a0%d7%95%d7%a8%d7%94/; https://aravaff.co.il/movies/%d7%90%d7%a0%d7%95%d7%a8%d7%94/#main
keith jo,medium,hebert,,קרן קולנוע ערבה,2,2024,https://aravaff.co.il/movies/%d7%90%d7%a0%d7%95%d7%a8%d7%94/; https://aravaff.co.il/movies/%d7%90%d7%a0%d7%95%d7%a8%d7%94/#main
lind,medium,dictabert,,קרן קולנוע ערבה,2,2024,https://aravaff.co.il/movies/%d7%90%d7%a0%d7%95%d7%a8%d7%94/; https://aravaff.co.il/movies/%d7%90%d7%a0%d7%95%d7%a8%d7%94/#main
mikey,medium,hebert,,קרן קולנוע ערבה,2,2024,https://aravaff.co.il/movies/%d7%90%d7%a0%d7%95%d7%a8%d7%94/; https://aravaff.co.il/movies/%d7%90%d7%a0%d7%95%d7%a8%d7%94/#main
מייקי מדיסון,medium,dictabert,במאי,קרן קולנוע ערבה,2,2024,https://aravaff.co.il/movies/%d7%90%d7%a0%d7%95%d7%a8%d7%94/; https://aravaff.co.il/movies/%d7%90%d7%a0%d7%95%d7%a8%d7%94/#main
מייקי מדיסון ומארק אדלשטיין,medium,hebert,במאי,קרן קולנוע ערבה,2,2024,https://aravaff.co.il/movies/%d7%90%d7%a0%d7%95%d7%a8%d7%94/; https://aravaff.co.il/movies/%d7%90%d7%a0%d7%95%d7%a8%d7%94/#main
sean baker,medium,hebert,,קרן קולנוע ערבה,2,2024,https://aravaff.co.il/movies/%d7%90%d7%a0%d7%95%d7%a8%d7%94/; https://aravaff.co.il/movies/%d7%90%d7%a0%d7%95%d7%a8%d7%94/#main
paul we,medium,dictabert,,קרן קולנוע ערבה,2,2024,https://aravaff.co.il/movies/%d7%90%d7%a0%d7%95%d7%a8%d7%94/; https://aravaff.co.il/movies/%d7%90%d7%a0%d7%95%d7%a8%d7%94/#main
טרייה,high,dictabert+hebert,"במאי, מפיק",קרן קולנוע ערבה,2,2023,https://aravaff.co.il/movies/%d7%90%d7%a0%d7%98%d7%95%d7%9e%d7%99%d7%94-%d7%a9%d7%9c-%d7%a0%d7%a4%d7%99%d7%9c%d7%94/#main; https://aravaff.co.il/movies/%d7%90%d7%a0%d7%98%d7%95%d7%9e%d7%99%d7%94-%d7%a9%d7%9c-%d7%a0%d7%a4%d7%99%d7%9c%d7%94/
ז'וסטין טרייה,medium,hebert,"במאי, מפיק",קרן קולנוע ערבה,2,2023,https://aravaff.co.il/movies/%d7%90%d7%a0%d7%98%d7%95%d7%9e%d7%99%d7%94-%d7%a9%d7%9c-%d7%a0%d7%a4%d7%99%d7%9c%d7%94/#main; https://aravaff.co.il/movies/%d7%90%d7%a0%d7%98%d7%95%d7%9e%d7%99%d7%94-%d7%a9%d7%9c-%d7%a0%d7%a4%d7%99%d7%9c%d7%94/
david thion,medium,hebert,,קרן קולנוע ערבה,2,2023,https://aravaff.co.il/movies/%d7%90%d7%a0%d7%98%d7%95%d7%9e%d7%99%d7%94-%d7%a9%d7%9c-%d7%a0%d7%a4%d7%99%d7%9c%d7%94/#main; https://aravaff.co.il/movies/%d7%90%d7%a0%d7%98%d7%95%d7%9e%d7%99%d7%94-%d7%a9%d7%9c-%d7%a0%d7%a4%d7%99%d7%9c%d7%94/
marie - ange luciani,medium,hebert,,קרן קולנוע ערבה,2,2023,https://aravaff.co.il/movies/%d7%90%d7%a0%d7%98%d7%95%d7%9e%d7%99%d7%94-%d7%a9%d7%9c-%d7%a0%d7%a4%d7%99%d7%9c%d7%94/#main; https://aravaff.co.il/movies/%d7%90%d7%a0%d7%98%d7%95%d7%9e%d7%99%d7%94-%d7%a9%d7%9c-%d7%a0%d7%a4%d7%99%d7%9c%d7%94/
טוני ארד,medium,dictabert,במאי,קרן קולנוע ערבה,2,2023,https://aravaff.co.il/movies/%d7%90%d7%a0%d7%98%d7%95%d7%9e%d7%99%d7%94-%d7%a9%d7%9c-%d7%a0%d7%a4%d7%99%d7%9c%d7%94/#main; https://aravaff.co.il/movies/%d7%90%d7%a0%d7%98%d7%95%d7%9e%d7%99%d7%94-%d7%a9%d7%9c-%d7%a0%d7%a4%d7%99%d7%9c%d7%94/
' וסטי,medium,dictabert,,קרן קולנוע ערבה,2,2023,https://aravaff.co.il/movies/%d7%90%d7%a0%d7%98%d7%95%d7%9e%d7%99%d7%94-%d7%a9%d7%9c-%d7%a0%d7%a4%d7%99%d7%9c%d7%94/#main; https://aravaff.co.il/movies/%d7%90%d7%a0%d7%98%d7%95%d7%9e%d7%99%d7%94-%d7%a9%d7%9c-%d7%a0%d7%a4%d7%99%d7%9c%d7%94/
##נקי,medium,hebert,,קרן קולנוע ערבה,2,2023,https://aravaff.co.il/movies/%d7%90%d7%a0%d7%98%d7%95%d7%9e%d7%99%d7%94-%d7%a9%d7%9c-%d7%a0%d7%a4%d7%99%d7%9c%d7%94/#main; https://aravaff.co.il/movies/%d7%90%d7%a0%d7%98%d7%95%d7%9e%d7%99%d7%94-%d7%a9%d7%9c-%d7%a0%d7%a4%d7%99%d7%9c%d7%94/
סנדרה הול,medium,dictabert,במאי,קרן קולנוע ערבה,2,2023,https://aravaff.co.il/movies/%d7%90%d7%a0%d7%98%d7%95%d7%9e%d7%99%d7%94-%d7%a9%d7%9c-%d7%a0%d7%a4%d7%99%d7%9c%d7%94/#main; https://aravaff.co.il/movies/%d7%90%d7%a0%d7%98%d7%95%d7%9e%d7%99%d7%94-%d7%a9%d7%9c-%d7%a0%d7%a4%d7%99%d7%9c%d7%94/
beau,medium,hebert,,קרן קולנוע ערבה,2,2023,https://aravaff.co.il/movies/%d7%90%d7%a0%d7%98%d7%95%d7%9e%d7%99%d7%94-%d7%a9%d7%9c-%d7%a0%d7%a4%d7%99%d7%9c%d7%94/#main; https://aravaff.co.il/movies/%d7%90%d7%a0%d7%98%d7%95%d7%9e%d7%99%d7%94-%d7%a9%d7%9c-%d7%a0%d7%a4%d7%99%d7%9c%d7%94/
טוני ארדמן,medium,hebert,במאי,קרן קולנוע ערבה,2,2023,https://aravaff.co.il/movies/%d7%90%d7%a0%d7%98%d7%95%d7%9e%d7%99%d7%94-%d7%a9%d7%9c-%d7%a0%d7%a4%d7%99%d7%9c%d7%94/#main; https://aravaff.co.il/movies/%d7%90%d7%a0%d7%98%d7%95%d7%9e%d7%99%d7%94-%d7%a9%d7%9c-%d7%a0%d7%a4%d7%99%d7%9c%d7%94/
סנדרה הולר,medium,hebert,במאי,קרן קולנוע ערבה,2,2023,https://aravaff.co.il/movies/%d7%90%d7%a0%d7%98%d7%95%d7%9e%d7%99%d7%94-%d7%a9%d7%9c-%d7%a0%d7%a4%d7%99%d7%9c%d7%94/#main; https://aravaff.co.il/movies/%d7%90%d7%a0%d7%98%d7%95%d7%9e%d7%99%d7%94-%d7%a9%d7%9c-%d7%a0%d7%a4%d7%99%d7%9c%d7%94/
וולטר סאלס,medium,hebert,"במאי, תסריטאי, מפיק, שחקן",קרן קולנוע ערבה,2,2024,https://aravaff.co.il/movies/%d7%90%d7%a0%d7%99-%d7%a2%d7%93%d7%99%d7%99%d7%9f-%d7%9b%d7%90%d7%9f/; https://aravaff.co.il/movies/%d7%90%d7%a0%d7%99-%d7%a2%d7%93%d7%99%d7%99%d7%9f-%d7%9b%d7%90%d7%9f/#main
##dr,medium,hebert,,קרן קולנוע ערבה,2,2024,https://aravaff.co.il/movies/%d7%90%d7%a0%d7%99-%d7%a2%d7%93%d7%99%d7%99%d7%9f-%d7%9b%d7%90%d7%9f/; https://aravaff.co.il/movies/%d7%90%d7%a0%d7%99-%d7%a2%d7%93%d7%99%d7%99%d7%9f-%d7%9b%d7%90%d7%9f/#main
פרנ,medium,dictabert,"במאי, שחקן",קרן קולנוע ערבה,2,2024,https://aravaff.co.il/movies/%d7%90%d7%a0%d7%99-%d7%a2%d7%93%d7%99%d7%99%d7%9f-%d7%9b%d7%90%d7%9f/; https://aravaff.co.il/movies/%d7%90%d7%a0%d7%99-%d7%a2%d7%93%d7%99%d7%99%d7%9f-%d7%9b%d7%90%d7%9f/#main
פרננדה טורס,medium,hebert,"במאי, שחקן",קרן קולנוע ערבה,2,2024,https://aravaff.co.il/movies/%d7%90%d7%a0%d7%99-%d7%a2%d7%93%d7%99%d7%99%d7%9f-%d7%9b%d7%90%d7%9f/; https://aravaff.co.il/movies/%d7%90%d7%a0%d7%99-%d7%a2%d7%93%d7%99%d7%99%d7%9f-%d7%9b%d7%90%d7%9f/#main
wal,medium,dictabert,,קרן קולנוע ערבה,2,2024,https://aravaff.co.il/movies/%d7%90%d7%a0%d7%99-%d7%a2%d7%93%d7%99%d7%99%d7%9f-%d7%9b%d7%90%d7%9f/; https://aravaff.co.il/movies/%d7%90%d7%a0%d7%99-%d7%a2%d7%93%d7%99%d7%99%d7%9f-%d7%9b%d7%90%d7%9f/#main
mur,medium,dictabert,,קרן קולנוע ערבה,2,2024,https://aravaff.co.il/movies/%d7%90%d7%a0%d7%99-%d7%a2%d7%93%d7%99%d7%99%d7%9f-%d7%9b%d7%90%d7%9f/; https://aravaff.co.il/movies/%d7%90%d7%a0%d7%99-%d7%a2%d7%93%d7%99%d7%99%d7%9f-%d7%9b%d7%90%d7%9f/#main
טורס,medium,dictabert,"במאי, שחקן",קרן קולנוע ערבה,2,2024,https://aravaff.co.il/movies/%d7%90%d7%a0%d7%99-%d7%a2%d7%93%d7%99%d7%99%d7%9f-%d7%9b%d7%90%d7%9f/; https://aravaff.co.il/movies/%d7%90%d7%a0%d7%99-%d7%a2%d7%93%d7%99%d7%99%d7%9f-%d7%9b%d7%90%d7%9f/#main
כשא,medium,dictabert,במאי,קרן קולנוע ערבה,2,2023,https://aravaff.co.il/movies/%d7%91%d7%90%d7%a0%d7%9c-%d7%95%d7%90%d7%93%d7%9e%d7%94/; https://aravaff.co.il/movies/%d7%91%d7%90%d7%a0%d7%9c-%d7%95%d7%90%d7%93%d7%9e%d7%94/#main
באנל ואדמה,medium,hebert,,קרן קולנוע ערבה,2,2023,https://aravaff.co.il/movies/%d7%91%d7%90%d7%a0%d7%9c-%d7%95%d7%90%d7%93%d7%9e%d7%94/; https://aravaff.co.il/movies/%d7%91%d7%90%d7%a0%d7%9c-%d7%95%d7%90%d7%93%d7%9e%d7%94/#main
באנל,medium,hebert,במאי,קרן קולנוע ערבה,2,2023,https://aravaff.co.il/movies/%d7%91%d7%90%d7%a0%d7%9c-%d7%95%d7%90%d7%93%d7%9e%d7%94/; https://aravaff.co.il/movies/%d7%91%d7%90%d7%a0%d7%9c-%d7%95%d7%90%d7%93%d7%9e%d7%94/#main
אמין ברדה,high,dictabert+hebert,במאי,קרן קולנוע ערבה,2,2023,https://aravaff.co.il/movies/%d7%91%d7%90%d7%a0%d7%9c-%d7%95%d7%90%d7%93%d7%9e%d7%94/; https://aravaff.co.il/movies/%d7%91%d7%90%d7%a0%d7%9c-%d7%95%d7%90%d7%93%d7%9e%d7%94/#main
רמאטה ־ טולאי,medium,hebert,,קרן קולנוע ערבה,2,2023,https://aravaff.co.il/movies/%d7%91%d7%90%d7%a0%d7%9c-%d7%95%d7%90%d7%93%d7%9e%d7%94/; https://aravaff.co.il/movies/%d7%91%d7%90%d7%a0%d7%9c-%d7%95%d7%90%d7%93%d7%9e%d7%94/#main
רמאטה ־ טולאי סי,medium,hebert,,קרן קולנוע ערבה,2,2023,https://aravaff.co.il/movies/%d7%91%d7%90%d7%a0%d7%9c-%d7%95%d7%90%d7%93%d7%9e%d7%94/; https://aravaff.co.il/movies/%d7%91%d7%90%d7%a0%d7%9c-%d7%95%d7%90%d7%93%d7%9e%d7%94/#main
באנ,medium,dictabert,במאי,קרן קולנוע ערבה,2,2023,https://aravaff.co.il/movies/%d7%91%d7%90%d7%a0%d7%9c-%d7%95%d7%90%d7%93%d7%9e%d7%94/; https://aravaff.co.il/movies/%d7%91%d7%90%d7%a0%d7%9c-%d7%95%d7%90%d7%93%d7%9e%d7%94/#main
##סון,medium,hebert,,קרן קולנוע ערבה,2,2023,https://aravaff.co.il/movies/%d7%91%d7%90%d7%a0%d7%9c-%d7%95%d7%90%d7%93%d7%9e%d7%94/; https://aravaff.co.il/movies/%d7%91%d7%90%d7%a0%d7%9c-%d7%95%d7%90%d7%93%d7%9e%d7%94/#main
##ה,medium,hebert,,קרן קולנוע ערבה,2,2023,https://aravaff.co.il/movies/%d7%91%d7%90%d7%a0%d7%9c-%d7%95%d7%90%d7%93%d7%9e%d7%94/; https://aravaff.co.il/movies/%d7%91%d7%90%d7%a0%d7%9c-%d7%95%d7%90%d7%93%d7%9e%d7%94/#main
ביילי,high,dictabert+hebert,במאי,קרן קולנוע ערבה,2,2024,https://aravaff.co.il/movies/%d7%91%d7%99%d7%a8%d7%93/#main; https://aravaff.co.il/movies/%d7%91%d7%99%d7%a8%d7%93/
bar,medium,dictabert,,קרן קולנוע ערבה,2,2024,https://aravaff.co.il/movies/%d7%91%d7%99%d7%a8%d7%93/#main; https://aravaff.co.il/movies/%d7%91%d7%99%d7%a8%d7%93/
ניקי,medium,dictabert,במאי,קרן קולנוע ערבה,2,2024,https://aravaff.co.il/movies/%d7%91%d7%99%d7%a8%d7%93/#main; https://aravaff.co.il/movies/%d7%91%d7%99%d7%a8%d7%93/
אדאמס,medium,dictabert,במאי,קרן קולנוע ערבה,2,2024,https://aravaff.co.il/movies/%d7%91%d7%99%d7%a8%d7%93/#main; https://aravaff.co.il/movies/%d7%91%d7%99%d7%a8%d7%93/
אנדריאה ארנולד מדינה,high,dictabert+hebert,,קרן קולנוע ערבה,2,2024,https://aravaff.co.il/movies/%d7%91%d7%99%d7%a8%d7%93/#main; https://aravaff.co.il/movies/%d7%91%d7%99%d7%a8%d7%93/
ניקיה אדאמס,medium,hebert,במאי,קרן קולנוע ערבה,2,2024,https://aravaff.co.il/movies/%d7%91%d7%99%d7%a8%d7%93/#main; https://aravaff.co.il/movies/%d7%91%d7%99%d7%a8%d7%93/
barry keoghan,medium,hebert,,קרן קולנוע ערבה,2,2024,https://aravaff.co.il/movies/%d7%91%d7%99%d7%a8%d7%93/#main; https://aravaff.co.il/movies/%d7%91%d7%99%d7%a8%d7%93/
tes,medium,dictabert,,קרן קולנוע ערבה,2,2024,https://aravaff.co.il/movies/%d7%91%d7%99%d7%a8%d7%93/#main; https://aravaff.co.il/movies/%d7%91%d7%99%d7%a8%d7%93/
franz rogowski,medium,hebert,,קרן קולנוע ערבה,2,2024,https://aravaff.co.il/movies/%d7%91%d7%99%d7%a8%d7%93/#main; https://aravaff.co.il/movies/%d7%91%d7%99%d7%a8%d7%93/
צוק,medium,hebert,,קרן קולנוע ערבה,2,2024,https://aravaff.co.il/movies/%d7%91%d7%99%d7%a8%d7%93/#main; https://aravaff.co.il/movies/%d7%91%d7%99%d7%a8%d7%93/
how,medium,dictabert,,קרן קולנוע ערבה,2,2024,https://aravaff.co.il/movies/%d7%91%d7%99%d7%a8%d7%93/#main; https://aravaff.co.il/movies/%d7%91%d7%99%d7%a8%d7%93/
joy,medium,dictabert,,קרן קולנוע ערבה,2,2024,https://aravaff.co.il/movies/%d7%91%d7%99%d7%a8%d7%93/#main; https://aravaff.co.il/movies/%d7%91%d7%99%d7%a8%d7%93/
fra,medium,dictabert,,קרן קולנוע ערבה,2,2024,https://aravaff.co.il/movies/%d7%91%d7%99%d7%a8%d7%93/#main; https://aravaff.co.il/movies/%d7%91%d7%99%d7%a8%d7%93/
פרנץ רוגובסקי,medium,hebert,במאי,קרן קולנוע ערבה,2,2024,https://aravaff.co.il/movies/%d7%91%d7%99%d7%a8%d7%93/#main; https://aravaff.co.il/movies/%d7%91%d7%99%d7%a8%d7%93/
פרנץ רוג,medium,dictabert,במאי,קרן קולנוע ערבה,2,2024,https://aravaff.co.il/movies/%d7%91%d7%99%d7%a8%d7%93/#main; https://aravaff.co.il/movies/%d7%91%d7%99%d7%a8%d7%93/
אנדריאה ארנולד,high,dictabert+hebert,במאי,קרן קולנוע ערבה,2,2024,https://aravaff.co.il/movies/%d7%91%d7%99%d7%a8%d7%93/#main; https://aravaff.co.il/movies/%d7%91%d7%99%d7%a8%d7%93/
בוי,medium,dictabert,"במאי, שחקן",קרן קולנוע ערבה,2,2025,https://aravaff.co.il/movies/%d7%91%d7%a2%d7%91%d7%95%d7%93%d7%94/; https://aravaff.co.il/movies/%d7%91%d7%a2%d7%91%d7%95%d7%93%d7%94/#main
ala,medium,dictabert,,קרן קולנוע ערבה,2,2025,https://aravaff.co.il/movies/%d7%91%d7%a2%d7%91%d7%95%d7%93%d7%94/; https://aravaff.co.il/movies/%d7%91%d7%a2%d7%91%d7%95%d7%93%d7%94/#main
bern,medium,dictabert,,קרן קולנוע ערבה,2,2025,https://aravaff.co.il/movies/%d7%91%d7%a2%d7%91%d7%95%d7%93%d7%94/; https://aravaff.co.il/movies/%d7%91%d7%a2%d7%91%d7%95%d7%93%d7%94/#main
דונזלי,medium,hebert,"במאי, שחקן",קרן קולנוע ערבה,2,2025,https://aravaff.co.il/movies/%d7%91%d7%a2%d7%91%d7%95%d7%93%d7%94/; https://aravaff.co.il/movies/%d7%91%d7%a2%d7%91%d7%95%d7%93%d7%94/#main
בסטיאן בויון,medium,hebert,"במאי, שחקן",קרן קולנוע ערבה,2,2025,https://aravaff.co.il/movies/%d7%91%d7%a2%d7%91%d7%95%d7%93%d7%94/; https://aravaff.co.il/movies/%d7%91%d7%a2%d7%91%d7%95%d7%93%d7%94/#main
ז'יל מרש,high,dictabert+hebert,,קרן קולנוע ערבה,2,2025,https://aravaff.co.il/movies/%d7%91%d7%a2%d7%91%d7%95%d7%93%d7%94/; https://aravaff.co.il/movies/%d7%91%d7%a2%d7%91%d7%95%d7%93%d7%94/#main
פול,high,dictabert+hebert,צלם,קרן קולנוע ערבה,2,2025,https://aravaff.co.il/movies/%d7%91%d7%a2%d7%91%d7%95%d7%93%d7%94/; https://aravaff.co.il/movies/%d7%91%d7%a2%d7%91%d7%95%d7%93%d7%94/#main
alain goldman,medium,hebert,,קרן קולנוע ערבה,2,2025,https://aravaff.co.il/movies/%d7%91%d7%a2%d7%91%d7%95%d7%93%d7%94/; https://aravaff.co.il/movies/%d7%91%d7%a2%d7%91%d7%95%d7%93%d7%94/#main
בסטי,medium,dictabert,"במאי, שחקן",קרן קולנוע ערבה,2,2025,https://aravaff.co.il/movies/%d7%91%d7%a2%d7%91%d7%95%d7%93%d7%94/; https://aravaff.co.il/movies/%d7%91%d7%a2%d7%91%d7%95%d7%93%d7%94/#main
jean - mic,medium,dictabert,,קרן קולנוע ערבה,2,2025,https://aravaff.co.il/movies/%d7%91%d7%a2%d7%91%d7%95%d7%93%d7%94/; https://aravaff.co.il/movies/%d7%91%d7%a2%d7%91%d7%95%d7%93%d7%94/#main
ולרי דונזלי,medium,hebert,"במאי, שחקן",קרן קולנוע ערבה,2,2025,https://aravaff.co.il/movies/%d7%91%d7%a2%d7%91%d7%95%d7%93%d7%94/; https://aravaff.co.il/movies/%d7%91%d7%a2%d7%91%d7%95%d7%93%d7%94/#main
cla,medium,dictabert,,קרן קולנוע ערבה,2,2025,https://aravaff.co.il/movies/%d7%91%d7%a2%d7%91%d7%95%d7%93%d7%94/; https://aravaff.co.il/movies/%d7%91%d7%a2%d7%91%d7%95%d7%93%d7%94/#main
gold,medium,dictabert,,קרן קולנוע ערבה,2,2025,https://aravaff.co.il/movies/%d7%91%d7%a2%d7%91%d7%95%d7%93%d7%94/; https://aravaff.co.il/movies/%d7%91%d7%a2%d7%91%d7%95%d7%93%d7%94/#main
רן קפלן,high,dictabert+hebert,"במאי, מפיק",קרן קולנוע ערבה,2,2025,https://aravaff.co.il/movies/%d7%91%d7%a8%d7%a0%d7%99%d7%a0%d7%92-%d7%9e%d7%9f/; https://aravaff.co.il/movies/%d7%91%d7%a8%d7%a0%d7%99%d7%a0%d7%92-%d7%9e%d7%9f/#main
בני אבני,high,dictabert+hebert,"במאי, מפיק",קרן קולנוע ערבה,2,2025,https://aravaff.co.il/movies/%d7%91%d7%a8%d7%a0%d7%99%d7%a0%d7%92-%d7%9e%d7%9f/; https://aravaff.co.il/movies/%d7%91%d7%a8%d7%a0%d7%99%d7%a0%d7%92-%d7%9e%d7%9f/#main
איל חלפון מדינה,medium,hebert,,קרן קולנוע ערבה,2,2025,https://aravaff.co.il/movies/%d7%91%d7%a8%d7%a0%d7%99%d7%a0%d7%92-%d7%9e%d7%9f/; https://aravaff.co.il/movies/%d7%91%d7%a8%d7%a0%d7%99%d7%a0%d7%92-%d7%9e%d7%9f/#main
מיכאל רוזנבאום,high,dictabert+hebert,מפיק,קרן קולנוע ערבה,2,2025,https://aravaff.co.il/movies/%d7%91%d7%a8%d7%a0%d7%99%d7%a0%d7%92-%d7%9e%d7%9f/; https://aravaff.co.il/movies/%d7%91%d7%a8%d7%a0%d7%99%d7%a0%d7%92-%d7%9e%d7%9f/#main
אבי בללי,high,dictabert+hebert,מפיק,קרן קולנוע ערבה,2,2025,https://aravaff.co.il/movies/%d7%91%d7%a8%d7%a0%d7%99%d7%a0%d7%92-%d7%9e%d7%9f/; https://aravaff.co.il/movies/%d7%91%d7%a8%d7%a0%d7%99%d7%a0%d7%92-%d7%9e%d7%9f/#main
מרק רוזנבאום,high,dictabert+hebert,"במאי, מפיק",קרן קולנוע ערבה,2,2025,https://aravaff.co.il/movies/%d7%91%d7%a8%d7%a0%d7%99%d7%a0%d7%92-%d7%9e%d7%9f/; https://aravaff.co.il/movies/%d7%91%d7%a8%d7%a0%d7%99%d7%a0%d7%92-%d7%9e%d7%9f/#main
עפר ינוב,medium,hebert,מפיק,קרן קולנוע ערבה,2,2025,https://aravaff.co.il/movies/%d7%91%d7%a8%d7%a0%d7%99%d7%a0%d7%92-%d7%9e%d7%9f/; https://aravaff.co.il/movies/%d7%91%d7%a8%d7%a0%d7%99%d7%a0%d7%92-%d7%9e%d7%9f/#main
יהושוע רבינוביץ,medium,hebert,,קרן קולנוע ערבה,2,2025,https://aravaff.co.il/movies/%d7%91%d7%a8%d7%a0%d7%99%d7%a0%d7%92-%d7%9e%d7%9f/; https://aravaff.co.il/movies/%d7%91%d7%a8%d7%a0%d7%99%d7%a0%d7%92-%d7%9e%d7%9f/#main
נעם פרנק,high,dictabert+hebert,"במאי, מפיק",קרן קולנוע ערבה,2,2025,https://aravaff.co.il/movies/%d7%91%d7%a8%d7%a0%d7%99%d7%a0%d7%92-%d7%9e%d7%9f/; https://aravaff.co.il/movies/%d7%91%d7%a8%d7%a0%d7%99%d7%a0%d7%92-%d7%9e%d7%9f/#main
שי אביבי,high,dictabert+hebert,"במאי, מפיק, שחקן",קרן קולנוע ערבה,2,2025,https://aravaff.co.il/movies/%d7%91%d7%a8%d7%a0%d7%99%d7%a0%d7%92-%d7%9e%d7%9f/; https://aravaff.co.il/movies/%d7%91%d7%a8%d7%a0%d7%99%d7%a0%d7%92-%d7%9e%d7%9f/#main
עפר ינו,medium,dictabert,מפיק,קרן קולנוע ערבה,2,2025,https://aravaff.co.il/movies/%d7%91%d7%a8%d7%a0%d7%99%d7%a0%d7%92-%d7%9e%d7%9f/; https://aravaff.co.il/movies/%d7%91%d7%a8%d7%a0%d7%99%d7%a0%d7%92-%d7%9e%d7%9f/#main
אריק להב - ליבוביץ,high,dictabert+hebert,,קרן קולנוע ערבה,2,2025,https://aravaff.co.il/movies/%d7%91%d7%a8%d7%a0%d7%99%d7%a0%d7%92-%d7%9e%d7%9f/; https://aravaff.co.il/movies/%d7%91%d7%a8%d7%a0%d7%99%d7%a0%d7%92-%d7%9e%d7%9f/#main
נוה צור,high,dictabert+hebert,"במאי, מפיק, שחקן",קרן קולנוע ערבה,2,2025,https://aravaff.co.il/movies/%d7%91%d7%a8%d7%a0%d7%99%d7%a0%d7%92-%d7%9e%d7%9f/; https://aravaff.co.il/movies/%d7%91%d7%a8%d7%a0%d7%99%d7%a0%d7%92-%d7%9e%d7%9f/#main
סוזנה פפי,medium,dictabert,"במאי, מפיק, שחקן",קרן קולנוע ערבה,2,2025,https://aravaff.co.il/movies/%d7%91%d7%a8%d7%a0%d7%99%d7%a0%d7%92-%d7%9e%d7%9f/; https://aravaff.co.il/movies/%d7%91%d7%a8%d7%a0%d7%99%d7%a0%d7%92-%d7%9e%d7%9f/#main
יונתן רוזנבאום,high,dictabert+hebert,מפיק,קרן קולנוע ערבה,2,2025,https://aravaff.co.il/movies/%d7%91%d7%a8%d7%a0%d7%99%d7%a0%d7%92-%d7%9e%d7%9f/; https://aravaff.co.il/movies/%d7%91%d7%a8%d7%a0%d7%99%d7%a0%d7%92-%d7%9e%d7%9f/#main
סוזנה פפיאן,medium,hebert,"במאי, מפיק, שחקן",קרן קולנוע ערבה,2,2025,https://aravaff.co.il/movies/%d7%91%d7%a8%d7%a0%d7%99%d7%a0%d7%92-%d7%9e%d7%9f/; https://aravaff.co.il/movies/%d7%91%d7%a8%d7%a0%d7%99%d7%a0%d7%92-%d7%9e%d7%9f/#main
לורה ונדל,high,dictabert+hebert,במאי,קרן קולנוע ערבה,2,"2021,2025",https://aravaff.co.il/movies/%d7%91%d7%a9%d7%91%d7%99%d7%9c-%d7%90%d7%93%d7%9d/; https://aravaff.co.il/movies/%d7%91%d7%a9%d7%91%d7%99%d7%9c-%d7%90%d7%93%d7%9d/#main
לוסי,high,dictabert+hebert,,קרן קולנוע ערבה,2,"2021,2025",https://aravaff.co.il/movies/%d7%91%d7%a9%d7%91%d7%99%d7%9c-%d7%90%d7%93%d7%9d/; https://aravaff.co.il/movies/%d7%91%d7%a9%d7%91%d7%99%d7%9c-%d7%90%d7%93%d7%9d/#main
jean - pierre dar,medium,dictabert,,קרן קולנוע ערבה,2,"2021,2025",https://aravaff.co.il/movies/%d7%91%d7%a9%d7%91%d7%99%d7%9c-%d7%90%d7%93%d7%9d/; https://aravaff.co.il/movies/%d7%91%d7%a9%d7%91%d7%99%d7%9c-%d7%90%d7%93%d7%9d/#main
אביב,medium,dictabert,"במאי, מפיק",קרן קולנוע ערבה,2,2024,https://aravaff.co.il/movies/%d7%92%d7%91%d7%95%d7%9c/#main; https://aravaff.co.il/movies/%d7%92%d7%91%d7%95%d7%9c/
רוני בהט מדינה,medium,hebert,,קרן קולנוע ערבה,2,2024,https://aravaff.co.il/movies/%d7%92%d7%91%d7%95%d7%9c/#main; https://aravaff.co.il/movies/%d7%92%d7%91%d7%95%d7%9c/
אפרת ליפשיץ,high,dictabert+hebert,מפיק,קרן קולנוע ערבה,2,2024,https://aravaff.co.il/movies/%d7%92%d7%91%d7%95%d7%9c/#main; https://aravaff.co.il/movies/%d7%92%d7%91%d7%95%d7%9c/
אביב בן שלוש,medium,hebert,"במאי, מפיק",קרן קולנוע ערבה,2,2024,https://aravaff.co.il/movies/%d7%92%d7%91%d7%95%d7%9c/#main; https://aravaff.co.il/movies/%d7%92%d7%91%d7%95%d7%9c/
פיראס נסאר,high,dictabert+hebert,"במאי, מפיק",קרן קולנוע ערבה,2,2024,https://aravaff.co.il/movies/%d7%92%d7%91%d7%95%d7%9c/#main; https://aravaff.co.il/movies/%d7%92%d7%91%d7%95%d7%9c/
אסתר גולדברג,high,dictabert+hebert,"במאי, מפיק",קרן קולנוע ערבה,2,2024,https://aravaff.co.il/movies/%d7%92%d7%91%d7%95%d7%9c/#main; https://aravaff.co.il/movies/%d7%92%d7%91%d7%95%d7%9c/
שי - לי עטרי,high,dictabert+hebert,,קרן קולנוע ערבה,2,2024,https://aravaff.co.il/movies/%d7%92%d7%91%d7%95%d7%9c/#main; https://aravaff.co.il/movies/%d7%92%d7%91%d7%95%d7%9c/
יהב וינר,high,dictabert+hebert,"במאי, מפיק",קרן קולנוע ערבה,2,2024,https://aravaff.co.il/movies/%d7%92%d7%91%d7%95%d7%9c/#main; https://aravaff.co.il/movies/%d7%92%d7%91%d7%95%d7%9c/
רועי ציוני,high,dictabert+hebert,"במאי, מפיק",קרן קולנוע ערבה,2,2024,https://aravaff.co.il/movies/%d7%92%d7%91%d7%95%d7%9c/#main; https://aravaff.co.il/movies/%d7%92%d7%91%d7%95%d7%9c/
bill,medium,dictabert,,קרן קולנוע ערבה,2,,https://aravaff.co.il/movies/%d7%92%d7%9c%d7%95%d7%a8%d7%99%d7%94/#main; https://aravaff.co.il/movies/%d7%92%d7%9c%d7%95%d7%a8%d7%99%d7%94/
fred sch,medium,dictabert,,קרן קולנוע ערבה,2,,https://aravaff.co.il/movies/%d7%92%d7%9c%d7%95%d7%a8%d7%99%d7%94/#main; https://aravaff.co.il/movies/%d7%92%d7%9c%d7%95%d7%a8%d7%99%d7%94/
כארי,medium,hebert,,קרן קולנוע ערבה,2,,https://aravaff.co.il/movies/%d7%92%d7%9c%d7%95%d7%a8%d7%99%d7%94/#main; https://aravaff.co.il/movies/%d7%92%d7%9c%d7%95%d7%a8%d7%99%d7%94/
schuler,medium,hebert,,קרן קולנוע ערבה,2,,https://aravaff.co.il/movies/%d7%92%d7%9c%d7%95%d7%a8%d7%99%d7%94/#main; https://aravaff.co.il/movies/%d7%92%d7%9c%d7%95%d7%a8%d7%99%d7%94/
sam shaw,medium,hebert,,קרן קולנוע ערבה,2,,https://aravaff.co.il/movies/%d7%92%d7%9c%d7%95%d7%a8%d7%99%d7%94/#main; https://aravaff.co.il/movies/%d7%92%d7%9c%d7%95%d7%a8%d7%99%d7%94/
john cassavete,medium,hebert,,קרן קולנוע ערבה,2,,https://aravaff.co.il/movies/%d7%92%d7%9c%d7%95%d7%a8%d7%99%d7%94/#main; https://aravaff.co.il/movies/%d7%92%d7%9c%d7%95%d7%a8%d7%99%d7%94/
gena rowland,medium,hebert,,קרן קולנוע ערבה,2,,https://aravaff.co.il/movies/%d7%92%d7%9c%d7%95%d7%a8%d7%99%d7%94/#main; https://aravaff.co.il/movies/%d7%92%d7%9c%d7%95%d7%a8%d7%99%d7%94/
בג'ינה רולנדס,medium,hebert,"במאי, שחקן",קרן קולנוע ערבה,2,,https://aravaff.co.il/movies/%d7%92%d7%9c%d7%95%d7%a8%d7%99%d7%94/#main; https://aravaff.co.il/movies/%d7%92%d7%9c%d7%95%d7%a8%d7%99%d7%94/
##וטס,medium,hebert,,קרן קולנוע ערבה,2,,https://aravaff.co.il/movies/%d7%92%d7%9c%d7%95%d7%a8%d7%99%d7%94/#main; https://aravaff.co.il/movies/%d7%92%d7%9c%d7%95%d7%a8%d7%99%d7%94/
בג'ינה רולנד,medium,dictabert,"במאי, שחקן",קרן קולנוע ערבה,2,,https://aravaff.co.il/movies/%d7%92%d7%9c%d7%95%d7%a8%d7%99%d7%94/#main; https://aravaff.co.il/movies/%d7%92%d7%9c%d7%95%d7%a8%d7%99%d7%94/
ג'ון קסאווטס,medium,hebert,,קרן קולנוע ערבה,2,,https://aravaff.co.il/movies/%d7%92%d7%9c%d7%95%d7%a8%d7%99%d7%94/#main; https://aravaff.co.il/movies/%d7%92%d7%9c%d7%95%d7%a8%d7%99%d7%94/
##ie carmen,medium,hebert,,קרן קולנוע ערבה,2,,https://aravaff.co.il/movies/%d7%92%d7%9c%d7%95%d7%a8%d7%99%d7%94/#main; https://aravaff.co.il/movies/%d7%92%d7%9c%d7%95%d7%a8%d7%99%d7%94/
george,medium,dictabert,,קרן קולנוע ערבה,2,,https://aravaff.co.il/movies/%d7%92%d7%9c%d7%95%d7%a8%d7%99%d7%94/#main; https://aravaff.co.il/movies/%d7%92%d7%9c%d7%95%d7%a8%d7%99%d7%94/
נעמה שוחט,high,dictabert+hebert,"במאי, מפיק",קרן קולנוע ערבה,2,2023,https://aravaff.co.il/movies/%d7%93%d7%92-%d7%97%d7%9d/; https://aravaff.co.il/movies/%d7%93%d7%92-%d7%97%d7%9d/#main
מיכאל יעקב,high,dictabert+hebert,"במאי, מפיק",קרן קולנוע ערבה,2,2023,https://aravaff.co.il/movies/%d7%93%d7%92-%d7%97%d7%9d/; https://aravaff.co.il/movies/%d7%93%d7%92-%d7%97%d7%9d/#main
יונתן ג'ייקוב,high,dictabert+hebert,"במאי, מפיק",קרן קולנוע ערבה,2,2023,https://aravaff.co.il/movies/%d7%93%d7%92-%d7%97%d7%9d/; https://aravaff.co.il/movies/%d7%93%d7%92-%d7%97%d7%9d/#main
יואב בבלי,high,dictabert+hebert,,קרן קולנוע ערבה,2,2023,https://aravaff.co.il/movies/%d7%93%d7%a0%d7%99%d7%90%d7%9c-%d7%90%d7%95%d7%99%d7%a2%d7%a8%d7%91%d7%90%d7%9a/#main; https://aravaff.co.il/movies/%d7%93%d7%a0%d7%99%d7%90%d7%9c-%d7%90%d7%95%d7%99%d7%a2%d7%a8%d7%91%d7%90%d7%9a/
רותם קינן,high,dictabert+hebert,,קרן קולנוע ערבה,2,2023,https://aravaff.co.il/movies/%d7%93%d7%a0%d7%99%d7%90%d7%9c-%d7%90%d7%95%d7%99%d7%a2%d7%a8%d7%91%d7%90%d7%9a/#main; https://aravaff.co.il/movies/%d7%93%d7%a0%d7%99%d7%90%d7%9c-%d7%90%d7%95%d7%99%d7%a2%d7%a8%d7%91%d7%90%d7%9a/
חיים טבקמן,medium,hebert,"במאי, מפיק",קרן קולנוע ערבה,2,2023,https://aravaff.co.il/movies/%d7%93%d7%a0%d7%99%d7%90%d7%9c-%d7%90%d7%95%d7%99%d7%a2%d7%a8%d7%91%d7%90%d7%9a/#main; https://aravaff.co.il/movies/%d7%93%d7%a0%d7%99%d7%90%d7%9c-%d7%90%d7%95%d7%99%d7%a2%d7%a8%d7%91%d7%90%d7%9a/
יובל דיין,high,dictabert+hebert,,קרן קולנוע ערבה,2,2023,https://aravaff.co.il/movies/%d7%93%d7%a0%d7%99%d7%90%d7%9c-%d7%90%d7%95%d7%99%d7%a2%d7%a8%d7%91%d7%90%d7%9a/#main; https://aravaff.co.il/movies/%d7%93%d7%a0%d7%99%d7%90%d7%9c-%d7%90%d7%95%d7%99%d7%a2%d7%a8%d7%91%d7%90%d7%9a/
ליהי קורנ,medium,dictabert,,קרן קולנוע ערבה,2,2023,https://aravaff.co.il/movies/%d7%93%d7%a0%d7%99%d7%90%d7%9c-%d7%90%d7%95%d7%99%d7%a2%d7%a8%d7%91%d7%90%d7%9a/#main; https://aravaff.co.il/movies/%d7%93%d7%a0%d7%99%d7%90%d7%9c-%d7%90%d7%95%d7%99%d7%a2%d7%a8%d7%91%d7%90%d7%9a/
סיני פתר,high,dictabert+hebert,,קרן קולנוע ערבה,2,2023,https://aravaff.co.il/movies/%d7%93%d7%a0%d7%99%d7%90%d7%9c-%d7%90%d7%95%d7%99%d7%a2%d7%a8%d7%91%d7%90%d7%9a/#main; https://aravaff.co.il/movies/%d7%93%d7%a0%d7%99%d7%90%d7%9c-%d7%90%d7%95%d7%99%d7%a2%d7%a8%d7%91%d7%90%d7%9a/
אייל שיר,medium,dictabert,"במאי, מפיק",קרן קולנוע ערבה,2,2023,https://aravaff.co.il/movies/%d7%93%d7%a0%d7%99%d7%90%d7%9c-%d7%90%d7%95%d7%99%d7%a2%d7%a8%d7%91%d7%90%d7%9a/#main; https://aravaff.co.il/movies/%d7%93%d7%a0%d7%99%d7%90%d7%9c-%d7%90%d7%95%d7%99%d7%a2%d7%a8%d7%91%d7%90%d7%9a/
חיים טבק,medium,dictabert,"במאי, מפיק",קרן קולנוע ערבה,2,2023,https://aravaff.co.il/movies/%d7%93%d7%a0%d7%99%d7%90%d7%9c-%d7%90%d7%95%d7%99%d7%a2%d7%a8%d7%91%d7%90%d7%9a/#main; https://aravaff.co.il/movies/%d7%93%d7%a0%d7%99%d7%90%d7%9c-%d7%90%d7%95%d7%99%d7%a2%d7%a8%d7%91%d7%90%d7%9a/
לב גול,medium,dictabert,"במאי, מפיק",קרן קולנוע ערבה,2,2023,https://aravaff.co.il/movies/%d7%93%d7%a0%d7%99%d7%90%d7%9c-%d7%90%d7%95%d7%99%d7%a2%d7%a8%d7%91%d7%90%d7%9a/#main; https://aravaff.co.il/movies/%d7%93%d7%a0%d7%99%d7%90%d7%9c-%d7%90%d7%95%d7%99%d7%a2%d7%a8%d7%91%d7%90%d7%9a/
בועז יהונתן יעקב,high,dictabert+hebert,"במאי, מפיק",קרן קולנוע ערבה,2,2023,https://aravaff.co.il/movies/%d7%93%d7%a0%d7%99%d7%90%d7%9c-%d7%90%d7%95%d7%99%d7%a2%d7%a8%d7%91%d7%90%d7%9a/#main; https://aravaff.co.il/movies/%d7%93%d7%a0%d7%99%d7%90%d7%9c-%d7%90%d7%95%d7%99%d7%a2%d7%a8%d7%91%d7%90%d7%9a/
לב גולצר,medium,hebert,"במאי, מפיק",קרן קולנוע ערבה,2,2023,https://aravaff.co.il/movies/%d7%93%d7%a0%d7%99%d7%90%d7%9c-%d7%90%d7%95%d7%99%d7%a2%d7%a8%d7%91%d7%90%d7%9a/#main; https://aravaff.co.il/movies/%d7%93%d7%a0%d7%99%d7%90%d7%9c-%d7%90%d7%95%d7%99%d7%a2%d7%a8%d7%91%d7%90%d7%9a/
חנה אזולאי ־ הספרי,high,dictabert+hebert,,קרן קולנוע ערבה,2,2023,https://aravaff.co.il/movies/%d7%93%d7%a0%d7%99%d7%90%d7%9c-%d7%90%d7%95%d7%99%d7%a2%d7%a8%d7%91%d7%90%d7%9a/#main; https://aravaff.co.il/movies/%d7%93%d7%a0%d7%99%d7%90%d7%9c-%d7%90%d7%95%d7%99%d7%a2%d7%a8%d7%91%d7%90%d7%9a/
ארץ ערבה,medium,hebert,,קרן קולנוע ערבה,2,2023,https://aravaff.co.il/movies/%d7%93%d7%a0%d7%99%d7%90%d7%9c-%d7%90%d7%95%d7%99%d7%a2%d7%a8%d7%91%d7%90%d7%9a/#main; https://aravaff.co.il/movies/%d7%93%d7%a0%d7%99%d7%90%d7%9c-%d7%90%d7%95%d7%99%d7%a2%d7%a8%d7%91%d7%90%d7%9a/
יונתן אלב,medium,dictabert,מפיק,קרן קולנוע ערבה,2,2023,https://aravaff.co.il/movies/%d7%93%d7%a0%d7%99%d7%90%d7%9c-%d7%90%d7%95%d7%99%d7%a2%d7%a8%d7%91%d7%90%d7%9a/#main; https://aravaff.co.il/movies/%d7%93%d7%a0%d7%99%d7%90%d7%9c-%d7%90%d7%95%d7%99%d7%a2%d7%a8%d7%91%d7%90%d7%9a/
לורן פיט,medium,dictabert,,קרן קולנוע ערבה,2,2023,https://aravaff.co.il/movies/%d7%93%d7%a0%d7%99%d7%90%d7%9c-%d7%90%d7%95%d7%99%d7%a2%d7%a8%d7%91%d7%90%d7%9a/#main; https://aravaff.co.il/movies/%d7%93%d7%a0%d7%99%d7%90%d7%9c-%d7%90%d7%95%d7%99%d7%a2%d7%a8%d7%91%d7%90%d7%9a/
רועי ניק,high,dictabert+hebert,,קרן קולנוע ערבה,2,2023,https://aravaff.co.il/movies/%d7%93%d7%a0%d7%99%d7%90%d7%9c-%d7%90%d7%95%d7%99%d7%a2%d7%a8%d7%91%d7%90%d7%9a/#main; https://aravaff.co.il/movies/%d7%93%d7%a0%d7%99%d7%90%d7%9c-%d7%90%d7%95%d7%99%d7%a2%d7%a8%d7%91%d7%90%d7%9a/
גלוריה בס,high,dictabert+hebert,מפיק,קרן קולנוע ערבה,2,2023,https://aravaff.co.il/movies/%d7%93%d7%a0%d7%99%d7%90%d7%9c-%d7%90%d7%95%d7%99%d7%a2%d7%a8%d7%91%d7%90%d7%9a/#main; https://aravaff.co.il/movies/%d7%93%d7%a0%d7%99%d7%90%d7%9c-%d7%90%d7%95%d7%99%d7%a2%d7%a8%d7%91%d7%90%d7%9a/
אייל שיראי,medium,hebert,"במאי, מפיק",קרן קולנוע ערבה,2,2023,https://aravaff.co.il/movies/%d7%93%d7%a0%d7%99%d7%90%d7%9c-%d7%90%d7%95%d7%99%d7%a2%d7%a8%d7%91%d7%90%d7%9a/#main; https://aravaff.co.il/movies/%d7%93%d7%a0%d7%99%d7%90%d7%9c-%d7%90%d7%95%d7%99%d7%a2%d7%a8%d7%91%d7%90%d7%9a/
יונתן אלבלק,medium,hebert,מפיק,קרן קולנוע ערבה,2,2023,https://aravaff.co.il/movies/%d7%93%d7%a0%d7%99%d7%90%d7%9c-%d7%90%d7%95%d7%99%d7%a2%d7%a8%d7%91%d7%90%d7%9a/#main; https://aravaff.co.il/movies/%d7%93%d7%a0%d7%99%d7%90%d7%9c-%d7%90%d7%95%d7%99%d7%a2%d7%a8%d7%91%d7%90%d7%9a/
לורן פיטארו,medium,hebert,,קרן קולנוע ערבה,2,2023,https://aravaff.co.il/movies/%d7%93%d7%a0%d7%99%d7%90%d7%9c-%d7%90%d7%95%d7%99%d7%a2%d7%a8%d7%91%d7%90%d7%9a/#main; https://aravaff.co.il/movies/%d7%93%d7%a0%d7%99%d7%90%d7%9c-%d7%90%d7%95%d7%99%d7%a2%d7%a8%d7%91%d7%90%d7%9a/
ליהי קורנובסקי,medium,hebert,,קרן קולנוע ערבה,2,2023,https://aravaff.co.il/movies/%d7%93%d7%a0%d7%99%d7%90%d7%9c-%d7%90%d7%95%d7%99%d7%a2%d7%a8%d7%91%d7%90%d7%9a/#main; https://aravaff.co.il/movies/%d7%93%d7%a0%d7%99%d7%90%d7%9c-%d7%90%d7%95%d7%99%d7%a2%d7%a8%d7%91%d7%90%d7%9a/
mac,medium,dictabert,,קרן קולנוע ערבה,2,,https://aravaff.co.il/movies/%d7%94%d7%91%d7%94%d7%9c%d7%94-%d7%9c%d7%96%d7%94%d7%91/; https://aravaff.co.il/movies/%d7%94%d7%91%d7%94%d7%9c%d7%94-%d7%9c%d7%96%d7%94%d7%91/#main
tom mur,medium,dictabert,,קרן קולנוע ערבה,2,,https://aravaff.co.il/movies/%d7%94%d7%91%d7%94%d7%9c%d7%94-%d7%9c%d7%96%d7%94%d7%91/; https://aravaff.co.il/movies/%d7%94%d7%91%d7%94%d7%9c%d7%94-%d7%9c%d7%96%d7%94%d7%91/#main
charles,medium,dictabert,,קרן קולנוע ערבה,2,,https://aravaff.co.il/movies/%d7%94%d7%91%d7%94%d7%9c%d7%94-%d7%9c%d7%96%d7%94%d7%91/; https://aravaff.co.il/movies/%d7%94%d7%91%d7%94%d7%9c%d7%94-%d7%9c%d7%96%d7%94%d7%91/#main
geor,medium,dictabert,,קרן קולנוע ערבה,2,,https://aravaff.co.il/movies/%d7%94%d7%91%d7%94%d7%9c%d7%94-%d7%9c%d7%96%d7%94%d7%91/; https://aravaff.co.il/movies/%d7%94%d7%91%d7%94%d7%9c%d7%94-%d7%9c%d7%96%d7%94%d7%91/#main
גודאר,high,dictabert+hebert,"במאי, מפיק",קרן קולנוע ערבה,2,2025,https://aravaff.co.il/movies/%d7%94%d7%91%d7%95%d7%96/#main; https://aravaff.co.il/movies/%d7%94%d7%91%d7%95%d7%96/
jean - luc god,medium,dictabert,,קרן קולנוע ערבה,2,2025,https://aravaff.co.il/movies/%d7%94%d7%91%d7%95%d7%96/#main; https://aravaff.co.il/movies/%d7%94%d7%91%d7%95%d7%96/
אן ־ לוק גודאר,medium,dictabert,,קרן קולנוע ערבה,2,2025,https://aravaff.co.il/movies/%d7%94%d7%91%d7%95%d7%96/#main; https://aravaff.co.il/movies/%d7%94%d7%91%d7%95%d7%96/
ז'אן ־ לוק גודאר,medium,hebert,,קרן קולנוע ערבה,2,2025,https://aravaff.co.il/movies/%d7%94%d7%91%d7%95%d7%96/#main; https://aravaff.co.il/movies/%d7%94%d7%91%d7%95%d7%96/
פיקולי,medium,hebert,"מפיק, תסריטאי",קרן קולנוע ערבה,2,2025,https://aravaff.co.il/movies/%d7%94%d7%91%d7%95%d7%96/#main; https://aravaff.co.il/movies/%d7%94%d7%91%d7%95%d7%96/
jack,medium,hebert,,קרן קולנוע ערבה,2,2025,https://aravaff.co.il/movies/%d7%94%d7%91%d7%95%d7%96/#main; https://aravaff.co.il/movies/%d7%94%d7%91%d7%95%d7%96/
פיקו,medium,dictabert,"מפיק, תסריטאי",קרן קולנוע ערבה,2,2025,https://aravaff.co.il/movies/%d7%94%d7%91%d7%95%d7%96/#main; https://aravaff.co.il/movies/%d7%94%d7%91%d7%95%d7%96/
בריז'יט בארדו,medium,hebert,,קרן קולנוע ערבה,2,2025,https://aravaff.co.il/movies/%d7%94%d7%91%d7%95%d7%96/#main; https://aravaff.co.il/movies/%d7%94%d7%91%d7%95%d7%96/
בריז'יט בארד,medium,dictabert,,קרן קולנוע ערבה,2,2025,https://aravaff.co.il/movies/%d7%94%d7%91%d7%95%d7%96/#main; https://aravaff.co.il/movies/%d7%94%d7%91%d7%95%d7%96/
מישל פיקו,medium,dictabert,"מפיק, תסריטאי",קרן קולנוע ערבה,2,2025,https://aravaff.co.il/movies/%d7%94%d7%91%d7%95%d7%96/#main; https://aravaff.co.il/movies/%d7%94%d7%91%d7%95%d7%96/
מישל פיקולי,medium,hebert,"מפיק, תסריטאי",קרן קולנוע ערבה,2,2025,https://aravaff.co.il/movies/%d7%94%d7%91%d7%95%d7%96/#main; https://aravaff.co.il/movies/%d7%94%d7%91%d7%95%d7%96/
טל מוסקוביץ',medium,dictabert,,קרן קולנוע ערבה,2,2023,https://aravaff.co.il/movies/%d7%94%d7%95%d7%a8%d7%99%d7%a7%d7%9f-%d7%9c%d7%9c%d7%99/#main; https://aravaff.co.il/movies/%d7%94%d7%95%d7%a8%d7%99%d7%a7%d7%9f-%d7%9c%d7%9c%d7%99/
גל אל,medium,dictabert,"במאי, מפיק",קרן קולנוע ערבה,2,2023,https://aravaff.co.il/movies/%d7%94%d7%95%d7%a8%d7%99%d7%a7%d7%9f-%d7%9c%d7%9c%d7%99/#main; https://aravaff.co.il/movies/%d7%94%d7%95%d7%a8%d7%99%d7%a7%d7%9f-%d7%9c%d7%9c%d7%99/
ומתן גל,medium,dictabert,"במאי, מפיק",קרן קולנוע ערבה,2,2023,https://aravaff.co.il/movies/%d7%94%d7%95%d7%a8%d7%99%d7%a7%d7%9f-%d7%9c%d7%9c%d7%99/#main; https://aravaff.co.il/movies/%d7%94%d7%95%d7%a8%d7%99%d7%a7%d7%9f-%d7%9c%d7%9c%d7%99/
ענבר בוזנח,medium,hebert,,קרן קולנוע ערבה,2,2023,https://aravaff.co.il/movies/%d7%94%d7%95%d7%a8%d7%99%d7%a7%d7%9f-%d7%9c%d7%9c%d7%99/#main; https://aravaff.co.il/movies/%d7%94%d7%95%d7%a8%d7%99%d7%a7%d7%9f-%d7%9c%d7%9c%d7%99/
ענבר בוז,medium,dictabert,,קרן קולנוע ערבה,2,2023,https://aravaff.co.il/movies/%d7%94%d7%95%d7%a8%d7%99%d7%a7%d7%9f-%d7%9c%d7%9c%d7%99/#main; https://aravaff.co.il/movies/%d7%94%d7%95%d7%a8%d7%99%d7%a7%d7%9f-%d7%9c%d7%9c%d7%99/
דייזי פילמס,medium,hebert,"במאי, מפיק",קרן קולנוע ערבה,2,2023,https://aravaff.co.il/movies/%d7%94%d7%95%d7%a8%d7%99%d7%a7%d7%9f-%d7%9c%d7%9c%d7%99/#main; https://aravaff.co.il/movies/%d7%94%d7%95%d7%a8%d7%99%d7%a7%d7%9f-%d7%9c%d7%9c%d7%99/
דניאל חבקוק,high,dictabert+hebert,מפיק,קרן קולנוע ערבה,2,2023,https://aravaff.co.il/movies/%d7%94%d7%95%d7%a8%d7%99%d7%a7%d7%9f-%d7%9c%d7%9c%d7%99/#main; https://aravaff.co.il/movies/%d7%94%d7%95%d7%a8%d7%99%d7%a7%d7%9f-%d7%9c%d7%9c%d7%99/
טל מוסקוביץ'ומתן גלזובסקי,medium,hebert,,קרן קולנוע ערבה,2,2023,https://aravaff.co.il/movies/%d7%94%d7%95%d7%a8%d7%99%d7%a7%d7%9f-%d7%9c%d7%9c%d7%99/#main; https://aravaff.co.il/movies/%d7%94%d7%95%d7%a8%d7%99%d7%a7%d7%9f-%d7%9c%d7%9c%d7%99/
ענת רבניצקי,medium,hebert,מפיק,קרן קולנוע ערבה,2,2023,https://aravaff.co.il/movies/%d7%94%d7%95%d7%a8%d7%99%d7%a7%d7%9f-%d7%9c%d7%9c%d7%99/#main; https://aravaff.co.il/movies/%d7%94%d7%95%d7%a8%d7%99%d7%a7%d7%9f-%d7%9c%d7%9c%d7%99/
דייזי פיל,medium,dictabert,"במאי, מפיק",קרן קולנוע ערבה,2,2023,https://aravaff.co.il/movies/%d7%94%d7%95%d7%a8%d7%99%d7%a7%d7%9f-%d7%9c%d7%9c%d7%99/#main; https://aravaff.co.il/movies/%d7%94%d7%95%d7%a8%d7%99%d7%a7%d7%9f-%d7%9c%d7%9c%d7%99/
ענת רבני,medium,dictabert,מפיק,קרן קולנוע ערבה,2,2023,https://aravaff.co.il/movies/%d7%94%d7%95%d7%a8%d7%99%d7%a7%d7%9f-%d7%9c%d7%9c%d7%99/#main; https://aravaff.co.il/movies/%d7%94%d7%95%d7%a8%d7%99%d7%a7%d7%9f-%d7%9c%d7%9c%d7%99/
ללי,high,dictabert+hebert,במאי,קרן קולנוע ערבה,2,2023,https://aravaff.co.il/movies/%d7%94%d7%95%d7%a8%d7%99%d7%a7%d7%9f-%d7%9c%d7%9c%d7%99/#main; https://aravaff.co.il/movies/%d7%94%d7%95%d7%a8%d7%99%d7%a7%d7%9f-%d7%9c%d7%9c%d7%99/
גל אל - עד,medium,hebert,,קרן קולנוע ערבה,2,2023,https://aravaff.co.il/movies/%d7%94%d7%95%d7%a8%d7%99%d7%a7%d7%9f-%d7%9c%d7%9c%d7%99/#main; https://aravaff.co.il/movies/%d7%94%d7%95%d7%a8%d7%99%d7%a7%d7%9f-%d7%9c%d7%9c%d7%99/
גל רומבק,medium,hebert,"במאי, מפיק",קרן קולנוע ערבה,2,2023,https://aravaff.co.il/movies/%d7%94%d7%95%d7%a8%d7%99%d7%a7%d7%9f-%d7%9c%d7%9c%d7%99/#main; https://aravaff.co.il/movies/%d7%94%d7%95%d7%a8%d7%99%d7%a7%d7%9f-%d7%9c%d7%9c%d7%99/
פיפ,medium,dictabert,במאי,קרן קולנוע ערבה,2,"2020,2025",https://aravaff.co.il/movies/%d7%94%d7%97%d7%91%d7%a8-%d7%94%d7%a9%d7%a7%d7%98/; https://aravaff.co.il/movies/%d7%94%d7%97%d7%91%d7%a8-%d7%94%d7%a9%d7%a7%d7%98/#main
- wa,medium,dictabert,,קרן קולנוע ערבה,2,"2020,2025",https://aravaff.co.il/movies/%d7%94%d7%97%d7%91%d7%a8-%d7%94%d7%a9%d7%a7%d7%98/; https://aravaff.co.il/movies/%d7%94%d7%97%d7%91%d7%a8-%d7%94%d7%a9%d7%a7%d7%98/#main
ולאה סד,medium,dictabert,במאי,קרן קולנוע ערבה,2,"2020,2025",https://aravaff.co.il/movies/%d7%94%d7%97%d7%91%d7%a8-%d7%94%d7%a9%d7%a7%d7%98/; https://aravaff.co.il/movies/%d7%94%d7%97%d7%91%d7%a8-%d7%94%d7%a9%d7%a7%d7%98/#main
טוני לונג,medium,dictabert,במאי,קרן קולנוע ערבה,2,"2020,2025",https://aravaff.co.il/movies/%d7%94%d7%97%d7%91%d7%a8-%d7%94%d7%a9%d7%a7%d7%98/; https://aravaff.co.il/movies/%d7%94%d7%97%d7%91%d7%a8-%d7%94%d7%a9%d7%a7%d7%98/#main
אני,medium,dictabert,"במאי, עורך",קרן קולנוע ערבה,2,"2020,2025",https://aravaff.co.il/movies/%d7%94%d7%97%d7%91%d7%a8-%d7%94%d7%a9%d7%a7%d7%98/; https://aravaff.co.il/movies/%d7%94%d7%97%d7%91%d7%a8-%d7%94%d7%a9%d7%a7%d7%98/#main
אניידי,medium,hebert,"במאי, עורך",קרן קולנוע ערבה,2,"2020,2025",https://aravaff.co.il/movies/%d7%94%d7%97%d7%91%d7%a8-%d7%94%d7%a9%d7%a7%d7%98/; https://aravaff.co.il/movies/%d7%94%d7%97%d7%91%d7%a8-%d7%94%d7%a9%d7%a7%d7%98/#main
אילדיקו אניידי,medium,hebert,במאי,קרן קולנוע ערבה,2,"2020,2025",https://aravaff.co.il/movies/%d7%94%d7%97%d7%91%d7%a8-%d7%94%d7%a9%d7%a7%d7%98/; https://aravaff.co.il/movies/%d7%94%d7%97%d7%91%d7%a8-%d7%94%d7%a9%d7%a7%d7%98/#main
ton,medium,dictabert,,קרן קולנוע ערבה,2,"2020,2025",https://aravaff.co.il/movies/%d7%94%d7%97%d7%91%d7%a8-%d7%94%d7%a9%d7%a7%d7%98/; https://aravaff.co.il/movies/%d7%94%d7%97%d7%91%d7%a8-%d7%94%d7%a9%d7%a7%d7%98/#main
mor,medium,dictabert,,קרן קולנוע ערבה,2,"2020,2025",https://aravaff.co.il/movies/%d7%94%d7%97%d7%91%d7%a8-%d7%94%d7%a9%d7%a7%d7%98/; https://aravaff.co.il/movies/%d7%94%d7%97%d7%91%d7%a8-%d7%94%d7%a9%d7%a7%d7%98/#main
טוני לונג ולאה סדו,medium,hebert,במאי,קרן קולנוע ערבה,2,"2020,2025",https://aravaff.co.il/movies/%d7%94%d7%97%d7%91%d7%a8-%d7%94%d7%a9%d7%a7%d7%98/; https://aravaff.co.il/movies/%d7%94%d7%97%d7%91%d7%a8-%d7%94%d7%a9%d7%a7%d7%98/#main
מרתה,high,dictabert+hebert,,קרן קולנוע ערבה,2,2024,https://aravaff.co.il/movies/%d7%94%d7%97%d7%93%d7%a8-%d7%94%d7%a1%d7%9e%d7%95%d7%9a/; https://aravaff.co.il/movies/%d7%94%d7%97%d7%93%d7%a8-%d7%94%d7%a1%d7%9e%d7%95%d7%9a/#main
וטי,medium,dictabert,,קרן קולנוע ערבה,2,2024,https://aravaff.co.il/movies/%d7%94%d7%97%d7%93%d7%a8-%d7%94%d7%a1%d7%9e%d7%95%d7%9a/; https://aravaff.co.il/movies/%d7%94%d7%97%d7%93%d7%a8-%d7%94%d7%a1%d7%9e%d7%95%d7%9a/#main
אריה הזהב,medium,dictabert,,קרן קולנוע ערבה,2,2024,https://aravaff.co.il/movies/%d7%94%d7%97%d7%93%d7%a8-%d7%94%d7%a1%d7%9e%d7%95%d7%9a/; https://aravaff.co.il/movies/%d7%94%d7%97%d7%93%d7%a8-%d7%94%d7%a1%d7%9e%d7%95%d7%9a/#main
סווי,medium,dictabert,,קרן קולנוע ערבה,2,2024,https://aravaff.co.il/movies/%d7%94%d7%97%d7%93%d7%a8-%d7%94%d7%a1%d7%9e%d7%95%d7%9a/; https://aravaff.co.il/movies/%d7%94%d7%97%d7%93%d7%a8-%d7%94%d7%a1%d7%9e%d7%95%d7%9a/#main
ג'וליאן מור,medium,dictabert,,קרן קולנוע ערבה,2,2024,https://aravaff.co.il/movies/%d7%94%d7%97%d7%93%d7%a8-%d7%94%d7%a1%d7%9e%d7%95%d7%9a/; https://aravaff.co.il/movies/%d7%94%d7%97%d7%93%d7%a8-%d7%94%d7%a1%d7%9e%d7%95%d7%9a/#main
אינגריד,high,dictabert+hebert,,קרן קולנוע ערבה,2,2024,https://aravaff.co.il/movies/%d7%94%d7%97%d7%93%d7%a8-%d7%94%d7%a1%d7%9e%d7%95%d7%9a/; https://aravaff.co.il/movies/%d7%94%d7%97%d7%93%d7%a8-%d7%94%d7%a1%d7%9e%d7%95%d7%9a/#main
alb,medium,dictabert,,קרן קולנוע ערבה,2,2024,https://aravaff.co.il/movies/%d7%94%d7%97%d7%93%d7%a8-%d7%94%d7%a1%d7%9e%d7%95%d7%9a/; https://aravaff.co.il/movies/%d7%94%d7%97%d7%93%d7%a8-%d7%94%d7%a1%d7%9e%d7%95%d7%9a/#main
moo,medium,dictabert,,קרן קולנוע ערבה,2,2024,https://aravaff.co.il/movies/%d7%94%d7%97%d7%93%d7%a8-%d7%94%d7%a1%d7%9e%d7%95%d7%9a/; https://aravaff.co.il/movies/%d7%94%d7%97%d7%93%d7%a8-%d7%94%d7%a1%d7%9e%d7%95%d7%9a/#main
ג'וליאן מור וטילדה סווינטון,medium,hebert,,קרן קולנוע ערבה,2,2024,https://aravaff.co.il/movies/%d7%94%d7%97%d7%93%d7%a8-%d7%94%d7%a1%d7%9e%d7%95%d7%9a/; https://aravaff.co.il/movies/%d7%94%d7%97%d7%93%d7%a8-%d7%94%d7%a1%d7%9e%d7%95%d7%9a/#main
מיאזאקי מדינה יפן,medium,dictabert,,קרן קולנוע ערבה,2,2023,https://aravaff.co.il/movies/%d7%94%d7%98%d7%99%d7%a8%d7%94-%d7%94%d7%a0%d7%a2%d7%94/; https://aravaff.co.il/movies/%d7%94%d7%98%d7%99%d7%a8%d7%94-%d7%94%d7%a0%d7%a2%d7%94/#main
סופי,high,dictabert+hebert,,קרן קולנוע ערבה,2,2023,https://aravaff.co.il/movies/%d7%94%d7%98%d7%99%d7%a8%d7%94-%d7%94%d7%a0%d7%a2%d7%94/; https://aravaff.co.il/movies/%d7%94%d7%98%d7%99%d7%a8%d7%94-%d7%94%d7%a0%d7%a2%d7%94/#main
מייקל,medium,dictabert,במאי,קרן קולנוע ערבה,2,2023,https://aravaff.co.il/movies/%d7%94%d7%98%d7%99%d7%a8%d7%94-%d7%94%d7%a0%d7%a2%d7%94/; https://aravaff.co.il/movies/%d7%94%d7%98%d7%99%d7%a8%d7%94-%d7%94%d7%a0%d7%a2%d7%94/#main
אורסולה,medium,dictabert,במאי,קרן קולנוע ערבה,2,2023,https://aravaff.co.il/movies/%d7%94%d7%98%d7%99%d7%a8%d7%94-%d7%94%d7%a0%d7%a2%d7%94/; https://aravaff.co.il/movies/%d7%94%d7%98%d7%99%d7%a8%d7%94-%d7%94%d7%a0%d7%a2%d7%94/#main
קים בימוי אליצ'ה רורוואכר,medium,hebert,,קרן קולנוע ערבה,2,2023,https://aravaff.co.il/movies/%d7%94%d7%98%d7%99%d7%a8%d7%94-%d7%94%d7%a0%d7%a2%d7%94/; https://aravaff.co.il/movies/%d7%94%d7%98%d7%99%d7%a8%d7%94-%d7%94%d7%a0%d7%a2%d7%94/#main
ג'יבלי,medium,hebert,"במאי, מייסד",קרן קולנוע ערבה,2,2023,https://aravaff.co.il/movies/%d7%94%d7%98%d7%99%d7%a8%d7%94-%d7%94%d7%a0%d7%a2%d7%94/; https://aravaff.co.il/movies/%d7%94%d7%98%d7%99%d7%a8%d7%94-%d7%94%d7%a0%d7%a2%d7%94/#main
##ushi okui,medium,hebert,,קרן קולנוע ערבה,2,2023,https://aravaff.co.il/movies/%d7%94%d7%98%d7%99%d7%a8%d7%94-%d7%94%d7%a0%d7%a2%d7%94/; https://aravaff.co.il/movies/%d7%94%d7%98%d7%99%d7%a8%d7%94-%d7%94%d7%a0%d7%a2%d7%94/#main
jone,medium,hebert,,קרן קולנוע ערבה,2,2023,https://aravaff.co.il/movies/%d7%94%d7%98%d7%99%d7%a8%d7%94-%d7%94%d7%a0%d7%a2%d7%94/; https://aravaff.co.il/movies/%d7%94%d7%98%d7%99%d7%a8%d7%94-%d7%94%d7%a0%d7%a2%d7%94/#main
מישל,medium,hebert,במאי,קרן קולנוע ערבה,2,2023,https://aravaff.co.il/movies/%d7%94%d7%98%d7%99%d7%a8%d7%94-%d7%94%d7%a0%d7%a2%d7%94/; https://aravaff.co.il/movies/%d7%94%d7%98%d7%99%d7%a8%d7%94-%d7%94%d7%a0%d7%a2%d7%94/#main
האוול,high,dictabert+hebert,,קרן קולנוע ערבה,2,2023,https://aravaff.co.il/movies/%d7%94%d7%98%d7%99%d7%a8%d7%94-%d7%94%d7%a0%d7%a2%d7%94/; https://aravaff.co.il/movies/%d7%94%d7%98%d7%99%d7%a8%d7%94-%d7%94%d7%a0%d7%a2%d7%94/#main
dian,medium,dictabert,,קרן קולנוע ערבה,2,2023,https://aravaff.co.il/movies/%d7%94%d7%98%d7%99%d7%a8%d7%94-%d7%94%d7%a0%d7%a2%d7%94/; https://aravaff.co.il/movies/%d7%94%d7%98%d7%99%d7%a8%d7%94-%d7%94%d7%a0%d7%a2%d7%94/#main
אילקר צ',medium,hebert,במאי,קרן קולנוע ערבה,2,2023,https://aravaff.co.il/movies/%d7%94%d7%99%d7%9c%d7%93-%d7%95%d7%94%d7%90%d7%a0%d7%a4%d7%94/#main; https://aravaff.co.il/movies/%d7%94%d7%99%d7%9c%d7%93-%d7%95%d7%94%d7%90%d7%a0%d7%a4%d7%94/
##יבלי,medium,hebert,,קרן קולנוע ערבה,2,2023,https://aravaff.co.il/movies/%d7%94%d7%99%d7%9c%d7%93-%d7%95%d7%94%d7%90%d7%a0%d7%a4%d7%94/#main; https://aravaff.co.il/movies/%d7%94%d7%99%d7%9c%d7%93-%d7%95%d7%94%d7%90%d7%a0%d7%a4%d7%94/
מולי מנינג,medium,hebert,במאי,קרן קולנוע ערבה,2,2023,https://aravaff.co.il/movies/%d7%94%d7%99%d7%9c%d7%93-%d7%95%d7%94%d7%90%d7%a0%d7%a4%d7%94/#main; https://aravaff.co.il/movies/%d7%94%d7%99%d7%9c%d7%93-%d7%95%d7%94%d7%90%d7%a0%d7%a4%d7%94/
neil gaiman,medium,hebert,,קרן קולנוע ערבה,2,2023,https://aravaff.co.il/movies/%d7%94%d7%99%d7%9c%d7%93-%d7%95%d7%94%d7%90%d7%a0%d7%a4%d7%94/#main; https://aravaff.co.il/movies/%d7%94%d7%99%d7%9c%d7%93-%d7%95%d7%94%d7%90%d7%a0%d7%a4%d7%94/
##ק,medium,hebert,,קרן קולנוע ערבה,2,2023,https://aravaff.co.il/movies/%d7%94%d7%99%d7%9c%d7%93-%d7%95%d7%94%d7%90%d7%a0%d7%a4%d7%94/#main; https://aravaff.co.il/movies/%d7%94%d7%99%d7%9c%d7%93-%d7%95%d7%94%d7%90%d7%a0%d7%a4%d7%94/
סטפני,medium,dictabert,במאי,קרן קולנוע ערבה,2,2023,https://aravaff.co.il/movies/%d7%94%d7%99%d7%9c%d7%93-%d7%95%d7%94%d7%90%d7%a0%d7%a4%d7%94/#main; https://aravaff.co.il/movies/%d7%94%d7%99%d7%9c%d7%93-%d7%95%d7%94%d7%90%d7%a0%d7%a4%d7%94/
גלייזר,medium,dictabert,במאי,קרן קולנוע ערבה,2,2023,https://aravaff.co.il/movies/%d7%94%d7%99%d7%9c%d7%93-%d7%95%d7%94%d7%90%d7%a0%d7%a4%d7%94/#main; https://aravaff.co.il/movies/%d7%94%d7%99%d7%9c%d7%93-%d7%95%d7%94%d7%90%d7%a0%d7%a4%d7%94/
בליז,medium,hebert,במאי,קרן קולנוע ערבה,2,2023,https://aravaff.co.il/movies/%d7%94%d7%99%d7%9c%d7%93-%d7%95%d7%94%d7%90%d7%a0%d7%a4%d7%94/#main; https://aravaff.co.il/movies/%d7%94%d7%99%d7%9c%d7%93-%d7%95%d7%94%d7%90%d7%a0%d7%a4%d7%94/
למיאזאקי,medium,hebert,במאי,קרן קולנוע ערבה,2,2023,https://aravaff.co.il/movies/%d7%94%d7%99%d7%9c%d7%93-%d7%95%d7%94%d7%90%d7%a0%d7%a4%d7%94/#main; https://aravaff.co.il/movies/%d7%94%d7%99%d7%9c%d7%93-%d7%95%d7%94%d7%90%d7%a0%d7%a4%d7%94/
##ים בימוי,medium,hebert,,קרן קולנוע ערבה,2,2023,https://aravaff.co.il/movies/%d7%94%d7%99%d7%9c%d7%93-%d7%95%d7%94%d7%90%d7%a0%d7%a4%d7%94/#main; https://aravaff.co.il/movies/%d7%94%d7%99%d7%9c%d7%93-%d7%95%d7%94%d7%90%d7%a0%d7%a4%d7%94/
##י קאוריס,medium,hebert,,קרן קולנוע ערבה,2,2023,https://aravaff.co.il/movies/%d7%94%d7%99%d7%9c%d7%93-%d7%95%d7%94%d7%90%d7%a0%d7%a4%d7%94/#main; https://aravaff.co.il/movies/%d7%94%d7%99%d7%9c%d7%93-%d7%95%d7%94%d7%90%d7%a0%d7%a4%d7%94/
shih - ching tsou,medium,hebert,,קרן קולנוע ערבה,2,2025,https://aravaff.co.il/movies/%d7%94%d7%99%d7%9c%d7%93%d7%94-%d7%94%d7%a9%d7%9e%d7%90%d7%9c%d7%99%d7%aa/#main; https://aravaff.co.il/movies/%d7%94%d7%99%d7%9c%d7%93%d7%94-%d7%94%d7%a9%d7%9e%d7%90%d7%9c%d7%99%d7%aa/
janel tsai,medium,hebert,,קרן קולנוע ערבה,2,2025,https://aravaff.co.il/movies/%d7%94%d7%99%d7%9c%d7%93%d7%94-%d7%94%d7%a9%d7%9e%d7%90%d7%9c%d7%99%d7%aa/#main; https://aravaff.co.il/movies/%d7%94%d7%99%d7%9c%d7%93%d7%94-%d7%94%d7%a9%d7%9e%d7%90%d7%9c%d7%99%d7%aa/
shih - yuan ma,medium,hebert,,קרן קולנוע ערבה,2,2025,https://aravaff.co.il/movies/%d7%94%d7%99%d7%9c%d7%93%d7%94-%d7%94%d7%a9%d7%9e%d7%90%d7%9c%d7%99%d7%aa/#main; https://aravaff.co.il/movies/%d7%94%d7%99%d7%9c%d7%93%d7%94-%d7%94%d7%a9%d7%9e%d7%90%d7%9c%d7%99%d7%aa/
bak,medium,dictabert,,קרן קולנוע ערבה,2,2025,https://aravaff.co.il/movies/%d7%94%d7%99%d7%9c%d7%93%d7%94-%d7%94%d7%a9%d7%9e%d7%90%d7%9c%d7%99%d7%aa/#main; https://aravaff.co.il/movies/%d7%94%d7%99%d7%9c%d7%93%d7%94-%d7%94%d7%a9%d7%9e%d7%90%d7%9c%d7%99%d7%aa/
- chi,medium,dictabert,,קרן קולנוע ערבה,2,2025,https://aravaff.co.il/movies/%d7%94%d7%99%d7%9c%d7%93%d7%94-%d7%94%d7%a9%d7%9e%d7%90%d7%9c%d7%99%d7%aa/#main; https://aravaff.co.il/movies/%d7%94%d7%99%d7%9c%d7%93%d7%94-%d7%94%d7%a9%d7%9e%d7%90%d7%9c%d7%99%d7%aa/
שי - שינג,high,dictabert+hebert,,קרן קולנוע ערבה,2,2025,https://aravaff.co.il/movies/%d7%94%d7%99%d7%9c%d7%93%d7%94-%d7%94%d7%a9%d7%9e%d7%90%d7%9c%d7%99%d7%aa/#main; https://aravaff.co.il/movies/%d7%94%d7%99%d7%9c%d7%93%d7%94-%d7%94%d7%a9%d7%9e%d7%90%d7%9c%d7%99%d7%aa/
ces,medium,dictabert,,קרן קולנוע ערבה,2,2025,https://aravaff.co.il/movies/%d7%94%d7%9e%d7%91%d7%98-%d7%94%d7%9e%d7%a1%d7%aa%d7%95%d7%a8%d7%99-%d7%a9%d7%9c-%d7%94%d7%a4%d7%9c%d7%9e%d7%99%d7%a0%d7%92%d7%95/#main; https://aravaff.co.il/movies/%d7%94%d7%9e%d7%91%d7%98-%d7%94%d7%9e%d7%a1%d7%aa%d7%95%d7%a8%d7%99-%d7%a9%d7%9c-%d7%94%d7%a4%d7%9c%d7%9e%d7%99%d7%a0%d7%92%d7%95/
aud,medium,dictabert,מפיק,קרן קולנוע ערבה,2,2025,https://aravaff.co.il/movies/%d7%94%d7%9e%d7%91%d7%98-%d7%94%d7%9e%d7%a1%d7%aa%d7%95%d7%a8%d7%99-%d7%a9%d7%9c-%d7%94%d7%a4%d7%9c%d7%9e%d7%99%d7%a0%d7%92%d7%95/#main; https://aravaff.co.il/movies/%d7%94%d7%9e%d7%91%d7%98-%d7%94%d7%9e%d7%a1%d7%aa%d7%95%d7%a8%d7%99-%d7%a9%d7%9c-%d7%94%d7%a4%d7%9c%d7%9e%d7%99%d7%a0%d7%92%d7%95/
דייגו ס,medium,hebert,במאי,קרן קולנוע ערבה,2,2025,https://aravaff.co.il/movies/%d7%94%d7%9e%d7%91%d7%98-%d7%94%d7%9e%d7%a1%d7%aa%d7%95%d7%a8%d7%99-%d7%a9%d7%9c-%d7%94%d7%a4%d7%9c%d7%9e%d7%99%d7%a0%d7%92%d7%95/#main; https://aravaff.co.il/movies/%d7%94%d7%9e%d7%91%d7%98-%d7%94%d7%9e%d7%a1%d7%aa%d7%95%d7%a8%d7%99-%d7%a9%d7%9c-%d7%94%d7%a4%d7%9c%d7%9e%d7%99%d7%a0%d7%92%d7%95/
die,medium,dictabert,,קרן קולנוע ערבה,2,2025,https://aravaff.co.il/movies/%d7%94%d7%9e%d7%91%d7%98-%d7%94%d7%9e%d7%a1%d7%aa%d7%95%d7%a8%d7%99-%d7%a9%d7%9c-%d7%94%d7%a4%d7%9c%d7%9e%d7%99%d7%a0%d7%92%d7%95/#main; https://aravaff.co.il/movies/%d7%94%d7%9e%d7%91%d7%98-%d7%94%d7%9e%d7%a1%d7%aa%d7%95%d7%a8%d7%99-%d7%a9%d7%9c-%d7%94%d7%a4%d7%9c%d7%9e%d7%99%d7%a0%d7%92%d7%95/
איי,medium,dictabert,"במאי, מפיק",קרן קולנוע ערבה,2,2025,https://aravaff.co.il/movies/%d7%94%d7%9e%d7%93%d7%99%d7%a0%d7%94-%d7%a7%d7%95%d7%a8%d7%90%d7%aa-%d7%9c%d7%9a/#main; https://aravaff.co.il/movies/%d7%94%d7%9e%d7%93%d7%99%d7%a0%d7%94-%d7%a7%d7%95%d7%a8%d7%90%d7%aa-%d7%9c%d7%9a/
אירו,medium,hebert,מפיק,קרן קולנוע ערבה,2,2025,https://aravaff.co.il/movies/%d7%94%d7%9e%d7%93%d7%99%d7%a0%d7%94-%d7%a7%d7%95%d7%a8%d7%90%d7%aa-%d7%9c%d7%9a/#main; https://aravaff.co.il/movies/%d7%94%d7%9e%d7%93%d7%99%d7%a0%d7%94-%d7%a7%d7%95%d7%a8%d7%90%d7%aa-%d7%9c%d7%9a/
סלימאן אבו כף,high,dictabert+hebert,"במאי, מפיק",קרן קולנוע ערבה,2,2025,https://aravaff.co.il/movies/%d7%94%d7%9e%d7%93%d7%99%d7%a0%d7%94-%d7%a7%d7%95%d7%a8%d7%90%d7%aa-%d7%9c%d7%9a/#main; https://aravaff.co.il/movies/%d7%94%d7%9e%d7%93%d7%99%d7%a0%d7%94-%d7%a7%d7%95%d7%a8%d7%90%d7%aa-%d7%9c%d7%9a/
עמית חכמוב,medium,hebert,מפיק,קרן קולנוע ערבה,2,2025,https://aravaff.co.il/movies/%d7%94%d7%9e%d7%93%d7%99%d7%a0%d7%94-%d7%a7%d7%95%d7%a8%d7%90%d7%aa-%d7%9c%d7%9a/#main; https://aravaff.co.il/movies/%d7%94%d7%9e%d7%93%d7%99%d7%a0%d7%94-%d7%a7%d7%95%d7%a8%d7%90%d7%aa-%d7%9c%d7%9a/
סלאמה אבו אלג,medium,dictabert,"במאי, מפיק",קרן קולנוע ערבה,2,2025,https://aravaff.co.il/movies/%d7%94%d7%9e%d7%93%d7%99%d7%a0%d7%94-%d7%a7%d7%95%d7%a8%d7%90%d7%aa-%d7%9c%d7%9a/#main; https://aravaff.co.il/movies/%d7%94%d7%9e%d7%93%d7%99%d7%a0%d7%94-%d7%a7%d7%95%d7%a8%d7%90%d7%aa-%d7%9c%d7%9a/
דני זרנסיקי חבילות,medium,hebert,,קרן קולנוע ערבה,2,2025,https://aravaff.co.il/movies/%d7%94%d7%9e%d7%93%d7%99%d7%a0%d7%94-%d7%a7%d7%95%d7%a8%d7%90%d7%aa-%d7%9c%d7%9a/#main; https://aravaff.co.il/movies/%d7%94%d7%9e%d7%93%d7%99%d7%a0%d7%94-%d7%a7%d7%95%d7%a8%d7%90%d7%aa-%d7%9c%d7%9a/
אייאד אבו אלחסן,medium,hebert,"במאי, מפיק",קרן קולנוע ערבה,2,2025,https://aravaff.co.il/movies/%d7%94%d7%9e%d7%93%d7%99%d7%a0%d7%94-%d7%a7%d7%95%d7%a8%d7%90%d7%aa-%d7%9c%d7%9a/#main; https://aravaff.co.il/movies/%d7%94%d7%9e%d7%93%d7%99%d7%a0%d7%94-%d7%a7%d7%95%d7%a8%d7%90%d7%aa-%d7%9c%d7%9a/
רנא אבו פריחה,medium,dictabert,מפיק,קרן קולנוע ערבה,2,2025,https://aravaff.co.il/movies/%d7%94%d7%9e%d7%93%d7%99%d7%a0%d7%94-%d7%a7%d7%95%d7%a8%d7%90%d7%aa-%d7%9c%d7%9a/#main; https://aravaff.co.il/movies/%d7%94%d7%9e%d7%93%d7%99%d7%a0%d7%94-%d7%a7%d7%95%d7%a8%d7%90%d7%aa-%d7%9c%d7%9a/
רנא אבו פריחה - אסיאג,medium,hebert,,קרן קולנוע ערבה,2,2025,https://aravaff.co.il/movies/%d7%94%d7%9e%d7%93%d7%99%d7%a0%d7%94-%d7%a7%d7%95%d7%a8%d7%90%d7%aa-%d7%9c%d7%9a/#main; https://aravaff.co.il/movies/%d7%94%d7%9e%d7%93%d7%99%d7%a0%d7%94-%d7%a7%d7%95%d7%a8%d7%90%d7%aa-%d7%9c%d7%9a/
סלאמה אבו אלגיעאן,medium,hebert,"במאי, מפיק",קרן קולנוע ערבה,2,2025,https://aravaff.co.il/movies/%d7%94%d7%9e%d7%93%d7%99%d7%a0%d7%94-%d7%a7%d7%95%d7%a8%d7%90%d7%aa-%d7%9c%d7%9a/#main; https://aravaff.co.il/movies/%d7%94%d7%9e%d7%93%d7%99%d7%a0%d7%94-%d7%a7%d7%95%d7%a8%d7%90%d7%aa-%d7%9c%d7%9a/
דני זר,medium,dictabert,מפיק,קרן קולנוע ערבה,2,2025,https://aravaff.co.il/movies/%d7%94%d7%9e%d7%93%d7%99%d7%a0%d7%94-%d7%a7%d7%95%d7%a8%d7%90%d7%aa-%d7%9c%d7%9a/#main; https://aravaff.co.il/movies/%d7%94%d7%9e%d7%93%d7%99%d7%a0%d7%94-%d7%a7%d7%95%d7%a8%d7%90%d7%aa-%d7%9c%d7%9a/
אבו אלח,medium,dictabert,"במאי, מפיק",קרן קולנוע ערבה,2,2025,https://aravaff.co.il/movies/%d7%94%d7%9e%d7%93%d7%99%d7%a0%d7%94-%d7%a7%d7%95%d7%a8%d7%90%d7%aa-%d7%9c%d7%9a/#main; https://aravaff.co.il/movies/%d7%94%d7%9e%d7%93%d7%99%d7%a0%d7%94-%d7%a7%d7%95%d7%a8%d7%90%d7%aa-%d7%9c%d7%9a/
עמית חכ,medium,dictabert,מפיק,קרן קולנוע ערבה,2,2025,https://aravaff.co.il/movies/%d7%94%d7%9e%d7%93%d7%99%d7%a0%d7%94-%d7%a7%d7%95%d7%a8%d7%90%d7%aa-%d7%9c%d7%9a/#main; https://aravaff.co.il/movies/%d7%94%d7%9e%d7%93%d7%99%d7%a0%d7%94-%d7%a7%d7%95%d7%a8%d7%90%d7%aa-%d7%9c%d7%9a/
חלי גולדנברג,high,dictabert+hebert,"במאי, מפיק",קרן קולנוע ערבה,2,2025,https://aravaff.co.il/movies/%d7%94%d7%9e%d7%93%d7%99%d7%a0%d7%94-%d7%a7%d7%95%d7%a8%d7%90%d7%aa-%d7%9c%d7%9a/#main; https://aravaff.co.il/movies/%d7%94%d7%9e%d7%93%d7%99%d7%a0%d7%94-%d7%a7%d7%95%d7%a8%d7%90%d7%aa-%d7%9c%d7%9a/
sou,medium,dictabert,,קרן קולנוע ערבה,2,2025,https://aravaff.co.il/movies/%d7%94%d7%a1%d7%95%d7%9b%d7%9f-%d7%94%d7%97%d7%a9%d7%90%d7%99/#main; https://aravaff.co.il/movies/%d7%94%d7%a1%d7%95%d7%9b%d7%9f-%d7%94%d7%97%d7%a9%d7%90%d7%99/
קלבר מנדונסה,medium,hebert,"במאי, שחקן",קרן קולנוע ערבה,2,2025,https://aravaff.co.il/movies/%d7%94%d7%a1%d7%95%d7%9b%d7%9f-%d7%94%d7%97%d7%a9%d7%90%d7%99/#main; https://aravaff.co.il/movies/%d7%94%d7%a1%d7%95%d7%9b%d7%9f-%d7%94%d7%97%d7%a9%d7%90%d7%99/
tom,medium,dictabert,,קרן קולנוע ערבה,2,2025,https://aravaff.co.il/movies/%d7%94%d7%a1%d7%95%d7%9b%d7%9f-%d7%94%d7%97%d7%a9%d7%90%d7%99/#main; https://aravaff.co.il/movies/%d7%94%d7%a1%d7%95%d7%9b%d7%9f-%d7%94%d7%97%d7%a9%d7%90%d7%99/
emmanuel yovanie alpha oumar so,medium,hebert,,קרן קולנוע ערבה,2,2024,https://aravaff.co.il/movies/%d7%94%d7%a1%d7%99%d7%a4%d7%95%d7%a8-%d7%a9%d7%9c-%d7%a1%d7%95%d7%9c%d7%99%d7%9e%d7%90%d7%9f/; https://aravaff.co.il/movies/%d7%94%d7%a1%d7%99%d7%a4%d7%95%d7%a8-%d7%a9%d7%9c-%d7%a1%d7%95%d7%9c%d7%99%d7%9e%d7%90%d7%9f/#main
tristan galand,medium,hebert,,קרן קולנוע ערבה,2,2024,https://aravaff.co.il/movies/%d7%94%d7%a1%d7%99%d7%a4%d7%95%d7%a8-%d7%a9%d7%9c-%d7%a1%d7%95%d7%9c%d7%99%d7%9e%d7%90%d7%9f/; https://aravaff.co.il/movies/%d7%94%d7%a1%d7%99%d7%a4%d7%95%d7%a8-%d7%a9%d7%9c-%d7%a1%d7%95%d7%9c%d7%99%d7%9e%d7%90%d7%9f/#main
אבו סנג,medium,dictabert,"במאי, שחקן",קרן קולנוע ערבה,2,2024,https://aravaff.co.il/movies/%d7%94%d7%a1%d7%99%d7%a4%d7%95%d7%a8-%d7%a9%d7%9c-%d7%a1%d7%95%d7%9c%d7%99%d7%9e%d7%90%d7%9f/; https://aravaff.co.il/movies/%d7%94%d7%a1%d7%99%d7%a4%d7%95%d7%a8-%d7%a9%d7%9c-%d7%a1%d7%95%d7%9c%d7%99%d7%9e%d7%90%d7%9f/#main
shaw,medium,hebert,,קרן קולנוע ערבה,2,,https://aravaff.co.il/movies/%d7%94%d7%a2%d7%95%d7%a7%d7%a5/; https://aravaff.co.il/movies/%d7%94%d7%a2%d7%95%d7%a7%d7%a5/#main
ג'ורג'רוי,medium,hebert,,קרן קולנוע ערבה,2,,https://aravaff.co.il/movies/%d7%94%d7%a2%d7%95%d7%a7%d7%a5/; https://aravaff.co.il/movies/%d7%94%d7%a2%d7%95%d7%a7%d7%a5/#main
william re,medium,dictabert,,קרן קולנוע ערבה,2,,https://aravaff.co.il/movies/%d7%94%d7%a2%d7%95%d7%a7%d7%a5/; https://aravaff.co.il/movies/%d7%94%d7%a2%d7%95%d7%a7%d7%a5/#main
david s. war,medium,dictabert,,קרן קולנוע ערבה,2,,https://aravaff.co.il/movies/%d7%94%d7%a2%d7%95%d7%a7%d7%a5/; https://aravaff.co.il/movies/%d7%94%d7%a2%d7%95%d7%a7%d7%a5/#main
marvin ham,medium,hebert,,קרן קולנוע ערבה,2,,https://aravaff.co.il/movies/%d7%94%d7%a2%d7%95%d7%a7%d7%a5/; https://aravaff.co.il/movies/%d7%94%d7%a2%d7%95%d7%a7%d7%a5/#main
ויז,medium,hebert,במאי,קרן קולנוע ערבה,2,,https://aravaff.co.il/movies/%d7%94%d7%a2%d7%95%d7%a7%d7%a5/; https://aravaff.co.il/movies/%d7%94%d7%a2%d7%95%d7%a7%d7%a5/#main
michael phill,medium,hebert,,קרן קולנוע ערבה,2,,https://aravaff.co.il/movies/%d7%94%d7%a2%d7%95%d7%a7%d7%a5/; https://aravaff.co.il/movies/%d7%94%d7%a2%d7%95%d7%a7%d7%a5/#main
ward,medium,hebert,,קרן קולנוע ערבה,2,,https://aravaff.co.il/movies/%d7%94%d7%a2%d7%95%d7%a7%d7%a5/; https://aravaff.co.il/movies/%d7%94%d7%a2%d7%95%d7%a7%d7%a5/#main
מייקל דודוק דה,medium,hebert,"במאי, מפיק",קרן קולנוע ערבה,2,2016,https://aravaff.co.il/movies/%d7%94%d7%a6%d7%91-%d7%94%d7%90%d7%93%d7%95%d7%9d/; https://aravaff.co.il/movies/%d7%94%d7%a6%d7%91-%d7%94%d7%90%d7%93%d7%95%d7%9d/#main
מייקל דודוק דה - ויט,medium,hebert,,קרן קולנוע ערבה,2,2016,https://aravaff.co.il/movies/%d7%94%d7%a6%d7%91-%d7%94%d7%90%d7%93%d7%95%d7%9d/; https://aravaff.co.il/movies/%d7%94%d7%a6%d7%91-%d7%94%d7%90%d7%93%d7%95%d7%9d/#main
ויילד באנ,medium,dictabert,"במאי, מפיק",קרן קולנוע ערבה,2,2016,https://aravaff.co.il/movies/%d7%94%d7%a6%d7%91-%d7%94%d7%90%d7%93%d7%95%d7%9d/; https://aravaff.co.il/movies/%d7%94%d7%a6%d7%91-%d7%94%d7%90%d7%93%d7%95%d7%9d/#main
##hael dudok,medium,hebert,,קרן קולנוע ערבה,2,2016,https://aravaff.co.il/movies/%d7%94%d7%a6%d7%91-%d7%94%d7%90%d7%93%d7%95%d7%9d/; https://aravaff.co.il/movies/%d7%94%d7%a6%d7%91-%d7%94%d7%90%d7%93%d7%95%d7%9d/#main
וסט,high,dictabert+hebert,"במאי, מפיק",קרן קולנוע ערבה,2,2016,https://aravaff.co.il/movies/%d7%94%d7%a6%d7%91-%d7%94%d7%90%d7%93%d7%95%d7%9d/; https://aravaff.co.il/movies/%d7%94%d7%a6%d7%91-%d7%94%d7%90%d7%93%d7%95%d7%9d/#main
הייאו מיאזקי,medium,hebert,"במאי, מפיק",קרן קולנוע ערבה,2,2016,https://aravaff.co.il/movies/%d7%94%d7%a6%d7%91-%d7%94%d7%90%d7%93%d7%95%d7%9d/; https://aravaff.co.il/movies/%d7%94%d7%a6%d7%91-%d7%94%d7%90%d7%93%d7%95%d7%9d/#main
מיא,medium,dictabert,"במאי, מפיק",קרן קולנוע ערבה,2,2016,https://aravaff.co.il/movies/%d7%94%d7%a6%d7%91-%d7%94%d7%90%d7%93%d7%95%d7%9d/; https://aravaff.co.il/movies/%d7%94%d7%a6%d7%91-%d7%94%d7%90%d7%93%d7%95%d7%9d/#main
אלבר למוריס,medium,hebert,,קרן קולנוע ערבה,2,2016,https://aravaff.co.il/movies/%d7%94%d7%a6%d7%91-%d7%94%d7%90%d7%93%d7%95%d7%9d/; https://aravaff.co.il/movies/%d7%94%d7%a6%d7%91-%d7%94%d7%90%d7%93%d7%95%d7%9d/#main
אלבר למורי,medium,dictabert,,קרן קולנוע ערבה,2,2016,https://aravaff.co.il/movies/%d7%94%d7%a6%d7%91-%d7%94%d7%90%d7%93%d7%95%d7%9d/; https://aravaff.co.il/movies/%d7%94%d7%a6%d7%91-%d7%94%d7%90%d7%93%d7%95%d7%9d/#main
טאקומי,medium,hebert,במאי,קרן קולנוע ערבה,2,2023,https://aravaff.co.il/movies/%d7%94%d7%a8%d7%95%d7%a2-%d7%90%d7%99%d7%a0%d7%95-%d7%a7%d7%99%d7%99%d7%9d/#main; https://aravaff.co.il/movies/%d7%94%d7%a8%d7%95%d7%a2-%d7%90%d7%99%d7%a0%d7%95-%d7%a7%d7%99%d7%99%d7%9d/
ריוסוקה המגוצ,medium,hebert,"במאי, מפיק",קרן קולנוע ערבה,2,2023,https://aravaff.co.il/movies/%d7%94%d7%a8%d7%95%d7%a2-%d7%90%d7%99%d7%a0%d7%95-%d7%a7%d7%99%d7%99%d7%9d/#main; https://aravaff.co.il/movies/%d7%94%d7%a8%d7%95%d7%a2-%d7%90%d7%99%d7%a0%d7%95-%d7%a7%d7%99%d7%99%d7%9d/
yoshio kitagawa,medium,hebert,,קרן קולנוע ערבה,2,2023,https://aravaff.co.il/movies/%d7%94%d7%a8%d7%95%d7%a2-%d7%90%d7%99%d7%a0%d7%95-%d7%a7%d7%99%d7%99%d7%9d/#main; https://aravaff.co.il/movies/%d7%94%d7%a8%d7%95%d7%a2-%d7%90%d7%99%d7%a0%d7%95-%d7%a7%d7%99%d7%99%d7%9d/
יוסוקה,medium,hebert,במאי,קרן קולנוע ערבה,2,2023,https://aravaff.co.il/movies/%d7%94%d7%a8%d7%95%d7%a2-%d7%90%d7%99%d7%a0%d7%95-%d7%a7%d7%99%d7%99%d7%9d/#main; https://aravaff.co.il/movies/%d7%94%d7%a8%d7%95%d7%a2-%d7%90%d7%99%d7%a0%d7%95-%d7%a7%d7%99%d7%99%d7%9d/
טאקו,medium,dictabert,במאי,קרן קולנוע ערבה,2,2023,https://aravaff.co.il/movies/%d7%94%d7%a8%d7%95%d7%a2-%d7%90%d7%99%d7%a0%d7%95-%d7%a7%d7%99%d7%99%d7%9d/#main; https://aravaff.co.il/movies/%d7%94%d7%a8%d7%95%d7%a2-%d7%90%d7%99%d7%a0%d7%95-%d7%a7%d7%99%d7%99%d7%9d/
ריו,medium,dictabert,במאי,קרן קולנוע ערבה,2,2023,https://aravaff.co.il/movies/%d7%94%d7%a8%d7%95%d7%a2-%d7%90%d7%99%d7%a0%d7%95-%d7%a7%d7%99%d7%99%d7%9d/#main; https://aravaff.co.il/movies/%d7%94%d7%a8%d7%95%d7%a2-%d7%90%d7%99%d7%a0%d7%95-%d7%a7%d7%99%d7%99%d7%9d/
האנה,high,dictabert+hebert,במאי,קרן קולנוע ערבה,2,2023,https://aravaff.co.il/movies/%d7%94%d7%a8%d7%95%d7%a2-%d7%90%d7%99%d7%a0%d7%95-%d7%a7%d7%99%d7%99%d7%9d/#main; https://aravaff.co.il/movies/%d7%94%d7%a8%d7%95%d7%a2-%d7%90%d7%99%d7%a0%d7%95-%d7%a7%d7%99%d7%99%d7%9d/
ריוסוקה המגוצ'י,medium,hebert,"במאי, מפיק",קרן קולנוע ערבה,2,2023,https://aravaff.co.il/movies/%d7%94%d7%a8%d7%95%d7%a2-%d7%90%d7%99%d7%a0%d7%95-%d7%a7%d7%99%d7%99%d7%9d/#main; https://aravaff.co.il/movies/%d7%94%d7%a8%d7%95%d7%a2-%d7%90%d7%99%d7%a0%d7%95-%d7%a7%d7%99%d7%99%d7%9d/
ryusuke hamaguchi,medium,hebert,,קרן קולנוע ערבה,2,2023,https://aravaff.co.il/movies/%d7%94%d7%a8%d7%95%d7%a2-%d7%90%d7%99%d7%a0%d7%95-%d7%a7%d7%99%d7%99%d7%9d/#main; https://aravaff.co.il/movies/%d7%94%d7%a8%d7%95%d7%a2-%d7%90%d7%99%d7%a0%d7%95-%d7%a7%d7%99%d7%99%d7%9d/
ג'ין הקמ,medium,dictabert,,קרן קולנוע ערבה,2,,https://aravaff.co.il/movies/%d7%94%d7%a9%d7%99%d7%97%d7%94/; https://aravaff.co.il/movies/%d7%94%d7%a9%d7%99%d7%97%d7%94/#main
gene hack,high,dictabert+hebert,,קרן קולנוע ערבה,2,,https://aravaff.co.il/movies/%d7%94%d7%a9%d7%99%d7%97%d7%94/; https://aravaff.co.il/movies/%d7%94%d7%a9%d7%99%d7%97%d7%94/#main
all,medium,dictabert,,קרן קולנוע ערבה,2,,https://aravaff.co.il/movies/%d7%94%d7%a9%d7%99%d7%97%d7%94/; https://aravaff.co.il/movies/%d7%94%d7%a9%d7%99%d7%97%d7%94/#main
bill but,medium,dictabert,,קרן קולנוע ערבה,2,,https://aravaff.co.il/movies/%d7%94%d7%a9%d7%99%d7%97%d7%94/; https://aravaff.co.il/movies/%d7%94%d7%a9%d7%99%d7%97%d7%94/#main
פרנסיס פורד קופולה,high,dictabert+hebert,"במאי, מפיק",קרן קולנוע ערבה,2,,https://aravaff.co.il/movies/%d7%94%d7%a9%d7%99%d7%97%d7%94/; https://aravaff.co.il/movies/%d7%94%d7%a9%d7%99%d7%97%d7%94/#main
ג'ין הקמן,medium,hebert,,קרן קולנוע ערבה,2,,https://aravaff.co.il/movies/%d7%94%d7%a9%d7%99%d7%97%d7%94/; https://aravaff.co.il/movies/%d7%94%d7%a9%d7%99%d7%97%d7%94/#main
קול,medium,dictabert,במאי,קרן קולנוע ערבה,2,,https://aravaff.co.il/movies/%d7%94%d7%a9%d7%99%d7%97%d7%94/; https://aravaff.co.il/movies/%d7%94%d7%a9%d7%99%d7%97%d7%94/#main
david shire,medium,hebert,,קרן קולנוע ערבה,2,,https://aravaff.co.il/movies/%d7%94%d7%a9%d7%99%d7%97%d7%94/; https://aravaff.co.il/movies/%d7%94%d7%a9%d7%99%d7%97%d7%94/#main
bill butler,medium,hebert,,קרן קולנוע ערבה,2,,https://aravaff.co.il/movies/%d7%94%d7%a9%d7%99%d7%97%d7%94/; https://aravaff.co.il/movies/%d7%94%d7%a9%d7%99%d7%97%d7%94/#main
richard chew,medium,hebert,,קרן קולנוע ערבה,2,,https://aravaff.co.il/movies/%d7%94%d7%a9%d7%99%d7%97%d7%94/; https://aravaff.co.il/movies/%d7%94%d7%a9%d7%99%d7%97%d7%94/#main
john cazale allen garfield,medium,hebert,,קרן קולנוע ערבה,2,,https://aravaff.co.il/movies/%d7%94%d7%a9%d7%99%d7%97%d7%94/; https://aravaff.co.il/movies/%d7%94%d7%a9%d7%99%d7%97%d7%94/#main
קופולה,high,dictabert+hebert,"במאי, מפיק",קרן קולנוע ערבה,2,,https://aravaff.co.il/movies/%d7%94%d7%a9%d7%99%d7%97%d7%94/; https://aravaff.co.il/movies/%d7%94%d7%a9%d7%99%d7%97%d7%94/#main
david sh,medium,dictabert,,קרן קולנוע ערבה,2,,https://aravaff.co.il/movies/%d7%94%d7%a9%d7%99%d7%97%d7%94/; https://aravaff.co.il/movies/%d7%94%d7%a9%d7%99%d7%97%d7%94/#main
דנה ידלין,high,dictabert+hebert,"במאי, מפיק",קרן קולנוע ערבה,2,2025,https://aravaff.co.il/movies/%d7%94%d7%aa%d7%94-%d7%a9%d7%9c-%d7%93%d7%9c%d7%99%d7%94-%d7%9e%d7%98%d7%99%d7%9c-%d7%a6%d7%9c-%d7%a2%d7%9c-%d7%94%d7%a8-%d7%a4%d7%95%d7%92%d7%99/; https://aravaff.co.il/movies/%d7%94%d7%aa%d7%94-%d7%a9%d7%9c-%d7%93%d7%9c%d7%99%d7%94-%d7%9e%d7%98%d7%99%d7%9c-%d7%a6%d7%9c-%d7%a2%d7%9c-%d7%94%d7%a8-%d7%a4%d7%95%d7%92%d7%99/#main
אדם,medium,dictabert,מפיק,קרן קולנוע ערבה,2,2025,https://aravaff.co.il/movies/%d7%94%d7%aa%d7%94-%d7%a9%d7%9c-%d7%93%d7%9c%d7%99%d7%94-%d7%9e%d7%98%d7%99%d7%9c-%d7%a6%d7%9c-%d7%a2%d7%9c-%d7%94%d7%a8-%d7%a4%d7%95%d7%92%d7%99/; https://aravaff.co.il/movies/%d7%94%d7%aa%d7%94-%d7%a9%d7%9c-%d7%93%d7%9c%d7%99%d7%94-%d7%9e%d7%98%d7%99%d7%9c-%d7%a6%d7%9c-%d7%a2%d7%9c-%d7%94%d7%a8-%d7%a4%d7%95%d7%92%d7%99/#main
יהושוע גיגי,high,dictabert+hebert,"במאי, מפיק",קרן קולנוע ערבה,2,2025,https://aravaff.co.il/movies/%d7%94%d7%aa%d7%94-%d7%a9%d7%9c-%d7%93%d7%9c%d7%99%d7%94-%d7%9e%d7%98%d7%99%d7%9c-%d7%a6%d7%9c-%d7%a2%d7%9c-%d7%94%d7%a8-%d7%a4%d7%95%d7%92%d7%99/; https://aravaff.co.il/movies/%d7%94%d7%aa%d7%94-%d7%a9%d7%9c-%d7%93%d7%9c%d7%99%d7%94-%d7%9e%d7%98%d7%99%d7%9c-%d7%a6%d7%9c-%d7%a2%d7%9c-%d7%94%d7%a8-%d7%a4%d7%95%d7%92%d7%99/#main
אהובה קרן,high,dictabert+hebert,"במאי, מפיק",קרן קולנוע ערבה,2,2025,https://aravaff.co.il/movies/%d7%94%d7%aa%d7%94-%d7%a9%d7%9c-%d7%93%d7%9c%d7%99%d7%94-%d7%9e%d7%98%d7%99%d7%9c-%d7%a6%d7%9c-%d7%a2%d7%9c-%d7%94%d7%a8-%d7%a4%d7%95%d7%92%d7%99/; https://aravaff.co.il/movies/%d7%94%d7%aa%d7%94-%d7%a9%d7%9c-%d7%93%d7%9c%d7%99%d7%94-%d7%9e%d7%98%d7%99%d7%9c-%d7%a6%d7%9c-%d7%a2%d7%9c-%d7%94%d7%a8-%d7%a4%d7%95%d7%92%d7%99/#main
ליהיא נחמני,high,dictabert+hebert,"במאי, מפיק",קרן קולנוע ערבה,2,2025,https://aravaff.co.il/movies/%d7%94%d7%aa%d7%94-%d7%a9%d7%9c-%d7%93%d7%9c%d7%99%d7%94-%d7%9e%d7%98%d7%99%d7%9c-%d7%a6%d7%9c-%d7%a2%d7%9c-%d7%94%d7%a8-%d7%a4%d7%95%d7%92%d7%99/; https://aravaff.co.il/movies/%d7%94%d7%aa%d7%94-%d7%a9%d7%9c-%d7%93%d7%9c%d7%99%d7%94-%d7%9e%d7%98%d7%99%d7%9c-%d7%a6%d7%9c-%d7%a2%d7%9c-%d7%94%d7%a8-%d7%a4%d7%95%d7%92%d7%99/#main
אבי הרפז,high,dictabert+hebert,"במאי, מפיק",קרן קולנוע ערבה,2,2025,https://aravaff.co.il/movies/%d7%94%d7%aa%d7%94-%d7%a9%d7%9c-%d7%93%d7%9c%d7%99%d7%94-%d7%9e%d7%98%d7%99%d7%9c-%d7%a6%d7%9c-%d7%a2%d7%9c-%d7%94%d7%a8-%d7%a4%d7%95%d7%92%d7%99/; https://aravaff.co.il/movies/%d7%94%d7%aa%d7%94-%d7%a9%d7%9c-%d7%93%d7%9c%d7%99%d7%94-%d7%9e%d7%98%d7%99%d7%9c-%d7%a6%d7%9c-%d7%a2%d7%9c-%d7%94%d7%a8-%d7%a4%d7%95%d7%92%d7%99/#main
אדם ויינגרוד,medium,hebert,מפיק,קרן קולנוע ערבה,2,2025,https://aravaff.co.il/movies/%d7%94%d7%aa%d7%94-%d7%a9%d7%9c-%d7%93%d7%9c%d7%99%d7%94-%d7%9e%d7%98%d7%99%d7%9c-%d7%a6%d7%9c-%d7%a2%d7%9c-%d7%94%d7%a8-%d7%a4%d7%95%d7%92%d7%99/; https://aravaff.co.il/movies/%d7%94%d7%aa%d7%94-%d7%a9%d7%9c-%d7%93%d7%9c%d7%99%d7%94-%d7%9e%d7%98%d7%99%d7%9c-%d7%a6%d7%9c-%d7%a2%d7%9c-%d7%94%d7%a8-%d7%a4%d7%95%d7%92%d7%99/#main
פיטר סארסגארד ),medium,hebert,,קרן קולנוע ערבה,2,2023,https://aravaff.co.il/movies/%d7%96%d7%9b%d7%a8%d7%95%d7%a0%d7%95%d7%aa/; https://aravaff.co.il/movies/%d7%96%d7%9b%d7%a8%d7%95%d7%a0%d7%95%d7%aa/#main
alex or,medium,dictabert,,קרן קולנוע ערבה,2,2023,https://aravaff.co.il/movies/%d7%96%d7%9b%d7%a8%d7%95%d7%a0%d7%95%d7%aa/; https://aravaff.co.il/movies/%d7%96%d7%9b%d7%a8%d7%95%d7%a0%d7%95%d7%aa/#main
alex orlovsky,medium,hebert,,קרן קולנוע ערבה,2,2023,https://aravaff.co.il/movies/%d7%96%d7%9b%d7%a8%d7%95%d7%a0%d7%95%d7%aa/; https://aravaff.co.il/movies/%d7%96%d7%9b%d7%a8%d7%95%d7%a0%d7%95%d7%aa/#main
michel franco עריכה oscar figueroa,medium,hebert,,קרן קולנוע ערבה,2,2023,https://aravaff.co.il/movies/%d7%96%d7%9b%d7%a8%d7%95%d7%a0%d7%95%d7%aa/; https://aravaff.co.il/movies/%d7%96%d7%9b%d7%a8%d7%95%d7%a0%d7%95%d7%aa/#main
סילביה,high,dictabert+hebert,"מנהל, שחקן",קרן קולנוע ערבה,2,2023,https://aravaff.co.il/movies/%d7%96%d7%9b%d7%a8%d7%95%d7%a0%d7%95%d7%aa/; https://aravaff.co.il/movies/%d7%96%d7%9b%d7%a8%d7%95%d7%a0%d7%95%d7%aa/#main
ג'סיקה צ'סטיין,high,dictabert+hebert,"מנהל, שחקן",קרן קולנוע ערבה,2,2023,https://aravaff.co.il/movies/%d7%96%d7%9b%d7%a8%d7%95%d7%a0%d7%95%d7%aa/; https://aravaff.co.il/movies/%d7%96%d7%9b%d7%a8%d7%95%d7%a0%d7%95%d7%aa/#main
פיטר סארסגארד,medium,hebert,שחקן,קרן קולנוע ערבה,2,2023,https://aravaff.co.il/movies/%d7%96%d7%9b%d7%a8%d7%95%d7%a0%d7%95%d7%aa/; https://aravaff.co.il/movies/%d7%96%d7%9b%d7%a8%d7%95%d7%a0%d7%95%d7%aa/#main
ג'ני,medium,hebert,"במאי, שחקן",קרן קולנוע ערבה,2,2023,https://aravaff.co.il/movies/%d7%96%d7%9b%d7%a8%d7%95%d7%a0%d7%95%d7%aa/; https://aravaff.co.il/movies/%d7%96%d7%9b%d7%a8%d7%95%d7%a0%d7%95%d7%aa/#main
מישל פרנ,medium,hebert,"במאי, מפיק, שחקן",קרן קולנוע ערבה,2,2023,https://aravaff.co.il/movies/%d7%96%d7%9b%d7%a8%d7%95%d7%a0%d7%95%d7%aa/; https://aravaff.co.il/movies/%d7%96%d7%9b%d7%a8%d7%95%d7%a0%d7%95%d7%aa/#main
פיטר סאר,medium,dictabert,שחקן,קרן קולנוע ערבה,2,2023,https://aravaff.co.il/movies/%d7%96%d7%9b%d7%a8%d7%95%d7%a0%d7%95%d7%aa/; https://aravaff.co.il/movies/%d7%96%d7%9b%d7%a8%d7%95%d7%a0%d7%95%d7%aa/#main
michel franco צילום yves cape,medium,hebert,,קרן קולנוע ערבה,2,2023,https://aravaff.co.il/movies/%d7%96%d7%9b%d7%a8%d7%95%d7%a0%d7%95%d7%aa/; https://aravaff.co.il/movies/%d7%96%d7%9b%d7%a8%d7%95%d7%a0%d7%95%d7%aa/#main
סול,medium,hebert,,קרן קולנוע ערבה,2,2023,https://aravaff.co.il/movies/%d7%96%d7%9b%d7%a8%d7%95%d7%a0%d7%95%d7%aa/; https://aravaff.co.il/movies/%d7%96%d7%9b%d7%a8%d7%95%d7%a0%d7%95%d7%aa/#main
קרלה,high,dictabert+hebert,,קרן קולנוע ערבה,2,2023,https://aravaff.co.il/movies/%d7%97%d7%93%d7%a8-%d7%94%d7%9e%d7%95%d7%a8%d7%99%d7%9d/#main; https://aravaff.co.il/movies/%d7%97%d7%93%d7%a8-%d7%94%d7%9e%d7%95%d7%a8%d7%99%d7%9d/
joh,medium,dictabert,,קרן קולנוע ערבה,2,2023,https://aravaff.co.il/movies/%d7%97%d7%93%d7%a8-%d7%94%d7%9e%d7%95%d7%a8%d7%99%d7%9d/#main; https://aravaff.co.il/movies/%d7%97%d7%93%d7%a8-%d7%94%d7%9e%d7%95%d7%a8%d7%99%d7%9d/
raf,medium,dictabert,,קרן קולנוע ערבה,2,2023,https://aravaff.co.il/movies/%d7%97%d7%93%d7%a8-%d7%94%d7%9e%d7%95%d7%a8%d7%99%d7%9d/#main; https://aravaff.co.il/movies/%d7%97%d7%93%d7%a8-%d7%94%d7%9e%d7%95%d7%a8%d7%99%d7%9d/
ges,medium,dictabert,,קרן קולנוע ערבה,2,2023,https://aravaff.co.il/movies/%d7%97%d7%93%d7%a8-%d7%94%d7%9e%d7%95%d7%a8%d7%99%d7%9d/#main; https://aravaff.co.il/movies/%d7%97%d7%93%d7%a8-%d7%94%d7%9e%d7%95%d7%a8%d7%99%d7%9d/
קרלה נובאק,high,dictabert+hebert,,קרן קולנוע ערבה,2,2023,https://aravaff.co.il/movies/%d7%97%d7%93%d7%a8-%d7%94%d7%9e%d7%95%d7%a8%d7%99%d7%9d/#main; https://aravaff.co.il/movies/%d7%97%d7%93%d7%a8-%d7%94%d7%9e%d7%95%d7%a8%d7%99%d7%9d/
אילקר צ'טאק,medium,hebert,"במאי, שחקן",קרן קולנוע ערבה,2,2023,https://aravaff.co.il/movies/%d7%97%d7%93%d7%a8-%d7%94%d7%9e%d7%95%d7%a8%d7%99%d7%9d/#main; https://aravaff.co.il/movies/%d7%97%d7%93%d7%a8-%d7%94%d7%9e%d7%95%d7%a8%d7%99%d7%9d/
ilker catak,medium,hebert,,קרן קולנוע ערבה,2,2023,https://aravaff.co.il/movies/%d7%97%d7%93%d7%a8-%d7%94%d7%9e%d7%95%d7%a8%d7%99%d7%9d/#main; https://aravaff.co.il/movies/%d7%97%d7%93%d7%a8-%d7%94%d7%9e%d7%95%d7%a8%d7%99%d7%9d/
לאוני בנש,medium,dictabert,"במאי, שחקן",קרן קולנוע ערבה,2,2023,https://aravaff.co.il/movies/%d7%97%d7%93%d7%a8-%d7%94%d7%9e%d7%95%d7%a8%d7%99%d7%9d/#main; https://aravaff.co.il/movies/%d7%97%d7%93%d7%a8-%d7%94%d7%9e%d7%95%d7%a8%d7%99%d7%9d/
johannes duncker,medium,hebert,,קרן קולנוע ערבה,2,2023,https://aravaff.co.il/movies/%d7%97%d7%93%d7%a8-%d7%94%d7%9e%d7%95%d7%a8%d7%99%d7%9d/#main; https://aravaff.co.il/movies/%d7%97%d7%93%d7%a8-%d7%94%d7%9e%d7%95%d7%a8%d7%99%d7%9d/
assa raviv,medium,hebert,,קרן קולנוע ערבה,2,2024,https://aravaff.co.il/movies/%d7%97%d7%9c%d7%91/; https://aravaff.co.il/movies/%d7%97%d7%9c%d7%91/#main
roi kurland,medium,hebert,,קרן קולנוע ערבה,2,2024,https://aravaff.co.il/movies/%d7%97%d7%9c%d7%91/; https://aravaff.co.il/movies/%d7%97%d7%9c%d7%91/#main
gal green,medium,dictabert,,קרן קולנוע ערבה,2,2024,https://aravaff.co.il/movies/%d7%97%d7%9c%d7%91/; https://aravaff.co.il/movies/%d7%97%d7%9c%d7%91/#main
maya kenig משחק hila ruach,medium,hebert,,קרן קולנוע ערבה,2,2024,https://aravaff.co.il/movies/%d7%97%d7%9c%d7%91/; https://aravaff.co.il/movies/%d7%97%d7%9c%d7%91/#main
maayan turgeman,medium,hebert,,קרן קולנוע ערבה,2,2024,https://aravaff.co.il/movies/%d7%97%d7%9c%d7%91/; https://aravaff.co.il/movies/%d7%97%d7%9c%d7%91/#main
moshe edery,medium,hebert,,קרן קולנוע ערבה,2,2024,https://aravaff.co.il/movies/%d7%97%d7%9c%d7%91/; https://aravaff.co.il/movies/%d7%97%d7%9c%d7%91/#main
may,medium,dictabert,,קרן קולנוע ערבה,2,2024,https://aravaff.co.il/movies/%d7%97%d7%9c%d7%91/; https://aravaff.co.il/movies/%d7%97%d7%9c%d7%91/#main
##oga,medium,hebert,,קרן קולנוע ערבה,2,2024,https://aravaff.co.il/movies/%d7%97%d7%9c%d7%91/; https://aravaff.co.il/movies/%d7%97%d7%9c%d7%91/#main
seymor daniel,medium,hebert,,קרן קולנוע ערבה,2,2024,https://aravaff.co.il/movies/%d7%97%d7%9c%d7%91/; https://aravaff.co.il/movies/%d7%97%d7%9c%d7%91/#main
טאלה,medium,hebert,"מלחין, במאי",קרן קולנוע ערבה,2,2024,https://aravaff.co.il/movies/%d7%97%d7%9c%d7%91/; https://aravaff.co.il/movies/%d7%97%d7%9c%d7%91/#main
טאל,medium,dictabert,"מלחין, במאי",קרן קולנוע ערבה,2,2024,https://aravaff.co.il/movies/%d7%97%d7%9c%d7%91/; https://aravaff.co.il/movies/%d7%97%d7%9c%d7%91/#main
מאיה קניג מדינה,medium,hebert,,קרן קולנוע ערבה,2,2024,https://aravaff.co.il/movies/%d7%97%d7%9c%d7%91/; https://aravaff.co.il/movies/%d7%97%d7%9c%d7%91/#main
orli roth feldheim,medium,hebert,,קרן קולנוע ערבה,2,2024,https://aravaff.co.il/movies/%d7%97%d7%9c%d7%91/; https://aravaff.co.il/movies/%d7%97%d7%9c%d7%91/#main
bruno mercere בא,medium,hebert,,קרן קולנוע ערבה,2,2024,https://aravaff.co.il/movies/%d7%97%d7%9c%d7%91/; https://aravaff.co.il/movies/%d7%97%d7%9c%d7%91/#main
maya fisc,medium,hebert,,קרן קולנוע ערבה,2,2024,https://aravaff.co.il/movies/%d7%97%d7%9c%d7%91/; https://aravaff.co.il/movies/%d7%97%d7%9c%d7%91/#main
leon edery,medium,hebert,,קרן קולנוע ערבה,2,2024,https://aravaff.co.il/movies/%d7%97%d7%9c%d7%91/; https://aravaff.co.il/movies/%d7%97%d7%9c%d7%91/#main
had,medium,dictabert,,קרן קולנוע ערבה,2,2024,https://aravaff.co.il/movies/%d7%97%d7%9c%d7%91/; https://aravaff.co.il/movies/%d7%97%d7%9c%d7%91/#main
tom meira armony,medium,hebert,,קרן קולנוע ערבה,2,2024,https://aravaff.co.il/movies/%d7%97%d7%9c%d7%91/; https://aravaff.co.il/movies/%d7%97%d7%9c%d7%91/#main
alona refua,medium,hebert,,קרן קולנוע ערבה,2,2024,https://aravaff.co.il/movies/%d7%97%d7%9c%d7%91/; https://aravaff.co.il/movies/%d7%97%d7%9c%d7%91/#main
gal greenspan,medium,hebert,,קרן קולנוע ערבה,2,2024,https://aravaff.co.il/movies/%d7%97%d7%9c%d7%91/; https://aravaff.co.il/movies/%d7%97%d7%9c%d7%91/#main
שרה ורון,medium,dictabert,במאי,קרן קולנוע ערבה,2,2023,https://aravaff.co.il/movies/%d7%97%d7%9c%d7%95%d7%9e%d7%95%d7%aa-%d7%a9%d7%9c-%d7%a8%d7%95%d7%91%d7%95%d7%98/#main; https://aravaff.co.il/movies/%d7%97%d7%9c%d7%95%d7%9e%d7%95%d7%aa-%d7%a9%d7%9c-%d7%a8%d7%95%d7%91%d7%95%d7%98/
berger,medium,hebert,,קרן קולנוע ערבה,2,2023,https://aravaff.co.il/movies/%d7%97%d7%9c%d7%95%d7%9e%d7%95%d7%aa-%d7%a9%d7%9c-%d7%a8%d7%95%d7%91%d7%95%d7%98/#main; https://aravaff.co.il/movies/%d7%97%d7%9c%d7%95%d7%9e%d7%95%d7%aa-%d7%a9%d7%9c-%d7%a8%d7%95%d7%91%d7%95%d7%98/
##וט,medium,hebert,,קרן קולנוע ערבה,2,2023,https://aravaff.co.il/movies/%d7%97%d7%9c%d7%95%d7%9e%d7%95%d7%aa-%d7%a9%d7%9c-%d7%a8%d7%95%d7%91%d7%95%d7%98/#main; https://aravaff.co.il/movies/%d7%97%d7%9c%d7%95%d7%9e%d7%95%d7%aa-%d7%a9%d7%9c-%d7%a8%d7%95%d7%91%d7%95%d7%98/
שרה ורון ומג,medium,hebert,במאי,קרן קולנוע ערבה,2,2023,https://aravaff.co.il/movies/%d7%97%d7%9c%d7%95%d7%9e%d7%95%d7%aa-%d7%a9%d7%9c-%d7%a8%d7%95%d7%91%d7%95%d7%98/#main; https://aravaff.co.il/movies/%d7%97%d7%9c%d7%95%d7%9e%d7%95%d7%aa-%d7%a9%d7%9c-%d7%a8%d7%95%d7%91%d7%95%d7%98/
שחר שיר,medium,dictabert,"במאי, מפיק",קרן קולנוע ערבה,2,2024,https://aravaff.co.il/movies/%d7%97%d7%9c%d7%9c/; https://aravaff.co.il/movies/%d7%97%d7%9c%d7%9c/#main
שחר שיראי,medium,hebert,"במאי, מפיק",קרן קולנוע ערבה,2,2024,https://aravaff.co.il/movies/%d7%97%d7%9c%d7%9c/; https://aravaff.co.il/movies/%d7%97%d7%9c%d7%9c/#main
רותם וסיון לוי זקין,medium,hebert,"במאי, מפיק",קרן קולנוע ערבה,2,2024,https://aravaff.co.il/movies/%d7%97%d7%9c%d7%9c/; https://aravaff.co.il/movies/%d7%97%d7%9c%d7%9c/#main
גילי וייס,high,dictabert+hebert,"במאי, מפיק",קרן קולנוע ערבה,2,2024,https://aravaff.co.il/movies/%d7%97%d7%9c%d7%9c/; https://aravaff.co.il/movies/%d7%97%d7%9c%d7%9c/#main
סיון לוי זקין מדינה,medium,hebert,,קרן קולנוע ערבה,2,2024,https://aravaff.co.il/movies/%d7%97%d7%9c%d7%9c/; https://aravaff.co.il/movies/%d7%97%d7%9c%d7%9c/#main
עמית רהב,high,dictabert+hebert,"במאי, מפיק",קרן קולנוע ערבה,2,2024,https://aravaff.co.il/movies/%d7%97%d7%9c%d7%9c/; https://aravaff.co.il/movies/%d7%97%d7%9c%d7%9c/#main
אריק להב ליבוביץ',high,dictabert+hebert,,קרן קולנוע ערבה,2,2024,https://aravaff.co.il/movies/%d7%97%d7%9c%d7%9c/; https://aravaff.co.il/movies/%d7%97%d7%9c%d7%9c/#main
זיו ברקוביץ',high,dictabert+hebert,,קרן קולנוע ערבה,2,2024,https://aravaff.co.il/movies/%d7%97%d7%9c%d7%9c/; https://aravaff.co.il/movies/%d7%97%d7%9c%d7%9c/#main
לוי זק,medium,dictabert,"במאי, מפיק",קרן קולנוע ערבה,2,2024,https://aravaff.co.il/movies/%d7%97%d7%9c%d7%9c/; https://aravaff.co.il/movies/%d7%97%d7%9c%d7%9c/#main
רותם,medium,dictabert,"במאי, מפיק",קרן קולנוע ערבה,2,2024,https://aravaff.co.il/movies/%d7%97%d7%9c%d7%9c/; https://aravaff.co.il/movies/%d7%97%d7%9c%d7%9c/#main
וסי,medium,dictabert,"במאי, מפיק",קרן קולנוע ערבה,2,2024,https://aravaff.co.il/movies/%d7%97%d7%9c%d7%9c/; https://aravaff.co.il/movies/%d7%97%d7%9c%d7%9c/#main
ליאן,medium,hebert,,קרן קולנוע ערבה,2,2024,https://aravaff.co.il/movies/%d7%99%d7%94%d7%9c%d7%95%d7%9d-%d7%a4%d7%a8%d7%95%d7%a2/#main; https://aravaff.co.il/movies/%d7%99%d7%94%d7%9c%d7%95%d7%9d-%d7%a4%d7%a8%d7%95%d7%a2/
אגאת רידינגר,medium,hebert,"במאי, מפיק",קרן קולנוע ערבה,2,2024,https://aravaff.co.il/movies/%d7%99%d7%94%d7%9c%d7%95%d7%9d-%d7%a4%d7%a8%d7%95%d7%a2/#main; https://aravaff.co.il/movies/%d7%99%d7%94%d7%9c%d7%95%d7%9d-%d7%a4%d7%a8%d7%95%d7%a2/
מאלו קב,medium,dictabert,במאי,קרן קולנוע ערבה,2,2024,https://aravaff.co.il/movies/%d7%99%d7%94%d7%9c%d7%95%d7%9d-%d7%a4%d7%a8%d7%95%d7%a2/#main; https://aravaff.co.il/movies/%d7%99%d7%94%d7%9c%d7%95%d7%9d-%d7%a4%d7%a8%d7%95%d7%a2/
קביזי,medium,hebert,במאי,קרן קולנוע ערבה,2,2024,https://aravaff.co.il/movies/%d7%99%d7%94%d7%9c%d7%95%d7%9d-%d7%a4%d7%a8%d7%95%d7%a2/#main; https://aravaff.co.il/movies/%d7%99%d7%94%d7%9c%d7%95%d7%9d-%d7%a4%d7%a8%d7%95%d7%a2/
##udith nora,medium,hebert,,קרן קולנוע ערבה,2,2024,https://aravaff.co.il/movies/%d7%99%d7%94%d7%9c%d7%95%d7%9d-%d7%a4%d7%a8%d7%95%d7%a2/#main; https://aravaff.co.il/movies/%d7%99%d7%94%d7%9c%d7%95%d7%9d-%d7%a4%d7%a8%d7%95%d7%a2/
שמר גאון,medium,hebert,"במאי, מפיק, עורך",קרן קולנוע ערבה,2,2023,https://aravaff.co.il/movies/%d7%99%d7%9d-%d7%98%d7%aa%d7%99%d7%a1/#main; https://aravaff.co.il/movies/%d7%99%d7%9d-%d7%98%d7%aa%d7%99%d7%a1/
גי'עא,medium,dictabert,"במאי, מפיק, עורך",קרן קולנוע ערבה,2,2023,https://aravaff.co.il/movies/%d7%99%d7%9d-%d7%98%d7%aa%d7%99%d7%a1/#main; https://aravaff.co.il/movies/%d7%99%d7%9d-%d7%98%d7%aa%d7%99%d7%a1/
זוהר סלע,high,dictabert+hebert,"מפיק, עורך",קרן קולנוע ערבה,2,2023,https://aravaff.co.il/movies/%d7%99%d7%9d-%d7%98%d7%aa%d7%99%d7%a1/#main; https://aravaff.co.il/movies/%d7%99%d7%9d-%d7%98%d7%aa%d7%99%d7%a1/
אבשלום,high,dictabert+hebert,"במאי, מפיק",קרן קולנוע ערבה,2,2023,https://aravaff.co.il/movies/%d7%99%d7%9d-%d7%98%d7%aa%d7%99%d7%a1/#main; https://aravaff.co.il/movies/%d7%99%d7%9d-%d7%98%d7%aa%d7%99%d7%a1/
בראבא,medium,dictabert,"במאי, מפיק, עורך",קרן קולנוע ערבה,2,2023,https://aravaff.co.il/movies/%d7%99%d7%9d-%d7%98%d7%aa%d7%99%d7%a1/#main; https://aravaff.co.il/movies/%d7%99%d7%9d-%d7%98%d7%aa%d7%99%d7%a1/
גי'עאן - בראבא,medium,hebert,"במאי, מפיק, עורך",קרן קולנוע ערבה,2,2023,https://aravaff.co.il/movies/%d7%99%d7%9d-%d7%98%d7%aa%d7%99%d7%a1/#main; https://aravaff.co.il/movies/%d7%99%d7%9d-%d7%98%d7%aa%d7%99%d7%a1/
ליאן אבידן איזיקסון,medium,hebert,"במאי, מפיק, עורך",קרן קולנוע ערבה,2,2023,https://aravaff.co.il/movies/%d7%99%d7%9d-%d7%98%d7%aa%d7%99%d7%a1/#main; https://aravaff.co.il/movies/%d7%99%d7%9d-%d7%98%d7%aa%d7%99%d7%a1/
ניבה לב,high,dictabert+hebert,עורך,קרן קולנוע ערבה,2,2023,https://aravaff.co.il/movies/%d7%99%d7%9d-%d7%98%d7%aa%d7%99%d7%a1/#main; https://aravaff.co.il/movies/%d7%99%d7%9d-%d7%98%d7%aa%d7%99%d7%a1/
נתי זייד,medium,dictabert,"מפיק, עורך",קרן קולנוע ערבה,2,2023,https://aravaff.co.il/movies/%d7%99%d7%9d-%d7%98%d7%aa%d7%99%d7%a1/#main; https://aravaff.co.il/movies/%d7%99%d7%9d-%d7%98%d7%aa%d7%99%d7%a1/
ליאן אבידן איזי,medium,dictabert,"במאי, מפיק, עורך",קרן קולנוע ערבה,2,2023,https://aravaff.co.il/movies/%d7%99%d7%9d-%d7%98%d7%aa%d7%99%d7%a1/#main; https://aravaff.co.il/movies/%d7%99%d7%9d-%d7%98%d7%aa%d7%99%d7%a1/
לאשה שמש,medium,hebert,עורך,קרן קולנוע ערבה,2,2023,https://aravaff.co.il/movies/%d7%99%d7%9d-%d7%98%d7%aa%d7%99%d7%a1/#main; https://aravaff.co.il/movies/%d7%99%d7%9d-%d7%98%d7%aa%d7%99%d7%a1/
שלמה בראבא,high,dictabert+hebert,עורך,קרן קולנוע ערבה,2,2023,https://aravaff.co.il/movies/%d7%99%d7%9d-%d7%98%d7%aa%d7%99%d7%a1/#main; https://aravaff.co.il/movies/%d7%99%d7%9d-%d7%98%d7%aa%d7%99%d7%a1/
נתי זיידנשטד,medium,hebert,"מפיק, עורך",קרן קולנוע ערבה,2,2023,https://aravaff.co.il/movies/%d7%99%d7%9d-%d7%98%d7%aa%d7%99%d7%a1/#main; https://aravaff.co.il/movies/%d7%99%d7%9d-%d7%98%d7%aa%d7%99%d7%a1/
מטיאס זגוני,medium,hebert,"במאי, מפיק, עורך",קרן קולנוע ערבה,2,2023,https://aravaff.co.il/movies/%d7%99%d7%9d-%d7%98%d7%aa%d7%99%d7%a1/#main; https://aravaff.co.il/movies/%d7%99%d7%9d-%d7%98%d7%aa%d7%99%d7%a1/
מטי,medium,dictabert,"במאי, מפיק, עורך",קרן קולנוע ערבה,2,2023,https://aravaff.co.il/movies/%d7%99%d7%9d-%d7%98%d7%aa%d7%99%d7%a1/#main; https://aravaff.co.il/movies/%d7%99%d7%9d-%d7%98%d7%aa%d7%99%d7%a1/
arav,medium,hebert,,קרן קולנוע ערבה,2,2023,https://aravaff.co.il/movies/%d7%99%d7%9d-%d7%98%d7%aa%d7%99%d7%a1/#main; https://aravaff.co.il/movies/%d7%99%d7%9d-%d7%98%d7%aa%d7%99%d7%a1/
tak,medium,dictabert,,קרן קולנוע ערבה,2,2023,https://aravaff.co.il/movies/%d7%99%d7%9e%d7%99%d7%9d-%d7%9e%d7%95%d7%a9%d7%9c%d7%9e%d7%99%d7%9d/; https://aravaff.co.il/movies/%d7%99%d7%9e%d7%99%d7%9d-%d7%9e%d7%95%d7%a9%d7%9c%d7%9e%d7%99%d7%9d/#main
היריאמה,medium,hebert,במאי,קרן קולנוע ערבה,2,2023,https://aravaff.co.il/movies/%d7%99%d7%9e%d7%99%d7%9d-%d7%9e%d7%95%d7%a9%d7%9c%d7%9e%d7%99%d7%9d/; https://aravaff.co.il/movies/%d7%99%d7%9e%d7%99%d7%9d-%d7%9e%d7%95%d7%a9%d7%9c%d7%9e%d7%99%d7%9d/#main
nak,medium,dictabert,,קרן קולנוע ערבה,2,2023,https://aravaff.co.il/movies/%d7%99%d7%9e%d7%99%d7%9d-%d7%9e%d7%95%d7%a9%d7%9c%d7%9e%d7%99%d7%9d/; https://aravaff.co.il/movies/%d7%99%d7%9e%d7%99%d7%9d-%d7%9e%d7%95%d7%a9%d7%9c%d7%9e%d7%99%d7%9d/#main
yam,medium,dictabert,,קרן קולנוע ערבה,2,2023,https://aravaff.co.il/movies/%d7%99%d7%9e%d7%99%d7%9d-%d7%9e%d7%95%d7%a9%d7%9c%d7%9e%d7%99%d7%9d/; https://aravaff.co.il/movies/%d7%99%d7%9e%d7%99%d7%9d-%d7%9e%d7%95%d7%a9%d7%9c%d7%9e%d7%99%d7%9d/#main
קוז'י יאק,medium,dictabert,"במאי, שחקן",קרן קולנוע ערבה,2,2023,https://aravaff.co.il/movies/%d7%99%d7%9e%d7%99%d7%9d-%d7%9e%d7%95%d7%a9%d7%9c%d7%9e%d7%99%d7%9d/; https://aravaff.co.il/movies/%d7%99%d7%9e%d7%99%d7%9d-%d7%9e%d7%95%d7%a9%d7%9c%d7%9e%d7%99%d7%9d/#main
קוז'י יאקושו,medium,hebert,"במאי, שחקן",קרן קולנוע ערבה,2,2023,https://aravaff.co.il/movies/%d7%99%d7%9e%d7%99%d7%9d-%d7%9e%d7%95%d7%a9%d7%9c%d7%9e%d7%99%d7%9d/; https://aravaff.co.il/movies/%d7%99%d7%9e%d7%99%d7%9d-%d7%9e%d7%95%d7%a9%d7%9c%d7%9e%d7%99%d7%9d/#main
hancock,medium,hebert,,קרן קולנוע ערבה,2,,https://aravaff.co.il/movies/%d7%99%d7%a6%d7%a8%d7%99%d7%9d/; https://aravaff.co.il/movies/%d7%99%d7%a6%d7%a8%d7%99%d7%9d/#main
##tchinson,medium,hebert,,קרן קולנוע ערבה,2,,https://aravaff.co.il/movies/%d7%99%d7%a6%d7%a8%d7%99%d7%9d/; https://aravaff.co.il/movies/%d7%99%d7%a6%d7%a8%d7%99%d7%9d/#main
frank,medium,dictabert,,קרן קולנוע ערבה,2,,https://aravaff.co.il/movies/%d7%99%d7%a6%d7%a8%d7%99%d7%9d/; https://aravaff.co.il/movies/%d7%99%d7%a6%d7%a8%d7%99%d7%9d/#main
john castle,high,dictabert+hebert,,קרן קולנוע ערבה,2,,https://aravaff.co.il/movies/%d7%99%d7%a6%d7%a8%d7%99%d7%9d/; https://aravaff.co.il/movies/%d7%99%d7%a6%d7%a8%d7%99%d7%9d/#main
carlo,medium,hebert,,קרן קולנוע ערבה,2,,https://aravaff.co.il/movies/%d7%99%d7%a6%d7%a8%d7%99%d7%9d/; https://aravaff.co.il/movies/%d7%99%d7%a6%d7%a8%d7%99%d7%9d/#main
harry,medium,hebert,,קרן קולנוע ערבה,2,,https://aravaff.co.il/movies/%d7%99%d7%a6%d7%a8%d7%99%d7%9d/; https://aravaff.co.il/movies/%d7%99%d7%a6%d7%a8%d7%99%d7%9d/#main
anton,medium,dictabert,,קרן קולנוע ערבה,2,,https://aravaff.co.il/movies/%d7%99%d7%a6%d7%a8%d7%99%d7%9d/; https://aravaff.co.il/movies/%d7%99%d7%a6%d7%a8%d7%99%d7%9d/#main
tonino guerra,medium,hebert,,קרן קולנוע ערבה,2,,https://aravaff.co.il/movies/%d7%99%d7%a6%d7%a8%d7%99%d7%9d/; https://aravaff.co.il/movies/%d7%99%d7%a6%d7%a8%d7%99%d7%9d/#main
jane birkin,medium,hebert,,קרן קולנוע ערבה,2,,https://aravaff.co.il/movies/%d7%99%d7%a6%d7%a8%d7%99%d7%9d/; https://aravaff.co.il/movies/%d7%99%d7%a6%d7%a8%d7%99%d7%9d/#main
##nti,medium,hebert,,קרן קולנוע ערבה,2,,https://aravaff.co.il/movies/%d7%99%d7%a6%d7%a8%d7%99%d7%9d/; https://aravaff.co.il/movies/%d7%99%d7%a6%d7%a8%d7%99%d7%9d/#main
yard,medium,hebert,,קרן קולנוע ערבה,2,,https://aravaff.co.il/movies/%d7%99%d7%a6%d7%a8%d7%99%d7%9d/; https://aravaff.co.il/movies/%d7%99%d7%a6%d7%a8%d7%99%d7%9d/#main
peter,medium,hebert,,קרן קולנוע ערבה,2,,https://aravaff.co.il/movies/%d7%99%d7%a6%d7%a8%d7%99%d7%9d/; https://aravaff.co.il/movies/%d7%99%d7%a6%d7%a8%d7%99%d7%9d/#main
herbi,medium,hebert,,קרן קולנוע ערבה,2,,https://aravaff.co.il/movies/%d7%99%d7%a6%d7%a8%d7%99%d7%9d/; https://aravaff.co.il/movies/%d7%99%d7%a6%d7%a8%d7%99%d7%9d/#main
##ierre rouv,medium,hebert,,קרן קולנוע ערבה,2,,https://aravaff.co.il/movies/%d7%99%d7%a6%d7%a8%d7%99%d7%9d/; https://aravaff.co.il/movies/%d7%99%d7%a6%d7%a8%d7%99%d7%9d/#main
peter bow,medium,dictabert,,קרן קולנוע ערבה,2,,https://aravaff.co.il/movies/%d7%99%d7%a6%d7%a8%d7%99%d7%9d/; https://aravaff.co.il/movies/%d7%99%d7%a6%d7%a8%d7%99%d7%9d/#main
michelangelo antonioni,medium,hebert,,קרן קולנוע ערבה,2,,https://aravaff.co.il/movies/%d7%99%d7%a6%d7%a8%d7%99%d7%9d/; https://aravaff.co.il/movies/%d7%99%d7%a6%d7%a8%d7%99%d7%9d/#main
carl,medium,dictabert,,קרן קולנוע ערבה,2,,https://aravaff.co.il/movies/%d7%99%d7%a6%d7%a8%d7%99%d7%9d/; https://aravaff.co.il/movies/%d7%99%d7%a6%d7%a8%d7%99%d7%9d/#main
vanessa,medium,hebert,,קרן קולנוע ערבה,2,,https://aravaff.co.il/movies/%d7%99%d7%a6%d7%a8%d7%99%d7%9d/; https://aravaff.co.il/movies/%d7%99%d7%a6%d7%a8%d7%99%d7%9d/#main
pierre,medium,dictabert,,קרן קולנוע ערבה,2,,https://aravaff.co.il/movies/%d7%99%d7%a6%d7%a8%d7%99%d7%9d/; https://aravaff.co.il/movies/%d7%99%d7%a6%d7%a8%d7%99%d7%9d/#main
frank cl,medium,hebert,,קרן קולנוע ערבה,2,,https://aravaff.co.il/movies/%d7%99%d7%a6%d7%a8%d7%99%d7%9d/; https://aravaff.co.il/movies/%d7%99%d7%a6%d7%a8%d7%99%d7%9d/#main
ופרבה,medium,hebert,,קרן קולנוע ערבה,2,2024,https://aravaff.co.il/movies/%d7%9b%d7%9c-%d7%9e%d7%94-%d7%a9%d7%90%d7%a0%d7%97%d7%a0%d7%95-%d7%9e%d7%93%d7%9e%d7%99%d7%99%d7%a0%d7%99%d7%9d-%d7%9b%d7%90%d7%95%d7%a8/; https://aravaff.co.il/movies/%d7%9b%d7%9c-%d7%9e%d7%94-%d7%a9%d7%90%d7%a0%d7%97%d7%a0%d7%95-%d7%9e%d7%93%d7%9e%d7%99%d7%99%d7%a0%d7%99%d7%9d-%d7%9b%d7%90%d7%95%d7%a8/#main
ranabir da,medium,hebert,,קרן קולנוע ערבה,2,2024,https://aravaff.co.il/movies/%d7%9b%d7%9c-%d7%9e%d7%94-%d7%a9%d7%90%d7%a0%d7%97%d7%a0%d7%95-%d7%9e%d7%93%d7%9e%d7%99%d7%99%d7%a0%d7%99%d7%9d-%d7%9b%d7%90%d7%95%d7%a8/; https://aravaff.co.il/movies/%d7%9b%d7%9c-%d7%9e%d7%94-%d7%a9%d7%90%d7%a0%d7%97%d7%a0%d7%95-%d7%9e%d7%93%d7%9e%d7%99%d7%99%d7%a0%d7%99%d7%9d-%d7%9b%d7%90%d7%95%d7%a8/#main
פרבה,medium,hebert,,קרן קולנוע ערבה,2,2024,https://aravaff.co.il/movies/%d7%9b%d7%9c-%d7%9e%d7%94-%d7%a9%d7%90%d7%a0%d7%97%d7%a0%d7%95-%d7%9e%d7%93%d7%9e%d7%99%d7%99%d7%a0%d7%99%d7%9d-%d7%9b%d7%90%d7%95%d7%a8/; https://aravaff.co.il/movies/%d7%9b%d7%9c-%d7%9e%d7%94-%d7%a9%d7%90%d7%a0%d7%97%d7%a0%d7%95-%d7%9e%d7%93%d7%9e%d7%99%d7%99%d7%a0%d7%99%d7%9d-%d7%9b%d7%90%d7%95%d7%a8/#main
פיאל קפאדיה,medium,hebert,"במאי, מפיק",קרן קולנוע ערבה,2,2024,https://aravaff.co.il/movies/%d7%9b%d7%9c-%d7%9e%d7%94-%d7%a9%d7%90%d7%a0%d7%97%d7%a0%d7%95-%d7%9e%d7%93%d7%9e%d7%99%d7%99%d7%a0%d7%99%d7%9d-%d7%9b%d7%90%d7%95%d7%a8/; https://aravaff.co.il/movies/%d7%9b%d7%9c-%d7%9e%d7%94-%d7%a9%d7%90%d7%a0%d7%97%d7%a0%d7%95-%d7%9e%d7%93%d7%9e%d7%99%d7%99%d7%a0%d7%99%d7%9d-%d7%9b%d7%90%d7%95%d7%a8/#main
הו גוואן,medium,hebert,"במאי, מפיק",קרן קולנוע ערבה,2,2024,https://aravaff.co.il/movies/%d7%9b%d7%9c%d7%91-%d7%a9%d7%97%d7%95%d7%a8/; https://aravaff.co.il/movies/%d7%9b%d7%9c%d7%91-%d7%a9%d7%97%d7%95%d7%a8/#main
לאנג,high,dictabert+hebert,במאי,קרן קולנוע ערבה,2,2024,https://aravaff.co.il/movies/%d7%9b%d7%9c%d7%91-%d7%a9%d7%97%d7%95%d7%a8/; https://aravaff.co.il/movies/%d7%9b%d7%9c%d7%91-%d7%a9%d7%97%d7%95%d7%a8/#main
##i ge hu guan,medium,hebert,,קרן קולנוע ערבה,2,2024,https://aravaff.co.il/movies/%d7%9b%d7%9c%d7%91-%d7%a9%d7%97%d7%95%d7%a8/; https://aravaff.co.il/movies/%d7%9b%d7%9c%d7%91-%d7%a9%d7%97%d7%95%d7%a8/#main
del,medium,dictabert,,קרן קולנוע ערבה,2,2024,https://aravaff.co.il/movies/%d7%9b%d7%9c%d7%aa-%d7%94%d7%94%d7%a8/#main; https://aravaff.co.il/movies/%d7%9b%d7%9c%d7%aa-%d7%94%d7%94%d7%a8/
##il krich,medium,hebert,,קרן קולנוע ערבה,2,2024,https://aravaff.co.il/movies/%d7%9b%d7%9c%d7%aa-%d7%94%d7%94%d7%a8/#main; https://aravaff.co.il/movies/%d7%9b%d7%9c%d7%aa-%d7%94%d7%94%d7%a8/
פייטרו,high,dictabert+hebert,במאי,קרן קולנוע ערבה,2,2024,https://aravaff.co.il/movies/%d7%9b%d7%9c%d7%aa-%d7%94%d7%94%d7%a8/#main; https://aravaff.co.il/movies/%d7%9b%d7%9c%d7%aa-%d7%94%d7%94%d7%a8/
מאורה דלפרו,medium,hebert,"במאי, מפיק",קרן קולנוע ערבה,2,2024,https://aravaff.co.il/movies/%d7%9b%d7%9c%d7%aa-%d7%94%d7%94%d7%a8/#main; https://aravaff.co.il/movies/%d7%9b%d7%9c%d7%aa-%d7%94%d7%94%d7%a8/
' יה,medium,dictabert,,קרן קולנוע ערבה,2,2024,https://aravaff.co.il/movies/%d7%9b%d7%9c%d7%aa-%d7%94%d7%94%d7%a8/#main; https://aravaff.co.il/movies/%d7%9b%d7%9c%d7%aa-%d7%94%d7%94%d7%a8/
בלו,medium,dictabert,במאי,קרן קולנוע ערבה,2,2024,https://aravaff.co.il/movies/%d7%9b%d7%9c%d7%aa-%d7%94%d7%94%d7%a8/#main; https://aravaff.co.il/movies/%d7%9b%d7%9c%d7%aa-%d7%94%d7%94%d7%a8/
agust orn b. wigum,medium,hebert,,קרן קולנוע ערבה,2,2024,https://aravaff.co.il/movies/%d7%9b%d7%a9%d7%94%d7%90%d7%95%d7%a8-%d7%a0%d7%a9%d7%91%d7%a8/#main; https://aravaff.co.il/movies/%d7%9b%d7%a9%d7%94%d7%90%d7%95%d7%a8-%d7%a0%d7%a9%d7%91%d7%a8/
##ia olsson,medium,hebert,,קרן קולנוע ערבה,2,2024,https://aravaff.co.il/movies/%d7%9b%d7%a9%d7%94%d7%90%d7%95%d7%a8-%d7%a0%d7%a9%d7%91%d7%a8/#main; https://aravaff.co.il/movies/%d7%9b%d7%a9%d7%94%d7%90%d7%95%d7%a8-%d7%a0%d7%a9%d7%91%d7%a8/
רייקיאוויק,medium,hebert,,קרן קולנוע ערבה,2,2024,https://aravaff.co.il/movies/%d7%9b%d7%a9%d7%94%d7%90%d7%95%d7%a8-%d7%a0%d7%a9%d7%91%d7%a8/#main; https://aravaff.co.il/movies/%d7%9b%d7%a9%d7%94%d7%90%d7%95%d7%a8-%d7%a0%d7%a9%d7%91%d7%a8/
דידי,high,dictabert+hebert,,קרן קולנוע ערבה,2,2024,https://aravaff.co.il/movies/%d7%9b%d7%a9%d7%94%d7%90%d7%95%d7%a8-%d7%a0%d7%a9%d7%91%d7%a8/#main; https://aravaff.co.il/movies/%d7%9b%d7%a9%d7%94%d7%90%d7%95%d7%a8-%d7%a0%d7%a9%d7%91%d7%a8/
אונה,high,dictabert+hebert,,קרן קולנוע ערבה,2,2024,https://aravaff.co.il/movies/%d7%9b%d7%a9%d7%94%d7%90%d7%95%d7%a8-%d7%a0%d7%a9%d7%91%d7%a8/#main; https://aravaff.co.il/movies/%d7%9b%d7%a9%d7%94%d7%90%d7%95%d7%a8-%d7%a0%d7%a9%d7%91%d7%a8/
mikael kaaber,medium,hebert,,קרן קולנוע ערבה,2,2024,https://aravaff.co.il/movies/%d7%9b%d7%a9%d7%94%d7%90%d7%95%d7%a8-%d7%a0%d7%a9%d7%91%d7%a8/#main; https://aravaff.co.il/movies/%d7%9b%d7%a9%d7%94%d7%90%d7%95%d7%a8-%d7%a0%d7%a9%d7%91%d7%a8/
##art,medium,hebert,,קרן קולנוע ערבה,2,2024,https://aravaff.co.il/movies/%d7%9b%d7%a9%d7%94%d7%90%d7%95%d7%a8-%d7%a0%d7%a9%d7%91%d7%a8/#main; https://aravaff.co.il/movies/%d7%9b%d7%a9%d7%94%d7%90%d7%95%d7%a8-%d7%a0%d7%a9%d7%91%d7%a8/
דיוקן,medium,hebert,,קרן קולנוע ערבה,2,2024,https://aravaff.co.il/movies/%d7%9b%d7%a9%d7%94%d7%90%d7%95%d7%a8-%d7%a0%d7%a9%d7%91%d7%a8/#main; https://aravaff.co.il/movies/%d7%9b%d7%a9%d7%94%d7%90%d7%95%d7%a8-%d7%a0%d7%a9%d7%91%d7%a8/
רונאר רונארסון,medium,hebert,"במאי, תסריטאי",קרן קולנוע ערבה,2,2024,https://aravaff.co.il/movies/%d7%9b%d7%a9%d7%94%d7%90%d7%95%d7%a8-%d7%a0%d7%a9%d7%91%d7%a8/#main; https://aravaff.co.il/movies/%d7%9b%d7%a9%d7%94%d7%90%d7%95%d7%a8-%d7%a0%d7%a9%d7%91%d7%a8/
andri steinn gudjonsson,medium,hebert,,קרן קולנוע ערבה,2,2024,https://aravaff.co.il/movies/%d7%9b%d7%a9%d7%94%d7%90%d7%95%d7%a8-%d7%a0%d7%a9%d7%91%d7%a8/#main; https://aravaff.co.il/movies/%d7%9b%d7%a9%d7%94%d7%90%d7%95%d7%a8-%d7%a0%d7%a9%d7%91%d7%a8/
elin hall,medium,hebert,,קרן קולנוע ערבה,2,2024,https://aravaff.co.il/movies/%d7%9b%d7%a9%d7%94%d7%90%d7%95%d7%a8-%d7%a0%d7%a9%d7%91%d7%a8/#main; https://aravaff.co.il/movies/%d7%9b%d7%a9%d7%94%d7%90%d7%95%d7%a8-%d7%a0%d7%a9%d7%91%d7%a8/
##אן,medium,hebert,,קרן קולנוע ערבה,2,2024,https://aravaff.co.il/movies/%d7%9b%d7%a9%d7%94%d7%90%d7%95%d7%a8-%d7%a0%d7%a9%d7%91%d7%a8/#main; https://aravaff.co.il/movies/%d7%9b%d7%a9%d7%94%d7%90%d7%95%d7%a8-%d7%a0%d7%a9%d7%91%d7%a8/
katla njalsdottir,medium,hebert,,קרן קולנוע ערבה,2,2024,https://aravaff.co.il/movies/%d7%9b%d7%a9%d7%94%d7%90%d7%95%d7%a8-%d7%a0%d7%a9%d7%91%d7%a8/#main; https://aravaff.co.il/movies/%d7%9b%d7%a9%d7%94%d7%90%d7%95%d7%a8-%d7%a0%d7%a9%d7%91%d7%a8/
קובי עזרן,medium,dictabert,"במאי, מפיק",קרן קולנוע ערבה,2,2024,https://aravaff.co.il/movies/%d7%9c%d7%90-%d7%94%d7%a9%d7%91%d7%aa-%d7%a9%d7%9c%d7%99/#main; https://aravaff.co.il/movies/%d7%9c%d7%90-%d7%94%d7%a9%d7%91%d7%aa-%d7%a9%d7%9c%d7%99/
יפעת תדמור,high,dictabert+hebert,מפיק,קרן קולנוע ערבה,2,2024,https://aravaff.co.il/movies/%d7%9c%d7%90-%d7%94%d7%a9%d7%91%d7%aa-%d7%a9%d7%9c%d7%99/#main; https://aravaff.co.il/movies/%d7%9c%d7%90-%d7%94%d7%a9%d7%91%d7%aa-%d7%a9%d7%9c%d7%99/
נוי ברק,high,dictabert+hebert,מפיק,קרן קולנוע ערבה,2,2024,https://aravaff.co.il/movies/%d7%9c%d7%90-%d7%94%d7%a9%d7%91%d7%aa-%d7%a9%d7%9c%d7%99/#main; https://aravaff.co.il/movies/%d7%9c%d7%90-%d7%94%d7%a9%d7%91%d7%aa-%d7%a9%d7%9c%d7%99/
תמר ריינה,medium,dictabert,"במאי, מפיק",קרן קולנוע ערבה,2,2024,https://aravaff.co.il/movies/%d7%9c%d7%90-%d7%94%d7%a9%d7%91%d7%aa-%d7%a9%d7%9c%d7%99/#main; https://aravaff.co.il/movies/%d7%9c%d7%90-%d7%94%d7%a9%d7%91%d7%aa-%d7%a9%d7%9c%d7%99/
מאיר סוויסה,high,dictabert+hebert,"במאי, מפיק",קרן קולנוע ערבה,2,2024,https://aravaff.co.il/movies/%d7%9c%d7%90-%d7%94%d7%a9%d7%91%d7%aa-%d7%a9%d7%9c%d7%99/#main; https://aravaff.co.il/movies/%d7%9c%d7%90-%d7%94%d7%a9%d7%91%d7%aa-%d7%a9%d7%9c%d7%99/
ליאת תמרי,high,dictabert+hebert,"במאי, מפיק",קרן קולנוע ערבה,2,2024,https://aravaff.co.il/movies/%d7%9c%d7%90-%d7%94%d7%a9%d7%91%d7%aa-%d7%a9%d7%9c%d7%99/#main; https://aravaff.co.il/movies/%d7%9c%d7%90-%d7%94%d7%a9%d7%91%d7%aa-%d7%a9%d7%9c%d7%99/
קובי עזרן - סוליו,medium,hebert,,קרן קולנוע ערבה,2,2024,https://aravaff.co.il/movies/%d7%9c%d7%90-%d7%94%d7%a9%d7%91%d7%aa-%d7%a9%d7%9c%d7%99/#main; https://aravaff.co.il/movies/%d7%9c%d7%90-%d7%94%d7%a9%d7%91%d7%aa-%d7%a9%d7%9c%d7%99/
תמר ריינהרץ,medium,hebert,"במאי, מפיק",קרן קולנוע ערבה,2,2024,https://aravaff.co.il/movies/%d7%9c%d7%90-%d7%94%d7%a9%d7%91%d7%aa-%d7%a9%d7%9c%d7%99/#main; https://aravaff.co.il/movies/%d7%9c%d7%90-%d7%94%d7%a9%d7%91%d7%aa-%d7%a9%d7%9c%d7%99/
שי פלג,high,dictabert+hebert,מפיק,קרן קולנוע ערבה,2,2024,https://aravaff.co.il/movies/%d7%9c%d7%90-%d7%94%d7%a9%d7%91%d7%aa-%d7%a9%d7%9c%d7%99/#main; https://aravaff.co.il/movies/%d7%9c%d7%90-%d7%94%d7%a9%d7%91%d7%aa-%d7%a9%d7%9c%d7%99/
שרון שחל,high,dictabert+hebert,"במאי, מפיק",קרן קולנוע ערבה,2,2024,https://aravaff.co.il/movies/%d7%9c%d7%90-%d7%94%d7%a9%d7%91%d7%aa-%d7%a9%d7%9c%d7%99/#main; https://aravaff.co.il/movies/%d7%9c%d7%90-%d7%94%d7%a9%d7%91%d7%aa-%d7%a9%d7%9c%d7%99/
alba rohrwacher,medium,hebert,,קרן קולנוע ערבה,2,2023,https://aravaff.co.il/movies/%d7%9c%d7%94-%d7%9b%d7%99%d7%9e%d7%a8%d7%94/#main; https://aravaff.co.il/movies/%d7%9c%d7%94-%d7%9b%d7%99%d7%9e%d7%a8%d7%94/
דמיו,medium,hebert,במאי,קרן קולנוע ערבה,2,2023,https://aravaff.co.il/movies/%d7%9c%d7%94-%d7%9b%d7%99%d7%9e%d7%a8%d7%94/#main; https://aravaff.co.il/movies/%d7%9c%d7%94-%d7%9b%d7%99%d7%9e%d7%a8%d7%94/
lou,medium,dictabert,,קרן קולנוע ערבה,2,2023,https://aravaff.co.il/movies/%d7%9c%d7%94-%d7%9b%d7%99%d7%9e%d7%a8%d7%94/#main; https://aravaff.co.il/movies/%d7%9c%d7%94-%d7%9b%d7%99%d7%9e%d7%a8%d7%94/
ארתור,high,dictabert+hebert,,קרן קולנוע ערבה,2,2023,https://aravaff.co.il/movies/%d7%9c%d7%94-%d7%9b%d7%99%d7%9e%d7%a8%d7%94/#main; https://aravaff.co.il/movies/%d7%9c%d7%94-%d7%9b%d7%99%d7%9e%d7%a8%d7%94/
ross,medium,dictabert,,קרן קולנוע ערבה,2,2023,https://aravaff.co.il/movies/%d7%9c%d7%94-%d7%9b%d7%99%d7%9e%d7%a8%d7%94/#main; https://aravaff.co.il/movies/%d7%9c%d7%94-%d7%9b%d7%99%d7%9e%d7%a8%d7%94/
אליצ'ה רורוואכר,medium,hebert,במאי,קרן קולנוע ערבה,2,2023,https://aravaff.co.il/movies/%d7%9c%d7%94-%d7%9b%d7%99%d7%9e%d7%a8%d7%94/#main; https://aravaff.co.il/movies/%d7%9c%d7%94-%d7%9b%d7%99%d7%9e%d7%a8%d7%94/
alice rohrwacher,medium,hebert,,קרן קולנוע ערבה,2,2023,https://aravaff.co.il/movies/%d7%9c%d7%94-%d7%9b%d7%99%d7%9e%d7%a8%d7%94/#main; https://aravaff.co.il/movies/%d7%9c%d7%94-%d7%9b%d7%99%d7%9e%d7%a8%d7%94/
arif jakup,medium,hebert,,קרן קולנוע ערבה,2,2025,https://aravaff.co.il/movies/%d7%9c%d7%94%d7%96%d7%99%d7%96-%d7%94%d7%a8%d7%99%d7%9d/; https://aravaff.co.il/movies/%d7%9c%d7%94%d7%96%d7%99%d7%96-%d7%94%d7%a8%d7%99%d7%9d/#main
nenad sinkauz,medium,hebert,,קרן קולנוע ערבה,2,2025,https://aravaff.co.il/movies/%d7%9c%d7%94%d7%96%d7%99%d7%96-%d7%94%d7%a8%d7%99%d7%9d/; https://aravaff.co.il/movies/%d7%9c%d7%94%d7%96%d7%99%d7%96-%d7%94%d7%a8%d7%99%d7%9d/#main
ivana shekutkoska צילום naum doksevski,medium,hebert,,קרן קולנוע ערבה,2,2025,https://aravaff.co.il/movies/%d7%9c%d7%94%d7%96%d7%99%d7%96-%d7%94%d7%a8%d7%99%d7%9d/; https://aravaff.co.il/movies/%d7%9c%d7%94%d7%96%d7%99%d7%96-%d7%94%d7%a8%d7%99%d7%9d/#main
michael reich,medium,hebert,,קרן קולנוע ערבה,2,2025,https://aravaff.co.il/movies/%d7%9c%d7%94%d7%96%d7%99%d7%96-%d7%94%d7%a8%d7%99%d7%9d/; https://aravaff.co.il/movies/%d7%9c%d7%94%d7%96%d7%99%d7%96-%d7%94%d7%a8%d7%99%d7%9d/#main
agush agushev,medium,hebert,,קרן קולנוע ערבה,2,2025,https://aravaff.co.il/movies/%d7%9c%d7%94%d7%96%d7%99%d7%96-%d7%94%d7%a8%d7%99%d7%9d/; https://aravaff.co.il/movies/%d7%9c%d7%94%d7%96%d7%99%d7%96-%d7%94%d7%a8%d7%99%d7%9d/#main
alen sinkauz,medium,hebert,,קרן קולנוע ערבה,2,2025,https://aravaff.co.il/movies/%d7%9c%d7%94%d7%96%d7%99%d7%96-%d7%94%d7%a8%d7%99%d7%9d/; https://aravaff.co.il/movies/%d7%9c%d7%94%d7%96%d7%99%d7%96-%d7%94%d7%a8%d7%99%d7%9d/#main
גאורגי אונקובסקי,medium,hebert,"במאי, מפיק",קרן קולנוע ערבה,2,2025,https://aravaff.co.il/movies/%d7%9c%d7%94%d7%96%d7%99%d7%96-%d7%94%d7%a8%d7%99%d7%9d/; https://aravaff.co.il/movies/%d7%9c%d7%94%d7%96%d7%99%d7%96-%d7%94%d7%a8%d7%99%d7%9d/#main
##it,medium,hebert,,קרן קולנוע ערבה,2,2025,https://aravaff.co.il/movies/%d7%9c%d7%a2%d7%96%d7%95%d7%91-%d7%99%d7%95%d7%9d-%d7%90%d7%97%d7%93/#main; https://aravaff.co.il/movies/%d7%9c%d7%a2%d7%96%d7%95%d7%91-%d7%99%d7%95%d7%9d-%d7%90%d7%97%d7%93/
david ca,medium,dictabert,,קרן קולנוע ערבה,2,2025,https://aravaff.co.il/movies/%d7%9c%d7%a2%d7%96%d7%95%d7%91-%d7%99%d7%95%d7%9d-%d7%90%d7%97%d7%93/#main; https://aravaff.co.il/movies/%d7%9c%d7%a2%d7%96%d7%95%d7%91-%d7%99%d7%95%d7%9d-%d7%90%d7%97%d7%93/
bon,medium,dictabert,,קרן קולנוע ערבה,2,2025,https://aravaff.co.il/movies/%d7%9c%d7%a2%d7%96%d7%95%d7%91-%d7%99%d7%95%d7%9d-%d7%90%d7%97%d7%93/#main; https://aravaff.co.il/movies/%d7%9c%d7%a2%d7%96%d7%95%d7%91-%d7%99%d7%95%d7%9d-%d7%90%d7%97%d7%93/
ארז איינ,medium,dictabert,מפיק,קרן קולנוע ערבה,2,2023,https://aravaff.co.il/movies/%d7%9c%d7%a9%d7%97%d7%95%d7%aa-%d7%a2%d7%9d-%d7%9b%d7%a0%d7%a4%d7%99%d7%99%d7%9d/#main; https://aravaff.co.il/movies/%d7%9c%d7%a9%d7%97%d7%95%d7%aa-%d7%a2%d7%9d-%d7%9b%d7%a0%d7%a4%d7%99%d7%99%d7%9d/
בן גריי,high,dictabert+hebert,"במאי, מפיק",קרן קולנוע ערבה,2,2023,https://aravaff.co.il/movies/%d7%9c%d7%a9%d7%97%d7%95%d7%aa-%d7%a2%d7%9d-%d7%9b%d7%a0%d7%a4%d7%99%d7%99%d7%9d/#main; https://aravaff.co.il/movies/%d7%9c%d7%a9%d7%97%d7%95%d7%aa-%d7%a2%d7%9d-%d7%9b%d7%a0%d7%a4%d7%99%d7%99%d7%9d/
אוליביה שומאן,high,dictabert+hebert,"במאי, מפיק",קרן קולנוע ערבה,2,2023,https://aravaff.co.il/movies/%d7%9c%d7%a9%d7%97%d7%95%d7%aa-%d7%a2%d7%9d-%d7%9b%d7%a0%d7%a4%d7%99%d7%99%d7%9d/#main; https://aravaff.co.il/movies/%d7%9c%d7%a9%d7%97%d7%95%d7%aa-%d7%a2%d7%9d-%d7%9b%d7%a0%d7%a4%d7%99%d7%99%d7%9d/
ארז אייני שביט,medium,hebert,מפיק,קרן קולנוע ערבה,2,2023,https://aravaff.co.il/movies/%d7%9c%d7%a9%d7%97%d7%95%d7%aa-%d7%a2%d7%9d-%d7%9b%d7%a0%d7%a4%d7%99%d7%99%d7%9d/#main; https://aravaff.co.il/movies/%d7%9c%d7%a9%d7%97%d7%95%d7%aa-%d7%a2%d7%9d-%d7%9b%d7%a0%d7%a4%d7%99%d7%99%d7%9d/
גולן מדינה,medium,dictabert,,קרן קולנוע ערבה,2,2023,https://aravaff.co.il/movies/%d7%9c%d7%a9%d7%97%d7%95%d7%aa-%d7%a2%d7%9d-%d7%9b%d7%a0%d7%a4%d7%99%d7%99%d7%9d/#main; https://aravaff.co.il/movies/%d7%9c%d7%a9%d7%97%d7%95%d7%aa-%d7%a2%d7%9d-%d7%9b%d7%a0%d7%a4%d7%99%d7%99%d7%9d/
עדי כהן,high,dictabert+hebert,מפיק,קרן קולנוע ערבה,2,2023,https://aravaff.co.il/movies/%d7%9c%d7%a9%d7%97%d7%95%d7%aa-%d7%a2%d7%9d-%d7%9b%d7%a0%d7%a4%d7%99%d7%99%d7%9d/#main; https://aravaff.co.il/movies/%d7%9c%d7%a9%d7%97%d7%95%d7%aa-%d7%a2%d7%9d-%d7%9b%d7%a0%d7%a4%d7%99%d7%99%d7%9d/
שביט,medium,dictabert,מפיק,קרן קולנוע ערבה,2,2023,https://aravaff.co.il/movies/%d7%9c%d7%a9%d7%97%d7%95%d7%aa-%d7%a2%d7%9d-%d7%9b%d7%a0%d7%a4%d7%99%d7%99%d7%9d/#main; https://aravaff.co.il/movies/%d7%9c%d7%a9%d7%97%d7%95%d7%aa-%d7%a2%d7%9d-%d7%9b%d7%a0%d7%a4%d7%99%d7%99%d7%9d/
לירי גורן,high,dictabert+hebert,"במאי, מפיק",קרן קולנוע ערבה,2,2023,https://aravaff.co.il/movies/%d7%9c%d7%a9%d7%97%d7%95%d7%aa-%d7%a2%d7%9d-%d7%9b%d7%a0%d7%a4%d7%99%d7%99%d7%9d/#main; https://aravaff.co.il/movies/%d7%9c%d7%a9%d7%97%d7%95%d7%aa-%d7%a2%d7%9d-%d7%9b%d7%a0%d7%a4%d7%99%d7%99%d7%9d/
אלכס גריי,high,dictabert+hebert,"במאי, מפיק",קרן קולנוע ערבה,2,2023,https://aravaff.co.il/movies/%d7%9c%d7%a9%d7%97%d7%95%d7%aa-%d7%a2%d7%9d-%d7%9b%d7%a0%d7%a4%d7%99%d7%99%d7%9d/#main; https://aravaff.co.il/movies/%d7%9c%d7%a9%d7%97%d7%95%d7%aa-%d7%a2%d7%9d-%d7%9b%d7%a0%d7%a4%d7%99%d7%99%d7%9d/
##mi,medium,hebert,,קרן קולנוע ערבה,2,2024,https://aravaff.co.il/movies/%d7%9e%d7%90%d7%95%d7%a9%d7%a8-%d7%9c%d7%a0%d7%a6%d7%97/; https://aravaff.co.il/movies/%d7%9e%d7%90%d7%95%d7%a9%d7%a8-%d7%9c%d7%a0%d7%a6%d7%97/#main
מיאטה,medium,hebert,,קרן קולנוע ערבה,2,2024,https://aravaff.co.il/movies/%d7%9e%d7%90%d7%95%d7%a9%d7%a8-%d7%9c%d7%a0%d7%a6%d7%97/; https://aravaff.co.il/movies/%d7%9e%d7%90%d7%95%d7%a9%d7%a8-%d7%9c%d7%a0%d7%a6%d7%97/#main
סאנו,medium,hebert,,קרן קולנוע ערבה,2,2024,https://aravaff.co.il/movies/%d7%9e%d7%90%d7%95%d7%a9%d7%a8-%d7%9c%d7%a0%d7%a6%d7%97/; https://aravaff.co.il/movies/%d7%9e%d7%90%d7%95%d7%a9%d7%a8-%d7%9c%d7%a0%d7%a6%d7%97/#main
##shino,medium,hebert,,קרן קולנוע ערבה,2,2024,https://aravaff.co.il/movies/%d7%9e%d7%90%d7%95%d7%a9%d7%a8-%d7%9c%d7%a0%d7%a6%d7%97/; https://aravaff.co.il/movies/%d7%9e%d7%90%d7%95%d7%a9%d7%a8-%d7%9c%d7%a0%d7%a6%d7%97/#main
קוהיי איגראשי,medium,hebert,במאי,קרן קולנוע ערבה,2,2024,https://aravaff.co.il/movies/%d7%9e%d7%90%d7%95%d7%a9%d7%a8-%d7%9c%d7%a0%d7%a6%d7%97/; https://aravaff.co.il/movies/%d7%9e%d7%90%d7%95%d7%a9%d7%a8-%d7%9c%d7%a0%d7%a6%d7%97/#main
gan,medium,dictabert,,קרן קולנוע ערבה,2,2024,https://aravaff.co.il/movies/%d7%9e%d7%94-%d7%a9%d7%9e%d7%97%d7%91%d7%a8-%d7%91%d7%99%d7%a0%d7%99%d7%a0%d7%95/#main; https://aravaff.co.il/movies/%d7%9e%d7%94-%d7%a9%d7%9e%d7%97%d7%91%d7%a8-%d7%91%d7%99%d7%a0%d7%99%d7%a0%d7%95/
ולריה ברוני טדסקי,medium,hebert,במאי,קרן קולנוע ערבה,2,2024,https://aravaff.co.il/movies/%d7%9e%d7%94-%d7%a9%d7%9e%d7%97%d7%91%d7%a8-%d7%91%d7%99%d7%a0%d7%99%d7%a0%d7%95/#main; https://aravaff.co.il/movies/%d7%9e%d7%94-%d7%a9%d7%9e%d7%97%d7%91%d7%a8-%d7%91%d7%99%d7%a0%d7%99%d7%a0%d7%95/
##יה,medium,hebert,,קרן קולנוע ערבה,2,2024,https://aravaff.co.il/movies/%d7%9e%d7%94-%d7%a9%d7%9e%d7%97%d7%91%d7%a8-%d7%91%d7%99%d7%a0%d7%99%d7%a0%d7%95/#main; https://aravaff.co.il/movies/%d7%9e%d7%94-%d7%a9%d7%9e%d7%97%d7%91%d7%a8-%d7%91%d7%99%d7%a0%d7%99%d7%a0%d7%95/
marma,medium,hebert,,קרן קולנוע ערבה,2,2024,https://aravaff.co.il/movies/%d7%9e%d7%94-%d7%a9%d7%9e%d7%97%d7%91%d7%a8-%d7%91%d7%99%d7%a0%d7%99%d7%a0%d7%95/#main; https://aravaff.co.il/movies/%d7%9e%d7%94-%d7%a9%d7%9e%d7%97%d7%91%d7%a8-%d7%91%d7%99%d7%a0%d7%99%d7%a0%d7%95/
קרין טרדייה,medium,hebert,במאי,קרן קולנוע ערבה,2,2024,https://aravaff.co.il/movies/%d7%9e%d7%94-%d7%a9%d7%9e%d7%97%d7%91%d7%a8-%d7%91%d7%99%d7%a0%d7%99%d7%a0%d7%95/#main; https://aravaff.co.il/movies/%d7%9e%d7%94-%d7%a9%d7%9e%d7%97%d7%91%d7%a8-%d7%91%d7%99%d7%a0%d7%99%d7%a0%d7%95/
##istel de,medium,hebert,,קרן קולנוע ערבה,2,2024,https://aravaff.co.il/movies/%d7%9e%d7%94-%d7%a9%d7%9e%d7%97%d7%91%d7%a8-%d7%91%d7%99%d7%a0%d7%99%d7%a0%d7%95/#main; https://aravaff.co.il/movies/%d7%9e%d7%94-%d7%a9%d7%9e%d7%97%d7%91%d7%a8-%d7%91%d7%99%d7%a0%d7%99%d7%a0%d7%95/
פרניי,medium,hebert,"במאי, תסריטאי",קרן קולנוע ערבה,2,2024,https://aravaff.co.il/movies/%d7%9e%d7%94-%d7%a9%d7%9e%d7%97%d7%91%d7%a8-%d7%91%d7%99%d7%a0%d7%99%d7%a0%d7%95/#main; https://aravaff.co.il/movies/%d7%9e%d7%94-%d7%a9%d7%9e%d7%97%d7%91%d7%a8-%d7%91%d7%99%d7%a0%d7%99%d7%a0%d7%95/
raphael quenar,medium,hebert,,קרן קולנוע ערבה,2,2024,https://aravaff.co.il/movies/%d7%9e%d7%94-%d7%a9%d7%9e%d7%97%d7%91%d7%a8-%d7%91%d7%99%d7%a0%d7%99%d7%a0%d7%95/#main; https://aravaff.co.il/movies/%d7%9e%d7%94-%d7%a9%d7%9e%d7%97%d7%91%d7%a8-%d7%91%d7%99%d7%a0%d7%99%d7%a0%d7%95/
ant,medium,dictabert,,קרן קולנוע ערבה,2,2024,https://aravaff.co.il/movies/%d7%9e%d7%94-%d7%a9%d7%9e%d7%97%d7%91%d7%a8-%d7%91%d7%99%d7%a0%d7%99%d7%a0%d7%95/#main; https://aravaff.co.il/movies/%d7%9e%d7%94-%d7%a9%d7%9e%d7%97%d7%91%d7%a8-%d7%91%d7%99%d7%a0%d7%99%d7%a0%d7%95/
##ric,medium,hebert,,קרן קולנוע ערבה,2,2024,https://aravaff.co.il/movies/%d7%9e%d7%94-%d7%a9%d7%9e%d7%97%d7%91%d7%a8-%d7%91%d7%99%d7%a0%d7%99%d7%a0%d7%95/#main; https://aravaff.co.il/movies/%d7%9e%d7%94-%d7%a9%d7%9e%d7%97%d7%91%d7%a8-%d7%91%d7%99%d7%a0%d7%99%d7%a0%d7%95/
raphael,medium,hebert,,קרן קולנוע ערבה,2,2024,https://aravaff.co.il/movies/%d7%9e%d7%94-%d7%a9%d7%9e%d7%97%d7%91%d7%a8-%d7%91%d7%99%d7%a0%d7%99%d7%a0%d7%95/#main; https://aravaff.co.il/movies/%d7%9e%d7%94-%d7%a9%d7%9e%d7%97%d7%91%d7%a8-%d7%91%d7%99%d7%a0%d7%99%d7%a0%d7%95/
ולרי,medium,dictabert,במאי,קרן קולנוע ערבה,2,2024,https://aravaff.co.il/movies/%d7%9e%d7%94-%d7%a9%d7%9e%d7%97%d7%91%d7%a8-%d7%91%d7%99%d7%a0%d7%99%d7%a0%d7%95/#main; https://aravaff.co.il/movies/%d7%9e%d7%94-%d7%a9%d7%9e%d7%97%d7%91%d7%a8-%d7%91%d7%99%d7%a0%d7%99%d7%a0%d7%95/
ברוני טד,medium,dictabert,במאי,קרן קולנוע ערבה,2,2024,https://aravaff.co.il/movies/%d7%9e%d7%94-%d7%a9%d7%9e%d7%97%d7%91%d7%a8-%d7%91%d7%99%d7%a0%d7%99%d7%a0%d7%95/#main; https://aravaff.co.il/movies/%d7%9e%d7%94-%d7%a9%d7%9e%d7%97%d7%91%d7%a8-%d7%91%d7%99%d7%a0%d7%99%d7%a0%d7%95/
אליס פרנ,medium,dictabert,"במאי, תסריטאי",קרן קולנוע ערבה,2,2024,https://aravaff.co.il/movies/%d7%9e%d7%94-%d7%a9%d7%9e%d7%97%d7%91%d7%a8-%d7%91%d7%99%d7%a0%d7%99%d7%a0%d7%95/#main; https://aravaff.co.il/movies/%d7%9e%d7%94-%d7%a9%d7%9e%d7%97%d7%91%d7%a8-%d7%91%d7%99%d7%a0%d7%99%d7%a0%d7%95/
עלמה רום,high,dictabert+hebert,מפיק,קרן קולנוע ערבה,2,2023,https://aravaff.co.il/movies/%d7%9e%d7%96%d7%9c-%d7%93%d7%92%d7%99%d7%9d/#main; https://aravaff.co.il/movies/%d7%9e%d7%96%d7%9c-%d7%93%d7%92%d7%99%d7%9d/
ליאנה ברקוביץ',medium,hebert,"במאי, מפיק",קרן קולנוע ערבה,2,2023,https://aravaff.co.il/movies/%d7%9e%d7%96%d7%9c-%d7%93%d7%92%d7%99%d7%9d/#main; https://aravaff.co.il/movies/%d7%9e%d7%96%d7%9c-%d7%93%d7%92%d7%99%d7%9d/
לי דרור מדינה ישראל,medium,dictabert,,קרן קולנוע ערבה,2,2023,https://aravaff.co.il/movies/%d7%9e%d7%96%d7%9c-%d7%93%d7%92%d7%99%d7%9d/#main; https://aravaff.co.il/movies/%d7%9e%d7%96%d7%9c-%d7%93%d7%92%d7%99%d7%9d/
עומר חמאוי ארנסט,medium,hebert,במאי,קרן קולנוע ערבה,2,2023,https://aravaff.co.il/movies/%d7%9e%d7%96%d7%9c-%d7%93%d7%92%d7%99%d7%9d/#main; https://aravaff.co.il/movies/%d7%9e%d7%96%d7%9c-%d7%93%d7%92%d7%99%d7%9d/
דרור מרקו,high,dictabert+hebert,"במאי, מפיק",קרן קולנוע ערבה,2,2023,https://aravaff.co.il/movies/%d7%9e%d7%96%d7%9c-%d7%93%d7%92%d7%99%d7%9d/#main; https://aravaff.co.il/movies/%d7%9e%d7%96%d7%9c-%d7%93%d7%92%d7%99%d7%9d/
אורי קדישאי,medium,hebert,מפיק,קרן קולנוע ערבה,2,2023,https://aravaff.co.il/movies/%d7%9e%d7%96%d7%9c-%d7%93%d7%92%d7%99%d7%9d/#main; https://aravaff.co.il/movies/%d7%9e%d7%96%d7%9c-%d7%93%d7%92%d7%99%d7%9d/
סאסא,medium,dictabert,מפיק,קרן קולנוע ערבה,2,2023,https://aravaff.co.il/movies/%d7%9e%d7%96%d7%9c-%d7%93%d7%92%d7%99%d7%9d/#main; https://aravaff.co.il/movies/%d7%9e%d7%96%d7%9c-%d7%93%d7%92%d7%99%d7%9d/
אורי,medium,dictabert,מפיק,קרן קולנוע ערבה,2,2023,https://aravaff.co.il/movies/%d7%9e%d7%96%d7%9c-%d7%93%d7%92%d7%99%d7%9d/#main; https://aravaff.co.il/movies/%d7%9e%d7%96%d7%9c-%d7%93%d7%92%d7%99%d7%9d/
עמית ראסל גיצלטר,medium,hebert,מפיק,קרן קולנוע ערבה,2,2023,https://aravaff.co.il/movies/%d7%9e%d7%96%d7%9c-%d7%93%d7%92%d7%99%d7%9d/#main; https://aravaff.co.il/movies/%d7%9e%d7%96%d7%9c-%d7%93%d7%92%d7%99%d7%9d/
אוקי מיקי,medium,dictabert,מפיק,קרן קולנוע ערבה,2,2023,https://aravaff.co.il/movies/%d7%9e%d7%96%d7%9c-%d7%93%d7%92%d7%99%d7%9d/#main; https://aravaff.co.il/movies/%d7%9e%d7%96%d7%9c-%d7%93%d7%92%d7%99%d7%9d/
טאק,medium,dictabert,"במאי, מפיק",קרן קולנוע ערבה,2,2023,https://aravaff.co.il/movies/%d7%9e%d7%96%d7%9c-%d7%93%d7%92%d7%99%d7%9d/#main; https://aravaff.co.il/movies/%d7%9e%d7%96%d7%9c-%d7%93%d7%92%d7%99%d7%9d/
מסאי,medium,dictabert,"במאי, מפיק",קרן קולנוע ערבה,2,2023,https://aravaff.co.il/movies/%d7%9e%d7%96%d7%9c-%d7%93%d7%92%d7%99%d7%9d/#main; https://aravaff.co.il/movies/%d7%9e%d7%96%d7%9c-%d7%93%d7%92%d7%99%d7%9d/
אוק,medium,dictabert,"במאי, מפיק",קרן קולנוע ערבה,2,2023,https://aravaff.co.il/movies/%d7%9e%d7%96%d7%9c-%d7%93%d7%92%d7%99%d7%9d/#main; https://aravaff.co.il/movies/%d7%9e%d7%96%d7%9c-%d7%93%d7%92%d7%99%d7%9d/
עומר חמא,medium,dictabert,במאי,קרן קולנוע ערבה,2,2023,https://aravaff.co.il/movies/%d7%9e%d7%96%d7%9c-%d7%93%d7%92%d7%99%d7%9d/#main; https://aravaff.co.il/movies/%d7%9e%d7%96%d7%9c-%d7%93%d7%92%d7%99%d7%9d/
עינת קופר,high,dictabert+hebert,"במאי, מפיק",קרן קולנוע ערבה,2,2023,https://aravaff.co.il/movies/%d7%9e%d7%96%d7%9c-%d7%93%d7%92%d7%99%d7%9d/#main; https://aravaff.co.il/movies/%d7%9e%d7%96%d7%9c-%d7%93%d7%92%d7%99%d7%9d/
ליא,medium,dictabert,"במאי, מפיק",קרן קולנוע ערבה,2,2023,https://aravaff.co.il/movies/%d7%9e%d7%96%d7%9c-%d7%93%d7%92%d7%99%d7%9d/#main; https://aravaff.co.il/movies/%d7%9e%d7%96%d7%9c-%d7%93%d7%92%d7%99%d7%9d/
ארנסט,medium,dictabert,במאי,קרן קולנוע ערבה,2,2023,https://aravaff.co.il/movies/%d7%9e%d7%96%d7%9c-%d7%93%d7%92%d7%99%d7%9d/#main; https://aravaff.co.il/movies/%d7%9e%d7%96%d7%9c-%d7%93%d7%92%d7%99%d7%9d/
אוקי מיקיטו,medium,hebert,מפיק,קרן קולנוע ערבה,2,2023,https://aravaff.co.il/movies/%d7%9e%d7%96%d7%9c-%d7%93%d7%92%d7%99%d7%9d/#main; https://aravaff.co.il/movies/%d7%9e%d7%96%d7%9c-%d7%93%d7%92%d7%99%d7%9d/
אקירה טאקאוקה,medium,hebert,"במאי, מפיק",קרן קולנוע ערבה,2,2023,https://aravaff.co.il/movies/%d7%9e%d7%96%d7%9c-%d7%93%d7%92%d7%99%d7%9d/#main; https://aravaff.co.il/movies/%d7%9e%d7%96%d7%9c-%d7%93%d7%92%d7%99%d7%9d/
אלעד בן הרוש,high,dictabert+hebert,מפיק,קרן קולנוע ערבה,2,2023,https://aravaff.co.il/movies/%d7%9e%d7%96%d7%9c-%d7%93%d7%92%d7%99%d7%9d/#main; https://aravaff.co.il/movies/%d7%9e%d7%96%d7%9c-%d7%93%d7%92%d7%99%d7%9d/
קזואו סאסאקי,medium,hebert,מפיק,קרן קולנוע ערבה,2,2023,https://aravaff.co.il/movies/%d7%9e%d7%96%d7%9c-%d7%93%d7%92%d7%99%d7%9d/#main; https://aravaff.co.il/movies/%d7%9e%d7%96%d7%9c-%d7%93%d7%92%d7%99%d7%9d/
דרור מדינה,medium,hebert,,קרן קולנוע ערבה,2,2023,https://aravaff.co.il/movies/%d7%9e%d7%96%d7%9c-%d7%93%d7%92%d7%99%d7%9d/#main; https://aravaff.co.il/movies/%d7%9e%d7%96%d7%9c-%d7%93%d7%92%d7%99%d7%9d/
ברקוביץ',medium,dictabert,"במאי, מפיק",קרן קולנוע ערבה,2,2023,https://aravaff.co.il/movies/%d7%9e%d7%96%d7%9c-%d7%93%d7%92%d7%99%d7%9d/#main; https://aravaff.co.il/movies/%d7%9e%d7%96%d7%9c-%d7%93%d7%92%d7%99%d7%9d/
עמית ראסל גי,medium,dictabert,מפיק,קרן קולנוע ערבה,2,2023,https://aravaff.co.il/movies/%d7%9e%d7%96%d7%9c-%d7%93%d7%92%d7%99%d7%9d/#main; https://aravaff.co.il/movies/%d7%9e%d7%96%d7%9c-%d7%93%d7%92%d7%99%d7%9d/
מסאיה אוקובו,medium,hebert,"במאי, מפיק",קרן קולנוע ערבה,2,2023,https://aravaff.co.il/movies/%d7%9e%d7%96%d7%9c-%d7%93%d7%92%d7%99%d7%9d/#main; https://aravaff.co.il/movies/%d7%9e%d7%96%d7%9c-%d7%93%d7%92%d7%99%d7%9d/
נעה רום,high,dictabert+hebert,מפיק,קרן קולנוע ערבה,2,2023,https://aravaff.co.il/movies/%d7%9e%d7%96%d7%9c-%d7%93%d7%92%d7%99%d7%9d/#main; https://aravaff.co.il/movies/%d7%9e%d7%96%d7%9c-%d7%93%d7%92%d7%99%d7%9d/
ליז אקוקה,medium,hebert,במאי,קרן קולנוע ערבה,2,2025,https://aravaff.co.il/movies/%d7%9e%d7%97%d7%a0%d7%94-%d7%a7%d7%99%d7%a5/#main; https://aravaff.co.il/movies/%d7%9e%d7%97%d7%a0%d7%94-%d7%a7%d7%99%d7%a5/
ורומן גרה,medium,dictabert,במאי,קרן קולנוע ערבה,2,2025,https://aravaff.co.il/movies/%d7%9e%d7%97%d7%a0%d7%94-%d7%a7%d7%99%d7%a5/#main; https://aravaff.co.il/movies/%d7%9e%d7%97%d7%a0%d7%94-%d7%a7%d7%99%d7%a5/
הובר שרואל מדינה,medium,hebert,,קרן קולנוע ערבה,2,2025,https://aravaff.co.il/movies/%d7%9e%d7%98%d7%90%d7%95%d7%a8%d7%99%d7%9d/; https://aravaff.co.il/movies/%d7%9e%d7%98%d7%90%d7%95%d7%a8%d7%99%d7%9d/#main
paul kir,medium,dictabert,,קרן קולנוע ערבה,2,2025,https://aravaff.co.il/movies/%d7%9e%d7%98%d7%90%d7%95%d7%a8%d7%99%d7%9d/; https://aravaff.co.il/movies/%d7%9e%d7%98%d7%90%d7%95%d7%a8%d7%99%d7%9d/#main
hubert charuel,medium,hebert,,קרן קולנוע ערבה,2,2025,https://aravaff.co.il/movies/%d7%9e%d7%98%d7%90%d7%95%d7%a8%d7%99%d7%9d/; https://aravaff.co.il/movies/%d7%9e%d7%98%d7%90%d7%95%d7%a8%d7%99%d7%9d/#main
hub,medium,dictabert,,קרן קולנוע ערבה,2,2025,https://aravaff.co.il/movies/%d7%9e%d7%98%d7%90%d7%95%d7%a8%d7%99%d7%9d/; https://aravaff.co.il/movies/%d7%9e%d7%98%d7%90%d7%95%d7%a8%d7%99%d7%9d/#main
הובר שרו,medium,dictabert,"במאי, מפיק",קרן קולנוע ערבה,2,2025,https://aravaff.co.il/movies/%d7%9e%d7%98%d7%90%d7%95%d7%a8%d7%99%d7%9d/; https://aravaff.co.il/movies/%d7%9e%d7%98%d7%90%d7%95%d7%a8%d7%99%d7%9d/#main
idir azougli,medium,hebert,,קרן קולנוע ערבה,2,2025,https://aravaff.co.il/movies/%d7%9e%d7%98%d7%90%d7%95%d7%a8%d7%99%d7%9d/; https://aravaff.co.il/movies/%d7%9e%d7%98%d7%90%d7%95%d7%a8%d7%99%d7%9d/#main
step,medium,dictabert,,קרן קולנוע ערבה,2,2025,https://aravaff.co.il/movies/%d7%9e%d7%98%d7%90%d7%95%d7%a8%d7%99%d7%9d/; https://aravaff.co.il/movies/%d7%9e%d7%98%d7%90%d7%95%d7%a8%d7%99%d7%9d/#main
dulguerian,medium,hebert,,קרן קולנוע ערבה,2,2025,https://aravaff.co.il/movies/%d7%9e%d7%98%d7%90%d7%95%d7%a8%d7%99%d7%9d/; https://aravaff.co.il/movies/%d7%9e%d7%98%d7%90%d7%95%d7%a8%d7%99%d7%9d/#main
kircher,medium,hebert,,קרן קולנוע ערבה,2,2025,https://aravaff.co.il/movies/%d7%9e%d7%98%d7%90%d7%95%d7%a8%d7%99%d7%9d/; https://aravaff.co.il/movies/%d7%9e%d7%98%d7%90%d7%95%d7%a8%d7%99%d7%9d/#main
stephanie bermann,medium,hebert,,קרן קולנוע ערבה,2,2025,https://aravaff.co.il/movies/%d7%9e%d7%98%d7%90%d7%95%d7%a8%d7%99%d7%9d/; https://aravaff.co.il/movies/%d7%9e%d7%98%d7%90%d7%95%d7%a8%d7%99%d7%9d/#main
כינר דר,medium,hebert,מפיק,קרן קולנוע ערבה,2,2024,https://aravaff.co.il/movies/%d7%9e%d7%9b%d7%aa%d7%91-%d7%90%d7%9c-%d7%94%d7%90%d7%91/#main; https://aravaff.co.il/movies/%d7%9e%d7%9b%d7%aa%d7%91-%d7%90%d7%9c-%d7%94%d7%90%d7%91/
קרן סופר,medium,hebert,"במאי, מפיק",קרן קולנוע ערבה,2,2024,https://aravaff.co.il/movies/%d7%9e%d7%9b%d7%aa%d7%91-%d7%90%d7%9c-%d7%94%d7%90%d7%91/#main; https://aravaff.co.il/movies/%d7%9e%d7%9b%d7%aa%d7%91-%d7%90%d7%9c-%d7%94%d7%90%d7%91/
ועומר בן - דוד מדינה,medium,dictabert,,קרן קולנוע ערבה,2,2024,https://aravaff.co.il/movies/%d7%9e%d7%9b%d7%aa%d7%91-%d7%90%d7%9c-%d7%94%d7%90%d7%91/#main; https://aravaff.co.il/movies/%d7%9e%d7%9b%d7%aa%d7%91-%d7%90%d7%9c-%d7%94%d7%90%d7%91/
רני אביטבול,medium,hebert,"במאי, מפיק",קרן קולנוע ערבה,2,2024,https://aravaff.co.il/movies/%d7%9e%d7%9b%d7%aa%d7%91-%d7%90%d7%9c-%d7%94%d7%90%d7%91/#main; https://aravaff.co.il/movies/%d7%9e%d7%9b%d7%aa%d7%91-%d7%90%d7%9c-%d7%94%d7%90%d7%91/
רני אבי,medium,dictabert,"במאי, מפיק",קרן קולנוע ערבה,2,2024,https://aravaff.co.il/movies/%d7%9e%d7%9b%d7%aa%d7%91-%d7%90%d7%9c-%d7%94%d7%90%d7%91/#main; https://aravaff.co.il/movies/%d7%9e%d7%9b%d7%aa%d7%91-%d7%90%d7%9c-%d7%94%d7%90%d7%91/
"תום שובל, לדויד קוניו",medium,hebert,,קרן קולנוע ערבה,2,2025,https://aravaff.co.il/movies/%d7%9e%d7%9b%d7%aa%d7%91-%d7%9c%d7%93%d7%95%d7%99%d7%93/#main; https://aravaff.co.il/movies/%d7%9e%d7%9b%d7%aa%d7%91-%d7%9c%d7%93%d7%95%d7%99%d7%93/
שמרינה,medium,hebert,,קרן קולנוע ערבה,2,2025,https://aravaff.co.il/movies/%d7%a0%d7%90%d7%a0%d7%93%d7%90%d7%95%d7%a8%d7%99/; https://aravaff.co.il/movies/%d7%a0%d7%90%d7%a0%d7%93%d7%90%d7%95%d7%a8%d7%99/#main
אתי ציקו,medium,hebert,"במאי, מפיק, שחקן",קרן קולנוע ערבה,2,2025,https://aravaff.co.il/movies/%d7%a0%d7%90%d7%a0%d7%93%d7%90%d7%95%d7%a8%d7%99/; https://aravaff.co.il/movies/%d7%a0%d7%90%d7%a0%d7%93%d7%90%d7%95%d7%a8%d7%99/#main
אופיר,medium,dictabert,"במאי, שחקן",קרן קולנוע ערבה,2,2025,https://aravaff.co.il/movies/%d7%a0%d7%90%d7%a0%d7%93%d7%90%d7%95%d7%a8%d7%99/; https://aravaff.co.il/movies/%d7%a0%d7%90%d7%a0%d7%93%d7%90%d7%95%d7%a8%d7%99/#main
נטע ריסקין,high,dictabert+hebert,"במאי, מפיק, שחקן",קרן קולנוע ערבה,2,2025,https://aravaff.co.il/movies/%d7%a0%d7%90%d7%a0%d7%93%d7%90%d7%95%d7%a8%d7%99/; https://aravaff.co.il/movies/%d7%a0%d7%90%d7%a0%d7%93%d7%90%d7%95%d7%a8%d7%99/#main
שמרי,medium,dictabert,,קרן קולנוע ערבה,2,2025,https://aravaff.co.il/movies/%d7%a0%d7%90%d7%a0%d7%93%d7%90%d7%95%d7%a8%d7%99/; https://aravaff.co.il/movies/%d7%a0%d7%90%d7%a0%d7%93%d7%90%d7%95%d7%a8%d7%99/#main
שי גולדמן,high,dictabert+hebert,"במאי, שחקן",קרן קולנוע ערבה,2,2025,https://aravaff.co.il/movies/%d7%a0%d7%90%d7%a0%d7%93%d7%90%d7%95%d7%a8%d7%99/; https://aravaff.co.il/movies/%d7%a0%d7%90%d7%a0%d7%93%d7%90%d7%95%d7%a8%d7%99/#main
ומרי,medium,dictabert,,קרן קולנוע ערבה,2,2025,https://aravaff.co.il/movies/%d7%a0%d7%90%d7%a0%d7%93%d7%90%d7%95%d7%a8%d7%99/; https://aravaff.co.il/movies/%d7%a0%d7%90%d7%a0%d7%93%d7%90%d7%95%d7%a8%d7%99/#main
amir harel,medium,hebert,,קרן קולנוע ערבה,2,2025,https://aravaff.co.il/movies/%d7%a0%d7%90%d7%a0%d7%93%d7%90%d7%95%d7%a8%d7%99/; https://aravaff.co.il/movies/%d7%a0%d7%90%d7%a0%d7%93%d7%90%d7%95%d7%a8%d7%99/#main
דטו,medium,hebert,,קרן קולנוע ערבה,2,2025,https://aravaff.co.il/movies/%d7%a0%d7%90%d7%a0%d7%93%d7%90%d7%95%d7%a8%d7%99/; https://aravaff.co.il/movies/%d7%a0%d7%90%d7%a0%d7%93%d7%90%d7%95%d7%a8%d7%99/#main
lam,medium,hebert,,קרן קולנוע ערבה,2,2025,https://aravaff.co.il/movies/%d7%a0%d7%90%d7%a0%d7%93%d7%90%d7%95%d7%a8%d7%99/; https://aravaff.co.il/movies/%d7%a0%d7%90%d7%a0%d7%93%d7%90%d7%95%d7%a8%d7%99/#main
נאנדאורי,medium,hebert,שחקן,קרן קולנוע ערבה,2,2025,https://aravaff.co.il/movies/%d7%a0%d7%90%d7%a0%d7%93%d7%90%d7%95%d7%a8%d7%99/; https://aravaff.co.il/movies/%d7%a0%d7%90%d7%a0%d7%93%d7%90%d7%95%d7%a8%d7%99/#main
kat,medium,dictabert,,קרן קולנוע ערבה,2,2025,https://aravaff.co.il/movies/%d7%a0%d7%90%d7%a0%d7%93%d7%90%d7%95%d7%a8%d7%99/; https://aravaff.co.il/movies/%d7%a0%d7%90%d7%a0%d7%93%d7%90%d7%95%d7%a8%d7%99/#main
דטו ומרינה,medium,hebert,,קרן קולנוע ערבה,2,2025,https://aravaff.co.il/movies/%d7%a0%d7%90%d7%a0%d7%93%d7%90%d7%95%d7%a8%d7%99/; https://aravaff.co.il/movies/%d7%a0%d7%90%d7%a0%d7%93%d7%90%d7%95%d7%a8%d7%99/#main
לוקה,high,dictabert+hebert,"שחקן, במאי, מפיק",קרן קולנוע ערבה,2,2025,https://aravaff.co.il/movies/%d7%a0%d7%99%d7%a0%d7%95/#main; https://aravaff.co.il/movies/%d7%a0%d7%99%d7%a0%d7%95/
תיאודור פלר,medium,dictabert,שחקן,קרן קולנוע ערבה,2,2025,https://aravaff.co.il/movies/%d7%a0%d7%99%d7%a0%d7%95/#main; https://aravaff.co.il/movies/%d7%a0%d7%99%d7%a0%d7%95/
jeanne balibar,medium,hebert,,קרן קולנוע ערבה,2,2025,https://aravaff.co.il/movies/%d7%a0%d7%99%d7%a0%d7%95/#main; https://aravaff.co.il/movies/%d7%a0%d7%99%d7%a0%d7%95/
bal,medium,dictabert,,קרן קולנוע ערבה,2,2025,https://aravaff.co.il/movies/%d7%a0%d7%99%d7%a0%d7%95/#main; https://aravaff.co.il/movies/%d7%a0%d7%99%d7%a0%d7%95/
תיאודור פלרין,medium,hebert,שחקן,קרן קולנוע ערבה,2,2025,https://aravaff.co.il/movies/%d7%a0%d7%99%d7%a0%d7%95/#main; https://aravaff.co.il/movies/%d7%a0%d7%99%d7%a0%d7%95/
מישל הזנוויציוס,medium,hebert,"במאי, מפיק",קרן קולנוע ערבה,2,2024,https://aravaff.co.il/movies/%d7%a1%d7%97%d7%95%d7%a8%d7%94-%d7%99%d7%a7%d7%a8%d7%94-%d7%9e%d7%9b%d7%9c/#main; https://aravaff.co.il/movies/%d7%a1%d7%97%d7%95%d7%a8%d7%94-%d7%99%d7%a7%d7%a8%d7%94-%d7%9e%d7%9b%d7%9c/
אלכסנדר דס,medium,dictabert,במאי,קרן קולנוע ערבה,2,2024,https://aravaff.co.il/movies/%d7%a1%d7%97%d7%95%d7%a8%d7%94-%d7%99%d7%a7%d7%a8%d7%94-%d7%9e%d7%9b%d7%9c/#main; https://aravaff.co.il/movies/%d7%a1%d7%97%d7%95%d7%a8%d7%94-%d7%99%d7%a7%d7%a8%d7%94-%d7%9e%d7%9b%d7%9c/
claude grumberg,medium,hebert,,קרן קולנוע ערבה,2,2024,https://aravaff.co.il/movies/%d7%a1%d7%97%d7%95%d7%a8%d7%94-%d7%99%d7%a7%d7%a8%d7%94-%d7%9e%d7%9b%d7%9c/#main; https://aravaff.co.il/movies/%d7%a1%d7%97%d7%95%d7%a8%d7%94-%d7%99%d7%a7%d7%a8%d7%94-%d7%9e%d7%9b%d7%9c/
אלכסנדר דספלה,medium,hebert,במאי,קרן קולנוע ערבה,2,2024,https://aravaff.co.il/movies/%d7%a1%d7%97%d7%95%d7%a8%d7%94-%d7%99%d7%a7%d7%a8%d7%94-%d7%9e%d7%9b%d7%9c/#main; https://aravaff.co.il/movies/%d7%a1%d7%97%d7%95%d7%a8%d7%94-%d7%99%d7%a7%d7%a8%d7%94-%d7%9e%d7%9b%d7%9c/
patrick sobelman,medium,hebert,,קרן קולנוע ערבה,2,2024,https://aravaff.co.il/movies/%d7%a1%d7%97%d7%95%d7%a8%d7%94-%d7%99%d7%a7%d7%a8%d7%94-%d7%9e%d7%9b%d7%9c/#main; https://aravaff.co.il/movies/%d7%a1%d7%97%d7%95%d7%a8%d7%94-%d7%99%d7%a7%d7%a8%d7%94-%d7%9e%d7%9b%d7%9c/
הזנוויציוס,medium,hebert,"במאי, מפיק",קרן קולנוע ערבה,2,2024,https://aravaff.co.il/movies/%d7%a1%d7%97%d7%95%d7%a8%d7%94-%d7%99%d7%a7%d7%a8%d7%94-%d7%9e%d7%9b%d7%9c/#main; https://aravaff.co.il/movies/%d7%a1%d7%97%d7%95%d7%a8%d7%94-%d7%99%d7%a7%d7%a8%d7%94-%d7%9e%d7%9b%d7%9c/
michel hazanavicius,medium,hebert,,קרן קולנוע ערבה,2,2024,https://aravaff.co.il/movies/%d7%a1%d7%97%d7%95%d7%a8%d7%94-%d7%99%d7%a7%d7%a8%d7%94-%d7%9e%d7%9b%d7%9c/#main; https://aravaff.co.il/movies/%d7%a1%d7%97%d7%95%d7%a8%d7%94-%d7%99%d7%a7%d7%a8%d7%94-%d7%9e%d7%9b%d7%9c/
guediguian,medium,hebert,,קרן קולנוע ערבה,2,2024,https://aravaff.co.il/movies/%d7%a1%d7%97%d7%95%d7%a8%d7%94-%d7%99%d7%a7%d7%a8%d7%94-%d7%9e%d7%9b%d7%9c/#main; https://aravaff.co.il/movies/%d7%a1%d7%97%d7%95%d7%a8%d7%94-%d7%99%d7%a7%d7%a8%d7%94-%d7%9e%d7%9b%d7%9c/
##andre,medium,hebert,,קרן קולנוע ערבה,2,2024,https://aravaff.co.il/movies/%d7%a1%d7%97%d7%95%d7%a8%d7%94-%d7%99%d7%a7%d7%a8%d7%94-%d7%9e%d7%9b%d7%9c/#main; https://aravaff.co.il/movies/%d7%a1%d7%97%d7%95%d7%a8%d7%94-%d7%99%d7%a7%d7%a8%d7%94-%d7%9e%d7%9b%d7%9c/
riad,medium,hebert,,קרן קולנוע ערבה,2,2024,https://aravaff.co.il/movies/%d7%a1%d7%97%d7%95%d7%a8%d7%94-%d7%99%d7%a7%d7%a8%d7%94-%d7%9e%d7%9b%d7%9c/#main; https://aravaff.co.il/movies/%d7%a1%d7%97%d7%95%d7%a8%d7%94-%d7%99%d7%a7%d7%a8%d7%94-%d7%9e%d7%9b%d7%9c/
kevin chneiweiss,medium,hebert,,קרן קולנוע ערבה,2,2025,https://aravaff.co.il/movies/%d7%a1%d7%99%d7%a4%d7%95%d7%a8%d7%9d-%d7%a9%d7%9c-%d7%a9%d7%a0%d7%99-%d7%a4%d7%a8%d7%a7%d7%9c%d7%99%d7%98%d7%99%d7%9d/#main; https://aravaff.co.il/movies/%d7%a1%d7%99%d7%a4%d7%95%d7%a8%d7%9d-%d7%a9%d7%9c-%d7%a9%d7%a0%d7%99-%d7%a4%d7%a8%d7%a7%d7%9c%d7%99%d7%98%d7%99%d7%9d/
sergei loznitsa,medium,hebert,,קרן קולנוע ערבה,2,2025,https://aravaff.co.il/movies/%d7%a1%d7%99%d7%a4%d7%95%d7%a8%d7%9d-%d7%a9%d7%9c-%d7%a9%d7%a0%d7%99-%d7%a4%d7%a8%d7%a7%d7%9c%d7%99%d7%98%d7%99%d7%9d/#main; https://aravaff.co.il/movies/%d7%a1%d7%99%d7%a4%d7%95%d7%a8%d7%9d-%d7%a9%d7%9c-%d7%a9%d7%a0%d7%99-%d7%a4%d7%a8%d7%a7%d7%9c%d7%99%d7%98%d7%99%d7%9d/
aleksandr kuznetsov,medium,hebert,,קרן קולנוע ערבה,2,2025,https://aravaff.co.il/movies/%d7%a1%d7%99%d7%a4%d7%95%d7%a8%d7%9d-%d7%a9%d7%9c-%d7%a9%d7%a0%d7%99-%d7%a4%d7%a8%d7%a7%d7%9c%d7%99%d7%98%d7%99%d7%9d/#main; https://aravaff.co.il/movies/%d7%a1%d7%99%d7%a4%d7%95%d7%a8%d7%9d-%d7%a9%d7%9c-%d7%a9%d7%a0%d7%99-%d7%a4%d7%a8%d7%a7%d7%9c%d7%99%d7%98%d7%99%d7%9d/
danielius kokanauski,medium,hebert,,קרן קולנוע ערבה,2,2025,https://aravaff.co.il/movies/%d7%a1%d7%99%d7%a4%d7%95%d7%a8%d7%9d-%d7%a9%d7%9c-%d7%a9%d7%a0%d7%99-%d7%a4%d7%a8%d7%a7%d7%9c%d7%99%d7%98%d7%99%d7%9d/#main; https://aravaff.co.il/movies/%d7%a1%d7%99%d7%a4%d7%95%d7%a8%d7%9d-%d7%a9%d7%9c-%d7%a9%d7%a0%d7%99-%d7%a4%d7%a8%d7%a7%d7%9c%d7%99%d7%98%d7%99%d7%9d/
anatoliy beliy,medium,hebert,,קרן קולנוע ערבה,2,2025,https://aravaff.co.il/movies/%d7%a1%d7%99%d7%a4%d7%95%d7%a8%d7%9d-%d7%a9%d7%9c-%d7%a9%d7%a0%d7%99-%d7%a4%d7%a8%d7%a7%d7%9c%d7%99%d7%98%d7%99%d7%9d/#main; https://aravaff.co.il/movies/%d7%a1%d7%99%d7%a4%d7%95%d7%a8%d7%9d-%d7%a9%d7%9c-%d7%a9%d7%a0%d7%99-%d7%a4%d7%a8%d7%a7%d7%9c%d7%99%d7%98%d7%99%d7%9d/
christiaan verbeek,medium,hebert,,קרן קולנוע ערבה,2,2025,https://aravaff.co.il/movies/%d7%a1%d7%99%d7%a4%d7%95%d7%a8%d7%9d-%d7%a9%d7%9c-%d7%a9%d7%a0%d7%99-%d7%a4%d7%a8%d7%a7%d7%9c%d7%99%d7%98%d7%99%d7%9d/#main; https://aravaff.co.il/movies/%d7%a1%d7%99%d7%a4%d7%95%d7%a8%d7%9d-%d7%a9%d7%9c-%d7%a9%d7%a0%d7%99-%d7%a4%d7%a8%d7%a7%d7%9c%d7%99%d7%98%d7%99%d7%9d/
oleg mutu,medium,hebert,,קרן קולנוע ערבה,2,2025,https://aravaff.co.il/movies/%d7%a1%d7%99%d7%a4%d7%95%d7%a8%d7%9d-%d7%a9%d7%9c-%d7%a9%d7%a0%d7%99-%d7%a4%d7%a8%d7%a7%d7%9c%d7%99%d7%98%d7%99%d7%9d/#main; https://aravaff.co.il/movies/%d7%a1%d7%99%d7%a4%d7%95%d7%a8%d7%9d-%d7%a9%d7%9c-%d7%a9%d7%a0%d7%99-%d7%a4%d7%a8%d7%a7%d7%9c%d7%99%d7%98%d7%99%d7%9d/
monika willi,medium,hebert,,קרן קולנוע ערבה,2,,https://aravaff.co.il/movies/%d7%a1%d7%a8%d7%98-%d7%9c%d7%91%d7%9f/; https://aravaff.co.il/movies/%d7%a1%d7%a8%d7%98-%d7%9c%d7%91%d7%9f/#main
michael haneke,medium,hebert,,קרן קולנוע ערבה,2,,https://aravaff.co.il/movies/%d7%a1%d7%a8%d7%98-%d7%9c%d7%91%d7%9f/; https://aravaff.co.il/movies/%d7%a1%d7%a8%d7%98-%d7%9c%d7%91%d7%9f/#main
jean - pierre la,medium,dictabert,,קרן קולנוע ערבה,2,,https://aravaff.co.il/movies/%d7%a1%d7%a8%d7%98-%d7%9c%d7%91%d7%9f/; https://aravaff.co.il/movies/%d7%a1%d7%a8%d7%98-%d7%9c%d7%91%d7%9f/#main
##obi,medium,hebert,,קרן קולנוע ערבה,2,,https://aravaff.co.il/movies/%d7%a1%d7%a8%d7%98-%d7%9c%d7%91%d7%9f/; https://aravaff.co.il/movies/%d7%a1%d7%a8%d7%98-%d7%9c%d7%91%d7%9f/#main
ernst j,medium,hebert,,קרן קולנוע ערבה,2,,https://aravaff.co.il/movies/%d7%a1%d7%a8%d7%98-%d7%9c%d7%91%d7%9f/; https://aravaff.co.il/movies/%d7%a1%d7%a8%d7%98-%d7%9c%d7%91%d7%9f/#main
christian ber,medium,dictabert,,קרן קולנוע ערבה,2,,https://aravaff.co.il/movies/%d7%a1%d7%a8%d7%98-%d7%9c%d7%91%d7%9f/; https://aravaff.co.il/movies/%d7%a1%d7%a8%d7%98-%d7%9c%d7%91%d7%9f/#main
אופק האירועים,medium,hebert,במאי,קרן קולנוע ערבה,2,2024,https://aravaff.co.il/movies/%d7%a1%d7%a8%d7%98%d7%99-%d7%a7%d7%a8%d7%9f-%d7%94%d7%a7%d7%95%d7%9c%d7%a0%d7%95%d7%a2-%d7%a2%d7%a8%d7%91%d7%94/; https://aravaff.co.il/movies/%d7%a1%d7%a8%d7%98%d7%99-%d7%a7%d7%a8%d7%9f-%d7%94%d7%a7%d7%95%d7%9c%d7%a0%d7%95%d7%a2-%d7%a2%d7%a8%d7%91%d7%94/#main
##ursat uresin,medium,hebert,,קרן קולנוע ערבה,2,2023,https://aravaff.co.il/movies/%d7%a2%d7%9c-%d7%a2%d7%a9%d7%91%d7%99%d7%9d-%d7%99%d7%91%d7%a9%d7%99%d7%9d/#main; https://aravaff.co.il/movies/%d7%a2%d7%9c-%d7%a2%d7%a9%d7%91%d7%99%d7%9d-%d7%99%d7%91%d7%a9%d7%99%d7%9d/
מרווה דיז,medium,dictabert,"במאי, שחקן",קרן קולנוע ערבה,2,2023,https://aravaff.co.il/movies/%d7%a2%d7%9c-%d7%a2%d7%a9%d7%91%d7%99%d7%9d-%d7%99%d7%91%d7%a9%d7%99%d7%9d/#main; https://aravaff.co.il/movies/%d7%a2%d7%9c-%d7%a2%d7%a9%d7%91%d7%99%d7%9d-%d7%99%d7%91%d7%a9%d7%99%d7%9d/
kur,medium,dictabert,,קרן קולנוע ערבה,2,2023,https://aravaff.co.il/movies/%d7%a2%d7%9c-%d7%a2%d7%a9%d7%91%d7%99%d7%9d-%d7%99%d7%91%d7%a9%d7%99%d7%9d/#main; https://aravaff.co.il/movies/%d7%a2%d7%9c-%d7%a2%d7%a9%d7%91%d7%99%d7%9d-%d7%99%d7%91%d7%a9%d7%99%d7%9d/
מרווה דיזדר,medium,hebert,"במאי, שחקן",קרן קולנוע ערבה,2,2023,https://aravaff.co.il/movies/%d7%a2%d7%9c-%d7%a2%d7%a9%d7%91%d7%99%d7%9d-%d7%99%d7%91%d7%a9%d7%99%d7%9d/#main; https://aravaff.co.il/movies/%d7%a2%d7%9c-%d7%a2%d7%a9%d7%91%d7%99%d7%9d-%d7%99%d7%91%d7%a9%d7%99%d7%9d/
סאמט,high,dictabert+hebert,מנהל,קרן קולנוע ערבה,2,2023,https://aravaff.co.il/movies/%d7%a2%d7%9c-%d7%a2%d7%a9%d7%91%d7%99%d7%9d-%d7%99%d7%91%d7%a9%d7%99%d7%9d/#main; https://aravaff.co.il/movies/%d7%a2%d7%9c-%d7%a2%d7%a9%d7%91%d7%99%d7%9d-%d7%99%d7%91%d7%a9%d7%99%d7%9d/
אקי קאוריסמקי,medium,hebert,במאי,קרן קולנוע ערבה,2,2023,https://aravaff.co.il/movies/%d7%a2%d7%9c%d7%99-%d7%a9%d7%9c%d7%9b%d7%aa/; https://aravaff.co.il/movies/%d7%a2%d7%9c%d7%99-%d7%a9%d7%9c%d7%9b%d7%aa/#main
mark lwoff,medium,hebert,,קרן קולנוע ערבה,2,2023,https://aravaff.co.il/movies/%d7%a2%d7%9c%d7%99-%d7%a9%d7%9c%d7%9b%d7%aa/; https://aravaff.co.il/movies/%d7%a2%d7%9c%d7%99-%d7%a9%d7%9c%d7%9b%d7%aa/#main
aki kaurismaki,medium,hebert,,קרן קולנוע ערבה,2,2023,https://aravaff.co.il/movies/%d7%a2%d7%9c%d7%99-%d7%a9%d7%9c%d7%9b%d7%aa/; https://aravaff.co.il/movies/%d7%a2%d7%9c%d7%99-%d7%a9%d7%9c%d7%9b%d7%aa/#main
alma poyst,medium,hebert,,קרן קולנוע ערבה,2,2023,https://aravaff.co.il/movies/%d7%a2%d7%9c%d7%99-%d7%a9%d7%9c%d7%9b%d7%aa/; https://aravaff.co.il/movies/%d7%a2%d7%9c%d7%99-%d7%a9%d7%9c%d7%9b%d7%aa/#main
timo salminen,medium,hebert,,קרן קולנוע ערבה,2,2023,https://aravaff.co.il/movies/%d7%a2%d7%9c%d7%99-%d7%a9%d7%9c%d7%9b%d7%aa/; https://aravaff.co.il/movies/%d7%a2%d7%9c%d7%99-%d7%a9%d7%9c%d7%9b%d7%aa/#main
קאוריסמקי,medium,hebert,במאי,קרן קולנוע ערבה,2,2023,https://aravaff.co.il/movies/%d7%a2%d7%9c%d7%99-%d7%a9%d7%9c%d7%9b%d7%aa/; https://aravaff.co.il/movies/%d7%a2%d7%9c%d7%99-%d7%a9%d7%9c%d7%9b%d7%aa/#main
##pu koivu,medium,hebert,,קרן קולנוע ערבה,2,2023,https://aravaff.co.il/movies/%d7%a2%d7%9c%d7%99-%d7%a9%d7%9c%d7%9b%d7%aa/; https://aravaff.co.il/movies/%d7%a2%d7%9c%d7%99-%d7%a9%d7%9c%d7%9b%d7%aa/#main
misha jaari,medium,hebert,,קרן קולנוע ערבה,2,2023,https://aravaff.co.il/movies/%d7%a2%d7%9c%d7%99-%d7%a9%d7%9c%d7%9b%d7%aa/; https://aravaff.co.il/movies/%d7%a2%d7%9c%d7%99-%d7%a9%d7%9c%d7%9b%d7%aa/#main
מינימום,medium,hebert,,קרן קולנוע ערבה,2,2023,https://aravaff.co.il/movies/%d7%a2%d7%9c%d7%99-%d7%a9%d7%9c%d7%9b%d7%aa/; https://aravaff.co.il/movies/%d7%a2%d7%9c%d7%99-%d7%a9%d7%9c%d7%9b%d7%aa/#main
אקי קאוריס,medium,hebert,במאי,קרן קולנוע ערבה,2,2023,https://aravaff.co.il/movies/%d7%a2%d7%9c%d7%99-%d7%a9%d7%9c%d7%9b%d7%aa/; https://aravaff.co.il/movies/%d7%a2%d7%9c%d7%99-%d7%a9%d7%9c%d7%9b%d7%aa/#main
heikkila,medium,hebert,,קרן קולנוע ערבה,2,2023,https://aravaff.co.il/movies/%d7%a2%d7%9c%d7%99-%d7%a9%d7%9c%d7%9b%d7%aa/; https://aravaff.co.il/movies/%d7%a2%d7%9c%d7%99-%d7%a9%d7%9c%d7%9b%d7%aa/#main
קאו,medium,dictabert,במאי,קרן קולנוע ערבה,2,2023,https://aravaff.co.il/movies/%d7%a2%d7%9c%d7%99-%d7%a9%d7%9c%d7%9b%d7%aa/; https://aravaff.co.il/movies/%d7%a2%d7%9c%d7%99-%d7%a9%d7%9c%d7%9b%d7%aa/#main
gre,medium,dictabert,,קרן קולנוע ערבה,2,2024,https://aravaff.co.il/movies/%d7%a2%d7%9d-%d7%94%d7%96%d7%a8%d7%9d/; https://aravaff.co.il/movies/%d7%a2%d7%9d-%d7%94%d7%96%d7%a8%d7%9d/#main
mat,medium,dictabert,,קרן קולנוע ערבה,2,2024,https://aravaff.co.il/movies/%d7%a2%d7%9d-%d7%94%d7%96%d7%a8%d7%9d/; https://aravaff.co.il/movies/%d7%a2%d7%9d-%d7%94%d7%96%d7%a8%d7%9d/#main
גינטס זילבאלו,medium,hebert,"במאי, מפיק",קרן קולנוע ערבה,2,2024,https://aravaff.co.il/movies/%d7%a2%d7%9d-%d7%94%d7%96%d7%a8%d7%9d/; https://aravaff.co.il/movies/%d7%a2%d7%9d-%d7%94%d7%96%d7%a8%d7%9d/#main
ron dy,medium,dictabert,,קרן קולנוע ערבה,2,2024,https://aravaff.co.il/movies/%d7%a2%d7%9d-%d7%94%d7%96%d7%a8%d7%9d/; https://aravaff.co.il/movies/%d7%a2%d7%9d-%d7%94%d7%96%d7%a8%d7%9d/#main
daniel,medium,dictabert,,קרן קולנוע ערבה,2,2025,https://aravaff.co.il/movies/%d7%a2%d7%a8%d7%9a-%d7%a1%d7%a0%d7%98%d7%99%d7%9e%d7%a0%d7%98%d7%9c%d7%99/; https://aravaff.co.il/movies/%d7%a2%d7%a8%d7%9a-%d7%a1%d7%a0%d7%98%d7%99%d7%9e%d7%a0%d7%98%d7%9c%d7%99/#main
גוסטב ( סטלן סקארסגארד ),medium,hebert,,קרן קולנוע ערבה,2,2025,https://aravaff.co.il/movies/%d7%a2%d7%a8%d7%9a-%d7%a1%d7%a0%d7%98%d7%99%d7%9e%d7%a0%d7%98%d7%9c%d7%99/; https://aravaff.co.il/movies/%d7%a2%d7%a8%d7%9a-%d7%a1%d7%a0%d7%98%d7%99%d7%9e%d7%a0%d7%98%d7%9c%d7%99/#main
andre,medium,dictabert,,קרן קולנוע ערבה,2,2025,https://aravaff.co.il/movies/%d7%a2%d7%a8%d7%9a-%d7%a1%d7%a0%d7%98%d7%99%d7%9e%d7%a0%d7%98%d7%9c%d7%99/; https://aravaff.co.il/movies/%d7%a2%d7%a8%d7%9a-%d7%a1%d7%a0%d7%98%d7%99%d7%9e%d7%a0%d7%98%d7%9c%d7%99/#main
רנטה ריינס,medium,dictabert,במאי,קרן קולנוע ערבה,2,2025,https://aravaff.co.il/movies/%d7%a2%d7%a8%d7%9a-%d7%a1%d7%a0%d7%98%d7%99%d7%9e%d7%a0%d7%98%d7%9c%d7%99/; https://aravaff.co.il/movies/%d7%a2%d7%a8%d7%9a-%d7%a1%d7%a0%d7%98%d7%99%d7%9e%d7%a0%d7%98%d7%9c%d7%99/#main
רנטה ריינסב,medium,hebert,במאי,קרן קולנוע ערבה,2,2025,https://aravaff.co.il/movies/%d7%a2%d7%a8%d7%9a-%d7%a1%d7%a0%d7%98%d7%99%d7%9e%d7%a0%d7%98%d7%9c%d7%99/; https://aravaff.co.il/movies/%d7%a2%d7%a8%d7%9a-%d7%a1%d7%a0%d7%98%d7%99%d7%9e%d7%a0%d7%98%d7%9c%d7%99/#main
פאנינג ),medium,hebert,,קרן קולנוע ערבה,2,2025,https://aravaff.co.il/movies/%d7%a2%d7%a8%d7%9a-%d7%a1%d7%a0%d7%98%d7%99%d7%9e%d7%a0%d7%98%d7%9c%d7%99/; https://aravaff.co.il/movies/%d7%a2%d7%a8%d7%9a-%d7%a1%d7%a0%d7%98%d7%99%d7%9e%d7%a0%d7%98%d7%9c%d7%99/#main
maria ekerh,medium,hebert,,קרן קולנוע ערבה,2,2025,https://aravaff.co.il/movies/%d7%a2%d7%a8%d7%9a-%d7%a1%d7%a0%d7%98%d7%99%d7%9e%d7%a0%d7%98%d7%9c%d7%99/; https://aravaff.co.il/movies/%d7%a2%d7%a8%d7%9a-%d7%a1%d7%a0%d7%98%d7%99%d7%9e%d7%a0%d7%98%d7%9c%d7%99/#main
אל פאני,medium,dictabert,שחקן,קרן קולנוע ערבה,2,2025,https://aravaff.co.il/movies/%d7%a2%d7%a8%d7%9a-%d7%a1%d7%a0%d7%98%d7%99%d7%9e%d7%a0%d7%98%d7%9c%d7%99/; https://aravaff.co.il/movies/%d7%a2%d7%a8%d7%9a-%d7%a1%d7%a0%d7%98%d7%99%d7%9e%d7%a0%d7%98%d7%9c%d7%99/#main
גוסטב,medium,dictabert,במאי,קרן קולנוע ערבה,2,2025,https://aravaff.co.il/movies/%d7%a2%d7%a8%d7%9a-%d7%a1%d7%a0%d7%98%d7%99%d7%9e%d7%a0%d7%98%d7%9c%d7%99/; https://aravaff.co.il/movies/%d7%a2%d7%a8%d7%9a-%d7%a1%d7%a0%d7%98%d7%99%d7%9e%d7%a0%d7%98%d7%9c%d7%99/#main
נורה,high,dictabert+hebert,"במאי, שחקן",קרן קולנוע ערבה,2,2025,https://aravaff.co.il/movies/%d7%a2%d7%a8%d7%9a-%d7%a1%d7%a0%d7%98%d7%99%d7%9e%d7%a0%d7%98%d7%9c%d7%99/; https://aravaff.co.il/movies/%d7%a2%d7%a8%d7%9a-%d7%a1%d7%a0%d7%98%d7%99%d7%9e%d7%a0%d7%98%d7%9c%d7%99/#main
joachim trier,medium,hebert,,קרן קולנוע ערבה,2,2025,https://aravaff.co.il/movies/%d7%a2%d7%a8%d7%9a-%d7%a1%d7%a0%d7%98%d7%99%d7%9e%d7%a0%d7%98%d7%9c%d7%99/; https://aravaff.co.il/movies/%d7%a2%d7%a8%d7%9a-%d7%a1%d7%a0%d7%98%d7%99%d7%9e%d7%a0%d7%98%d7%9c%d7%99/#main
lie,medium,dictabert,,קרן קולנוע ערבה,2,2025,https://aravaff.co.il/movies/%d7%a2%d7%a8%d7%9a-%d7%a1%d7%a0%d7%98%d7%99%d7%9e%d7%a0%d7%98%d7%9c%d7%99/; https://aravaff.co.il/movies/%d7%a2%d7%a8%d7%9a-%d7%a1%d7%a0%d7%98%d7%99%d7%9e%d7%a0%d7%98%d7%9c%d7%99/#main
eskil vogt,medium,hebert,,קרן קולנוע ערבה,2,2025,https://aravaff.co.il/movies/%d7%a2%d7%a8%d7%9a-%d7%a1%d7%a0%d7%98%d7%99%d7%9e%d7%a0%d7%98%d7%9c%d7%99/; https://aravaff.co.il/movies/%d7%a2%d7%a8%d7%9a-%d7%a1%d7%a0%d7%98%d7%99%d7%9e%d7%a0%d7%98%d7%9c%d7%99/#main
anders danielsen lie,medium,hebert,,קרן קולנוע ערבה,2,2025,https://aravaff.co.il/movies/%d7%a2%d7%a8%d7%9a-%d7%a1%d7%a0%d7%98%d7%99%d7%9e%d7%a0%d7%98%d7%9c%d7%99/; https://aravaff.co.il/movies/%d7%a2%d7%a8%d7%9a-%d7%a1%d7%a0%d7%98%d7%99%d7%9e%d7%a0%d7%98%d7%9c%d7%99/#main
מסלול,medium,hebert,שחקן,קרן קולנוע ערבה,2,2025,https://aravaff.co.il/movies/%d7%a2%d7%a8%d7%9a-%d7%a1%d7%a0%d7%98%d7%99%d7%9e%d7%a0%d7%98%d7%9c%d7%99/; https://aravaff.co.il/movies/%d7%a2%d7%a8%d7%9a-%d7%a1%d7%a0%d7%98%d7%99%d7%9e%d7%a0%d7%98%d7%9c%d7%99/#main
פוניו וסוסקה,medium,hebert,,קרן קולנוע ערבה,2,,https://aravaff.co.il/movies/%d7%a4%d7%95%d7%a0%d7%99%d7%95-%d7%a2%d7%9c-%d7%94%d7%a6%d7%95%d7%a7-%d7%9c%d7%99%d7%93-%d7%94%d7%99%d7%9d/#main; https://aravaff.co.il/movies/%d7%a4%d7%95%d7%a0%d7%99%d7%95-%d7%a2%d7%9c-%d7%94%d7%a6%d7%95%d7%a7-%d7%9c%d7%99%d7%93-%d7%94%d7%99%d7%9d/
פוניו,medium,hebert,,קרן קולנוע ערבה,2,,https://aravaff.co.il/movies/%d7%a4%d7%95%d7%a0%d7%99%d7%95-%d7%a2%d7%9c-%d7%94%d7%a6%d7%95%d7%a7-%d7%9c%d7%99%d7%93-%d7%94%d7%99%d7%9d/#main; https://aravaff.co.il/movies/%d7%a4%d7%95%d7%a0%d7%99%d7%95-%d7%a2%d7%9c-%d7%94%d7%a6%d7%95%d7%a7-%d7%9c%d7%99%d7%93-%d7%94%d7%99%d7%9d/
סוסקה,medium,hebert,,קרן קולנוע ערבה,2,,https://aravaff.co.il/movies/%d7%a4%d7%95%d7%a0%d7%99%d7%95-%d7%a2%d7%9c-%d7%94%d7%a6%d7%95%d7%a7-%d7%9c%d7%99%d7%93-%d7%94%d7%99%d7%9d/#main; https://aravaff.co.il/movies/%d7%a4%d7%95%d7%a0%d7%99%d7%95-%d7%a2%d7%9c-%d7%94%d7%a6%d7%95%d7%a7-%d7%9c%d7%99%d7%93-%d7%94%d7%99%d7%9d/
genzaburo yoshino,medium,hebert,,קרן קולנוע ערבה,2,,https://aravaff.co.il/movies/%d7%a4%d7%95%d7%a0%d7%99%d7%95-%d7%a2%d7%9c-%d7%94%d7%a6%d7%95%d7%a7-%d7%9c%d7%99%d7%93-%d7%94%d7%99%d7%9d/#main; https://aravaff.co.il/movies/%d7%a4%d7%95%d7%a0%d7%99%d7%95-%d7%a2%d7%9c-%d7%94%d7%a6%d7%95%d7%a7-%d7%9c%d7%99%d7%93-%d7%94%d7%99%d7%9d/
takeshi seyama,medium,hebert,,קרן קולנוע ערבה,2,,https://aravaff.co.il/movies/%d7%a4%d7%95%d7%a0%d7%99%d7%95-%d7%a2%d7%9c-%d7%94%d7%a6%d7%95%d7%a7-%d7%9c%d7%99%d7%93-%d7%94%d7%99%d7%9d/#main; https://aravaff.co.il/movies/%d7%a4%d7%95%d7%a0%d7%99%d7%95-%d7%a2%d7%9c-%d7%94%d7%a6%d7%95%d7%a7-%d7%9c%d7%99%d7%93-%d7%94%d7%99%d7%9d/
פוני,medium,dictabert,,קרן קולנוע ערבה,2,,https://aravaff.co.il/movies/%d7%a4%d7%95%d7%a0%d7%99%d7%95-%d7%a2%d7%9c-%d7%94%d7%a6%d7%95%d7%a7-%d7%9c%d7%99%d7%93-%d7%94%d7%99%d7%9d/#main; https://aravaff.co.il/movies/%d7%a4%d7%95%d7%a0%d7%99%d7%95-%d7%a2%d7%9c-%d7%94%d7%a6%d7%95%d7%a7-%d7%9c%d7%99%d7%93-%d7%94%d7%99%d7%9d/
##זאקי,medium,hebert,,קרן קולנוע ערבה,2,,https://aravaff.co.il/movies/%d7%a4%d7%95%d7%a0%d7%99%d7%95-%d7%a2%d7%9c-%d7%94%d7%a6%d7%95%d7%a7-%d7%9c%d7%99%d7%93-%d7%94%d7%99%d7%9d/#main; https://aravaff.co.il/movies/%d7%a4%d7%95%d7%a0%d7%99%d7%95-%d7%a2%d7%9c-%d7%94%d7%a6%d7%95%d7%a7-%d7%9c%d7%99%d7%93-%d7%94%d7%99%d7%9d/
אלי גורנשטיין,medium,hebert,"במאי, מפיק",קרן קולנוע ערבה,2,2023,https://aravaff.co.il/movies/%d7%a4%d7%a0%d7%a1-%d7%91%d7%95%d7%93%d7%93/#main; https://aravaff.co.il/movies/%d7%a4%d7%a0%d7%a1-%d7%91%d7%95%d7%93%d7%93/
אלי גור,medium,dictabert,"במאי, מפיק",קרן קולנוע ערבה,2,2023,https://aravaff.co.il/movies/%d7%a4%d7%a0%d7%a1-%d7%91%d7%95%d7%93%d7%93/#main; https://aravaff.co.il/movies/%d7%a4%d7%a0%d7%a1-%d7%91%d7%95%d7%93%d7%93/
שני ברט עיצוב,medium,hebert,,קרן קולנוע ערבה,2,2023,https://aravaff.co.il/movies/%d7%a4%d7%a0%d7%a1-%d7%91%d7%95%d7%93%d7%93/#main; https://aravaff.co.il/movies/%d7%a4%d7%a0%d7%a1-%d7%91%d7%95%d7%93%d7%93/
זהר ברוק,high,dictabert+hebert,"במאי, מפיק",קרן קולנוע ערבה,2,2023,https://aravaff.co.il/movies/%d7%a4%d7%a0%d7%a1-%d7%91%d7%95%d7%93%d7%93/#main; https://aravaff.co.il/movies/%d7%a4%d7%a0%d7%a1-%d7%91%d7%95%d7%93%d7%93/
הילה גיא,high,dictabert+hebert,"במאי, מפיק",קרן קולנוע ערבה,2,2023,https://aravaff.co.il/movies/%d7%a4%d7%a0%d7%a1-%d7%91%d7%95%d7%93%d7%93/#main; https://aravaff.co.il/movies/%d7%a4%d7%a0%d7%a1-%d7%91%d7%95%d7%93%d7%93/
יעל עמית,medium,hebert,"במאי, מפיק",קרן קולנוע ערבה,2,2023,https://aravaff.co.il/movies/%d7%a4%d7%a0%d7%a1-%d7%91%d7%95%d7%93%d7%93/#main; https://aravaff.co.il/movies/%d7%a4%d7%a0%d7%a1-%d7%91%d7%95%d7%93%d7%93/
ניל גיבס,medium,hebert,מפיק,קרן קולנוע ערבה,2,2023,https://aravaff.co.il/movies/%d7%a4%d7%a0%d7%a1-%d7%91%d7%95%d7%93%d7%93/#main; https://aravaff.co.il/movies/%d7%a4%d7%a0%d7%a1-%d7%91%d7%95%d7%93%d7%93/
טלילה פרנק מדינה,medium,hebert,,קרן קולנוע ערבה,2,2023,https://aravaff.co.il/movies/%d7%a4%d7%a0%d7%a1-%d7%91%d7%95%d7%93%d7%93/#main; https://aravaff.co.il/movies/%d7%a4%d7%a0%d7%a1-%d7%91%d7%95%d7%93%d7%93/
שפיר סרוסי,high,dictabert+hebert,"במאי, מפיק",קרן קולנוע ערבה,2,2023,https://aravaff.co.il/movies/%d7%a4%d7%a0%d7%a1-%d7%91%d7%95%d7%93%d7%93/#main; https://aravaff.co.il/movies/%d7%a4%d7%a0%d7%a1-%d7%91%d7%95%d7%93%d7%93/
ימי,medium,hebert,,קרן קולנוע ערבה,2,2024,https://aravaff.co.il/movies/%d7%a4%d7%a8%d7%94-%d7%a4%d7%a8%d7%94/; https://aravaff.co.il/movies/%d7%a4%d7%a8%d7%94-%d7%a4%d7%a8%d7%94/#main
לואיז קורבוזייה,medium,hebert,במאי,קרן קולנוע ערבה,2,2024,https://aravaff.co.il/movies/%d7%a4%d7%a8%d7%94-%d7%a4%d7%a8%d7%94/; https://aravaff.co.il/movies/%d7%a4%d7%a8%d7%94-%d7%a4%d7%a8%d7%94/#main
טוטון,medium,hebert,,קרן קולנוע ערבה,2,2024,https://aravaff.co.il/movies/%d7%a4%d7%a8%d7%94-%d7%a4%d7%a8%d7%94/; https://aravaff.co.il/movies/%d7%a4%d7%a8%d7%94-%d7%a4%d7%a8%d7%94/#main
טוטו,medium,dictabert,,קרן קולנוע ערבה,2,2024,https://aravaff.co.il/movies/%d7%a4%d7%a8%d7%94-%d7%a4%d7%a8%d7%94/; https://aravaff.co.il/movies/%d7%a4%d7%a8%d7%94-%d7%a4%d7%a8%d7%94/#main
elio balezeau,medium,hebert,,קרן קולנוע ערבה,2,2024,https://aravaff.co.il/movies/%d7%a4%d7%a8%d7%94-%d7%a4%d7%a8%d7%94/; https://aravaff.co.il/movies/%d7%a4%d7%a8%d7%94-%d7%a4%d7%a8%d7%94/#main
ז קורבוזייה,medium,hebert,במאי,קרן קולנוע ערבה,2,2024,https://aravaff.co.il/movies/%d7%a4%d7%a8%d7%94-%d7%a4%d7%a8%d7%94/; https://aravaff.co.il/movies/%d7%a4%d7%a8%d7%94-%d7%a4%d7%a8%d7%94/#main
dimitri baudry,medium,hebert,,קרן קולנוע ערבה,2,2024,https://aravaff.co.il/movies/%d7%a4%d7%a8%d7%94-%d7%a4%d7%a8%d7%94/; https://aravaff.co.il/movies/%d7%a4%d7%a8%d7%94-%d7%a4%d7%a8%d7%94/#main
hun,medium,dictabert,,קרן קולנוע ערבה,2,,https://aravaff.co.il/movies/%d7%a4%d7%a8%d7%99%d7%96-%d7%98%d7%a7%d7%a1%d7%a1/#main; https://aravaff.co.il/movies/%d7%a4%d7%a8%d7%99%d7%96-%d7%98%d7%a7%d7%a1%d7%a1/
sam shepard,medium,hebert,,קרן קולנוע ערבה,2,,https://aravaff.co.il/movies/%d7%a4%d7%a8%d7%99%d7%96-%d7%98%d7%a7%d7%a1%d7%a1/#main; https://aravaff.co.il/movies/%d7%a4%d7%a8%d7%99%d7%96-%d7%98%d7%a7%d7%a1%d7%a1/
rob,medium,dictabert,,קרן קולנוע ערבה,2,,https://aravaff.co.il/movies/%d7%a4%d7%a8%d7%99%d7%96-%d7%98%d7%a7%d7%a1%d7%a1/#main; https://aravaff.co.il/movies/%d7%a4%d7%a8%d7%99%d7%96-%d7%98%d7%a7%d7%a1%d7%a1/
m. kit carson,medium,hebert,,קרן קולנוע ערבה,2,,https://aravaff.co.il/movies/%d7%a4%d7%a8%d7%99%d7%96-%d7%98%d7%a7%d7%a1%d7%a1/#main; https://aravaff.co.il/movies/%d7%a4%d7%a8%d7%99%d7%96-%d7%98%d7%a7%d7%a1%d7%a1/
אמריק,medium,hebert,במאי,קרן קולנוע ערבה,2,,https://aravaff.co.il/movies/%d7%a4%d7%a8%d7%99%d7%96-%d7%98%d7%a7%d7%a1%d7%a1/#main; https://aravaff.co.il/movies/%d7%a4%d7%a8%d7%99%d7%96-%d7%98%d7%a7%d7%a1%d7%a1/
kit car,medium,dictabert,,קרן קולנוע ערבה,2,,https://aravaff.co.il/movies/%d7%a4%d7%a8%d7%99%d7%96-%d7%98%d7%a7%d7%a1%d7%a1/#main; https://aravaff.co.il/movies/%d7%a4%d7%a8%d7%99%d7%96-%d7%98%d7%a7%d7%a1%d7%a1/
har,medium,dictabert,,קרן קולנוע ערבה,2,,https://aravaff.co.il/movies/%d7%a4%d7%a8%d7%99%d7%96-%d7%98%d7%a7%d7%a1%d7%a1/#main; https://aravaff.co.il/movies/%d7%a4%d7%a8%d7%99%d7%96-%d7%98%d7%a7%d7%a1%d7%a1/
stock,medium,dictabert,,קרן קולנוע ערבה,2,,https://aravaff.co.il/movies/%d7%a4%d7%a8%d7%99%d7%96-%d7%98%d7%a7%d7%a1%d7%a1/#main; https://aravaff.co.il/movies/%d7%a4%d7%a8%d7%99%d7%96-%d7%98%d7%a7%d7%a1%d7%a1/
mul,medium,dictabert,,קרן קולנוע ערבה,2,,https://aravaff.co.il/movies/%d7%a4%d7%a8%d7%99%d7%96-%d7%98%d7%a7%d7%a1%d7%a1/#main; https://aravaff.co.il/movies/%d7%a4%d7%a8%d7%99%d7%96-%d7%98%d7%a7%d7%a1%d7%a1/
הדס ירון,high,dictabert+hebert,"במאי, מפיק",קרן קולנוע ערבה,2,2024,https://aravaff.co.il/movies/%d7%a4%d7%a8%d7%a0%d7%a6%d7%b3/#main; https://aravaff.co.il/movies/%d7%a4%d7%a8%d7%a0%d7%a6%d7%b3/
עדו ברק,high,dictabert+hebert,מפיק,קרן קולנוע ערבה,2,2024,https://aravaff.co.il/movies/%d7%a4%d7%a8%d7%a0%d7%a6%d7%b3/#main; https://aravaff.co.il/movies/%d7%a4%d7%a8%d7%a0%d7%a6%d7%b3/
דולב רפאלי,high,dictabert+hebert,מפיק,קרן קולנוע ערבה,2,2024,https://aravaff.co.il/movies/%d7%a4%d7%a8%d7%a0%d7%a6%d7%b3/#main; https://aravaff.co.il/movies/%d7%a4%d7%a8%d7%a0%d7%a6%d7%b3/
בלו דובר,medium,dictabert,מפיק,קרן קולנוע ערבה,2,2024,https://aravaff.co.il/movies/%d7%a4%d7%a8%d7%a0%d7%a6%d7%b3/#main; https://aravaff.co.il/movies/%d7%a4%d7%a8%d7%a0%d7%a6%d7%b3/
רונה - לי שמעון,high,dictabert+hebert,,קרן קולנוע ערבה,2,2024,https://aravaff.co.il/movies/%d7%a4%d7%a8%d7%a0%d7%a6%d7%b3/#main; https://aravaff.co.il/movies/%d7%a4%d7%a8%d7%a0%d7%a6%d7%b3/
בלו דוברצקי,medium,hebert,מפיק,קרן קולנוע ערבה,2,2024,https://aravaff.co.il/movies/%d7%a4%d7%a8%d7%a0%d7%a6%d7%b3/#main; https://aravaff.co.il/movies/%d7%a4%d7%a8%d7%a0%d7%a6%d7%b3/
יוסף שטרית מדינה,medium,dictabert,,קרן קולנוע ערבה,2,2024,https://aravaff.co.il/movies/%d7%a4%d7%a8%d7%a0%d7%a6%d7%b3/#main; https://aravaff.co.il/movies/%d7%a4%d7%a8%d7%a0%d7%a6%d7%b3/
קובי מזרחי,medium,hebert,"במאי, מפיק",קרן קולנוע ערבה,2,2024,https://aravaff.co.il/movies/%d7%a4%d7%a8%d7%a0%d7%a6%d7%b3/#main; https://aravaff.co.il/movies/%d7%a4%d7%a8%d7%a0%d7%a6%d7%b3/
קימיקה,medium,hebert,"במאי, מפיק",קרן קולנוע ערבה,2,2024,https://aravaff.co.il/movies/%d7%a4%d7%a8%d7%a0%d7%a6%d7%b3/#main; https://aravaff.co.il/movies/%d7%a4%d7%a8%d7%a0%d7%a6%d7%b3/
קובי מזרחי הפקות,medium,dictabert,"במאי, מפיק",קרן קולנוע ערבה,2,2024,https://aravaff.co.il/movies/%d7%a4%d7%a8%d7%a0%d7%a6%d7%b3/#main; https://aravaff.co.il/movies/%d7%a4%d7%a8%d7%a0%d7%a6%d7%b3/
גיא,medium,dictabert,מפיק,קרן קולנוע ערבה,2,2024,https://aravaff.co.il/movies/%d7%a4%d7%a8%d7%a0%d7%a6%d7%b3/#main; https://aravaff.co.il/movies/%d7%a4%d7%a8%d7%a0%d7%a6%d7%b3/
גיא כיירא,medium,hebert,מפיק,קרן קולנוע ערבה,2,2024,https://aravaff.co.il/movies/%d7%a4%d7%a8%d7%a0%d7%a6%d7%b3/#main; https://aravaff.co.il/movies/%d7%a4%d7%a8%d7%a0%d7%a6%d7%b3/
חטא,medium,hebert,"במאי, תסריטאי",קרן קולנוע ערבה,2,,https://aravaff.co.il/movies/%d7%a6%d7%b3%d7%99%d7%99%d7%a0%d7%94%d7%98%d7%90%d7%95%d7%9f/#main; https://aravaff.co.il/movies/%d7%a6%d7%b3%d7%99%d7%99%d7%a0%d7%94%d7%98%d7%90%d7%95%d7%9f/
jack nicholson,medium,hebert,,קרן קולנוע ערבה,2,,https://aravaff.co.il/movies/%d7%a6%d7%b3%d7%99%d7%99%d7%a0%d7%94%d7%98%d7%90%d7%95%d7%9f/#main; https://aravaff.co.il/movies/%d7%a6%d7%b3%d7%99%d7%99%d7%a0%d7%94%d7%98%d7%90%d7%95%d7%9f/
perry lopez,medium,hebert,,קרן קולנוע ערבה,2,,https://aravaff.co.il/movies/%d7%a6%d7%b3%d7%99%d7%99%d7%a0%d7%94%d7%98%d7%90%d7%95%d7%9f/#main; https://aravaff.co.il/movies/%d7%a6%d7%b3%d7%99%d7%99%d7%a0%d7%94%d7%98%d7%90%d7%95%d7%9f/
sam o ' steen,medium,hebert,,קרן קולנוע ערבה,2,,https://aravaff.co.il/movies/%d7%a6%d7%b3%d7%99%d7%99%d7%a0%d7%94%d7%98%d7%90%d7%95%d7%9f/#main; https://aravaff.co.il/movies/%d7%a6%d7%b3%d7%99%d7%99%d7%a0%d7%94%d7%98%d7%90%d7%95%d7%9f/
john a. al,medium,dictabert,,קרן קולנוע ערבה,2,,https://aravaff.co.il/movies/%d7%a6%d7%b3%d7%99%d7%99%d7%a0%d7%94%d7%98%d7%90%d7%95%d7%9f/#main; https://aravaff.co.il/movies/%d7%a6%d7%b3%d7%99%d7%99%d7%a0%d7%94%d7%98%d7%90%d7%95%d7%9f/
מדבר,medium,hebert,,קרן קולנוע ערבה,2,,https://aravaff.co.il/movies/%d7%a6%d7%b3%d7%99%d7%99%d7%a0%d7%94%d7%98%d7%90%d7%95%d7%9f/#main; https://aravaff.co.il/movies/%d7%a6%d7%b3%d7%99%d7%99%d7%a0%d7%94%d7%98%d7%90%d7%95%d7%9f/
john huston,medium,hebert,,קרן קולנוע ערבה,2,,https://aravaff.co.il/movies/%d7%a6%d7%b3%d7%99%d7%99%d7%a0%d7%94%d7%98%d7%90%d7%95%d7%9f/#main; https://aravaff.co.il/movies/%d7%a6%d7%b3%d7%99%d7%99%d7%a0%d7%94%d7%98%d7%90%d7%95%d7%9f/
sam o ' ste,medium,dictabert,,קרן קולנוע ערבה,2,,https://aravaff.co.il/movies/%d7%a6%d7%b3%d7%99%d7%99%d7%a0%d7%94%d7%98%d7%90%d7%95%d7%9f/#main; https://aravaff.co.il/movies/%d7%a6%d7%b3%d7%99%d7%99%d7%a0%d7%94%d7%98%d7%90%d7%95%d7%9f/
faye dunaway,medium,hebert,,קרן קולנוע ערבה,2,,https://aravaff.co.il/movies/%d7%a6%d7%b3%d7%99%d7%99%d7%a0%d7%94%d7%98%d7%90%d7%95%d7%9f/#main; https://aravaff.co.il/movies/%d7%a6%d7%b3%d7%99%d7%99%d7%a0%d7%94%d7%98%d7%90%d7%95%d7%9f/
robert town,medium,dictabert,,קרן קולנוע ערבה,2,,https://aravaff.co.il/movies/%d7%a6%d7%b3%d7%99%d7%99%d7%a0%d7%94%d7%98%d7%90%d7%95%d7%9f/#main; https://aravaff.co.il/movies/%d7%a6%d7%b3%d7%99%d7%99%d7%a0%d7%94%d7%98%d7%90%d7%95%d7%9f/
וגורל,medium,hebert,"במאי, תסריטאי",קרן קולנוע ערבה,2,,https://aravaff.co.il/movies/%d7%a6%d7%b3%d7%99%d7%99%d7%a0%d7%94%d7%98%d7%90%d7%95%d7%9f/#main; https://aravaff.co.il/movies/%d7%a6%d7%b3%d7%99%d7%99%d7%a0%d7%94%d7%98%d7%90%d7%95%d7%9f/
town,medium,hebert,,קרן קולנוע ערבה,2,,https://aravaff.co.il/movies/%d7%a6%d7%b3%d7%99%d7%99%d7%a0%d7%94%d7%98%d7%90%d7%95%d7%9f/#main; https://aravaff.co.il/movies/%d7%a6%d7%b3%d7%99%d7%99%d7%a0%d7%94%d7%98%d7%90%d7%95%d7%9f/
##י דאנאוויי,medium,hebert,,קרן קולנוע ערבה,2,,https://aravaff.co.il/movies/%d7%a6%d7%b3%d7%99%d7%99%d7%a0%d7%94%d7%98%d7%90%d7%95%d7%9f/#main; https://aravaff.co.il/movies/%d7%a6%d7%b3%d7%99%d7%99%d7%a0%d7%94%d7%98%d7%90%d7%95%d7%9f/
evans,medium,hebert,,קרן קולנוע ערבה,2,,https://aravaff.co.il/movies/%d7%a6%d7%b3%d7%99%d7%99%d7%a0%d7%94%d7%98%d7%90%d7%95%d7%9f/#main; https://aravaff.co.il/movies/%d7%a6%d7%b3%d7%99%d7%99%d7%a0%d7%94%d7%98%d7%90%d7%95%d7%9f/
john a. alonz,medium,hebert,,קרן קולנוע ערבה,2,,https://aravaff.co.il/movies/%d7%a6%d7%b3%d7%99%d7%99%d7%a0%d7%94%d7%98%d7%90%d7%95%d7%9f/#main; https://aravaff.co.il/movies/%d7%a6%d7%b3%d7%99%d7%99%d7%a0%d7%94%d7%98%d7%90%d7%95%d7%9f/
האנאי הנג'ירו,medium,hebert,,קרן קולנוע ערבה,2,2025,https://aravaff.co.il/movies/%d7%a7%d7%95%d7%a7%d7%95%d7%94%d7%95/; https://aravaff.co.il/movies/%d7%a7%d7%95%d7%a7%d7%95%d7%94%d7%95/#main
לי סאנג ־ איל,medium,dictabert,,קרן קולנוע ערבה,2,2025,https://aravaff.co.il/movies/%d7%a7%d7%95%d7%a7%d7%95%d7%94%d7%95/; https://aravaff.co.il/movies/%d7%a7%d7%95%d7%a7%d7%95%d7%94%d7%95/#main
קיקואו,medium,hebert,שחקן,קרן קולנוע ערבה,2,2025,https://aravaff.co.il/movies/%d7%a7%d7%95%d7%a7%d7%95%d7%94%d7%95/; https://aravaff.co.il/movies/%d7%a7%d7%95%d7%a7%d7%95%d7%94%d7%95/#main
ברגמן,high,dictabert+hebert,,קרן קולנוע ערבה,2,,https://aravaff.co.il/movies/%d7%a7%d7%96%d7%91%d7%9c%d7%a0%d7%a7%d7%94/#main; https://aravaff.co.il/movies/%d7%a7%d7%96%d7%91%d7%9c%d7%a0%d7%a7%d7%94/
paul hen,medium,dictabert,,קרן קולנוע ערבה,2,,https://aravaff.co.il/movies/%d7%a7%d7%96%d7%91%d7%9c%d7%a0%d7%a7%d7%94/#main; https://aravaff.co.il/movies/%d7%a7%d7%96%d7%91%d7%9c%d7%a0%d7%a7%d7%94/
האמפרי בוגארט ואינגריד ברגמן,medium,hebert,,קרן קולנוע ערבה,2,,https://aravaff.co.il/movies/%d7%a7%d7%96%d7%91%d7%9c%d7%a0%d7%a7%d7%94/#main; https://aravaff.co.il/movies/%d7%a7%d7%96%d7%91%d7%9c%d7%a0%d7%a7%d7%94/
hum,medium,dictabert,,קרן קולנוע ערבה,2,,https://aravaff.co.il/movies/%d7%a7%d7%96%d7%91%d7%9c%d7%a0%d7%a7%d7%94/#main; https://aravaff.co.il/movies/%d7%a7%d7%96%d7%91%d7%9c%d7%a0%d7%a7%d7%94/
האמפרי בוג,medium,dictabert,,קרן קולנוע ערבה,2,,https://aravaff.co.il/movies/%d7%a7%d7%96%d7%91%d7%9c%d7%a0%d7%a7%d7%94/#main; https://aravaff.co.il/movies/%d7%a7%d7%96%d7%91%d7%9c%d7%a0%d7%a7%d7%94/
בוגארט,medium,hebert,,קרן קולנוע ערבה,2,,https://aravaff.co.il/movies/%d7%a7%d7%96%d7%91%d7%9c%d7%a0%d7%a7%d7%94/#main; https://aravaff.co.il/movies/%d7%a7%d7%96%d7%91%d7%9c%d7%a0%d7%a7%d7%94/
אנרי רוסו,high,dictabert+hebert,,קרן קולנוע ערבה,2,1998,https://aravaff.co.il/movies/%d7%a7%d7%99%d7%a8%d7%99%d7%a7%d7%95-%d7%95%d7%94%d7%9e%d7%9b%d7%a9%d7%a4%d7%94/; https://aravaff.co.il/movies/%d7%a7%d7%99%d7%a8%d7%99%d7%a7%d7%95-%d7%95%d7%94%d7%9e%d7%9b%d7%a9%d7%a4%d7%94/#main
קירי,medium,dictabert,במאי,קרן קולנוע ערבה,2,1998,https://aravaff.co.il/movies/%d7%a7%d7%99%d7%a8%d7%99%d7%a7%d7%95-%d7%95%d7%94%d7%9e%d7%9b%d7%a9%d7%a4%d7%94/; https://aravaff.co.il/movies/%d7%a7%d7%99%d7%a8%d7%99%d7%a7%d7%95-%d7%95%d7%94%d7%9e%d7%9b%d7%a9%d7%a4%d7%94/#main
קיריקו,medium,hebert,במאי,קרן קולנוע ערבה,2,1998,https://aravaff.co.il/movies/%d7%a7%d7%99%d7%a8%d7%99%d7%a7%d7%95-%d7%95%d7%94%d7%9e%d7%9b%d7%a9%d7%a4%d7%94/; https://aravaff.co.il/movies/%d7%a7%d7%99%d7%a8%d7%99%d7%a7%d7%95-%d7%95%d7%94%d7%9e%d7%9b%d7%a9%d7%a4%d7%94/#main
פני בן דוד,high,dictabert+hebert,במאי,קרן קולנוע ערבה,2,,https://aravaff.co.il/movies/%d7%a7%d7%a6%d7%a8-%d7%91%d7%9e%d7%93%d7%91%d7%a8-%d7%a1%d7%a8%d7%98%d7%99-%d7%a7%d7%a8%d7%9f-%d7%a7%d7%95%d7%9c%d7%a0%d7%95%d7%a2-%d7%94%d7%a0%d7%92%d7%91-%d7%94%d7%9e%d7%90%d7%95%d7%97%d7%93/; https://aravaff.co.il/movies/%d7%a7%d7%a6%d7%a8-%d7%91%d7%9e%d7%93%d7%91%d7%a8-%d7%a1%d7%a8%d7%98%d7%99-%d7%a7%d7%a8%d7%9f-%d7%a7%d7%95%d7%9c%d7%a0%d7%95%d7%a2-%d7%94%d7%a0%d7%92%d7%91-%d7%94%d7%9e%d7%90%d7%95%d7%97%d7%93/#main
מז'ימ,medium,dictabert,,קרן קולנוע ערבה,2,2023,https://aravaff.co.il/movies/%d7%a8%d7%95%d7%96%d7%90%d7%9c%d7%99/#main; https://aravaff.co.il/movies/%d7%a8%d7%95%d7%96%d7%90%d7%9c%d7%99/
alain attal,medium,hebert,,קרן קולנוע ערבה,2,2023,https://aravaff.co.il/movies/%d7%a8%d7%95%d7%96%d7%90%d7%9c%d7%99/#main; https://aravaff.co.il/movies/%d7%a8%d7%95%d7%96%d7%90%d7%9c%d7%99/
הוקרן,medium,hebert,,קרן קולנוע ערבה,2,2023,https://aravaff.co.il/movies/%d7%a8%d7%95%d7%96%d7%90%d7%9c%d7%99/#main; https://aravaff.co.il/movies/%d7%a8%d7%95%d7%96%d7%90%d7%9c%d7%99/
נדיה טרס,medium,dictabert,"במאי, מפיק",קרן קולנוע ערבה,2,2023,https://aravaff.co.il/movies/%d7%a8%d7%95%d7%96%d7%90%d7%9c%d7%99/#main; https://aravaff.co.il/movies/%d7%a8%d7%95%d7%96%d7%90%d7%9c%d7%99/
רוזאלי,medium,hebert,,קרן קולנוע ערבה,2,2023,https://aravaff.co.il/movies/%d7%a8%d7%95%d7%96%d7%90%d7%9c%d7%99/#main; https://aravaff.co.il/movies/%d7%a8%d7%95%d7%96%d7%90%d7%9c%d7%99/
romain comp,medium,hebert,,קרן קולנוע ערבה,2,2023,https://aravaff.co.il/movies/%d7%a8%d7%95%d7%96%d7%90%d7%9c%d7%99/#main; https://aravaff.co.il/movies/%d7%a8%d7%95%d7%96%d7%90%d7%9c%d7%99/
##in biol,medium,hebert,,קרן קולנוע ערבה,2,2023,https://aravaff.co.il/movies/%d7%a8%d7%95%d7%96%d7%90%d7%9c%d7%99/#main; https://aravaff.co.il/movies/%d7%a8%d7%95%d7%96%d7%90%d7%9c%d7%99/
סטפני די,medium,dictabert,"במאי, מפיק",קרן קולנוע ערבה,2,2023,https://aravaff.co.il/movies/%d7%a8%d7%95%d7%96%d7%90%d7%9c%d7%99/#main; https://aravaff.co.il/movies/%d7%a8%d7%95%d7%96%d7%90%d7%9c%d7%99/
nassim gordji tehrani,medium,hebert,,קרן קולנוע ערבה,2,2023,https://aravaff.co.il/movies/%d7%a8%d7%95%d7%96%d7%90%d7%9c%d7%99/#main; https://aravaff.co.il/movies/%d7%a8%d7%95%d7%96%d7%90%d7%9c%d7%99/
giusto,medium,hebert,,קרן קולנוע ערבה,2,2023,https://aravaff.co.il/movies/%d7%a8%d7%95%d7%96%d7%90%d7%9c%d7%99/#main; https://aravaff.co.il/movies/%d7%a8%d7%95%d7%96%d7%90%d7%9c%d7%99/
alexandra echkenazi,medium,hebert,,קרן קולנוע ערבה,2,2023,https://aravaff.co.il/movies/%d7%a8%d7%95%d7%96%d7%90%d7%9c%d7%99/#main; https://aravaff.co.il/movies/%d7%a8%d7%95%d7%96%d7%90%d7%9c%d7%99/
benoit magimel,medium,hebert,,קרן קולנוע ערבה,2,2023,https://aravaff.co.il/movies/%d7%a8%d7%95%d7%96%d7%90%d7%9c%d7%99/#main; https://aravaff.co.il/movies/%d7%a8%d7%95%d7%96%d7%90%d7%9c%d7%99/
stephanie,medium,hebert,,קרן קולנוע ערבה,2,2023,https://aravaff.co.il/movies/%d7%a8%d7%95%d7%96%d7%90%d7%9c%d7%99/#main; https://aravaff.co.il/movies/%d7%a8%d7%95%d7%96%d7%90%d7%9c%d7%99/
ובנו,medium,dictabert,"במאי, מפיק",קרן קולנוע ערבה,2,2023,https://aravaff.co.il/movies/%d7%a8%d7%95%d7%96%d7%90%d7%9c%d7%99/#main; https://aravaff.co.il/movies/%d7%a8%d7%95%d7%96%d7%90%d7%9c%d7%99/
נדיה טרסקיביץ'ובנואה מז'ימל,medium,hebert,,קרן קולנוע ערבה,2,2023,https://aravaff.co.il/movies/%d7%a8%d7%95%d7%96%d7%90%d7%9c%d7%99/#main; https://aravaff.co.il/movies/%d7%a8%d7%95%d7%96%d7%90%d7%9c%d7%99/
סטפני די גיוס,medium,dictabert,"במאי, מפיק",קרן קולנוע ערבה,2,2023,https://aravaff.co.il/movies/%d7%a8%d7%95%d7%96%d7%90%d7%9c%d7%99/#main; https://aravaff.co.il/movies/%d7%a8%d7%95%d7%96%d7%90%d7%9c%d7%99/
takashi shimura keiko tsushima,medium,hebert,,קרן קולנוע ערבה,2,,https://aravaff.co.il/movies/%d7%a9%d7%91%d7%a2%d7%aa-%d7%94%d7%a1%d7%9e%d7%95%d7%a8%d7%90%d7%99%d7%9d/; https://aravaff.co.il/movies/%d7%a9%d7%91%d7%a2%d7%aa-%d7%94%d7%a1%d7%9e%d7%95%d7%a8%d7%90%d7%99%d7%9d/#main
akira kurosawa,medium,hebert,,קרן קולנוע ערבה,2,,https://aravaff.co.il/movies/%d7%a9%d7%91%d7%a2%d7%aa-%d7%94%d7%a1%d7%9e%d7%95%d7%a8%d7%90%d7%99%d7%9d/; https://aravaff.co.il/movies/%d7%a9%d7%91%d7%a2%d7%aa-%d7%94%d7%a1%d7%9e%d7%95%d7%a8%d7%90%d7%99%d7%9d/#main
##h,medium,hebert,,קרן קולנוע ערבה,2,,https://aravaff.co.il/movies/%d7%a9%d7%91%d7%a2%d7%aa-%d7%94%d7%a1%d7%9e%d7%95%d7%a8%d7%90%d7%99%d7%9d/; https://aravaff.co.il/movies/%d7%a9%d7%91%d7%a2%d7%aa-%d7%94%d7%a1%d7%9e%d7%95%d7%a8%d7%90%d7%99%d7%9d/#main
yukiko shimazaki toshiro mifun,medium,hebert,,קרן קולנוע ערבה,2,,https://aravaff.co.il/movies/%d7%a9%d7%91%d7%a2%d7%aa-%d7%94%d7%a1%d7%9e%d7%95%d7%a8%d7%90%d7%99%d7%9d/; https://aravaff.co.il/movies/%d7%a9%d7%91%d7%a2%d7%aa-%d7%94%d7%a1%d7%9e%d7%95%d7%a8%d7%90%d7%99%d7%9d/#main
אקירה קורוסאווה,medium,hebert,"במאי, מפיק",קרן קולנוע ערבה,2,,https://aravaff.co.il/movies/%d7%a9%d7%91%d7%a2%d7%aa-%d7%94%d7%a1%d7%9e%d7%95%d7%a8%d7%90%d7%99%d7%9d/; https://aravaff.co.il/movies/%d7%a9%d7%91%d7%a2%d7%aa-%d7%94%d7%a1%d7%9e%d7%95%d7%a8%d7%90%d7%99%d7%9d/#main
asakazu nakai,medium,hebert,,קרן קולנוע ערבה,2,,https://aravaff.co.il/movies/%d7%a9%d7%91%d7%a2%d7%aa-%d7%94%d7%a1%d7%9e%d7%95%d7%a8%d7%90%d7%99%d7%9d/; https://aravaff.co.il/movies/%d7%a9%d7%91%d7%a2%d7%aa-%d7%94%d7%a1%d7%9e%d7%95%d7%a8%d7%90%d7%99%d7%9d/#main
##umio hayasaka,medium,hebert,,קרן קולנוע ערבה,2,,https://aravaff.co.il/movies/%d7%a9%d7%91%d7%a2%d7%aa-%d7%94%d7%a1%d7%9e%d7%95%d7%a8%d7%90%d7%99%d7%9d/; https://aravaff.co.il/movies/%d7%a9%d7%91%d7%a2%d7%aa-%d7%94%d7%a1%d7%9e%d7%95%d7%a8%d7%90%d7%99%d7%9d/#main
michael weller po,medium,hebert,,קרן קולנוע ערבה,2,,https://aravaff.co.il/movies/%d7%a9%d7%99%d7%a2%d7%a8/#main; https://aravaff.co.il/movies/%d7%a9%d7%99%d7%a2%d7%a8/
cher,medium,dictabert,,קרן קולנוע ערבה,2,,https://aravaff.co.il/movies/%d7%a9%d7%99%d7%a2%d7%a8/#main; https://aravaff.co.il/movies/%d7%a9%d7%99%d7%a2%d7%a8/
angelo,medium,hebert,,קרן קולנוע ערבה,2,,https://aravaff.co.il/movies/%d7%a9%d7%99%d7%a2%d7%a8/#main; https://aravaff.co.il/movies/%d7%a9%d7%99%d7%a2%d7%a8/
lester persky,medium,hebert,,קרן קולנוע ערבה,2,,https://aravaff.co.il/movies/%d7%a9%d7%99%d7%a2%d7%a8/#main; https://aravaff.co.il/movies/%d7%a9%d7%99%d7%a2%d7%a8/
dor,medium,dictabert,,קרן קולנוע ערבה,2,,https://aravaff.co.il/movies/%d7%a9%d7%99%d7%a2%d7%a8/#main; https://aravaff.co.il/movies/%d7%a9%d7%99%d7%a2%d7%a8/
cheryl barne,medium,hebert,,קרן קולנוע ערבה,2,,https://aravaff.co.il/movies/%d7%a9%d7%99%d7%a2%d7%a8/#main; https://aravaff.co.il/movies/%d7%a9%d7%99%d7%a2%d7%a8/
אריאל אור,high,dictabert+hebert,"במאי, מפיק",קרן קולנוע ערבה,2,2024,https://aravaff.co.il/movies/%d7%a9%d7%9b%d7%91%d7%95%d7%aa/#main; https://aravaff.co.il/movies/%d7%a9%d7%9b%d7%91%d7%95%d7%aa/
עומרי דוד,high,dictabert+hebert,"במאי, מפיק",קרן קולנוע ערבה,2,2024,https://aravaff.co.il/movies/%d7%a9%d7%9b%d7%91%d7%95%d7%aa/#main; https://aravaff.co.il/movies/%d7%a9%d7%9b%d7%91%d7%95%d7%aa/
ליאור וייצמן,high,dictabert+hebert,מפיק,קרן קולנוע ערבה,2,2024,https://aravaff.co.il/movies/%d7%a9%d7%9b%d7%91%d7%95%d7%aa/#main; https://aravaff.co.il/movies/%d7%a9%d7%9b%d7%91%d7%95%d7%aa/
זוהר מוטעין,medium,hebert,"במאי, מפיק",קרן קולנוע ערבה,2,2024,https://aravaff.co.il/movies/%d7%a9%d7%9b%d7%91%d7%95%d7%aa/#main; https://aravaff.co.il/movies/%d7%a9%d7%9b%d7%91%d7%95%d7%aa/
ניר דבורצ'ין,medium,hebert,מפיק,קרן קולנוע ערבה,2,2024,https://aravaff.co.il/movies/%d7%a9%d7%9b%d7%91%d7%95%d7%aa/#main; https://aravaff.co.il/movies/%d7%a9%d7%9b%d7%91%d7%95%d7%aa/
זוהר,medium,dictabert,"במאי, מפיק",קרן קולנוע ערבה,2,2024,https://aravaff.co.il/movies/%d7%a9%d7%9b%d7%91%d7%95%d7%aa/#main; https://aravaff.co.il/movies/%d7%a9%d7%9b%d7%91%d7%95%d7%aa/
' ין,medium,dictabert,,קרן קולנוע ערבה,2,2024,https://aravaff.co.il/movies/%d7%a9%d7%9b%d7%91%d7%95%d7%aa/#main; https://aravaff.co.il/movies/%d7%a9%d7%9b%d7%91%d7%95%d7%aa/
עמית פולק,high,dictabert+hebert,מפיק,קרן קולנוע ערבה,2,2024,https://aravaff.co.il/movies/%d7%a9%d7%9b%d7%91%d7%95%d7%aa/#main; https://aravaff.co.il/movies/%d7%a9%d7%9b%d7%91%d7%95%d7%aa/
ניר דבור,medium,dictabert,מפיק,קרן קולנוע ערבה,2,2024,https://aravaff.co.il/movies/%d7%a9%d7%9b%d7%91%d7%95%d7%aa/#main; https://aravaff.co.il/movies/%d7%a9%d7%9b%d7%91%d7%95%d7%aa/
גלי סמו,high,dictabert+hebert,"במאי, מפיק",קרן קולנוע ערבה,2,2024,https://aravaff.co.il/movies/%d7%a9%d7%9b%d7%91%d7%95%d7%aa/#main; https://aravaff.co.il/movies/%d7%a9%d7%9b%d7%91%d7%95%d7%aa/
miruna beresc,medium,hebert,,קרן קולנוע ערבה,2,2024,https://aravaff.co.il/movies/%d7%a9%d7%9c%d7%95%d7%a9%d7%94-%d7%a7%d7%99%d7%9c%d7%95%d7%9e%d7%98%d7%a8%d7%99%d7%9d-%d7%9e%d7%a1%d7%95%d7%a3-%d7%94%d7%a2%d7%95%d7%9c%d7%9d/#main; https://aravaff.co.il/movies/%d7%a9%d7%9c%d7%95%d7%a9%d7%94-%d7%a7%d7%99%d7%9c%d7%95%d7%9e%d7%98%d7%a8%d7%99%d7%9d-%d7%9e%d7%a1%d7%95%d7%a3-%d7%94%d7%a2%d7%95%d7%9c%d7%9d/
emanuel parv,medium,hebert,,קרן קולנוע ערבה,2,2024,https://aravaff.co.il/movies/%d7%a9%d7%9c%d7%95%d7%a9%d7%94-%d7%a7%d7%99%d7%9c%d7%95%d7%9e%d7%98%d7%a8%d7%99%d7%9d-%d7%9e%d7%a1%d7%95%d7%a3-%d7%94%d7%a2%d7%95%d7%9c%d7%9d/#main; https://aravaff.co.il/movies/%d7%a9%d7%9c%d7%95%d7%a9%d7%94-%d7%a7%d7%99%d7%9c%d7%95%d7%9e%d7%98%d7%a8%d7%99%d7%9d-%d7%9e%d7%a1%d7%95%d7%a3-%d7%94%d7%a2%d7%95%d7%9c%d7%9d/
valeri,medium,hebert,,קרן קולנוע ערבה,2,2024,https://aravaff.co.il/movies/%d7%a9%d7%9c%d7%95%d7%a9%d7%94-%d7%a7%d7%99%d7%9c%d7%95%d7%9e%d7%98%d7%a8%d7%99%d7%9d-%d7%9e%d7%a1%d7%95%d7%a3-%d7%94%d7%a2%d7%95%d7%9c%d7%9d/#main; https://aravaff.co.il/movies/%d7%a9%d7%9c%d7%95%d7%a9%d7%94-%d7%a7%d7%99%d7%9c%d7%95%d7%9e%d7%98%d7%a8%d7%99%d7%9d-%d7%9e%d7%a1%d7%95%d7%a3-%d7%94%d7%a2%d7%95%d7%9c%d7%9d/
עמנואל פארבו,medium,hebert,במאי,קרן קולנוע ערבה,2,2024,https://aravaff.co.il/movies/%d7%a9%d7%9c%d7%95%d7%a9%d7%94-%d7%a7%d7%99%d7%9c%d7%95%d7%9e%d7%98%d7%a8%d7%99%d7%9d-%d7%9e%d7%a1%d7%95%d7%a3-%d7%94%d7%a2%d7%95%d7%9c%d7%9d/#main; https://aravaff.co.il/movies/%d7%a9%d7%9c%d7%95%d7%a9%d7%94-%d7%a7%d7%99%d7%9c%d7%95%d7%9e%d7%98%d7%a8%d7%99%d7%9d-%d7%9e%d7%a1%d7%95%d7%a3-%d7%94%d7%a2%d7%95%d7%9c%d7%9d/
##iprian chiu,medium,hebert,,קרן קולנוע ערבה,2,2024,https://aravaff.co.il/movies/%d7%a9%d7%9c%d7%95%d7%a9%d7%94-%d7%a7%d7%99%d7%9c%d7%95%d7%9e%d7%98%d7%a8%d7%99%d7%9d-%d7%9e%d7%a1%d7%95%d7%a3-%d7%94%d7%a2%d7%95%d7%9c%d7%9d/#main; https://aravaff.co.il/movies/%d7%a9%d7%9c%d7%95%d7%a9%d7%94-%d7%a7%d7%99%d7%9c%d7%95%d7%9e%d7%98%d7%a8%d7%99%d7%9d-%d7%9e%d7%a1%d7%95%d7%a3-%d7%94%d7%a2%d7%95%d7%9c%d7%9d/
אדי,high,dictabert+hebert,מפיק,קרן קולנוע ערבה,2,2024,https://aravaff.co.il/movies/%d7%a9%d7%9c%d7%95%d7%a9%d7%94-%d7%a7%d7%99%d7%9c%d7%95%d7%9e%d7%98%d7%a8%d7%99%d7%9d-%d7%9e%d7%a1%d7%95%d7%a3-%d7%94%d7%a2%d7%95%d7%9c%d7%9d/#main; https://aravaff.co.il/movies/%d7%a9%d7%9c%d7%95%d7%a9%d7%94-%d7%a7%d7%99%d7%9c%d7%95%d7%9e%d7%98%d7%a8%d7%99%d7%9d-%d7%9e%d7%a1%d7%95%d7%a3-%d7%94%d7%a2%d7%95%d7%9c%d7%9d/
jan bak,medium,dictabert,,קרן קולנוע ערבה,2,2024,https://aravaff.co.il/movies/%d7%a9%d7%9e%d7%91%d7%94%d7%90%d7%9c%d7%94/; https://aravaff.co.il/movies/%d7%a9%d7%9e%d7%91%d7%94%d7%90%d7%9c%d7%94/#main
abinash bikram shah,medium,hebert,,קרן קולנוע ערבה,2,2024,https://aravaff.co.il/movies/%d7%a9%d7%9e%d7%91%d7%94%d7%90%d7%9c%d7%94/; https://aravaff.co.il/movies/%d7%a9%d7%9e%d7%91%d7%94%d7%90%d7%9c%d7%94/#main
aziz,medium,hebert,,קרן קולנוע ערבה,2,2024,https://aravaff.co.il/movies/%d7%a9%d7%9e%d7%91%d7%94%d7%90%d7%9c%d7%94/; https://aravaff.co.il/movies/%d7%a9%d7%9e%d7%91%d7%94%d7%90%d7%9c%d7%94/#main
kiran shrestha,medium,hebert,,קרן קולנוע ערבה,2,2024,https://aravaff.co.il/movies/%d7%a9%d7%9e%d7%91%d7%94%d7%90%d7%9c%d7%94/; https://aravaff.co.il/movies/%d7%a9%d7%9e%d7%91%d7%94%d7%90%d7%9c%d7%94/#main
פמה,medium,hebert,,קרן קולנוע ערבה,2,2024,https://aravaff.co.il/movies/%d7%a9%d7%9e%d7%91%d7%94%d7%90%d7%9c%d7%94/; https://aravaff.co.il/movies/%d7%a9%d7%9e%d7%91%d7%94%d7%90%d7%9c%d7%94/#main
bahadur bham,medium,hebert,,קרן קולנוע ערבה,2,2024,https://aravaff.co.il/movies/%d7%a9%d7%9e%d7%91%d7%94%d7%90%d7%9c%d7%94/; https://aravaff.co.il/movies/%d7%a9%d7%9e%d7%91%d7%94%d7%90%d7%9c%d7%94/#main
vesselin hrist,medium,hebert,,קרן קולנוע ערבה,2,2025,https://aravaff.co.il/movies/%d7%aa%d7%95%d7%a6%d7%a8%d7%aa-%d7%90%d7%99%d7%a8%d7%95%d7%a4%d7%94/#main; https://aravaff.co.il/movies/%d7%aa%d7%95%d7%a6%d7%a8%d7%aa-%d7%90%d7%99%d7%a8%d7%95%d7%a4%d7%94/
martin jilek,medium,hebert,,קרן קולנוע ערבה,2,2025,https://aravaff.co.il/movies/%d7%aa%d7%95%d7%a6%d7%a8%d7%aa-%d7%90%d7%99%d7%a8%d7%95%d7%a4%d7%94/#main; https://aravaff.co.il/movies/%d7%aa%d7%95%d7%a6%d7%a8%d7%aa-%d7%90%d7%99%d7%a8%d7%95%d7%a4%d7%94/
קומנדרב,medium,hebert,"מנהל, במאי",קרן קולנוע ערבה,2,2025,https://aravaff.co.il/movies/%d7%aa%d7%95%d7%a6%d7%a8%d7%aa-%d7%90%d7%99%d7%a8%d7%95%d7%a4%d7%94/#main; https://aravaff.co.il/movies/%d7%aa%d7%95%d7%a6%d7%a8%d7%aa-%d7%90%d7%99%d7%a8%d7%95%d7%a4%d7%94/
##taparmakov,medium,hebert,,קרן קולנוע ערבה,2,2025,https://aravaff.co.il/movies/%d7%aa%d7%95%d7%a6%d7%a8%d7%aa-%d7%90%d7%99%d7%a8%d7%95%d7%a4%d7%94/#main; https://aravaff.co.il/movies/%d7%aa%d7%95%d7%a6%d7%a8%d7%aa-%d7%90%d7%99%d7%a8%d7%95%d7%a4%d7%94/
קומ,medium,dictabert,"מנהל, במאי",קרן קולנוע ערבה,2,2025,https://aravaff.co.il/movies/%d7%aa%d7%95%d7%a6%d7%a8%d7%aa-%d7%90%d7%99%d7%a8%d7%95%d7%a4%d7%94/#main; https://aravaff.co.il/movies/%d7%aa%d7%95%d7%a6%d7%a8%d7%aa-%d7%90%d7%99%d7%a8%d7%95%d7%a4%d7%94/
סטפן קומנדרב,medium,hebert,"מנהל, במאי",קרן קולנוע ערבה,2,2025,https://aravaff.co.il/movies/%d7%aa%d7%95%d7%a6%d7%a8%d7%aa-%d7%90%d7%99%d7%a8%d7%95%d7%a4%d7%94/#main; https://aravaff.co.il/movies/%d7%aa%d7%95%d7%a6%d7%a8%d7%aa-%d7%90%d7%99%d7%a8%d7%95%d7%a4%d7%94/
stephan komandarev,medium,hebert,,קרן קולנוע ערבה,2,2025,https://aravaff.co.il/movies/%d7%aa%d7%95%d7%a6%d7%a8%d7%aa-%d7%90%d7%99%d7%a8%d7%95%d7%a4%d7%94/#main; https://aravaff.co.il/movies/%d7%aa%d7%95%d7%a6%d7%a8%d7%aa-%d7%90%d7%99%d7%a8%d7%95%d7%a4%d7%94/
שטרית,medium,dictabert,במאי,קרן קולנוע ערבה,2,2024,https://aravaff.co.il/movies/%d7%aa%d7%97%d7%a8%d7%95%d7%aa-%d7%9c%d7%a1%d7%a8%d7%98%d7%99%d7%9d-%d7%99%d7%a9%d7%a8%d7%90%d7%9c%d7%99%d7%9d-%d7%a2%d7%9c%d7%99%d7%9c%d7%aa%d7%99%d7%99%d7%9d-%d7%a7%d7%a6%d7%a8%d7%99%d7%9d-2/; https://aravaff.co.il/movies/%d7%aa%d7%97%d7%a8%d7%95%d7%aa-%d7%9c%d7%a1%d7%a8%d7%98%d7%99%d7%9d-%d7%99%d7%a9%d7%a8%d7%90%d7%9c%d7%99%d7%9d-%d7%a2%d7%9c%d7%99%d7%9c%d7%aa%d7%99%d7%99%d7%9d-%d7%a7%d7%a6%d7%a8%d7%99%d7%9d-2/#main
##ילה,medium,hebert,,קרן קולנוע ערבה,2,2024,https://aravaff.co.il/movies/%d7%aa%d7%97%d7%a8%d7%95%d7%aa-%d7%9c%d7%a1%d7%a8%d7%98%d7%99%d7%9d-%d7%99%d7%a9%d7%a8%d7%90%d7%9c%d7%99%d7%9d-%d7%a2%d7%9c%d7%99%d7%9c%d7%aa%d7%99%d7%99%d7%9d-%d7%a7%d7%a6%d7%a8%d7%99%d7%9d-2/; https://aravaff.co.il/movies/%d7%aa%d7%97%d7%a8%d7%95%d7%aa-%d7%9c%d7%a1%d7%a8%d7%98%d7%99%d7%9d-%d7%99%d7%a9%d7%a8%d7%90%d7%9c%d7%99%d7%9d-%d7%a2%d7%9c%d7%99%d7%9c%d7%aa%d7%99%d7%99%d7%9d-%d7%a7%d7%a6%d7%a8%d7%99%d7%9d-2/#main
מזל דגים,medium,hebert,במאי,קרן קולנוע ערבה,2,2024,https://aravaff.co.il/movies/%d7%aa%d7%97%d7%a8%d7%95%d7%aa-%d7%9c%d7%a1%d7%a8%d7%98%d7%99%d7%9d-%d7%99%d7%a9%d7%a8%d7%90%d7%9c%d7%99%d7%9d-%d7%a2%d7%9c%d7%99%d7%9c%d7%aa%d7%99%d7%99%d7%9d-%d7%a7%d7%a6%d7%a8%d7%99%d7%9d-2/; https://aravaff.co.il/movies/%d7%aa%d7%97%d7%a8%d7%95%d7%aa-%d7%9c%d7%a1%d7%a8%d7%98%d7%99%d7%9d-%d7%99%d7%a9%d7%a8%d7%90%d7%9c%d7%99%d7%9d-%d7%a2%d7%9c%d7%99%d7%9c%d7%aa%d7%99%d7%99%d7%9d-%d7%a7%d7%a6%d7%a8%d7%99%d7%9d-2/#main
לי דרור,high,dictabert+hebert,במאי,קרן קולנוע ערבה,2,2024,https://aravaff.co.il/movies/%d7%aa%d7%97%d7%a8%d7%95%d7%aa-%d7%9c%d7%a1%d7%a8%d7%98%d7%99%d7%9d-%d7%99%d7%a9%d7%a8%d7%90%d7%9c%d7%99%d7%9d-%d7%a2%d7%9c%d7%99%d7%9c%d7%aa%d7%99%d7%99%d7%9d-%d7%a7%d7%a6%d7%a8%d7%99%d7%9d-2/; https://aravaff.co.il/movies/%d7%aa%d7%97%d7%a8%d7%95%d7%aa-%d7%9c%d7%a1%d7%a8%d7%98%d7%99%d7%9d-%d7%99%d7%a9%d7%a8%d7%90%d7%9c%d7%99%d7%9d-%d7%a2%d7%9c%d7%99%d7%9c%d7%aa%d7%99%d7%99%d7%9d-%d7%a7%d7%a6%d7%a8%d7%99%d7%9d-2/#main
דפנה,medium,dictabert,במאי,קרן קולנוע ערבה,2,2024,https://aravaff.co.il/movies/%d7%aa%d7%97%d7%a8%d7%95%d7%aa-%d7%9c%d7%a1%d7%a8%d7%98%d7%99%d7%9d-%d7%99%d7%a9%d7%a8%d7%90%d7%9c%d7%99%d7%9d-%d7%a2%d7%9c%d7%99%d7%9c%d7%aa%d7%99%d7%99%d7%9d-%d7%a7%d7%a6%d7%a8%d7%99%d7%9d-2/; https://aravaff.co.il/movies/%d7%aa%d7%97%d7%a8%d7%95%d7%aa-%d7%9c%d7%a1%d7%a8%d7%98%d7%99%d7%9d-%d7%99%d7%a9%d7%a8%d7%90%d7%9c%d7%99%d7%9d-%d7%a2%d7%9c%d7%99%d7%9c%d7%aa%d7%99%d7%99%d7%9d-%d7%a7%d7%a6%d7%a8%d7%99%d7%9d-2/#main
פרנצ',high,dictabert+hebert,במאי,קרן קולנוע ערבה,2,2024,https://aravaff.co.il/movies/%d7%aa%d7%97%d7%a8%d7%95%d7%aa-%d7%9c%d7%a1%d7%a8%d7%98%d7%99%d7%9d-%d7%99%d7%a9%d7%a8%d7%90%d7%9c%d7%99%d7%9d-%d7%a2%d7%9c%d7%99%d7%9c%d7%aa%d7%99%d7%99%d7%9d-%d7%a7%d7%a6%d7%a8%d7%99%d7%9d-2/; https://aravaff.co.il/movies/%d7%aa%d7%97%d7%a8%d7%95%d7%aa-%d7%9c%d7%a1%d7%a8%d7%98%d7%99%d7%9d-%d7%99%d7%a9%d7%a8%d7%90%d7%9c%d7%99%d7%9d-%d7%a2%d7%9c%d7%99%d7%9c%d7%aa%d7%99%d7%99%d7%9d-%d7%a7%d7%a6%d7%a8%d7%99%d7%9d-2/#main
טלילה,medium,hebert,במאי,קרן קולנוע ערבה,2,2024,https://aravaff.co.il/movies/%d7%aa%d7%97%d7%a8%d7%95%d7%aa-%d7%9c%d7%a1%d7%a8%d7%98%d7%99%d7%9d-%d7%99%d7%a9%d7%a8%d7%90%d7%9c%d7%99%d7%9d-%d7%a2%d7%9c%d7%99%d7%9c%d7%aa%d7%99%d7%99%d7%9d-%d7%a7%d7%a6%d7%a8%d7%99%d7%9d-2/; https://aravaff.co.il/movies/%d7%aa%d7%97%d7%a8%d7%95%d7%aa-%d7%9c%d7%a1%d7%a8%d7%98%d7%99%d7%9d-%d7%99%d7%a9%d7%a8%d7%90%d7%9c%d7%99%d7%9d-%d7%a2%d7%9c%d7%99%d7%9c%d7%aa%d7%99%d7%99%d7%9d-%d7%a7%d7%a6%d7%a8%d7%99%d7%9d-2/#main
chris jenkins,medium,hebert,,קרן קולנוע ערבה,2,,https://aravaff.co.il/movies/%d7%aa%d7%a4%d7%95%d7%a1-%d7%aa%d7%b3%d7%92%d7%9c%d7%99%d7%9d/#main; https://aravaff.co.il/movies/%d7%aa%d7%a4%d7%95%d7%a1-%d7%aa%d7%b3%d7%92%d7%9c%d7%99%d7%9d/
אש בראנון,medium,hebert,"במאי, מפיק",קרן קולנוע ערבה,2,,https://aravaff.co.il/movies/%d7%aa%d7%a4%d7%95%d7%a1-%d7%aa%d7%b3%d7%92%d7%9c%d7%99%d7%9d/#main; https://aravaff.co.il/movies/%d7%aa%d7%a4%d7%95%d7%a1-%d7%aa%d7%b3%d7%92%d7%9c%d7%99%d7%9d/
chris je,medium,dictabert,,קרן קולנוע ערבה,2,,https://aravaff.co.il/movies/%d7%aa%d7%a4%d7%95%d7%a1-%d7%aa%d7%b3%d7%92%d7%9c%d7%99%d7%9d/#main; https://aravaff.co.il/movies/%d7%aa%d7%a4%d7%95%d7%a1-%d7%aa%d7%b3%d7%92%d7%9c%d7%99%d7%9d/
chris buck,high,dictabert+hebert,,קרן קולנוע ערבה,2,,https://aravaff.co.il/movies/%d7%aa%d7%a4%d7%95%d7%a1-%d7%aa%d7%b3%d7%92%d7%9c%d7%99%d7%9d/#main; https://aravaff.co.il/movies/%d7%aa%d7%a4%d7%95%d7%a1-%d7%aa%d7%b3%d7%92%d7%9c%d7%99%d7%9d/
chris fra,medium,dictabert,,קרן קולנוע ערבה,2,,https://aravaff.co.il/movies/stop-making-sense/; https://aravaff.co.il/movies/stop-making-sense/#main
tal,medium,hebert,,קרן קולנוע ערבה,2,,https://aravaff.co.il/movies/stop-making-sense/; https://aravaff.co.il/movies/stop-making-sense/#main
jer,medium,dictabert,,קרן קולנוע ערבה,2,,https://aravaff.co.il/movies/stop-making-sense/; https://aravaff.co.il/movies/stop-making-sense/#main
קייל,medium,hebert,,קרן קולנוע ערבה,2,,https://aravaff.co.il/movies/stop-making-sense/; https://aravaff.co.il/movies/stop-making-sense/#main
jonathan demme,medium,hebert,,קרן קולנוע ערבה,2,,https://aravaff.co.il/movies/stop-making-sense/; https://aravaff.co.il/movies/stop-making-sense/#main
chris frantz,medium,hebert,,קרן קולנוע ערבה,2,,https://aravaff.co.il/movies/stop-making-sense/; https://aravaff.co.il/movies/stop-making-sense/#main
gary goetz,medium,hebert,,קרן קולנוע ערבה,2,,https://aravaff.co.il/movies/stop-making-sense/; https://aravaff.co.il/movies/stop-making-sense/#main
harris,medium,dictabert,,קרן קולנוע ערבה,2,,https://aravaff.co.il/movies/stop-making-sense/; https://aravaff.co.il/movies/stop-making-sense/#main
david byrne,medium,hebert,,קרן קולנוע ערבה,2,,https://aravaff.co.il/movies/stop-making-sense/; https://aravaff.co.il/movies/stop-making-sense/#main
רוג'ר איברט,medium,hebert,,קרן קולנוע ערבה,2,,https://aravaff.co.il/movies/stop-making-sense/; https://aravaff.co.il/movies/stop-making-sense/#main
פולין קייל,medium,dictabert,,קרן קולנוע ערבה,2,,https://aravaff.co.il/movies/stop-making-sense/; https://aravaff.co.il/movies/stop-making-sense/#main
- 2,medium,dictabert,,קרן קולנוע ערבה,2,,https://aravaff.co.il/movies/stop-making-sense/; https://aravaff.co.il/movies/stop-making-sense/#main
רוג'ר איבר,medium,dictabert,,קרן קולנוע ערבה,2,,https://aravaff.co.il/movies/stop-making-sense/; https://aravaff.co.il/movies/stop-making-sense/#main
צוקים בימוימאיה קס,medium,hebert,,קרן קולנוע ערבה,1,2023,https://aravaff.co.il/archive/2023/
ונדרס,medium,hebert,במאי,קרן קולנוע ערבה,1,2023,https://aravaff.co.il/archive/2023/
וולך,medium,hebert,במאי,קרן קולנוע ערבה,1,2023,https://aravaff.co.il/archive/2023/
ויג'ונתן גלייזר,medium,hebert,במאי,קרן קולנוע ערבה,1,2023,https://aravaff.co.il/archive/2023/
אויערבאך דניאל אויערבאך 01,medium,hebert,,קרן קולנוע ערבה,1,2023,https://aravaff.co.il/archive/2023/
מולי,medium,dictabert,במאי,קרן קולנוע ערבה,1,2023,https://aravaff.co.il/archive/2023/
גלוריה אמא,medium,dictabert,,קרן קולנוע ערבה,1,2023,https://aravaff.co.il/archive/2023/#main
קורוס,medium,dictabert,במאי,"קרן הקולנוע ערבה, קרן קולנוע ערבה",1,2024,https://aravaff.co.il/archive/2024/
אולם רוזנטל,medium,hebert,במאי,"קרן הקולנוע ערבה, קרן קולנוע ערבה",1,2024,https://aravaff.co.il/archive/2024/
שירה,medium,dictabert,במאי,"קרן הקולנוע ערבה, קרן קולנוע ערבה",1,2024,https://aravaff.co.il/archive/2024/
עמרי ברזילי ועומר,medium,hebert,במאי,"קרן הקולנוע ערבה, קרן קולנוע ערבה",1,2024,https://aravaff.co.il/archive/2024/
דילן יוסף שטרית מדינהישראל,medium,hebert,,"קרן הקולנוע ערבה, קרן קולנוע ערבה",1,2024,https://aravaff.co.il/archive/2024/
##בוריס לוז'קין,medium,hebert,,"קרן הקולנוע ערבה, קרן קולנוע ערבה",1,2024,https://aravaff.co.il/archive/2024/
##שירה גפן,medium,hebert,,"קרן הקולנוע ערבה, קרן קולנוע ערבה",1,2024,https://aravaff.co.il/archive/2024/
פאר,medium,dictabert,במאי,"קרן הקולנוע ערבה, קרן קולנוע ערבה",1,2024,https://aravaff.co.il/archive/2024/
##ש פורמן,medium,hebert,,"קרן הקולנוע ערבה, קרן קולנוע ערבה",1,2024,https://aravaff.co.il/archive/2024/
סגל,medium,hebert,במאי,"קרן הקולנוע ערבה, קרן קולנוע ערבה",1,2024,https://aravaff.co.il/archive/2024/#main
גווא,medium,dictabert,במאי,"קרן הקולנוע ערבה, קרן קולנוע ערבה",1,2024,https://aravaff.co.il/archive/2024/#main
סיון,medium,dictabert,במאי,"קרן הקולנוע ערבה, קרן קולנוע ערבה",1,2024,https://aravaff.co.il/archive/2024/#main
דלפרו,medium,hebert,במאי,"קרן הקולנוע ערבה, קרן קולנוע ערבה",1,2024,https://aravaff.co.il/archive/2024/#main
שמבה,medium,dictabert,במאי,"קרן הקולנוע ערבה, קרן קולנוע ערבה",1,2024,https://aravaff.co.il/archive/2024/#main
אלמודובר מדינה,medium,dictabert,,"קרן הקולנוע ערבה, קרן קולנוע ערבה",1,2024,https://aravaff.co.il/archive/2024/#main
לוי,medium,dictabert,במאי,"קרן הקולנוע ערבה, קרן קולנוע ערבה",1,2024,https://aravaff.co.il/archive/2024/#main
אולם רוזנטל בימוילי דרור מדינהישר,medium,hebert,,"קרן הקולנוע ערבה, קרן קולנוע ערבה",1,2024,https://aravaff.co.il/archive/2024/#main
וימ,medium,hebert,במאי,"קרן הקולנוע ערבה, קרן קולנוע ערבה",1,2024,https://aravaff.co.il/archive/2024/#main
2024,medium,dictabert,במאי,"קרן הקולנוע ערבה, קרן קולנוע ערבה",1,2024,https://aravaff.co.il/archive/2024/#main
האב צוקים,medium,hebert,,"קרן הקולנוע ערבה, קרן קולנוע ערבה",1,2024,https://aravaff.co.il/archive/2024/#main
יוסף שטרית,medium,dictabert,במאי,"קרן הקולנוע ערבה, קרן קולנוע ערבה",1,2024,https://aravaff.co.il/archive/2024/#main
##ז אקוקה,medium,hebert,,"קרן קולנוע ערבה, קרן קולנוע נגב",1,2025,https://aravaff.co.il/archive/2025/#main
מישל פרנקו לי סאנג,medium,dictabert,,"קרן קולנוע ערבה, קרן קולנוע נגב",1,2025,https://aravaff.co.il/archive/2025/#main
לוק גודאר,medium,hebert,במאי,"קרן קולנוע ערבה, קרן קולנוע נגב",1,2025,https://aravaff.co.il/archive/2025/#main
פולנסקי,medium,dictabert,במאי,"קרן קולנוע ערבה, קרן קולנוע נגב",1,2025,https://aravaff.co.il/archive/2025/#main
אורן,medium,dictabert,במאי,"קרן קולנוע ערבה, קרן קולנוע נגב",1,2025,https://aravaff.co.il/archive/2025/#main
##אורן גרנר מדינהישר,medium,hebert,,"קרן קולנוע ערבה, קרן קולנוע נגב",1,2025,https://aravaff.co.il/archive/2025/#main
פוג,medium,hebert,במאי,"קרן קולנוע ערבה, קרן קולנוע נגב",1,2025,https://aravaff.co.il/archive/2025/#main
שרואל מדינה,medium,hebert,,"קרן קולנוע ערבה, קרן קולנוע נגב",1,2025,https://aravaff.co.il/archive/2025/#main
גרה מדינה,medium,hebert,,"קרן קולנוע ערבה, קרן קולנוע נגב",1,2025,https://aravaff.co.il/archive/2025/#main
ג'ורג',medium,dictabert,,"קרן קולנוע ערבה, קרן קולנוע נגב",1,2025,https://aravaff.co.il/archive/2025/
אולם רוזנטל בימויצ'רלי צ'פלין מדינה,medium,hebert,,"קרן קולנוע ערבה, קרן קולנוע נגב",1,2025,https://aravaff.co.il/archive/2025/
בן דוד מדינה,medium,dictabert,,"קרן קולנוע ערבה, קרן קולנוע נגב",1,2025,https://aravaff.co.il/archive/2025/
מויאש בראנון,medium,hebert,במאי,"קרן קולנוע ערבה, קרן קולנוע נגב",1,2025,https://aravaff.co.il/archive/2025/
##י דונזלי,medium,hebert,,"קרן קולנוע ערבה, קרן קולנוע נגב",1,2025,https://aravaff.co.il/archive/2025/
פני בן דוד מדינהישראל,medium,hebert,,"קרן קולנוע ערבה, קרן קולנוע נגב",1,2025,https://aravaff.co.il/archive/2025/
ציקו,medium,hebert,במאי,"קרן קולנוע ערבה, קרן קולנוע נגב",1,2025,https://aravaff.co.il/archive/2025/
בימויאורן גרנר,medium,hebert,במאי,"קרן קולנוע ערבה, קרן קולנוע נגב",1,2025,https://aravaff.co.il/archive/2025/
צ׳רלי,medium,dictabert,במאי,"קרן קולנוע ערבה, קרן קולנוע נגב",1,2025,https://aravaff.co.il/archive/2025/
בונ,medium,dictabert,במאי,"קרן קולנוע ערבה, קרן קולנוע נגב",1,2025,https://aravaff.co.il/archive/2025/
בימויג'ורג'רוי היל מדינה,medium,hebert,,"קרן קולנוע ערבה, קרן קולנוע נגב",1,2025,https://aravaff.co.il/archive/2025/
כריס באק מדינה,medium,hebert,,"קרן קולנוע ערבה, קרן קולנוע נגב",1,2025,https://aravaff.co.il/archive/2025/
ומיטשטש,medium,hebert,"במאי, תסריטאי","קרן קולנוע ערבה, קרן קולנוע נגב",1,"2020,2021,2025",https://aravaff.co.il/%d7%9c%d7%95%d7%97-%d7%94%d7%a7%d7%a8%d7%a0%d7%95%d7%aa/
צדק לשחיתות,medium,hebert,"במאי, תסריטאי","קרן קולנוע ערבה, קרן קולנוע נגב",1,"2020,2021,2025",https://aravaff.co.il/%d7%9c%d7%95%d7%97-%d7%94%d7%a7%d7%a8%d7%a0%d7%95%d7%aa/
צ׳יינהטאון,medium,hebert,,"קרן קולנוע ערבה, קרן קולנוע נגב",1,"2020,2021,2025",https://aravaff.co.il/%d7%9c%d7%95%d7%97-%d7%94%d7%a7%d7%a8%d7%a0%d7%95%d7%aa/
##ד,medium,hebert,,"קרן קולנוע ערבה, קרן קולנוע נגב",1,"2020,2021,2025",https://aravaff.co.il/%d7%9c%d7%95%d7%97-%d7%94%d7%a7%d7%a8%d7%a0%d7%95%d7%aa/
##צו,medium,hebert,,"קרן קולנוע ערבה, קרן קולנוע נגב",1,"2020,2021,2025",https://aravaff.co.il/%d7%9c%d7%95%d7%97-%d7%94%d7%a7%d7%a8%d7%a0%d7%95%d7%aa/
ליז,medium,dictabert,במאי,"קרן קולנוע ערבה, קרן קולנוע נגב",1,"2020,2021,2025",https://aravaff.co.il/%d7%9c%d7%95%d7%97-%d7%94%d7%a7%d7%a8%d7%a0%d7%95%d7%aa/
קולינ,medium,hebert,במאי,"קרן קולנוע ערבה, קרן קולנוע נגב",1,"2020,2021,2025",https://aravaff.co.il/%d7%9c%d7%95%d7%97-%d7%94%d7%a7%d7%a8%d7%a0%d7%95%d7%aa/
שינג,medium,dictabert,"במאי, מפיק, עורך","קרן קולנוע ערבה, קרן קולנוע נגב",1,"2020,2021,2025",https://aravaff.co.il/%d7%9c%d7%95%d7%97-%d7%94%d7%a7%d7%a8%d7%a0%d7%95%d7%aa/
צ׳ילאני דייגו סספדס,medium,hebert,,"קרן קולנוע ערבה, קרן קולנוע נגב",1,"2020,2021,2025",https://aravaff.co.il/%d7%9c%d7%95%d7%97-%d7%94%d7%a7%d7%a8%d7%a0%d7%95%d7%aa/
והגבולות בין אמת לשקר,medium,hebert,"במאי, תסריטאי","קרן קולנוע ערבה, קרן קולנוע נגב",1,"2020,2021,2025",https://aravaff.co.il/%d7%9c%d7%95%d7%97-%d7%94%d7%a7%d7%a8%d7%a0%d7%95%d7%aa/
ויזואל,medium,hebert,במאי,"קרן קולנוע ערבה, קרן קולנוע נגב",1,"2020,2021,2025",https://aravaff.co.il/%d7%9c%d7%95%d7%97-%d7%94%d7%a7%d7%a8%d7%a0%d7%95%d7%aa/#main
##פנט,medium,hebert,,"קרן קולנוע ערבה, קרן קולנוע נגב",1,"2020,2021,2025",https://aravaff.co.il/%d7%9c%d7%95%d7%97-%d7%94%d7%a7%d7%a8%d7%a0%d7%95%d7%aa/#main
דמיין,medium,hebert,,"קרן קולנוע ערבה, קרן קולנוע נגב",1,"2020,2021,2025",https://aravaff.co.il/%d7%9c%d7%95%d7%97-%d7%94%d7%a7%d7%a8%d7%a0%d7%95%d7%aa/#main
צ'רלי,medium,hebert,,"קרן קולנוע ערבה, קרן קולנוע נגב",1,"2020,2021,2025",https://aravaff.co.il/%d7%9c%d7%95%d7%97-%d7%94%d7%a7%d7%a8%d7%a0%d7%95%d7%aa/#main
ופיי דאנאו,medium,dictabert,,"קרן קולנוע ערבה, קרן קולנוע נגב",1,"2020,2021,2025",https://aravaff.co.il/%d7%9c%d7%95%d7%97-%d7%94%d7%a7%d7%a8%d7%a0%d7%95%d7%aa/#main
##וס,medium,hebert,,"קרן קולנוע ערבה, קרן קולנוע נגב",1,"2020,2021,2025",https://aravaff.co.il/%d7%9c%d7%95%d7%97-%d7%94%d7%a7%d7%a8%d7%a0%d7%95%d7%aa/#main
צ'יינהטאון,medium,hebert,,"קרן קולנוע ערבה, קרן קולנוע נגב",1,"2020,2021,2025",https://aravaff.co.il/%d7%9c%d7%95%d7%97-%d7%94%d7%a7%d7%a8%d7%a0%d7%95%d7%aa/#main
רומן,medium,hebert,"במאי, תסריטאי","קרן קולנוע ערבה, קרן קולנוע נגב",1,"2020,2021,2025",https://aravaff.co.il/%d7%9c%d7%95%d7%97-%d7%94%d7%a7%d7%a8%d7%a0%d7%95%d7%aa/#main
ארמ,medium,dictabert,,"קרן קולנוע ערבה, קרן קולנוע נגב",1,"2020,2021,2025",https://aravaff.co.il/%d7%9c%d7%95%d7%97-%d7%94%d7%a7%d7%a8%d7%a0%d7%95%d7%aa/#main
שון,medium,dictabert,"במאי, מפיק, עורך","קרן קולנוע ערבה, קרן קולנוע נגב",1,"2020,2021,2025",https://aravaff.co.il/%d7%9c%d7%95%d7%97-%d7%94%d7%a7%d7%a8%d7%a0%d7%95%d7%aa/#main
אלכסנדר קור,medium,hebert,,"קרן קולנוע ערבה, קרן קולנוע נגב",1,"2020,2021,2025",https://aravaff.co.il/%d7%9c%d7%95%d7%97-%d7%94%d7%a7%d7%a8%d7%a0%d7%95%d7%aa/#main
דייגו סספדס,medium,hebert,,"קרן קולנוע ערבה, קרן קולנוע נגב",1,"2020,2021,2025",https://aravaff.co.il/%d7%9c%d7%95%d7%97-%d7%94%d7%a7%d7%a8%d7%a0%d7%95%d7%aa/#main
##ן,medium,hebert,,"קרן קולנוע ערבה, קרן קולנוע נגב",1,"2020,2021,2025",https://aravaff.co.il/%d7%9c%d7%95%d7%97-%d7%94%d7%a7%d7%a8%d7%a0%d7%95%d7%aa/#main
ז'ולייט,medium,dictabert,,"קרן קולנוע ערבה, קרן קולנוע נגב",1,"2020,2021,2025",https://aravaff.co.il/%d7%9c%d7%95%d7%97-%d7%94%d7%a7%d7%a8%d7%a0%d7%95%d7%aa/#main
ושתייה,medium,hebert,,"קרן קולנוע ערבה, קרן קולנוע נגב",1,"2020,2021,2025",https://aravaff.co.il/%d7%9c%d7%95%d7%97-%d7%94%d7%a7%d7%a8%d7%a0%d7%95%d7%aa/#main
ג'יי,medium,dictabert,,"קרן קולנוע ערבה, קרן קולנוע נגב",1,"2020,2021,2025",https://aravaff.co.il/%d7%9c%d7%95%d7%97-%d7%94%d7%a7%d7%a8%d7%a0%d7%95%d7%aa/#main
קור,medium,hebert,"במאי, מפיק, עורך, מנהל, צלם","קרן קולנוע ערבה, קרן קולנוע נגב",1,"2020,2021,2025",https://aravaff.co.il/%d7%9c%d7%95%d7%97-%d7%94%d7%a7%d7%a8%d7%a0%d7%95%d7%aa/#main
מורה,medium,dictabert,"במאי, שחקן","קרן קולנוע ערבה, קרן קולנוע נגב",1,"2020,2021,2025",https://aravaff.co.il/%d7%9c%d7%95%d7%97-%d7%94%d7%a7%d7%a8%d7%a0%d7%95%d7%aa/#main
##דוף אחרי,medium,hebert,,"קרן קולנוע ערבה, קרן קולנוע נגב",1,"2020,2021,2025",https://aravaff.co.il/%d7%9c%d7%95%d7%97-%d7%94%d7%a7%d7%a8%d7%a0%d7%95%d7%aa/#main
שצ',medium,hebert,,"קרן קולנוע ערבה, קרן קולנוע נגב",1,"2020,2021,2025",https://aravaff.co.il/%d7%9c%d7%95%d7%97-%d7%94%d7%a7%d7%a8%d7%a0%d7%95%d7%aa/#main
ארמאנה,medium,hebert,,"קרן קולנוע ערבה, קרן קולנוע נגב",1,"2020,2021,2025",https://aravaff.co.il/%d7%9c%d7%95%d7%97-%d7%94%d7%a7%d7%a8%d7%a0%d7%95%d7%aa/#main
ermany,medium,hebert,,קרן קולנוע ערבה,1,2025,https://aravaff.co.il/en/all-films/#main
zakin,medium,hebert,,קרן קולנוע ערבה,1,2024,https://aravaff.co.il/en/archive/2024-en/
ri barzilai,medium,hebert,,קרן קולנוע ערבה,1,2024,https://aravaff.co.il/en/archive/2024-en/
##mbhala,medium,hebert,,קרן קולנוע ערבה,1,2024,https://aravaff.co.il/en/archive/2024-en/
