URLs to scrape: 1491
  [1/1491] ✓ https://nfct.org.il/blog/movies/%d7%90%d7%95%d7%90%d7%96%d7%99%d7%a1/ (14191 bytes)
  [2/1491] ✓ https://nfct.org.il/blog/movies/%d7%90%d7%94%d7%91%d7%94-%d7%9e%d7%aa%d7%a8%d7%92%d7%a9%d7%aa-%d7%9c%d7%91%d7%95%d7%90/ (18935 bytes)
  [3/1491] ✓ https://nfct.org.il/blog/movies/%d7%90%d7%95%d7%91%d7%a1%d7%a1%d7%99%d7%94/ (17843 bytes)
  [4/1491] ✓ https://nfct.org.il/blog/movies/%d7%90%d7%95%d7%91/ (16675 bytes)
  [5/1491] ✓ https://nfct.org.il/blog/movies/%d7%90%d7%95%d7%92%d7%95%d7%a1%d7%98-%d7%a8%d7%92%d7%a2-%d7%9c%d7%a4%d7%a0%d7%99/ (15230 bytes)
  [6/1491] ✓ https://nfct.org.il/blog/movies/%d7%90%d7%95%d7%93%d7%a1%d7%94-%d7%90%d7%95%d7%93%d7%a1%d7%94/ (17322 bytes)
  [7/1491] ✓ https://nfct.org.il/blog/movies/%d7%90%d7%95%d7%95%d7%94/ (16362 bytes)
  [8/1491] ✓ https://nfct.org.il/blog/movies/%d7%90%d7%95%d7%98%d7%95%d7%91%d7%99%d7%95%d7%92%d7%a8%d7%a4%d7%99%d7%94-%d7%a8%d7%a4%d7%95%d7%90%d7%99%d7%aa/ (15512 bytes)
  [9/1491] ✓ https://nfct.org.il/blog/movies/%d7%90%d7%95%d7%94%d7%91%d7%99%d7%9d-%d7%90%d7%95%d7%aa%d7%9a-%d7%a4%d7%98%d7%a8%d7%99%d7%a9%d7%94/ (15069 bytes)
  [10/1491] ✓ https://nfct.org.il/blog/movies/%d7%90%d7%95%d7%9b%d7%9c%d7%99%d7%9d-%d7%a4%d7%a6%d7%a6%d7%95%d7%aa/ (17658 bytes)
  [11/1491] ✓ https://nfct.org.il/blog/movies/%d7%90%d7%95%d7%9c%d7%9e%d7%a8%d7%98-%d7%94%d7%90%d7%99%d7%a9-%d7%a9%d7%a8%d7%a6%d7%94-%d7%99%d7%95%d7%aa%d7%a8-%d7%9e%d7%93%d7%99/ (16550 bytes)
  [12/1491] ✓ https://nfct.org.il/blog/movies/%d7%90%d7%95%d7%9c%d7%99%d7%9e%d7%a4%d7%99%d7%94/ (15645 bytes)
  [13/1491] ✓ https://nfct.org.il/blog/movies/%d7%90%d7%95%d7%a0%d7%a8%d7%90/ (15731 bytes)
  [14/1491] ✓ https://nfct.org.il/blog/movies/%d7%90%d7%95%d7%a4%d7%a0%d7%aa-%d7%93%d7%95%d7%93/ (13402 bytes)
  [15/1491] ✓ https://nfct.org.il/blog/movies/%d7%90%d7%95%d7%a1%d7%98%d7%95%d7%a8%d7%94/ (15931 bytes)
  [16/1491] ✓ https://nfct.org.il/blog/movies/%d7%90%d7%95%d7%a6%d7%a8-%d7%91%d7%90%d7%95%d7%a9%d7%95%d7%95%d7%99%d7%a5/ (16900 bytes)
  [17/1491] ✓ https://nfct.org.il/blog/movies/%d7%90%d7%95%d7%a8%d7%99-%d7%90%d7%91%d7%a0%d7%a8%d7%99-%d7%9c%d7%95%d7%97%d7%9d-%d7%94%d7%a9%d7%9c%d7%95%d7%9d/ (16661 bytes)
  [18/1491] ✓ https://nfct.org.il/blog/movies/%d7%90%d7%94%d7%91%d7%9c%d7%94-%d7%90%d7%a1%d7%a4%d7%a0%d7%99%d7%95%d7%9c/ (14082 bytes)
  [19/1491] ✓ https://nfct.org.il/blog/movies/%d7%90%d7%95%d7%a8%d7%a1%d7%95%d7%9c%d7%99%d7%9e%d7%95%d7%9d/ (17136 bytes)
  [20/1491] ✓ https://nfct.org.il/blog/movies/%d7%90%d7%95%d7%aa%d7%99%d7%95%d7%aa-%d7%a0%d7%a9%d7%9e%d7%94/ (15861 bytes)
  [21/1491] ✓ https://nfct.org.il/blog/movies/%d7%90%d7%95%d7%aa%d7%9a-%d7%9c%d7%90%d7%9e%d7%90/ (13321 bytes)
  [22/1491] ✓ https://nfct.org.il/blog/movies/%d7%90%d7%95%d7%a8%d7%a0%d7%94-%d7%95%d7%90%d7%9c%d7%94/ (10668 bytes)
  [23/1491] ✓ https://nfct.org.il/blog/movies/%d7%90%d7%97%d7%93-%d7%a2%d7%9c-%d7%90%d7%97%d7%93/ (14261 bytes)
  [24/1491] ✓ https://nfct.org.il/blog/movies/%d7%90%d7%95%d7%a8%d7%99-%d7%96%d7%94%d7%a8-%d7%97%d7%95%d7%96%d7%a8/ (16428 bytes)
  [25/1491] ✓ https://nfct.org.il/blog/movies/%d7%90%d7%97%d7%99%d7%95%d7%aa/ (16242 bytes)
  [26/1491] ✓ https://nfct.org.il/blog/movies/%d7%90%d7%97%d7%93-%d7%a9%d7%a0%d7%99%d7%99%d7%9d-%d7%91%d7%99%d7%aa/ (17943 bytes)
  [27/1491] ✓ https://nfct.org.il/blog/movies/%d7%90%d7%97%d7%a8%d7%99%d7%99%d7%9a-%d9%88%d9%8e%d8%b1%d8%a7%d8%a1%d9%83%d9%90/ (19131 bytes)
  [28/1491] ✓ https://nfct.org.il/blog/movies/%d7%90%d7%97%d7%a8%d7%99-%d7%a1%d7%a4%d7%99%d7%a8%d7%aa-%d7%94%d7%a7%d7%95%d7%9c%d7%95%d7%aa/ (14450 bytes)
  [29/1491] ✓ https://nfct.org.il/blog/movies/%d7%90%d7%97%d7%aa-%d7%94%d7%92%d7%a8%d7%a1%d7%90%d7%95%d7%aa/ (13283 bytes)
  [30/1491] ✓ https://nfct.org.il/blog/movies/%d7%90%d7%99%d7%95%d7%95%d7%9f-%d7%94%d7%90%d7%99%d7%95%d7%9d/ (16081 bytes)
  [31/1491] ✓ https://nfct.org.il/blog/movies/%d7%90%d7%99%d7%97%d7%a6%d7%99/ (18841 bytes)
  [32/1491] ✓ https://nfct.org.il/blog/movies/%d7%90%d7%97%d7%a8%d7%99-%d7%97%d7%a6%d7%95%d7%aa-%d7%94%d7%a1%d7%95%d7%93-%d7%94%d7%9b%d7%99-%d7%a9%d7%9e%d7%95%d7%a8-%d7%91%d7%a2%d7%99%d7%a8/ (16219 bytes)
  [33/1491] ✓ https://nfct.org.il/blog/movies/%d7%90%d7%99%d7%9a-%d7%90%d7%95%d7%9e%d7%a8%d7%95%d7%aa-%d7%a9%d7%aa%d7%99%d7%a7%d7%94/ (19601 bytes)
  [34/1491] ✓ https://nfct.org.il/blog/movies/%d7%90%d7%99%d7%9a-%d7%94%d7%a4%d7%a1%d7%a7%d7%aa%d7%99-%d7%9c%d7%a4%d7%97%d7%93-%d7%95%d7%9c%d7%9e%d7%93%d7%aa%d7%99-%d7%9c%d7%90%d7%94%d7%95%d7%91-%d7%90%d7%aa-%d7%90%d7%a8%d7%99%d7%a7-%d7%a9%d7%a8/ (21953 bytes)
  [35/1491] ✓ https://nfct.org.il/blog/movies/%d7%90%d7%99%d7%9a-%d7%9c%d7%94%d7%99%d7%95%d7%aa-%d7%9c%d7%91%d7%93/ (18636 bytes)
  [36/1491] ✓ https://nfct.org.il/blog/movies/%d7%90%d7%99%d7%9a-%d7%9e%d7%a1%d7%9e%d7%a0%d7%99%d7%9d-%d7%90%d7%94%d7%91%d7%94/ (16492 bytes)
  [37/1491] ✓ https://nfct.org.il/blog/movies/%d7%90%d7%99%d7%99%d7%9b%d7%9e%d7%9f-%d7%94%d7%94%d7%a7%d7%9c%d7%98%d7%95%d7%aa-%d7%94%d7%90%d7%91%d7%95%d7%93%d7%95%d7%aa/ (18355 bytes)
  [38/1491] ✓ https://nfct.org.il/blog/movies/%d7%90%d7%99%d7%9f-%d7%a2%d7%a6%d7%9e%d7%99-%d7%99%d7%a9-%d7%a9%d7%99%d7%a8%d7%94/ (11891 bytes)
  [39/1491] ✓ https://nfct.org.il/blog/movies/%d7%90%d7%99%d7%9f-%d7%a0%d7%a4%d7%92%d7%a2%d7%99%d7%9d-%d7%91%d7%a0%d7%a4%d7%a9/ (16298 bytes)
  [40/1491] ✓ https://nfct.org.il/blog/movies/%d7%90%d7%99%d7%a0%d7%93%d7%9c/ (16051 bytes)
  [41/1491] ✓ https://nfct.org.il/blog/movies/%d7%90%d7%99%d7%a0%d7%aa%d7%99%d7%a4%d7%90%d7%93%d7%94-%d8%a7%d8%a7%d9%84%d9%86%d8%aa%d9%81%d8%a7%d8%b6%d8%a9/ (16271 bytes)
  [42/1491] ✓ https://nfct.org.il/blog/movies/%d7%90%d7%99%d7%a0%d7%95%d7%95%d7%a0%d7%98%d7%a8/ (14741 bytes)
  [43/1491] ✓ https://nfct.org.il/blog/movies/%d7%90%d7%99%d7%a4%d7%94-%d7%90%d7%a0%d7%94-%d7%a4%d7%a8%d7%a0%d7%a7/ (28007 bytes)
  [44/1491] ✓ https://nfct.org.il/blog/movies/%d7%90%d7%99%d7%a4%d7%94-%d7%94%d7%93%d7%91%d7%a8%d7%99%d7%9d-%d7%a9%d7%9c%d7%99/ (15144 bytes)
  [45/1491] ✓ https://nfct.org.il/blog/movies/%d7%90%d7%99%d7%a4%d7%94-%d7%a9%d7%a0%d7%92%d7%9e%d7%a8%d7%99%d7%9d-%d7%94%d7%a9%d7%9e%d7%99%d7%99%d7%9d/ (16550 bytes)
  [46/1491] ✓ https://nfct.org.il/blog/movies/%d7%90%d7%99%d7%a8%d7%95%d7%a1%d7%99-%d7%93%d7%9e%d7%99%d7%9d/ (20225 bytes)
  [47/1491] ✓ https://nfct.org.il/blog/movies/%d7%90%d7%99%d7%a9%d7%94-%d7%90%d7%97%d7%95%d7%aa/ (17752 bytes)
  [48/1491] ✓ https://nfct.org.il/blog/movies/%d7%90%d7%99%d7%a0%d7%aa-%d7%a2%d7%95%d7%9e%d7%a8%d7%99/ (13803 bytes)
  [49/1491] ✓ https://nfct.org.il/blog/movies/%d7%90%d7%99%d7%a9%d7%94-%d7%a9%d7%9c-%d7%91%d7%99%d7%aa/ (15148 bytes)
  [50/1491] ✓ https://nfct.org.il/blog/movies/%d7%90%d7%99/ (13791 bytes)
  [51/1491] ✓ https://nfct.org.il/blog/movies/%d7%90%d7%99%d7%a9-%d7%94%d7%a6%d7%99%d7%a4%d7%95%d7%a8%d7%99%d7%9d/ (15071 bytes)
  [52/1491] ✓ https://nfct.org.il/blog/movies/%d7%90%d7%9c%d7%91%d7%99%d7%aa%d7%99/ (11541 bytes)
  [53/1491] ✓ https://nfct.org.il/blog/movies/%d7%90%d7%9c%d7%91%d7%a8%d7%98-%d7%a7%d7%99%d7%95%d7%a1%d7%95-3/ (19983 bytes)
  [54/1491] ✓ https://nfct.org.il/blog/movies/%d7%90%d7%9c%d7%91%d7%95%d7%9d-61/ (16484 bytes)
  [55/1491] ✓ https://nfct.org.il/blog/movies/%d7%90%d7%9c%d7%95%d7%9f-%d7%90%d7%97-%d7%a9%d7%9c%d7%99-%d7%92%d7%99%d7%91%d7%95%d7%a8/ (15341 bytes)
  [56/1491] ✓ https://nfct.org.il/blog/movies/%d7%90%d7%97%d7%a8%d7%aa/ (17864 bytes)
  [57/1491] ✓ https://nfct.org.il/blog/movies/%d7%90%d7%9c%d7%99%d7%a4%d7%9c%d7%98/ (15500 bytes)
  [58/1491] ✓ https://nfct.org.il/blog/movies/%d7%90%d7%9c%d7%9b%d7%a1-%d7%95%d7%a0%d7%93%d7%99%d7%94-%d7%9c%d7%a0%d7%a6%d7%97/ (13961 bytes)
  [59/1491] ✓ https://nfct.org.il/blog/movies/%d7%90%d7%9c%d7%a0%d7%91%d7%99-%d7%a7%d7%98%d7%a2/ (16012 bytes)
  [60/1491] ✓ https://nfct.org.il/blog/movies/%d7%90%d7%9c-%d7%92%d7%99%d7%a1%d7%a8/ (17997 bytes)
  [61/1491] ✓ https://nfct.org.il/blog/movies/%d7%90%d7%9c-%d7%97%d7%9c%d7%90%d7%a7/ (16286 bytes)
  [62/1491] ✓ https://nfct.org.il/blog/movies/%d7%90%d7%9c-%d7%aa%d7%92%d7%a2%d7%95-%d7%9c%d7%99-%d7%91%d7%a9%d7%95%d7%90%d7%94/ (16613 bytes)
  [63/1491] ✓ https://nfct.org.il/blog/movies/%d7%90%d7%9c-%d7%aa%d7%a4%d7%aa%d7%97%d7%99-%d7%90%d7%aa-%d7%94%d7%93%d7%9c%d7%aa-%d7%9c%d7%96%d7%a8%d7%99%d7%9d/ (16205 bytes)
  [64/1491] ✓ https://nfct.org.il/blog/movies/%d7%90%d7%9d-%d7%90%d7%aa-%d7%a9%d7%95%d7%9e%d7%a2%d7%aa-%d7%aa%d7%a2%d7%a0%d7%99/ (13847 bytes)
  [65/1491] ✓ https://nfct.org.il/blog/movies/%d7%90%d7%9d-%d7%94%d7%a2%d7%95%d7%9c%d7%9d-%d7%94%d7%96%d7%94-%d7%94%d7%95%d7%90-%d7%99%d7%9d/ (17594 bytes)
  [66/1491] ✓ https://nfct.org.il/blog/movies/%d7%90%d7%9c-%d7%aa%d7%a7%d7%a8%d7%90-%d7%9c%d7%99-%d7%97%d7%9e%d7%95%d7%93/ (17499 bytes)
  [67/1491] ✓ https://nfct.org.il/blog/movies/%d7%90%d7%9e%d7%90-%d7%90%d7%93%d7%9e%d7%94/ (10070 bytes)
  [68/1491] ✓ https://nfct.org.il/blog/movies/%d7%90%d7%9e%d7%90-%d7%97%d7%95%d7%96%d7%a8%d7%aa-%d7%94%d7%91%d7%99%d7%aa%d7%94/ (24777 bytes)
  [69/1491] ✓ https://nfct.org.il/blog/movies/%d7%90%d7%9e%d7%90-%d7%99%d7%9c%d7%93%d7%94/ (16263 bytes)
  [70/1491] ✓ https://nfct.org.il/blog/movies/%d7%90%d7%9d-%d7%9c%d7%95%d7%9e%d7%a8-%d7%90%d7%aa-%d7%94%d7%90%d7%9e%d7%aa/ (20078 bytes)
  [71/1491] ✓ https://nfct.org.il/blog/movies/%d7%90%d7%9e%d7%90-%d7%9b%d7%9c%d7%9b%d7%9c%d7%94/ (13565 bytes)
  [72/1491] ✓ https://nfct.org.il/blog/movies/%d7%90%d7%9e%d7%90-%d7%9c%d7%90-%d7%94%d7%a8%d7%92%d7%aa%d7%99-%d7%90%d7%aa-%d7%94%d7%91%d7%aa-%d7%a9%d7%9c%d7%9a/ (21554 bytes)
  [73/1491] ✓ https://nfct.org.il/blog/movies/%d7%90%d7%9e%d7%90-%d7%a9%d7%9c-%d7%95%d7%9c%d7%a0%d7%98%d7%99%d7%a0%d7%94/ (18167 bytes)
  [74/1491] ✓ https://nfct.org.il/blog/movies/%d7%90%d7%9e%d7%90-%d7%9c%d7%90-%d7%9e%d7%a9%d7%95%d7%92%d7%a2%d7%aa/ (15961 bytes)
  [75/1491] ✓ https://nfct.org.il/blog/movies/%d7%90%d7%9e%d7%94%d7%95%d7%aa/ (15051 bytes)
  [76/1491] ✓ https://nfct.org.il/blog/movies/%d7%90%d7%9e%d7%99%d7%9c-%d7%97%d7%91%d7%99%d7%91%d7%99-%d7%a0%d7%a9%d7%90%d7%a8%d7%aa%d7%99-%d7%91%d7%97%d7%99%d7%a4%d7%94/ (17459 bytes)
  [77/1491] ✓ https://nfct.org.il/blog/movies/%d7%90%d7%9e%d7%90-%d7%a9%d7%9c-%d7%a2%d7%95%d7%9e%d7%a8/ (16239 bytes)
  [78/1491] ✓ https://nfct.org.il/blog/movies/%d7%90%d7%9e%d7%99%d7%9c-%d7%9e%d7%a1%d7%a2%d7%95-%d7%a9%d7%9c-%d7%92%d7%99%d7%91%d7%95%d7%a8/ (19706 bytes)
  [79/1491] ✓ https://nfct.org.il/blog/movies/%d7%90%d7%9e%d7%99%d7%a6%d7%95%d7%aa/ (17176 bytes)
  [80/1491] ✓ https://nfct.org.il/blog/movies/%d7%90%d7%a0%d7%90-%d7%94%d7%9e%d7%aa%d7%9f-%d7%9c%d7%a0%d7%a6%d7%99%d7%92/ (10253 bytes)
  [81/1491] ✓ https://nfct.org.il/blog/movies/%d7%90%d7%a0%d7%97%d7%a0%d7%95-%d7%a6%d7%a8%d7%99%d7%9b%d7%99%d7%9d-%d7%9c%d7%93%d7%91%d7%a8/ (13132 bytes)
  [82/1491] ✓ https://nfct.org.il/blog/movies/%d7%90%d7%a0%d7%95-%d7%94%d7%a0%d7%95%d7%a1%d7%a2%d7%99%d7%9d-%d7%91%d7%96%d7%9e%d7%9f/ (21780 bytes)
  [83/1491] ✓ https://nfct.org.il/blog/movies/%d7%90%d7%a0%d7%98%d7%99%d7%a9%d7%9e%d7%99%d7%95%d7%aa-%d7%9c%d7%90-%d7%9e%d7%94-%d7%a9%d7%97%d7%a9%d7%91%d7%aa/ (16624 bytes)
  [84/1491] ✓ https://nfct.org.il/blog/movies/%d7%90%d7%a0%d7%99-%d7%90%d7%92%d7%99%d7%93-%d7%9c%d7%9a-%d7%9b%d7%a9%d7%96%d7%94-%d7%99%d7%92%d7%9e%d7%a8/ (14179 bytes)
  [85/1491] ✓ https://nfct.org.il/blog/movies/%d7%90%d7%9c%d7%95%d7%94%d7%99%d7%9d-%d7%a8%d7%95%d7%a6%d7%94-%d7%91%d7%99%d7%aa/ (15952 bytes)
  [86/1491] ✓ https://nfct.org.il/blog/movies/%d7%90%d7%a0%d7%99-%d7%90%d7%a1%d7%aa%d7%a8/ (15207 bytes)
  [87/1491] ✓ https://nfct.org.il/blog/movies/%d7%90%d7%a0%d7%99-%d7%91%d7%99%d7%90%d7%9c%d7%99%d7%a7/ (16233 bytes)
  [88/1491] ✓ https://nfct.org.il/blog/movies/%d7%90%d7%a0%d7%99-%d7%a2%d7%99%d7%99%d7%a3/ (11555 bytes)
  [89/1491] ✓ https://nfct.org.il/blog/movies/%d7%90%d7%a0%d7%99-%d7%a2%d7%99%d7%a8%d7%90%d7%a7%d7%99-%d7%a4%d7%99%d7%92%d7%9e%d7%94/ (16752 bytes)
  [90/1491] ✓ https://nfct.org.il/blog/movies/%d7%90%d7%a0%d7%99-%d7%a8%d7%95%d7%90%d7%94-%d7%90%d7%95%d7%aa%d7%9a/ (8561 bytes)
  [91/1491] ✓ https://nfct.org.il/blog/movies/%d7%90%d7%a0%d7%99-%d7%a8%d7%95%d7%a6%d7%94-%d7%9c%d7%96%d7%9b%d7%95%d7%a8-%d7%94%d7%95%d7%90-%d7%a8%d7%95%d7%a6%d7%94-%d7%9c%d7%a9%d7%9b%d7%95%d7%97/ (16812 bytes)
  [92/1491] ✓ https://nfct.org.il/blog/movies/%d7%90%d7%a0%d7%aa%d7%a8%d7%a7%d7%a1/ (15432 bytes)
  [93/1491] ✓ https://nfct.org.il/blog/movies/%d7%90%d7%a0%d7%99-%d7%90%d7%a8%d7%90%d7%94-%d7%90%d7%95%d7%aa%d7%9a-%d7%91%d7%99%d7%aa/ (13980 bytes)
  [94/1491] ✓ https://nfct.org.il/blog/movies/%d7%90%d7%a1%d7%99%d7%94/ (16459 bytes)
  [95/1491] ✓ https://nfct.org.il/blog/movies/%d7%90%d7%a1%d7%99%d7%a1%d7%98/ (15497 bytes)
  [96/1491] ✓ https://nfct.org.il/blog/movies/%d7%90%d7%a1%d7%9e%d7%a8/ (16733 bytes)
  [97/1491] ✓ https://nfct.org.il/blog/movies/%d7%90%d7%a1%d7%a0%d7%a1/ (17220 bytes)
  [98/1491] ✓ https://nfct.org.il/blog/movies/%d7%90%d7%a1%d7%aa%d7%a8/ (13609 bytes)
  [99/1491] ✓ https://nfct.org.il/blog/movies/%d7%90%d7%a3-%d7%9e%d7%99%d7%9c%d7%94-%d7%90%d7%9e%d7%aa/ (15439 bytes)
  [100/1491] ✓ https://nfct.org.il/blog/movies/%d7%90%d7%a4%d7%99%d7%9c%d7%95-%d7%93%d7%a7%d7%94/ (15394 bytes)
  [101/1491] ✓ https://nfct.org.il/blog/movies/%d7%90%d7%a6%d7%9c%d7%a0%d7%95-%d7%91%d7%97%d7%a6%d7%a8/ (13277 bytes)
  [102/1491] ✓ https://nfct.org.il/blog/movies/%d7%90%d7%a7%d7%99%d7%a6%d7%a2%d7%a8/ (19089 bytes)
  [103/1491] ✓ https://nfct.org.il/blog/movies/%d7%90%d7%a0%d7%97%d7%a0%d7%95-%d7%aa%d7%95%d7%a9%d7%91%d7%99-%d7%a9%d7%9b%d7%95%d7%a0%d7%aa-%d7%a1%d7%99%d7%9e%d7%a0%d7%a1/ (18473 bytes)
  [104/1491] ✓ https://nfct.org.il/blog/movies/%d7%90%d7%a8%d7%95%d7%9f-%d7%94%d7%a7%d7%95%d7%93%d7%a9/ (13598 bytes)
  [105/1491] ✓ https://nfct.org.il/blog/movies/%d7%90%d7%a8%d7%99%d7%95%d7%aa-%d7%9e%d7%aa%d7%a2%d7%95%d7%a8%d7%a8%d7%99%d7%9d-%d7%91%d7%a7%d7%99%d7%a5/ (18010 bytes)
  [106/1491] ✓ https://nfct.org.il/blog/movies/%d7%90%d7%a8%d7%99-%d7%95%d7%94%d7%96%d7%a8%d7%a2-%d7%94%d7%a7%d7%93%d7%95%d7%a9/ (12887 bytes)
  [107/1491] ✓ https://nfct.org.il/blog/movies/%d7%90%d7%a1%d7%95%d7%9f-%d7%98%d7%91%d7%a2/ (14276 bytes)
  [108/1491] ✓ https://nfct.org.il/blog/movies/%d7%90%d7%a8%d7%a5-%d7%90%d7%94%d7%95%d7%91%d7%94-%d7%a9%d7%9c%d7%99/ (17870 bytes)
  [109/1491] ✓ https://nfct.org.il/blog/movies/%d7%90%d7%a8%d7%9c%d7%a7%d7%99%d7%a0%d7%95-%d7%9e%d7%90%d7%97%d7%95%d7%a8%d7%99-%d7%94%d7%9e%d7%a1%d7%99%d7%9b%d7%95%d7%aa/ (16916 bytes)
  [110/1491] ✓ https://nfct.org.il/blog/movies/%d7%90%d7%a8%d7%a5-%d7%a2%d7%99%d7%a8/ (17353 bytes)
  [111/1491] ✓ https://nfct.org.il/blog/movies/%d7%90%d7%aa%d7%94-%d7%97%d7%99%d7%99%d7%91-%d7%9c%d7%a2%d7%a9%d7%95%d7%aa-%d7%9e%d7%96%d7%94-%d7%a1%d7%a8%d7%98/ (15075 bytes)
  [112/1491] ✓ https://nfct.org.il/blog/movies/%d7%90%d7%a9%d7%aa-%d7%97%d7%99%d7%9c/ (12161 bytes)
  [113/1491] ✓ https://nfct.org.il/blog/movies/%d7%90%d7%aa%d7%94-%d7%aa%d7%97%d7%99%d7%94-%d7%90%d7%91%d7%9c-%d7%91%d7%99%d7%a9%d7%a8%d7%90%d7%9c/ (15939 bytes)
  [114/1491] ✓ https://nfct.org.il/blog/movies/%d7%90%d7%aa-%d7%9e%d7%a1%d7%9b%d7%99%d7%9e%d7%94-%d7%a9%d7%90%d7%a0%d7%99-%d7%90%d7%a6%d7%9c%d7%9d-%d7%90%d7%95%d7%aa%d7%9a/ (16640 bytes)
  [115/1491] ✓ https://nfct.org.il/blog/movies/%d7%90-%d7%a7%d7%99%d7%a6%d7%a2%d7%a8-2022/ (12657 bytes)
  [116/1491] ✓ https://nfct.org.il/blog/movies/%d7%90%d7%aa-%d7%95%d7%90%d7%a0%d7%99-%d7%95%d7%94%d7%98%d7%91%d7%a2/ (14359 bytes)
  [117/1491] ✓ https://nfct.org.il/blog/movies/%d7%91%d7%90%d7%91%d7%90-%d7%9c%d7%95%d7%91%d7%94/ (16211 bytes)
  [118/1491] ✓ https://nfct.org.il/blog/movies/%d7%91%d7%90%d7%99%d7%a0%d7%9e%d7%92%d7%a2/ (13265 bytes)
  [119/1491] ✓ https://nfct.org.il/blog/movies/%d7%91%d7%91%d7%95%d7%90%d7%95%d7%aa-reflejos/ (15359 bytes)
  [120/1491] ✓ https://nfct.org.il/blog/movies/%d7%91%d7%90%d7%a0%d7%a6%d7%99/ (13503 bytes)
  [121/1491] ✓ https://nfct.org.il/blog/movies/%d7%91%d7%91%d7%99%d7%aa-%d7%a9%d7%9c%d7%99/ (12732 bytes)
  [122/1491] ✓ https://nfct.org.il/blog/movies/%d7%91%d7%93%d7%99%d7%93%d7%95%d7%93/ (14884 bytes)
  [123/1491] ✓ https://nfct.org.il/blog/movies/%d7%91%d7%93%d7%99%d7%a7%d7%aa-%d7%9b%d7%a9%d7%a8%d7%95%d7%aa/ (13654 bytes)
  [124/1491] ✓ https://nfct.org.il/blog/movies/%d7%91%d7%92%d7%99%d7%9f/ (15144 bytes)
  [125/1491] ✓ https://nfct.org.il/blog/movies/%d7%91%d7%93%d7%a7-%d7%91%d7%99%d7%aa/ (13830 bytes)
  [126/1491] ✓ https://nfct.org.il/blog/movies/%d7%91%d7%93%d7%9e%d7%99-%d7%99%d7%9e%d7%99%d7%94/ (15213 bytes)
  [127/1491] ✓ https://nfct.org.il/blog/movies/%d7%91%d7%93%d7%a8%d7%9a-%d7%94%d7%91%d7%99%d7%aa%d7%94/ (15462 bytes)
  [128/1491] ✓ https://nfct.org.il/blog/movies/%d7%91%d7%93%d7%a8%d7%9a-%d7%97%d7%96%d7%a8%d7%94/ (17335 bytes)
  [129/1491] ✓ https://nfct.org.il/blog/movies/%d7%91%d7%95%d7%90%d7%99-%d7%94%d7%91%d7%99%d7%aa%d7%94/ (15004 bytes)
  [130/1491] ✓ https://nfct.org.il/blog/movies/%d7%91%d7%94%d7%9e%d7%aa%d7%a0%d7%94/ (17741 bytes)
  [131/1491] ✓ https://nfct.org.il/blog/movies/%d7%91%d7%95%d7%91%d7%9c%d7%94/ (15618 bytes)
  [132/1491] ✓ https://nfct.org.il/blog/movies/%d7%91%d7%95%d7%91%d7%94-%d7%9e%d7%99%d7%99%d7%a1%d7%a1/ (15793 bytes)
  [133/1491] ✓ https://nfct.org.il/blog/movies/%d7%91%d7%95%d7%97%d7%9f-%d7%9b%d7%9c%d7%99%d7%95%d7%aa/ (16713 bytes)
  [134/1491] ✓ https://nfct.org.il/blog/movies/%d7%91%d7%95%d7%a2%d7%95%d7%aa/ (15252 bytes)
  [135/1491] ✓ https://nfct.org.il/blog/movies/%d7%91%d7%95%d7%a7%d7%a8-%d7%98%d7%95%d7%91-%d7%99%d7%a8%d7%95%d7%a9%d7%9c%d7%99%d7%9d/ (17450 bytes)
  [136/1491] ✓ https://nfct.org.il/blog/movies/%d7%91%d7%97%d7%93%d7%a8-%d7%a9%d7%9c%d7%99/ (18784 bytes)
  [137/1491] ✓ https://nfct.org.il/blog/movies/%d7%91%d7%95%d7%a8%d7%92/ (17567 bytes)
  [138/1491] ✓ https://nfct.org.il/blog/movies/%d7%91%d7%97%d7%96%d7%a7%d7%aa-%d7%a1%d7%90%d7%98%d7%9e%d7%a8/ (21663 bytes)
  [139/1491] ✓ https://nfct.org.il/blog/movies/%d7%90-%d7%a7%d7%99%d7%a6%d7%a2%d7%a8-2021/ (15902 bytes)
  [140/1491] ✓ https://nfct.org.il/blog/movies/%d7%91%d7%98%d7%a8%d7%a0%d7%93/ (15808 bytes)
  [141/1491] ✓ https://nfct.org.il/blog/movies/%d7%91%d7%99%d7%93%d7%95%d7%93-%d7%9c%d7%97%d7%95%d7%9e%d7%a8%d7%90/ (15667 bytes)
  [142/1491] ✓ https://nfct.org.il/blog/movies/%d7%91%d7%99%d7%99%d7%a9%d7%a0%d7%95%d7%aa-%d7%94%d7%9b%d7%aa%d7%a8/ (18379 bytes)
  [143/1491] ✓ https://nfct.org.il/blog/movies/%d7%91%d7%98%d7%95%d7%9f/ (18299 bytes)
  [144/1491] ✓ https://nfct.org.il/blog/movies/%d7%91%d7%99%d7%9f-%d7%94%d7%a0%d7%92%d7%91-%d7%9c%d7%92%d7%9c%d7%99%d7%9c/ (19293 bytes)
  [145/1491] ✓ https://nfct.org.il/blog/movies/%d7%91%d7%99%d7%9f-%d7%94%d7%a1%d7%93%d7%99%d7%a0%d7%99%d7%9d/ (17852 bytes)
  [146/1491] ✓ https://nfct.org.il/blog/movies/%d7%91%d7%99%d7%9f-%d7%94%d7%a9%d7%9e%d7%a9%d7%95%d7%aa/ (18198 bytes)
  [147/1491] ✓ https://nfct.org.il/blog/movies/%d7%91%d7%99%d7%9f-%d7%a7%d7%a8%d7%99%d7%99%d7%a8%d7%94-%d7%9c%d7%90%d7%94%d7%91%d7%94/ (16220 bytes)
  [148/1491] ✓ https://nfct.org.il/blog/movies/%d7%91%d7%99%d7%a7%d7%95%d7%a8-%d7%90%d7%97%d7%a8%d7%95%d7%9f/ (14815 bytes)
  [149/1491] ✓ https://nfct.org.il/blog/movies/%d7%91%d7%99%d7%a7%d7%95%d7%a8-%d7%94%d7%95%d7%a8%d7%99%d7%9d/ (15210 bytes)
  [150/1491] ✓ https://nfct.org.il/blog/movies/%d7%91%d7%99%d7%a9%d7%a2%d7%94-%d7%9e%d7%91%d7%97%d7%9f-%d7%94%d7%90%d7%a9-%d7%94%d7%a0%d7%95%d7%a8%d7%90/ (16413 bytes)
  [151/1491] ✓ https://nfct.org.il/blog/movies/%d7%91%d7%99%d7%aa-%d7%94%d7%99%d7%9c%d7%93%d7%99%d7%9d/ (19969 bytes)
  [152/1491] ✓ https://nfct.org.il/blog/movies/%d7%91%d7%99%d7%aa-%d7%97%d7%9c%d7%95%d7%9e%d7%95%d7%aa%d7%99%d7%99/ (15096 bytes)
  [153/1491] ✓ https://nfct.org.il/blog/movies/%d7%91%d7%97%d7%95%d7%9e%d7%a9-%d7%a7%d7%a8%d7%95%d7%91-%d7%9c%d7%a9%d7%9e%d7%99%d7%9d/ (17091 bytes)
  [154/1491] ✓ https://nfct.org.il/blog/movies/%d7%91%d7%99%d7%aa-home/ (15713 bytes)
  [155/1491] ✓ https://nfct.org.il/blog/movies/%d7%91%d7%99%d7%aa/ (16253 bytes)
  [156/1491] ✓ https://nfct.org.il/blog/movies/%d7%91%d7%99%d7%9f-%d7%97%d7%95%d7%a8%d7%a3-%d7%9c%d7%90%d7%91%d7%99%d7%91/ (15018 bytes)
  [157/1491] ✓ https://nfct.org.il/blog/movies/%d7%91%d7%9b%d7%99%d7%a0%d7%95-%d7%91%d7%9c%d7%99-%d7%93%d7%9e%d7%a2%d7%95%d7%aa/ (18012 bytes)
  [158/1491] ✓ https://nfct.org.il/blog/movies/%d7%91%d7%9c%d7%99-%d7%91%d7%95%d7%a9%d7%94/ (12611 bytes)
  [159/1491] ✓ https://nfct.org.il/blog/movies/%d7%91%d7%9c%d7%95%d7%9e%d7%a4%d7%99%d7%9c%d7%93/ (17232 bytes)
  [160/1491] ✓ https://nfct.org.il/blog/movies/%d7%91%d7%9c%d7%a0%d7%93/ (14938 bytes)
  [161/1491] ✓ https://nfct.org.il/blog/movies/%d7%91%d7%9e%d7%98%d7%91%d7%97-%d7%a9%d7%9c-%d7%a4%d7%a8%d7%99%d7%99%d7%9e%d7%9f/ (22267 bytes)
  [162/1491] ✓ https://nfct.org.il/blog/movies/%d7%91%d7%9e%d7%a7%d7%95%d7%9e%d7%95/ (20605 bytes)
  [163/1491] ✓ https://nfct.org.il/blog/movies/%d7%91%d7%9c%d7%99-%d7%9c%d7%95%d7%9e%d7%a8-%d7%9e%d7%99%d7%9c%d7%94/ (17917 bytes)
  [164/1491] ✓ https://nfct.org.il/blog/movies/%d7%91%d7%9f-%d7%93%d7%95%d7%93/ (24208 bytes)
  [165/1491] ✓ https://nfct.org.il/blog/movies/%d7%91%d7%9f/ (16538 bytes)
  [166/1491] ✓ https://nfct.org.il/blog/movies/%d7%91%d7%9f-%d7%a9%d7%9c/ (18425 bytes)
  [167/1491] ✓ https://nfct.org.il/blog/movies/%d7%91%d7%99%d7%aa-%d7%a9%d7%90%d7%9f-%d7%a1%d7%a8%d7%98-%d7%9e%d7%9c%d7%97%d7%9e%d7%94/ (15703 bytes)
  [168/1491] ✓ https://nfct.org.il/blog/movies/%d7%91%d7%a0%d7%99-%d7%93%d7%95%d7%93%d7%99%d7%9d-%d7%9c%d7%a0%d7%a9%d7%a7/ (20780 bytes)
  [169/1491] ✓ https://nfct.org.il/blog/movies/%d7%91%d7%a2%d7%99%d7%a0%d7%99%d7%99%d7%9d-%d7%a9%d7%9c%d7%99-%d7%a1%d7%99%d7%a4%d7%95%d7%a8%d7%99-%d7%a6%d7%a2%d7%99%d7%a8%d7%99%d7%9d-%d7%9e%d7%94%d7%92%d7%9c%d7%99%d7%9c/ (17427 bytes)
  [170/1491] ✓ https://nfct.org.il/blog/movies/%d7%91%d7%a2%d7%9c%d7%95%d7%aa-%d7%91%d7%a8%d7%99%d7%aa/ (14636 bytes)
  [171/1491] ✓ https://nfct.org.il/blog/movies/%d7%91%d7%a2%d7%9c-%d7%94%d7%97%d7%9c%d7%95%d7%9e%d7%95%d7%aa/ (11211 bytes)
  [172/1491] ✓ https://nfct.org.il/blog/movies/%d7%91%d7%a2%d7%99%d7%9c%d7%95%d7%9d-%d7%a9%d7%9d-%d7%91%d7%97%d7%96%d7%a8%d7%94-%d7%9c%d7%91%d7%a8%d7%a0%d7%95%d7%a2%d7%a8/ (19473 bytes)
  [173/1491] ✓ https://nfct.org.il/blog/movies/%d7%91%d7%a2%d7%a7%d7%91%d7%95%d7%aa-%d7%94%d7%97%d7%aa%d7%99%d7%9b%d7%94-%d7%94%d7%97%d7%a1%d7%a8%d7%94/ (17255 bytes)
  [174/1491] ✓ https://nfct.org.il/blog/movies/%d7%91%d7%a2%d7%a7%d7%91%d7%95%d7%aa-%d7%a7%d7%a0%d7%93%d7%99%d7%a0%d7%a1%d7%a7%d7%99-%d7%91%d7%a2%d7%a7%d7%91%d7%95%d7%aa-%d7%a7%d7%9c%d7%99%d7%99-%d7%91%d7%a2%d7%a7%d7%91%d7%95%d7%aa-%d7%9e%d7%95/ (18973 bytes)
  [175/1491] ✓ https://nfct.org.il/blog/movies/%d7%91%d7%a7%d7%91%d7%95%d7%a7-%d7%91%d7%9e%d7%a8%d7%aa%d7%a3/ (16453 bytes)
  [176/1491] ✓ https://nfct.org.il/blog/movies/%d7%91%d7%a6%d7%a2%d7%93%d7%99%d7%9d-%d7%a7%d7%98%d7%a0%d7%99%d7%9d/ (15750 bytes)
  [177/1491] ✓ https://nfct.org.il/blog/movies/%d7%91%d7%a7%d7%a6%d7%94-%d7%94%d7%97%d7%9c%d7%95%d7%9f/ (14769 bytes)
  [178/1491] ✓ https://nfct.org.il/blog/movies/%d7%91%d7%a8%d7%90%d7%a9%d7%99%d7%aa/ (22405 bytes)
  [179/1491] ✓ https://nfct.org.il/blog/movies/%d7%91%d7%a8%d7%95%d7%a0%d7%a7%d7%94/ (16780 bytes)
  [180/1491] ✓ https://nfct.org.il/blog/movies/%d7%91%d7%a7%d7%95%d7%9e%d7%a8%d7%a0%d7%99%d7%a1/ (18461 bytes)
  [181/1491] ✓ https://nfct.org.il/blog/movies/%d7%91%d7%a8%d7%a9/ (15924 bytes)
  [182/1491] ✓ https://nfct.org.il/blog/movies/%d7%91%d7%a8%d7%9c%d7%94-%d7%91%d7%a8%d7%9c%d7%94/ (13054 bytes)
  [183/1491] ✓ https://nfct.org.il/blog/movies/%d7%91%d7%a9%d7%9d-%d7%94%d7%90%d7%91/ (17485 bytes)
  [184/1491] ✓ https://nfct.org.il/blog/movies/%d7%91%d7%a9%d7%9d-%d7%94%d7%90%d7%9c%d7%95%d7%94%d7%99%d7%9d/ (17133 bytes)
  [185/1491] ✓ https://nfct.org.il/blog/movies/%d7%91%d7%a9%d7%91%d7%99%d7%9c%d7%99-%d7%94%d7%9d-%d7%99%d7%95%d7%aa%d7%a8-%d7%98%d7%95%d7%91%d7%99%d7%9d-%d7%9e%d7%94%d7%91%d7%99%d7%98%d7%9c%d7%a1/ (16055 bytes)
  [186/1491] ✓ https://nfct.org.il/blog/movies/%d7%91%d7%a9%d7%9e%d7%99%d7%9d-%d7%90%d7%97%d7%a8%d7%99%d7%9d/ (21543 bytes)
  [187/1491] ✓ https://nfct.org.il/blog/movies/%d7%91%d7%a9%d7%9d-%d7%97%d7%95%d7%9e%d7%aa-%d7%9e%d7%92%d7%9f/ (14072 bytes)
  [188/1491] ✓ https://nfct.org.il/blog/movies/%d7%91%d7%aa%d7%95%d7%9a-%d7%91%d7%99%d7%aa%d7%94/ (15003 bytes)
  [189/1491] ✓ https://nfct.org.il/blog/movies/%d7%91%d7%a9%d7%a0%d7%94-%d7%94%d7%91%d7%90%d7%94-%d7%91%d7%99%d7%a8%d7%95%d7%a9%d7%9c%d7%99%d7%9d/ (18437 bytes)
  [190/1491] ✓ https://nfct.org.il/blog/movies/%d7%91%d7%aa%d7%95%d7%9a-%d7%94%d7%a6%d7%99%d7%a0%d7%95%d7%a8%d7%95%d7%aa/ (21207 bytes)
  [191/1491] ✓ https://nfct.org.il/blog/movies/%d7%91%d7%aa%d7%9a-%d7%99%d7%a2%d7%9c/ (14754 bytes)
  [192/1491] ✓ https://nfct.org.il/blog/movies/%d7%91%d7%aa-%d7%a9%d7%99%d7%a8%d7%95%d7%aa/ (15391 bytes)
  [193/1491] ✓ https://nfct.org.il/blog/movies/%d7%91%d7%aa%d7%99-%d7%90%d7%aa/ (15252 bytes)
  [194/1491] ✓ https://nfct.org.il/blog/movies/%d7%92%d7%90%d7%a7-%d7%95%d7%92%d7%98%d7%94/ (18143 bytes)
  [195/1491] ✓ https://nfct.org.il/blog/movies/%d7%92%d7%90%d7%93%d7%95-%d7%a9%d7%95%d7%90%d7%94-%d7%91%d7%9e%d7%93%d7%91%d7%a8/ (21937 bytes)
  [196/1491] ✓ https://nfct.org.il/blog/movies/%d7%92%d7%91%d7%a2%d7%aa-%d7%94%d7%99%d7%a8%d7%97/ (15783 bytes)
  [197/1491] ✓ https://nfct.org.il/blog/movies/%d7%92%d7%91%d7%a2%d7%94-314/ (17600 bytes)
  [198/1491] ✓ https://nfct.org.il/blog/movies/%d7%92%d7%91%d7%a8%d7%99%d7%9d-%d7%91%d7%9c%d7%aa%d7%99-%d7%a0%d7%a8%d7%90%d7%99%d7%9d/ (17153 bytes)
  [199/1491] ✓ https://nfct.org.il/blog/movies/%d7%92%d7%91%d7%a8-%d7%9e%d7%94%d7%a1%d7%a8%d7%98%d7%99%d7%9d/ (17706 bytes)
  [200/1491] ✓ https://nfct.org.il/blog/movies/%d7%92%d7%91%d7%a8%d7%99%d7%9d-%d7%a2%d7%9c-%d7%94%d7%a7%d7%a6%d7%94-%d7%99%d7%95%d7%9e%d7%9f-%d7%93%d7%99%d7%99%d7%92%d7%99%d7%9d/ (15599 bytes)
  [201/1491] ✓ https://nfct.org.il/blog/movies/%d7%92%d7%93%d7%a8-%d7%97%d7%95%d7%9e%d7%94-%d7%92%d7%91%d7%95%d7%9c/ (22483 bytes)
  [202/1491] ✓ https://nfct.org.il/blog/movies/%d7%91%d7%a0%d7%95%d7%aa-%d7%9b%d7%9e%d7%95%d7%a0%d7%95/ (11784 bytes)
  [203/1491] ✓ https://nfct.org.il/blog/movies/%d7%92%d7%95%d7%9c%d7%93%d7%94/ (18122 bytes)
  [204/1491] ✓ https://nfct.org.il/blog/movies/%d7%92%d7%95%d7%9c%d7%93%d7%9f-%d7%9e%d7%a8%d7%92%d7%a8%d7%99%d7%98/ (12294 bytes)
  [205/1491] ✓ https://nfct.org.il/blog/movies/%d7%92%d7%95%d7%a0%d7%92%d7%9c-%d7%97%d7%aa%d7%95%d7%9c%d7%99%d7%9d-%d7%91%d7%aa%d7%9c-%d7%90%d7%91%d7%99%d7%91/ (13734 bytes)
  [206/1491] ✓ https://nfct.org.il/blog/movies/%d7%92%d7%99%d7%91%d7%95%d7%a8%d7%95%d7%aa/ (14757 bytes)
  [207/1491] ✓ https://nfct.org.il/blog/movies/%d7%92%d7%99%d7%9c%d7%95%d7%99-%d7%90%d7%a8%d7%99%d7%95%d7%aa/ (13825 bytes)
  [208/1491] ✓ https://nfct.org.il/blog/movies/%d7%92%d7%99%d7%99%d7%9d-%d7%a6%d7%99%d7%99%d7%a0%d7%92%d7%a8/ (16205 bytes)
  [209/1491] ✓ https://nfct.org.il/blog/movies/%d7%92%d7%9c%d7%95%d7%aa/ (12854 bytes)
  [210/1491] ✓ https://nfct.org.il/blog/movies/%d7%92%d7%99%d7%9c%d7%94-%d7%95%d7%91%d7%a8%d7%95%d7%9a/ (18066 bytes)
  [211/1491] ✓ https://nfct.org.il/blog/movies/%d7%92%d7%9c%d7%95%d7%aa-%d7%a9%d7%a0%d7%97%d7%90%d7%99/ (16174 bytes)
  [212/1491] ✓ https://nfct.org.il/blog/movies/%d7%92%d7%9d-%d7%90%d7%9e%d7%94%d7%95%d7%aa-%d7%91%d7%95%d7%9b%d7%95%d7%aa/ (13084 bytes)
  [213/1491] ✓ https://nfct.org.il/blog/movies/%d7%92%d7%9d-%d7%9b%d7%a9%d7%a2%d7%99%d7%a0%d7%99%d7%99-%d7%a4%d7%a7%d7%95%d7%97%d7%95%d7%aa/ (17066 bytes)
  [214/1491] ✓ https://nfct.org.il/blog/movies/%d7%92%d7%9e%d7%99%d7%9c%d7%94-%d7%9b%d7%a9%d7%a8%d7%94/ (16050 bytes)
  [215/1491] ✓ https://nfct.org.il/blog/movies/%d7%92%d7%9f-%d7%99%d7%9c%d7%93%d7%99%d7%9d/ (17920 bytes)
  [216/1491] ✓ https://nfct.org.il/blog/movies/%d7%92%d7%9d-%d7%a1%d7%a9%d7%9f/ (14833 bytes)
  [217/1491] ✓ https://nfct.org.il/blog/movies/%d7%92%d7%a0%d7%92%d7%a1%d7%98%d7%a8-%d7%a9%d7%95%d7%a7%d7%95%d7%9c%d7%93/ (18007 bytes)
  [218/1491] ✓ https://nfct.org.il/blog/movies/%d7%92%d7%a0%d7%91%d7%99%d7%9d-%d7%91%d7%97%d7%95%d7%a7/ (17155 bytes)
  [219/1491] ✓ https://nfct.org.il/blog/movies/%d7%92%d7%a0%d7%99%d7%a4%d7%a8-%d7%94%d7%99%d7%a7%d7%a8%d7%94/ (13732 bytes)
  [220/1491] ✓ https://nfct.org.il/blog/movies/%d7%92%d7%a0%d7%98/ (16382 bytes)
  [221/1491] ✓ https://nfct.org.il/blog/movies/%d7%92%d7%a2%d7%92%d7%95%d7%a2%d7%99%d7%9d/ (13960 bytes)
  [222/1491] ✓ https://nfct.org.il/blog/movies/%d7%92%d7%a2%d7%92%d7%95%d7%a2-%d7%9c%d7%99%d7%95%d7%9d-%d7%94%d7%9e%d7%97%d7%a8/ (18822 bytes)
  [223/1491] ✓ https://nfct.org.il/blog/movies/%d7%92%d7%a0%d7%99-%d7%95%d7%92%d7%a0%d7%99/ (15918 bytes)
  [224/1491] ✓ https://nfct.org.il/blog/movies/%d7%92%d7%a4%d7%99%d7%9c%d7%98%d7%a2-%d7%a4%d7%99%d7%a9/ (12525 bytes)
  [225/1491] ✓ https://nfct.org.il/blog/movies/%d7%92%d7%a8%d7%93-%d7%9c%d7%99-%d7%a4%d7%94/ (13407 bytes)
  [226/1491] ✓ https://nfct.org.il/blog/movies/%d7%92%d7%a8%d7%92%d7%99%d7%a8%d7%99%d7%9d/ (11937 bytes)
  [227/1491] ✓ https://nfct.org.il/blog/movies/%d7%92%d7%a8%d7%95%d7%a3-%d7%95%d7%90%d7%a0%d7%99/ (14274 bytes)
  [228/1491] ✓ https://nfct.org.il/blog/movies/%d7%93%d7%91%d7%99-%d7%94%d7%99%d7%99%d7%aa%d7%94-%d7%a4%d7%94/ (14036 bytes)
  [229/1491] ✓ https://nfct.org.il/blog/movies/%d7%92%d7%a8%d7%a1%d7%90-%d7%93%d7%99%d7%a0%d7%a7%d7%95%d7%aa%d7%90/ (16214 bytes)
  [230/1491] ✓ https://nfct.org.il/blog/movies/%d7%93%d7%92%d7%94/ (15732 bytes)
  [231/1491] ✓ https://nfct.org.il/blog/movies/%d7%93%d7%91%d7%a8%d7%99%d7%9d-%d7%a9%d7%9c-%d7%90%d7%a9%d7%94/ (15576 bytes)
  [232/1491] ✓ https://nfct.org.il/blog/movies/%d7%93%d7%92%d7%99-%d7%a2%d7%9b%d7%95-%d7%94%d7%9e%d7%a7%d7%95%d7%a8%d7%99%d7%99%d7%9d/ (17617 bytes)
  [233/1491] ✓ https://nfct.org.il/blog/movies/%d7%93%d7%94-%d7%94%d7%90%d7%9f-%d7%a7%d7%95%d7%9c-%d7%9e%d7%97%d7%95%d7%a5-%d7%9c%d7%96%d7%9e%d7%9f/ (19395 bytes)
  [234/1491] ✓ https://nfct.org.il/blog/movies/%d7%93%d7%92%d7%9c-%d7%a9%d7%97%d7%95%d7%a8/ (18318 bytes)
  [235/1491] ✓ https://nfct.org.il/blog/movies/%d7%93%d7%95%d7%91%d7%93%d7%91%d7%9f/ (14539 bytes)
  [236/1491] ✓ https://nfct.org.il/blog/movies/%d7%93%d7%95%d7%93-%d7%94%d7%9e%d7%9c%d7%9a-%d7%97%d7%99-%d7%95%d7%a7%d7%99%d7%99%d7%9d/ (18212 bytes)
  [237/1491] ✓ https://nfct.org.il/blog/movies/%d7%93%d7%95%d7%9e%d7%90/ (17967 bytes)
  [238/1491] ✓ https://nfct.org.il/blog/movies/%d7%93%d7%95%d7%93%d7%94-%d7%93%d7%99%d7%a0%d7%94/ (17290 bytes)
  [239/1491] ✓ https://nfct.org.il/blog/movies/%d7%93%d7%95%d7%9e%d7%99%d7%94/ (13305 bytes)
  [240/1491] ✓ https://nfct.org.il/blog/movies/%d7%93%d7%97%d7%95%d7%a1/ (13611 bytes)
  [241/1491] ✓ https://nfct.org.il/blog/movies/%d7%92%d7%a0%d7%98%d7%99%d7%a7%d7%94/ (14947 bytes)
  [242/1491] ✓ https://nfct.org.il/blog/movies/%d7%93%d7%99%d7%95%d7%a7%d7%9f/ (10057 bytes)
  [243/1491] ✓ https://nfct.org.il/blog/movies/%d7%93%d7%99%d7%9c%d7%9e%d7%aa-%d7%94%d7%93%d7%a8%d7%99%d7%99%d7%9f/ (19302 bytes)
  [244/1491] ✓ https://nfct.org.il/blog/movies/%d7%93%d7%99%d7%9e%d7%95%d7%a0%d7%94-%d7%98%d7%95%d7%95%d7%99%d7%a1%d7%98/ (21963 bytes)
  [245/1491] ✓ https://nfct.org.il/blog/movies/%d7%93%d7%99%d7%a1%d7%a4%d7%95%d7%a8%d7%99%d7%94/ (13747 bytes)
  [246/1491] ✓ https://nfct.org.il/blog/movies/%d7%93%d7%99%d7%9e%d7%95%d7%a0%d7%94-%d7%a6%d7%9e%d7%a4%d7%99%d7%95%d7%a0%d7%a1/ (13796 bytes)
  [247/1491] ✓ https://nfct.org.il/blog/movies/%d7%93%d7%99%d7%a1%d7%a7%d7%95/ (16368 bytes)
  [248/1491] ✓ https://nfct.org.il/blog/movies/%d7%93%d7%9d-%d7%95%d7%91%d7%a9%d7%a8/ (14262 bytes)
  [249/1491] ✓ https://nfct.org.il/blog/movies/%d7%93%d7%9d-%d7%97%d7%9d/ (16930 bytes)
  [250/1491] ✓ https://nfct.org.il/blog/movies/%d7%93%d7%a2%d7%aa%d7%95-%d7%a9%d7%9c-%d7%94%d7%97%d7%99%d7%99%d7%9c/ (18164 bytes)
  [251/1491] ✓ https://nfct.org.il/blog/movies/%d7%93%d7%a4%d7%99%d7%a7%d7%94-%d7%91%d7%93%d7%9c%d7%aa/ (17005 bytes)
  [252/1491] ✓ https://nfct.org.il/blog/movies/%d7%93%d7%99%d7%a4%d7%9c%d7%95%d7%9e%d7%98/ (16539 bytes)
  [253/1491] ✓ https://nfct.org.il/blog/movies/%d7%93%d7%9d-%d7%99%d7%a8%d7%97/ (15047 bytes)
  [254/1491] ✓ https://nfct.org.il/blog/movies/%d7%93%d7%a8%d7%95%d7%a9%d7%94-%d7%91%d7%93%d7%97%d7%99%d7%a4%d7%95%d7%aa-%d7%9e%d7%99%d7%9c%d7%94-%d7%97%d7%93%d7%a9%d7%94/ (12603 bytes)
  [255/1491] ✓ https://nfct.org.il/blog/movies/%d7%93%d7%a8%d7%9a-%d7%91%d7%9f-%d7%a6%d7%91%d7%99-67/ (17047 bytes)
  [256/1491] ✓ https://nfct.org.il/blog/movies/%d7%93%d7%a8%d7%9a-%d7%94%d7%9e%d7%9c%d7%9a/ (13138 bytes)
  [257/1491] ✓ https://nfct.org.il/blog/movies/%d7%93%d7%a9%d7%90%d7%99%d7%9d-%d7%a1%d7%92%d7%95%d7%9c%d7%99%d7%9d/ (15251 bytes)
  [258/1491] ✓ https://nfct.org.il/blog/movies/%d7%94%d6%b8%d7%99%d6%b9%d7%94-%d7%94%d6%b8%d7%99%d6%b8%d7%94-%d7%9e%d7%9c%d7%9a/ (17484 bytes)
  [259/1491] ✓ https://nfct.org.il/blog/movies/%d7%94%d7%90%d7%91%d7%a8%d7%9a-%d7%9e%d7%94%d7%97%d7%99%d7%96%d7%91%d7%90%d7%9c%d7%9c%d7%94/ (16576 bytes)
  [260/1491] ✓ https://nfct.org.il/blog/movies/%d7%94%d7%90%d7%95%d7%a8-%d7%94%d7%90%d7%91%d7%95%d7%93-%d7%94%d7%91%d7%99%d7%aa-%d7%94%d7%a8%d7%90%d7%a9%d7%95%d7%9f/ (18900 bytes)
  [261/1491] ✓ https://nfct.org.il/blog/movies/%d7%94%d7%90%d7%95%d7%a1%d7%a3-%d7%a9%d7%9c-%d7%99%d7%93%d7%99%d7%93%d7%99%d7%94/ (18516 bytes)
  [262/1491] ✓ https://nfct.org.il/blog/movies/%d7%94%d7%90%d7%95%d7%9c%d7%99%d7%9e%d7%a4%d7%99%d7%90%d7%93%d7%94-%d7%94%d7%a8%d7%90%d7%a9%d7%95%d7%a0%d7%94-%d7%a9%d7%9c-%d7%90%d7%9e%d7%90/ (18463 bytes)
  [263/1491] ✓ https://nfct.org.il/blog/movies/%d7%94%d7%90%d7%97%d7%95%d7%aa-%d7%a9%d7%9c-%d7%9e%d7%95%d7%a1%d7%95%d7%9c%d7%99%d7%a0%d7%99/ (20103 bytes)
  [264/1491] ✓ https://nfct.org.il/blog/movies/%d7%94%d7%90%d7%97%d7%99%d7%95%d7%aa-%d7%95%d7%9c%d7%93%d7%a8%d7%9e%d7%94/ (18227 bytes)
  [265/1491] ✓ https://nfct.org.il/blog/movies/%d7%94%d7%90%d7%99%d7%a9%d7%94-%d7%91%d7%9c%d7%91%d7%9f/ (15782 bytes)
  [266/1491] ✓ https://nfct.org.il/blog/movies/%d7%94%d7%90%d7%99%d7%a9%d7%94-%d7%a9%d7%97%d7%99%d7%a4%d7%a9%d7%94-la-femme-qui-cherche/ (19144 bytes)
  [267/1491] ✓ https://nfct.org.il/blog/movies/%d7%94%d7%90%d7%99%d7%a9%d7%94-%d7%a9%d7%9c%d7%90-%d7%99%d7%93%d7%a2%d7%94-%d7%9c%d7%90%d7%94%d7%95%d7%91/ (14588 bytes)
  [268/1491] ✓ https://nfct.org.il/blog/movies/%d7%94%d7%90%d7%99%d7%a9-%d7%91%d7%a9%d7%95%d7%9c%d7%99-%d7%94%d7%9b%d7%91%d7%99%d7%a9/ (13650 bytes)
  [269/1491] ✓ https://nfct.org.il/blog/movies/%d7%94%d7%90%d7%99%d7%a9-%d7%94%d7%a0%d7%a2%d7%9c%d7%9d-%d7%a1%d7%99%d7%a4%d7%95%d7%a8%d7%95-%d7%a9%d7%9c-%d7%95%d7%99%d7%9c%d7%a4%d7%a8%d7%99%d7%93-%d7%99%d7%a9%d7%a8%d7%90%d7%9c/ (18081 bytes)
  [270/1491] ✓ https://nfct.org.il/blog/movies/%d7%94%d7%90%d7%9d-%d7%90%d7%a0%d7%99-%d7%a0%d7%95%d7%a8%d7%9e%d7%9c%d7%99/ (16975 bytes)
  [271/1491] ✓ https://nfct.org.il/blog/movies/%d7%94%d7%90%d7%99%d7%a9-%d7%a9%d7%91%d7%a7%d7%99%d7%a8/ (17770 bytes)
  [272/1491] ✓ https://nfct.org.il/blog/movies/%d7%94%d7%90%d7%9d-%d7%94%d7%9d-%d7%aa%d7%95%d7%a4%d7%a1%d7%99%d7%9d-%d7%92%d7%9d-%d7%99%d7%9c%d7%93%d7%99%d7%9d/ (16161 bytes)
  [273/1491] ✓ https://nfct.org.il/blog/movies/%d7%94%d7%90%d7%9d-%d7%96%d7%94-%d7%90%d7%aa%d7%94/ (18458 bytes)
  [274/1491] ✓ https://nfct.org.il/blog/movies/%d7%94%d7%90%d7%a1%d7%99%d7%a8-x/ (15360 bytes)
  [275/1491] ✓ https://nfct.org.il/blog/movies/%d7%94%d7%90%d7%a1%d7%99%d7%a8%d7%94-x/ (14922 bytes)
  [276/1491] ✓ https://nfct.org.il/blog/movies/%d7%94%d7%90%d7%a7%d7%93%d7%97/ (16796 bytes)
  [277/1491] ✓ https://nfct.org.il/blog/movies/%d7%94%d7%90%d7%a8%d7%95%d7%97%d7%94/ (24046 bytes)
  [278/1491] ✓ https://nfct.org.il/blog/movies/%d7%94%d7%90%d7%a8%d7%a5-%d7%94%d7%9e%d7%95%d7%91%d7%98%d7%97%d7%aa/ (12902 bytes)
  [279/1491] ✓ https://nfct.org.il/blog/movies/%d7%94%d7%90%d7%a9%d7%94-%d7%9e%d7%94%d7%a1%d7%99%d7%a0%d7%9e%d7%98%d7%a7/ (16674 bytes)
  [280/1491] ✓ https://nfct.org.il/blog/movies/%d7%94%d7%90%d7%a9%d7%9b%d7%a0%d7%96%d7%99%d7%9d/ (16720 bytes)
  [281/1491] ✓ https://nfct.org.il/blog/movies/%d7%94%d7%91%d7%95%d7%93%d7%94%d7%94-%d7%9e%d7%91%d7%9f-%d7%99%d7%94%d7%95%d7%93%d7%94/ (16933 bytes)
  [282/1491] ✓ https://nfct.org.il/blog/movies/%d7%94%d7%91%d7%94-%d7%a0%d7%a8%d7%a2%d7%99%d7%a9%d7%94/ (15878 bytes)
  [283/1491] ✓ https://nfct.org.il/blog/movies/%d7%94%d7%91%d7%99%d7%98%d7%97%d7%95%d7%a0%d7%99%d7%99%d7%9d/ (23570 bytes)
  [284/1491] ✓ https://nfct.org.il/blog/movies/%d7%94%d7%91%d7%99%d7%aa%d7%94/ (16940 bytes)
  [285/1491] ✓ https://nfct.org.il/blog/movies/%d7%94%d7%91%d7%99%d7%aa-%d7%91%d7%a8%d7%97%d7%95%d7%91-%d7%a4%d7%99%d7%9f/ (15972 bytes)
  [286/1491] ✓ https://nfct.org.il/blog/movies/%d7%94%d7%91%d7%99%d7%aa-%d7%94%d7%a8%d7%90%d7%a9%d7%95%d7%9f/ (13976 bytes)
  [287/1491] ✓ https://nfct.org.il/blog/movies/%d7%94%d7%90%d7%97%d7%95-%d7%94%d7%a7%d7%98%d7%9f/ (15314 bytes)
  [288/1491] ✓ https://nfct.org.il/blog/movies/%d7%94%d7%91%d7%9c%d7%aa%d7%99-%d7%a0%d7%a8%d7%90%d7%99%d7%9d/ (15476 bytes)
  [289/1491] ✓ https://nfct.org.il/blog/movies/%d7%94%d7%91%d7%a8%d7%95%d7%95%d7%96%d7%95%d7%9f-%d7%94%d7%9e%d7%9b%d7%95%d7%a2%d7%a8/ (19556 bytes)
  [290/1491] ✓ https://nfct.org.il/blog/movies/%d7%94%d7%91%d7%a8%d7%9b%d7%94-%d7%a9%d7%9c-%d7%99%d7%90%d7%9e%d7%a0%d7%94/ (18073 bytes)
  [291/1491] ✓ https://nfct.org.il/blog/movies/%d7%94%d7%92%d7%91%d7%a8%d7%aa-%d7%94%d7%a8%d7%90%d7%a9%d7%95%d7%a0%d7%94/ (11424 bytes)
  [292/1491] ✓ https://nfct.org.il/blog/movies/%d7%94%d7%91%d7%a9%d7%95%d7%a8%d7%94-%d7%a2%d7%9c-%d7%a4%d7%99-%d7%90%d7%9c%d7%9f/ (16731 bytes)
  [293/1491] ✓ https://nfct.org.il/blog/movies/%d7%94%d7%92%d7%95%d7%a3-%d7%96%d7%95%d7%9b%d7%a8/ (14691 bytes)
  [294/1491] ✓ https://nfct.org.il/blog/movies/%d7%94%d7%92%d7%9c%d7%92%d7%95%d7%9c/ (17372 bytes)
  [295/1491] ✓ https://nfct.org.il/blog/movies/%d7%94%d7%92%d7%9c%d7%95%d7%99%d7%94-%d7%94%d7%90%d7%97%d7%a8%d7%95%d7%a0%d7%94/ (21654 bytes)
  [296/1491] ✓ https://nfct.org.il/blog/movies/%d7%94%d7%92%d7%9f/ (11193 bytes)
  [297/1491] ✓ https://nfct.org.il/blog/movies/%d7%94%d7%93%d7%91%d7%a8%d7%99%d7%9d-%d7%a9%d7%90%d7%a0%d7%97%d7%a0%d7%95-%d7%a2%d7%95%d7%a9%d7%99%d7%9d-%d7%91%d7%a9%d7%91%d7%99%d7%9c-%d7%90%d7%94%d7%91%d7%94-%d7%95%d7%90%d7%96%d7%a8%d7%97%d7%95/ (10864 bytes)
  [298/1491] ✓ https://nfct.org.il/blog/movies/%d7%94%d7%93%d7%95%d7%95%d7%a7%d7%90%d7%99%d7%9d/ (14644 bytes)
  [299/1491] ✓ https://nfct.org.il/blog/movies/%d7%94%d7%93%d7%95%d7%9c%d7%a4%d7%99%d7%9f/ (22589 bytes)
  [300/1491] ✓ https://nfct.org.il/blog/movies/%d7%94%d7%93%d7%91%d7%a8%d7%99%d7%9d-%d7%94%d7%a7%d7%98%d7%a0%d7%99%d7%9d/ (16687 bytes)
  [301/1491] ✓ https://nfct.org.il/blog/movies/%d7%94%d7%93%d7%99%d7%99%d7%92-%d7%94%d7%90%d7%97%d7%a8%d7%95%d7%9f-%d7%91%d7%99%d7%9d-%d7%9b%d7%a0%d7%a8%d7%aa/ (14542 bytes)
  [302/1491] ✓ https://nfct.org.il/blog/movies/%d7%94%d7%93%d7%a3/ (11341 bytes)
  [303/1491] ✓ https://nfct.org.il/blog/movies/%d7%94%d7%93%d7%a8%d7%95%d7%9d-%d7%90%d7%9c%d7%99%d7%a1-%d7%9c%d7%90-%d7%92%d7%a8%d7%94-%d7%9b%d7%90%d7%9f-%d7%90%d7%a3-%d7%a4%d7%a2%d7%9d/ (19569 bytes)
  [304/1491] ✓ https://nfct.org.il/blog/movies/%d7%94%d7%93%d7%99%d7%a8%d7%94/ (25459 bytes)
  [305/1491] ✓ https://nfct.org.il/blog/movies/%d7%94%d7%93%d7%a8-%d7%94%d7%9b%d7%a8%d7%9e%d7%9c/ (18467 bytes)
  [306/1491] ✓ https://nfct.org.il/blog/movies/%d7%94%d7%94%d7%a4%d7%9a-%d7%9e%d7%90%d7%94%d7%91%d7%94-%d7%96%d7%95-%d7%9c%d7%90-%d7%a9%d7%a0%d7%90%d7%94/ (17090 bytes)
  [307/1491] ✓ https://nfct.org.il/blog/movies/%d7%94%d7%91%d7%95%d7%a0%d7%a7%d7%a8/ (14017 bytes)
  [308/1491] ✓ https://nfct.org.il/blog/movies/%d7%94%d7%94%d7%a6%d7%92%d7%94-%d7%a9%d7%9c-%d7%9e%d7%a9%d7%a4%d7%97%d7%aa-%d7%92%d7%90%d7%95%d7%9f/ (13752 bytes)
  [309/1491] ✓ https://nfct.org.il/blog/movies/%d7%94%d7%95%d7%92%d7%95-2/ (14660 bytes)
  [310/1491] ✓ https://nfct.org.il/blog/movies/%d7%94%d7%95%d7%9c%d7%9a-%d7%9c%d7%90%d7%97%d7%95%d7%a8/ (16144 bytes)
  [311/1491] ✓ https://nfct.org.il/blog/movies/%d7%94%d7%95%d7%9c%d7%9b%d7%95%d7%aa-%d7%94%d7%91%d7%99%d7%aa%d7%94/ (13879 bytes)
  [312/1491] ✓ https://nfct.org.il/blog/movies/%d7%94%d7%95%d7%9d-%d7%9e%d7%95%d7%91%d7%99/ (16090 bytes)
  [313/1491] ✓ https://nfct.org.il/blog/movies/%d7%94%d7%95%d7%9e%d7%95%d7%9c%d7%93%d7%aa/ (16123 bytes)
  [314/1491] ✓ https://nfct.org.il/blog/movies/%d7%94%d7%96%d7%99%d7%a8%d7%94/ (14815 bytes)
  [315/1491] ✓ https://nfct.org.il/blog/movies/%d7%94%d7%95%d7%a1%d7%98%d7%9c-%d7%96%d7%91%d7%95%d7%98%d7%99%d7%a0%d7%a1%d7%a7%d7%99/ (14734 bytes)
  [316/1491] ✓ https://nfct.org.il/blog/movies/%d7%94%d7%97%d7%91%d7%a8%d7%95%d7%aa-%d7%9e%d7%a9%d7%9d/ (22296 bytes)
  [317/1491] ✓ https://nfct.org.il/blog/movies/%d7%94%d7%97%d7%91%d7%a8%d7%94-%d7%94%d7%9b%d7%99-%d7%92%d7%a8%d7%95%d7%a2%d7%94-%d7%91%d7%a2%d7%95%d7%9c%d7%9d/ (16248 bytes)
  [318/1491] ✓ https://nfct.org.il/blog/movies/%d7%94%d7%97%d7%91%d7%a8-%d7%93%d7%91/ (21082 bytes)
  [319/1491] ✓ https://nfct.org.il/blog/movies/%d7%94%d7%97%d7%91%d7%a8-%d7%94%d7%93%d7%9e%d7%99%d7%95%d7%a0%d7%99-%d7%a9%d7%9c%d7%99/ (16165 bytes)
  [320/1491] ✓ https://nfct.org.il/blog/movies/%d7%94%d7%97%d7%91%d7%a8-%d7%94%d7%a2%d7%a8%d7%91%d7%99-%d7%a9%d7%9c%d7%99/ (16861 bytes)
  [321/1491] ✓ https://nfct.org.il/blog/movies/%d7%94%d7%97%d7%93%d7%a8-%d7%a9%d7%9c%d7%99/ (15388 bytes)
  [322/1491] ✓ https://nfct.org.il/blog/movies/%d7%94%d7%97%d7%93%d7%a8-%d7%a9%d7%9c-%d7%99%d7%a2%d7%9c/ (15344 bytes)
  [323/1491] ✓ https://nfct.org.il/blog/movies/%d7%94%d7%97%d7%95%d7%92-%d7%9c%d7%a7%d7%95%d7%9c%d7%a0%d7%95%d7%a2/ (20093 bytes)
  [324/1491] ✓ https://nfct.org.il/blog/movies/%d7%94%d7%97%d7%95%d7%9c-%d7%95%d7%94%d7%99%d7%9d/ (15716 bytes)
  [325/1491] ✓ https://nfct.org.il/blog/movies/%d7%94%d7%97%d7%95%d7%9e%d7%a8-%d7%a9%d7%9e%d7%9e%d7%a0%d7%95-%d7%a2%d7%a9%d7%95%d7%99%d7%94-%d7%94%d7%90%d7%94%d7%91%d7%94/ (18586 bytes)
  [326/1491] ✓ https://nfct.org.il/blog/movies/%d7%94%d7%97%d7%95%d7%a3-%d7%94%d7%a0%d7%a4%d7%a8%d7%93/ (16531 bytes)
  [327/1491] ✓ https://nfct.org.il/blog/movies/%d7%94%d7%97%d7%99%d7%99%d7%93%d7%a8/ (15434 bytes)
  [328/1491] ✓ https://nfct.org.il/blog/movies/%d7%94%d7%97%d7%99%d7%99%d7%9c%d7%95%d7%aa-%d7%95%d7%a8%d7%95%d7%97-%d7%94%d7%a7%d7%95%d7%93%d7%a9/ (12874 bytes)
  [329/1491] ✓ https://nfct.org.il/blog/movies/%d7%94%d7%97%d7%99%d7%99%d7%9d-%d7%99%d7%a4%d7%99%d7%9d-%d7%a4%d7%a6%d7%a2%d7%99-%d7%91%d7%92%d7%a8%d7%95%d7%aa/ (16727 bytes)
  [330/1491] ✓ https://nfct.org.il/blog/movies/%d7%94%d7%97%d7%99%d7%99%d7%9d-%d7%a2%d7%9c-%d7%a4%d7%99-%d7%90%d7%95%d7%94%d7%93/ (14562 bytes)
  [331/1491] ✓ https://nfct.org.il/blog/movies/%d7%94%d7%97%d7%99%d7%9c%d7%95%d7%a3/ (14964 bytes)
  [332/1491] ✓ https://nfct.org.il/blog/movies/%d7%94%d7%97%d7%91%d7%a8%d7%99%d7%9d-%d7%a9%d7%9c-%d7%a0%d7%90%d7%93%d7%99%d7%94/ (19655 bytes)
  [333/1491] ✓ https://nfct.org.il/blog/movies/%d7%94%d7%97%d7%9c%d7%95%d7%9d-%d7%94%d7%90%d7%99%d7%a8%d7%95%d7%a4%d7%99/ (14874 bytes)
  [334/1491] ✓ https://nfct.org.il/blog/movies/%d7%94%d7%97%d7%9c%d7%95%d7%9d-%d7%a9%d7%9c-%d7%90%d7%9e%d7%90/ (15980 bytes)
  [335/1491] ✓ https://nfct.org.il/blog/movies/%d7%94%d7%97%d7%9c%d7%95%d7%9d-%d7%a9%d7%9c-%d7%a4%d7%a0%d7%97%d7%a1/ (17005 bytes)
  [336/1491] ✓ https://nfct.org.il/blog/movies/%d7%94%d7%97%d7%9c%d7%95%d7%9f-%d7%94%d7%a8%d7%91%d7%99%d7%a2%d7%99/ (20599 bytes)
  [337/1491] ✓ https://nfct.org.il/blog/movies/%d7%94%d7%97%d7%a6%d7%99-%d7%94%d7%a9%d7%a0%d7%99/ (14493 bytes)
  [338/1491] ✓ https://nfct.org.il/blog/movies/%d7%94%d7%94%d7%95%d7%a8%d7%99%d7%9d-%d7%a9%d7%9c%d7%99/ (18041 bytes)
  [339/1491] ✓ https://nfct.org.il/blog/movies/%d7%94%d7%97%d7%a6%d7%a8/ (18460 bytes)
  [340/1491] ✓ https://nfct.org.il/blog/movies/%d7%94%d7%98%d7%90%d7%91%d7%95-%d7%a9%d7%9c-%d7%99%d7%a2%d7%a7%d7%95%d7%91/ (13102 bytes)
  [341/1491] ✓ https://nfct.org.il/blog/movies/%d7%94%d7%98%d7%95%d7%91%d7%99%d7%9d-%d7%9c%d7%a1%d7%99%d7%a3/ (15735 bytes)
  [342/1491] ✓ https://nfct.org.il/blog/movies/%d7%94%d7%98%d7%95%d7%a7%d7%91%d7%a7%d7%99%d7%a1%d7%98%d7%99%d7%9d/ (15748 bytes)
  [343/1491] ✓ https://nfct.org.il/blog/movies/%d7%94%d7%98%d7%99%d7%95%d7%9c-%d7%94%d7%a4%d7%a0%d7%99%d7%9e%d7%99/ (17467 bytes)
  [344/1491] ✓ https://nfct.org.il/blog/movies/%d7%94%d7%98%d7%99%d7%a4%d7%95%d7%9c/ (18072 bytes)
  [345/1491] ✓ https://nfct.org.il/blog/movies/%d7%94%d7%98%d7%9c%d7%a0%d7%95%d7%91%d7%9c%d7%94-%d7%94%d7%a4%d7%a8%d7%98%d7%99%d7%aa-%d7%a9%d7%9c%d7%99/ (16872 bytes)
  [346/1491] ✓ https://nfct.org.il/blog/movies/%d7%94%d7%98%d7%a8%d7%99%d7%9c%d7%95%d7%92%d7%99%d7%94-%d7%94%d7%90%d7%95%d7%96%d7%91%d7%a7%d7%99%d7%aa/ (14181 bytes)
  [347/1491] ✓ https://nfct.org.il/blog/movies/%d7%94%d7%99%d7%94-%d7%a0%d7%9b%d7%95%d7%9f/ (15307 bytes)
  [348/1491] ✓ https://nfct.org.il/blog/movies/%d7%94%d7%98%d7%a7%d7%a1/ (14390 bytes)
  [349/1491] ✓ https://nfct.org.il/blog/movies/%d7%94%d7%99%d7%94-%d7%a9%d7%9c%d7%95%d7%9d-%d7%a4%d7%98%d7%a8-%d7%a9%d7%95%d7%95%d7%90%d7%a8%d7%a5/ (17782 bytes)
  [350/1491] ✓ https://nfct.org.il/blog/movies/%d7%94%d7%99%d7%9c%d7%93%d7%99%d7%9d-%d7%9e%d7%9e%d7%a0%d7%96%d7%a8-%d7%a1%d7%9f-%d7%a1%d7%99%d7%9e%d7%95%d7%9f/ (15929 bytes)
  [351/1491] ✓ https://nfct.org.il/blog/movies/%d7%94%d7%99%d7%9c%d7%93%d7%94-%d7%a9%d7%9c%d7%90-%d7%99%d7%93%d7%a2%d7%94-%d7%9e%d7%94-%d7%9c%d7%a2%d7%a9%d7%95%d7%aa/ (14562 bytes)
  [352/1491] ✓ https://nfct.org.il/blog/movies/%d7%94%d7%99%d7%9c%d7%93%d7%99%d7%9d-%d7%a9%d7%9c-%d7%90%d7%a8%d7%a0%d7%94/ (19786 bytes)
  [353/1491] ✓ https://nfct.org.il/blog/movies/%d7%94%d7%99%d7%9c%d7%93-%d7%9e%d7%91%d7%a8%d7%a1%d7%9c%d7%91-%d7%a4%d7%a6%d7%a2%d7%99-%d7%91%d7%92%d7%a8%d7%95%d7%aa/ (13665 bytes)
  [354/1491] ✓ https://nfct.org.il/blog/movies/%d7%94%d7%97%d7%99%d7%a4%d7%95%d7%a9%d7%99%d7%aa/ (17941 bytes)
  [355/1491] ✓ https://nfct.org.il/blog/movies/%d7%94%d7%99%d7%9e%d7%99%d7%9d-%d7%94%d7%90%d7%97%d7%a8%d7%95%d7%a0%d7%99%d7%9d-%d7%a9%d7%9c-%d7%94%d7%a7%d7%99%d7%a5/ (15699 bytes)
  [356/1491] ✓ https://nfct.org.il/blog/movies/%d7%94%d7%99%d7%9e%d7%a0%d7%99%d7%aa-%d7%94%d7%90%d7%97%d7%a8%d7%95%d7%a0%d7%94-%d7%a9%d7%9c-%d7%9e%d7%9b%d7%a1-%d7%91%d7%a8/ (18443 bytes)
  [357/1491] ✓ https://nfct.org.il/blog/movies/%d7%94%d7%99%d7%a1%d7%97%d7%a4%d7%95%d7%aa/ (13998 bytes)
  [358/1491] ✓ https://nfct.org.il/blog/movies/%d7%94%d7%99%d7%a9%d7%a8%d7%93%d7%95%d7%aa-%d7%95%d7%90%d7%9e%d7%a0%d7%95%d7%aa-%d7%94%d7%92%d7%95%d7%99%d7%a1%d7%98%d7%99%d7%a7/ (15074 bytes)
  [359/1491] ✓ https://nfct.org.il/blog/movies/%d7%94%d7%9b%d7%95%d7%91%d7%a2%d7%99%d7%9d-%d7%a9%d7%9c-%d7%99%d7%a8%d7%95%d7%a9%d7%9c%d7%99%d7%9d/ (19721 bytes)
  [360/1491] ✓ https://nfct.org.il/blog/movies/%d7%94%d7%99%d7%a8%d7%95%d7%a9%d7%95%d7%aa-%d7%a9%d7%9c%d7%99/ (16210 bytes)
  [361/1491] ✓ https://nfct.org.il/blog/movies/%d7%94%d7%9b%d7%95%d7%9b%d7%91%d7%99%d7%9d-%d7%a9%d7%9c-%d7%a9%d7%98%d7%a8%d7%9f/ (15002 bytes)
  [362/1491] ✓ https://nfct.org.il/blog/movies/%d7%94%d7%9b%d7%97-%d7%9c%d7%a9%d7%97%d7%95%d7%aa/ (18648 bytes)
  [363/1491] ✓ https://nfct.org.il/blog/movies/%d7%94%d7%9b%d7%a0%d7%a1%d7%99%d7%99%d7%94/ (11023 bytes)
  [364/1491] ✓ https://nfct.org.il/blog/movies/%d7%94%d7%9c%d7%90%d7%a4-%d7%93%d7%90%d7%a0%d7%a1-%d7%94%d7%90%d7%97%d7%a8%d7%95%d7%9f/ (13899 bytes)
  [365/1491] ✓ https://nfct.org.il/blog/movies/%d7%94%d7%9c%d7%94%d7%98%d7%95%d7%98%d7%9f/ (14392 bytes)
  [366/1491] ✓ https://nfct.org.il/blog/movies/%d7%94%d7%9c%d7%95%d7%91%d7%99/ (18012 bytes)
  [367/1491] ✓ https://nfct.org.il/blog/movies/%d7%94%d7%9c%d7%99%d7%92%d7%94-%d7%9c%d7%9e%d7%a7%d7%95%d7%9e%d7%95%d7%aa-%d7%a2%d7%91%d7%95%d7%93%d7%94/ (16037 bytes)
  [368/1491] ✓ https://nfct.org.il/blog/movies/%d7%94%d7%9e%d7%93%d7%a8%d7%a9%d7%99%d7%94/ (17446 bytes)
  [369/1491] ✓ https://nfct.org.il/blog/movies/%d7%94%d7%9e%d7%94%d7%a4%d7%9b%d7%94-%d7%94%d7%a6%d7%a8%d7%a4%d7%aa%d7%99%d7%aa/ (14007 bytes)
  [370/1491] ✓ https://nfct.org.il/blog/movies/%d7%94%d7%99%d7%9c%d7%93-%d7%a9%d7%9c-%d7%93%d7%99%d7%90%d7%a0%d7%94/ (16791 bytes)
  [371/1491] ✓ https://nfct.org.il/blog/movies/%d7%94%d7%9e%d7%95%d7%96%d7%99%d7%90%d7%95%d7%9f/ (18367 bytes)
  [372/1491] ✓ https://nfct.org.il/blog/movies/%d7%94%d7%9e%d7%95%d7%97/ (17144 bytes)
  [373/1491] ✓ https://nfct.org.il/blog/movies/%d7%94%d7%9b%d7%95%d7%9b%d7%91-%d7%a9%d7%9c-%d7%9e%d7%99%d7%a0%d7%93%d7%99/ (15835 bytes)
  [374/1491] ✓ https://nfct.org.il/blog/movies/%d7%94%d7%9e%d7%95%d7%a1%d7%93-%d7%a1%d7%99%d7%a4%d7%95%d7%a8-%d7%9b%d7%99%d7%a1%d7%95%d7%99/ (23976 bytes)
  [375/1491] ✓ https://nfct.org.il/blog/movies/%d7%94%d7%9e%d7%95%d7%a4%d7%a2-%d7%a9%d7%9c-%d7%aa%d7%99%d7%9e%d7%95%d7%a8/ (14949 bytes)
  [376/1491] ✓ https://nfct.org.il/blog/movies/%d7%94%d7%9e%d7%95%d7%a8%d7%98%d7%aa/ (15730 bytes)
  [377/1491] ✓ https://nfct.org.il/blog/movies/%d7%94%d7%9e%d7%95%d7%a9%d7%9c/ (17670 bytes)
  [378/1491] ✓ https://nfct.org.il/blog/movies/%d7%94%d7%9e%d7%97%d7%91%d7%a8%d7%95%d7%aa-%d7%a9%d7%9c-%d7%90%d7%9c%d7%99%d7%a9/ (15747 bytes)
  [379/1491] ✓ https://nfct.org.il/blog/movies/%d7%94%d7%9e%d7%97%d7%aa%d7%a8%d7%aa-%d7%94%d7%99%d7%94%d7%95%d7%93%d7%99%d7%aa/ (21522 bytes)
  [380/1491] ✓ https://nfct.org.il/blog/movies/%d7%94%d7%9e%d7%9b%d7%95%d7%9f-%d7%9c%d7%a8%d7%a4%d7%95%d7%90%d7%94-%d7%9e%d7%a9%d7%a4%d7%98%d7%99%d7%aa/ (15178 bytes)
  [381/1491] ✓ https://nfct.org.il/blog/movies/%d7%94%d7%9e%d7%9b%d7%a9%d7%a4%d7%94-%d7%9e%d7%a8%d7%97-%d7%9e%d7%9c%d7%a6%d7%98/ (14042 bytes)
  [382/1491] ✓ https://nfct.org.il/blog/movies/%d7%94%d7%9e%d7%9c%d7%90%d7%9a-%d7%92%d7%91%d7%a8%d7%99%d7%90%d7%9c/ (15081 bytes)
  [383/1491] ✓ https://nfct.org.il/blog/movies/%d7%94%d7%9e%d7%9c%d7%97%d7%9e%d7%94-%d7%94%d7%90%d7%97%d7%a8%d7%95%d7%a0%d7%94-%d7%a9%d7%9c-%d7%99%d7%9c%d7%93%d7%99-%d7%98%d7%94%d7%a8%d7%9f/ (17412 bytes)
  [384/1491] ✓ https://nfct.org.il/blog/movies/%d7%94%d7%9e%d7%9c%d7%97%d7%9e%d7%94-%d7%94%d7%90%d7%97%d7%a8%d7%95%d7%a0%d7%94-%d7%a9%d7%9c-%d7%a0%d7%9c%d7%a1%d7%95%d7%9f/ (16689 bytes)
  [385/1491] ✓ https://nfct.org.il/blog/movies/%d7%94%d7%9e%d7%95%d7%97-%d7%94%d7%97%d7%a9%d7%9e%d7%9c%d7%99/ (15525 bytes)
  [386/1491] ✓ https://nfct.org.il/blog/movies/%d7%94%d7%9e%d7%9c%d7%97%d7%9e%d7%94-%d7%a9%d7%9c-%d7%92%d7%99%d7%95%d7%a8%d7%99/ (16417 bytes)
  [387/1491] ✓ https://nfct.org.il/blog/movies/%d7%94%d7%9e%d7%9c%d7%9b%d7%94-%d7%a9%d7%95%d7%a9%d7%a0%d7%94/ (17623 bytes)
  [388/1491] ✓ https://nfct.org.il/blog/movies/%d7%94%d7%9e%d7%a1%d7%a2-%d7%a9%d7%9c-%d7%99%d7%9e%d7%99%d7%9e%d7%94/ (14847 bytes)
  [389/1491] ✓ https://nfct.org.il/blog/movies/%d7%94%d7%9e%d7%9e%d7%9c%d7%9b%d7%94-%d7%94%d7%9e%d7%95%d7%a4%d7%9c%d7%90%d7%94-%d7%a9%d7%9c-%d7%a4%d7%90%d7%a4%d7%90-%d7%90%d7%9c%d7%99%d7%99%d7%91/ (19221 bytes)
  [390/1491] ✓ https://nfct.org.il/blog/movies/%d7%94%d7%9e%d7%a2%d7%91%d7%93%d7%94/ (16168 bytes)
  [391/1491] ✓ https://nfct.org.il/blog/movies/%d7%94%d7%9e%d7%a4%d7%9c%d7%a6%d7%aa-%d7%9e%d7%99%d7%a8%d7%95%d7%a9%d7%9c%d7%99%d7%9d/ (10054 bytes)
  [392/1491] ✓ https://nfct.org.il/blog/movies/%d7%94%d7%9e%d7%a4%d7%aa%d7%97/ (16182 bytes)
  [393/1491] ✓ https://nfct.org.il/blog/movies/%d7%94%d7%9e%d7%a6%d7%91-%d7%a7%d7%a9%d7%94/ (14616 bytes)
  [394/1491] ✓ https://nfct.org.il/blog/movies/%d7%94%d7%9e%d7%a6%d7%9c%d7%9e%d7%94-%d7%a9%d7%9c-%d7%90%d7%91%d7%90/ (17751 bytes)
  [395/1491] ✓ https://nfct.org.il/blog/movies/%d7%94%d7%9e%d7%97%d7%91%d7%9c-%d7%a9%d7%9c%d7%99/ (19314 bytes)
  [396/1491] ✓ https://nfct.org.il/blog/movies/%d7%94%d7%9e%d7%a6%d7%9c%d7%9e%d7%94-%d7%a9%d7%9c-%d7%93%d7%95%d7%a7%d7%98%d7%95%d7%a8-%d7%9e%d7%95%d7%a8%d7%99%d7%a1/ (21989 bytes)
  [397/1491] ✓ https://nfct.org.il/blog/movies/%d7%94%d7%9e%d7%a7%d7%95%d7%9c%d7%9c%d7%99%d7%9d/ (24810 bytes)
  [398/1491] ✓ https://nfct.org.il/blog/movies/%d7%94%d7%9e%d7%a7%d7%a4%d7%99%d7%a6%d7%99%d7%9d/ (15343 bytes)
  [399/1491] ✓ https://nfct.org.il/blog/movies/%d7%94%d7%9e%d7%a8%d7%90%d7%94-%d7%a9%d7%9c-%d7%94%d7%a9%d7%9e%d7%a9/ (13681 bytes)
  [400/1491] ✓ https://nfct.org.il/blog/movies/%d7%94%d7%9e%d7%a8%d7%93-%d7%a9%d7%9c-%d7%a2%d7%9e%d7%95%d7%a1/ (15153 bytes)
  [401/1491] ✓ https://nfct.org.il/blog/movies/%d7%94%d7%9e%d7%a9%d7%95%d7%92%d7%a2/ (13820 bytes)
  [402/1491] ✓ https://nfct.org.il/blog/movies/%d7%94%d7%9e%d7%a9%d7%97%d7%a7%d7%99%d7%9d/ (15386 bytes)
  [403/1491] ✓ https://nfct.org.il/blog/movies/%d7%94%d7%9e%d7%a9%d7%97%d7%a7-%d7%a9%d7%9c-%d7%a4%d7%9c%d7%90%d7%a4%d7%9c/ (17050 bytes)
  [404/1491] ✓ https://nfct.org.il/blog/movies/%d7%94%d7%9e%d7%a9%d7%a4%d7%98-%d7%94%d7%90%d7%97%d7%a8%d7%95%d7%9f-%d7%a9%d7%9c-%d7%a7%d7%a4%d7%a7%d7%90/ (18197 bytes)
  [405/1491] ✓ https://nfct.org.il/blog/movies/%d7%94%d7%9e%d7%aa%d7%a0%d7%94/ (16105 bytes)
  [406/1491] ✓ https://nfct.org.il/blog/movies/%d7%94%d7%9e%d7%aa%d7%a0%d7%97%d7%9c%d7%99%d7%9d/ (18500 bytes)
  [407/1491] ✓ https://nfct.org.il/blog/movies/%d7%94%d7%a0%d7%91%d7%99%d7%90-%d7%9b%d7%94%d7%a0%d7%90/ (17102 bytes)
  [408/1491] ✓ https://nfct.org.il/blog/movies/%d7%94%d7%a0%d7%96%d7%99%d7%a8-%d7%9e%d7%90%d7%a8%d7%a5-%d7%94%d7%a7%d7%95%d7%93%d7%a9/ (17052 bytes)
  [409/1491] ✓ https://nfct.org.il/blog/movies/%d7%94%d7%9e%d7%a7%d7%9c%d7%97%d7%aa/ (16876 bytes)
  [410/1491] ✓ https://nfct.org.il/blog/movies/%d7%94%d7%a0%d7%a1%d7%99%d7%a2%d7%94/ (14435 bytes)
  [411/1491] ✓ https://nfct.org.il/blog/movies/%d7%94%d7%a0%d7%a1%d7%99%d7%9a-%d7%94%d7%99%d7%a8%d7%95%d7%a7/ (16303 bytes)
  [412/1491] ✓ https://nfct.org.il/blog/movies/%d7%94%d7%a1%d7%95%d7%93%d7%95%d7%aa-%d7%a9%d7%9c-%d7%9c%d7%90%d7%a9%d7%94/ (14110 bytes)
  [413/1491] ✓ https://nfct.org.il/blog/movies/%d7%94%d7%a1%d7%95%d7%93-%d7%a9%d7%9c-%d7%a8%d7%a9%d7%91%d7%99/ (15681 bytes)
  [414/1491] ✓ https://nfct.org.il/blog/movies/%d7%94%d7%a1%d7%95%d7%93%d7%95%d7%aa-%d7%a9%d7%9c-%d7%90%d7%99%d7%93%d7%94/ (18570 bytes)
  [415/1491] ✓ https://nfct.org.il/blog/movies/%d7%94%d7%a1%d7%99%d7%a4%d7%95%d7%a8-%d7%94%d7%90%d7%97%d7%a8%d7%95%d7%9f-%d7%a9%d7%9c-%d7%a4%d7%a8%d7%a0%d7%a5-%d7%a7%d7%a4%d7%a7%d7%90/ (15231 bytes)
  [416/1491] ✓ https://nfct.org.il/blog/movies/%d7%94%d7%a1%d7%a4%d7%94/ (17832 bytes)
  [417/1491] ✓ https://nfct.org.il/blog/movies/%d7%94%d7%a1%d7%a8%d7%98-%d7%a9%d7%9c-%d7%9e%d7%a0%d7%95%d7%97%d7%94/ (15750 bytes)
  [418/1491] ✓ https://nfct.org.il/blog/movies/%d7%94%d7%a1%d7%aa%d7%92%d7%9c%d7%95%d7%aa-%d7%9c%d7%90%d7%a4%d7%9c%d7%94/ (13980 bytes)
  [419/1491] ✓ https://nfct.org.il/blog/movies/%d7%94%d7%a2%d7%95%d7%a8%d7%91-%d7%96%d7%90%d7%91-%d7%96%d7%91%d7%95%d7%98%d7%99%d7%a0%d7%a1%d7%a7%d7%99/ (16074 bytes)
  [420/1491] ✓ https://nfct.org.il/blog/movies/%d7%94%d7%a2%d7%99%d7%95%d7%95%d7%a8%d7%aa/ (15272 bytes)
  [421/1491] ✓ https://nfct.org.il/blog/movies/%d7%94%d7%a2%d7%99%d7%a8-%d7%94%d7%90%d7%97%d7%a8%d7%aa/ (18292 bytes)
  [422/1491] ✓ https://nfct.org.il/blog/movies/%d7%94%d7%a2%d7%99%d7%a8-%d7%94%d7%96%d7%90%d7%aa/ (13743 bytes)
  [423/1491] ✓ https://nfct.org.il/blog/movies/%d7%94%d7%9e%d7%a4%d7%a8%d7%a5/ (17173 bytes)
  [424/1491] ✓ https://nfct.org.il/blog/movies/%d7%94%d7%a4%d7%92%d7%a0%d7%94-%d7%91%d7%a2%d7%99%d7%a8-%d7%94%d7%9c%d7%91%d7%a0%d7%94/ (10929 bytes)
  [425/1491] ✓ https://nfct.org.il/blog/movies/%d7%94%d7%a4%d7%95%d7%90%d7%99%d7%94/ (16526 bytes)
  [426/1491] ✓ https://nfct.org.il/blog/movies/%d7%94%d7%a4%d7%98%d7%a8%d7%99%d7%90%d7%9a/ (16205 bytes)
  [427/1491] ✓ https://nfct.org.il/blog/movies/%d7%94%d7%a4%d7%98%d7%a8%d7%99%d7%95%d7%98/ (15522 bytes)
  [428/1491] ✓ https://nfct.org.il/blog/movies/%d7%94%d7%a4%d7%99%d7%a8%d7%90%d7%98%d7%99%d7%9d-%d7%94%d7%99%d7%a6%d7%99%d7%a8%d7%aa%d7%99%d7%99%d7%9d-%d7%9e%d7%a7%d7%a8%d7%99%d7%99%d7%aa-%d7%a9%d7%9c%d7%95%d7%9d/ (16837 bytes)
  [429/1491] ✓ https://nfct.org.il/blog/movies/%d7%94%d7%a4%d7%a1%d7%a7%d7%94-%d7%92%d7%93%d7%95%d7%9c%d7%94-%d7%a4%d7%a6%d7%a2%d7%99-%d7%91%d7%92%d7%a8%d7%95%d7%aa/ (14375 bytes)
  [430/1491] ✓ https://nfct.org.il/blog/movies/%d7%94%d7%a4%d7%a1%d7%a7%d7%aa-%d7%a7%d7%a4%d7%94/ (15086 bytes)
  [431/1491] ✓ https://nfct.org.il/blog/movies/%d7%94%d7%a4%d7%a1%d7%a7%d7%aa-%d7%90%d7%a9/ (16276 bytes)
  [432/1491] ✓ https://nfct.org.il/blog/movies/%d7%94%d7%a4%d7%a7%d7%95%d7%aa-%d7%94%d7%9e%d7%96%d7%a8%d7%97/ (17035 bytes)
  [433/1491] ✓ https://nfct.org.il/blog/movies/%d7%94%d7%a4%d7%a8%d7%98%d7%99%d7%96%d7%9f-%d7%a2%d7%9d-%d7%9e%d7%a6%d7%9c%d7%9e%d7%aa-%d7%94%d7%9c%d7%99%d7%99%d7%a7%d7%94/ (15267 bytes)
  [434/1491] ✓ https://nfct.org.il/blog/movies/%d7%94%d7%a4%d7%a8%d7%a9%d7%a0%d7%99%d7%aa/ (16068 bytes)
  [435/1491] ✓ https://nfct.org.il/blog/movies/%d7%94%d7%a6%d7%93%d7%99%d7%a7-%d7%94%d7%90%d7%97%d7%a8%d7%95%d7%9f-%d7%a9%d7%95%d7%a9%d7%9c%d7%aa-%d7%90%d7%91%d7%97%d7%a6%d7%99%d7%a8%d7%90/ (18681 bytes)
  [436/1491] ✓ https://nfct.org.il/blog/movies/%d7%94%d7%a1%d7%99%d7%a8%d7%94-%d7%a9%d7%9c-%d7%90%d7%99%d7%9e%d7%90%d7%9f/ (16510 bytes)
  [437/1491] ✓ https://nfct.org.il/blog/movies/%d7%94%d7%a6%d7%93-%d7%94%d7%90%d7%a4%d7%9c/ (15615 bytes)
  [438/1491] ✓ https://nfct.org.il/blog/movies/%d7%94%d7%a6%d7%9c%d7%9e%d7%a0%d7%99%d7%94/ (18035 bytes)
  [439/1491] ✓ https://nfct.org.il/blog/movies/%d7%94%d7%a6%d7%a2%d7%a7%d7%94/ (12669 bytes)
  [440/1491] ✓ https://nfct.org.il/blog/movies/%d7%94%d7%a6%d7%9c-%d7%a9%d7%9c-%d7%94%d7%a9%d7%9e%d7%a9/ (18137 bytes)
  [441/1491] ✓ https://nfct.org.il/blog/movies/%d7%94%d7%a7%d7%91%d7%a8%d7%a0%d7%99%d7%98%d7%99%d7%9d/ (15608 bytes)
  [442/1491] ✓ https://nfct.org.il/blog/movies/%d7%94%d7%a7%d7%95%d7%9e%d7%93%d7%99%d7%90%d7%a0%d7%98%d7%99%d7%9d/ (18739 bytes)
  [443/1491] ✓ https://nfct.org.il/blog/movies/%d7%94%d7%a7%d7%99%d7%a8/ (19144 bytes)
  [444/1491] ✓ https://nfct.org.il/blog/movies/%d7%94%d7%a7%d7%9c%d7%99%d7%a7-%d7%94%d7%90%d7%97%d7%a8%d7%95%d7%9f/ (16445 bytes)
  [445/1491] ✓ https://nfct.org.il/blog/movies/%d7%94%d7%a7%d7%9c%d7%9c%d7%94-%d7%a9%d7%9c-%d7%95%d7%99%d7%a7%d7%98%d7%95%d7%a8/ (17537 bytes)
  [446/1491] ✓ https://nfct.org.il/blog/movies/%d7%94%d7%a7%d7%a8%d7%91%d7%95%d7%aa-%d7%a9%d7%9c-%d7%a0%d7%99%d7%9c%d7%99/ (12663 bytes)
  [447/1491] ✓ https://nfct.org.il/blog/movies/%d7%94%d7%a7%d7%a8%d7%91-%d7%a2%d7%9c-%d7%aa%d7%9c-%d7%97%d7%99/ (15212 bytes)
  [448/1491] ✓ https://nfct.org.il/blog/movies/%d7%94%d7%a8%d7%90%d7%a9-%d7%94%d7%99%d7%94%d7%95%d7%93%d7%99-%d7%9e%d7%9e%d7%a6%d7%99%d7%90-%d7%9c%d7%a0%d7%95-%d7%a4%d7%98%d7%a0%d7%98%d7%99%d7%9d/ (12675 bytes)
  [449/1491] ✓ https://nfct.org.il/blog/movies/%d7%94%d7%a4%d7%a8%d7%98%d7%99%d7%96%d7%a0%d7%99%d7%aa/ (16554 bytes)
  [450/1491] ✓ https://nfct.org.il/blog/movies/%d7%94%d7%a8%d7%96-%d7%a9%d7%9c%d7%99/ (17891 bytes)
  [451/1491] ✓ https://nfct.org.il/blog/movies/%d7%94%d7%a8%d7%97%d7%91%d7%94/ (16322 bytes)
  [452/1491] ✓ https://nfct.org.il/blog/movies/%d7%94%d7%a8%d7%a2%d7%91-%d7%95%d7%9e%d7%a2%d7%a8%d7%9b%d7%aa-%d7%94%d7%a2%d7%99%d7%9b%d7%95%d7%9c-%d7%a9%d7%9c-%d7%94%d7%aa%d7%a7%d7%a9%d7%95%d7%a8%d7%aa/ (13510 bytes)
  [453/1491] ✓ https://nfct.org.il/blog/movies/%d7%94%d7%a8%d7%a6%d7%97-%d7%aa%d7%a2%d7%9c%d7%95%d7%9e%d7%aa-%d7%9e%d7%95%d7%aa%d7%95-%d7%a9%d7%9c-%d7%97%d7%99%d7%99%d7%9d-%d7%90%d7%a8%d7%9c%d7%95%d7%96%d7%a8%d7%95%d7%91/ (18141 bytes)
  [454/1491] ✓ https://nfct.org.il/blog/movies/%d7%94%d7%a7%d7%94%d7%99%d7%9c%d7%94/ (14490 bytes)
  [455/1491] ✓ https://nfct.org.il/blog/movies/%d7%94%d7%a8%d7%a9%d7%94-%d7%9c%d7%96%d7%94-%d7%9c%d7%93%d7%9e%d7%9d/ (15495 bytes)
  [456/1491] ✓ https://nfct.org.il/blog/movies/%d7%94%d7%a9%d7%90%d7%9c%d7%95%d7%aa-%d7%a9%d7%9c-%d7%a0%d7%a2%d7%9e%d7%99/ (16555 bytes)
  [457/1491] ✓ https://nfct.org.il/blog/movies/%d7%94%d7%a9%d7%92%d7%a8%d7%99%d7%a8%d7%99%d7%9d/ (16425 bytes)
  [458/1491] ✓ https://nfct.org.il/blog/movies/%d7%94%d7%a9%d7%95%d7%9e%d7%a8%d7%95%d7%a0%d7%99%d7%9d-%d7%91%d7%92%d7%9c%d7%99%d7%9e%d7%95%d7%aa-%d7%9c%d7%91%d7%a0%d7%95%d7%aa-%d7%95%d7%91%d7%92%d7%99%d7%a0%d7%a1-%d7%9b%d7%97%d7%95%d7%9c%d7%99/ (17322 bytes)
  [459/1491] ✓ https://nfct.org.il/blog/movies/%d7%94%d7%a9%d7%95%d7%9e%d7%a8%d7%95%d7%a0%d7%99%d7%9d-%d7%a2%d7%93%d7%94-%d7%aa%d7%95%d7%a8%d7%94-%d7%94%d7%a8/ (21156 bytes)
  [460/1491] ✓ https://nfct.org.il/blog/movies/%d7%94%d7%a9%d7%95%d7%a2%d7%9c-%d7%95%d7%94%d7%a2%d7%95%d7%a8%d7%91/ (14522 bytes)
  [461/1491] ✓ https://nfct.org.il/blog/movies/%d7%94%d7%a8%d7%95%d7%a2%d7%94/ (17537 bytes)
  [462/1491] ✓ https://nfct.org.il/blog/movies/%d7%94%d7%a9%d7%97%d7%99%d7%99%d7%9f/ (15321 bytes)
  [463/1491] ✓ https://nfct.org.il/blog/movies/%d7%94%d7%a9%d7%99%d7%a2%d7%95%d7%a8-%d7%a9%d7%9c-%d7%a0%d7%99%d7%a0%d7%95/ (14859 bytes)
  [464/1491] ✓ https://nfct.org.il/blog/movies/%d7%94%d7%a9%d7%99%d7%a8-%d7%94%d7%98%d7%99%d7%a4%d7%a9%d7%99-%d7%9c%d7%9c%d7%99%d7%94/ (15504 bytes)
  [465/1491] ✓ https://nfct.org.il/blog/movies/%d7%94%d7%a9%d7%9e%d7%99%d7%a2%d7%99-%d7%a7%d7%95%d7%9c%d7%9a/ (16114 bytes)
  [466/1491] ✓ https://nfct.org.il/blog/movies/%d7%94%d7%a9%d7%9b%d7%9f-%d7%a9%d7%9c-%d7%99%d7%a9%d7%95/ (16732 bytes)
  [467/1491] ✓ https://nfct.org.il/blog/movies/%d7%94%d7%a9%d7%a8%d7%a9%d7%a8%d7%aa-%d7%a9%d7%9c-%d7%a4%d7%a1%d7%99%d7%94/ (17838 bytes)
  [468/1491] ✓ https://nfct.org.il/blog/movies/%d7%94%d7%aa%d7%90%d7%91%d7%93%d7%95%d7%aa/ (15397 bytes)
  [469/1491] ✓ https://nfct.org.il/blog/movies/%d7%94%d7%aa%d7%90%d7%95%d7%a0%d7%94/ (16031 bytes)
  [470/1491] ✓ https://nfct.org.il/blog/movies/%d7%94%d7%aa%d7%97%d7%9c%d7%94-%d7%97%d7%93%d7%a9%d7%94/ (15167 bytes)
  [471/1491] ✓ https://nfct.org.il/blog/movies/%d7%94%d7%aa%d7%96%d7%9e%d7%95%d7%a8%d7%aa/ (18894 bytes)
  [472/1491] ✓ https://nfct.org.il/blog/movies/%d7%94%d7%aa%d7%97%d7%9c-%d7%9e%d7%a9%d7%97%d7%a7-%d7%97%d7%93%d7%a9/ (17621 bytes)
  [473/1491] ✓ https://nfct.org.il/blog/movies/%d7%94%d7%a9%d7%90%d7%9d-%d7%91%d7%90%d7%99-%d7%a9%d7%9d/ (12058 bytes)
  [474/1491] ✓ https://nfct.org.il/blog/movies/%d7%94%d7%aa%d7%a2%d7%95%d7%a8%d7%a8%d7%95%d7%aa/ (14977 bytes)
  [475/1491] ✓ https://nfct.org.il/blog/movies/%d7%94%d7%aa%d7%a4%d7%95%d7%a8%d7%a8%d7%95%d7%aa/ (18179 bytes)
  [476/1491] ✓ https://nfct.org.il/blog/movies/%d7%94%d7%aa%d7%a2%d7%95%d7%a8%d7%a8%d7%95%d7%aa-2/ (13580 bytes)
  [477/1491] ✓ https://nfct.org.il/blog/movies/%d7%94%d7%aa%d7%a7%d7%95%d7%95%d7%94-2/ (13950 bytes)
  [478/1491] ✓ https://nfct.org.il/blog/movies/%d7%94%d7%aa%d7%a7%d7%95%d7%95%d7%94/ (17387 bytes)
  [479/1491] ✓ https://nfct.org.il/blog/movies/%d7%95%d7%90%d7%9d-%d7%a0%d7%a0%d7%99%d7%97-%d7%9c%d7%a8%d7%92%d7%a2-%d7%a9%d7%99%d7%a9-%d7%90%d7%9c%d7%94%d7%99%d7%9d/ (14220 bytes)
  [480/1491] ✓ https://nfct.org.il/blog/movies/%d7%95%d7%90%d7%a0%d7%99-%d7%94%d7%99%d7%99%d7%aa%d7%99-%d7%a9%d7%9d/ (11408 bytes)
  [481/1491] ✓ https://nfct.org.il/blog/movies/%d7%95%d7%90%d7%9c%d7%a1-%d7%a2%d7%9d-%d7%91%d7%90%d7%a9%d7%99%d7%a8/ (22109 bytes)
  [482/1491] ✓ https://nfct.org.il/blog/movies/%d7%95%d7%95%d7%90%d7%98%d7%a1%d7%90%d7%a4-%d7%92%d7%a8%d7%a2%d7%99%d7%9f-%d7%92%d7%9c%d7%91%d7%95%d7%a2/ (15501 bytes)
  [483/1491] ✓ https://nfct.org.il/blog/movies/%d7%95%d7%95%d7%90%d7%a7%d7%a8/ (17557 bytes)
  [484/1491] ✓ https://nfct.org.il/blog/movies/%d7%95%d7%95%d7%91-%d7%a7%d7%90%d7%9d/ (13824 bytes)
  [485/1491] ✓ https://nfct.org.il/blog/movies/%d7%95%d7%96%d7%a8%d7%97-%d7%94%d7%a9%d7%9e%d7%a9/ (13109 bytes)
  [486/1491] ✓ https://nfct.org.il/blog/movies/%d7%95%d7%99%d7%93%d7%95%d7%99%d7%99%d7%9d-%d7%91%d7%a7%d7%a8%d7%95%d7%91/ (12930 bytes)
  [487/1491] ✓ https://nfct.org.il/blog/movies/%d7%95%d7%98%d7%a8%d7%a0%d7%99%d7%9d/ (14482 bytes)
  [488/1491] ✓ https://nfct.org.il/blog/movies/%d7%95%d7%99%d7%93%d7%95%d7%99%d7%99%d7%9d/ (14781 bytes)
  [489/1491] ✓ https://nfct.org.il/blog/movies/%d7%95%d7%99%d7%94-%d7%93%d7%9c%d7%a8%d7%95%d7%96%d7%94/ (15512 bytes)
  [490/1491] ✓ https://nfct.org.il/blog/movies/%d7%95%d7%99%d7%94%d7%99-%d7%a2%d7%a8%d7%91-%d7%95%d7%99%d7%94%d7%99-%d7%91%d7%95%d7%a7%d7%a8-%d7%99%d7%95%d7%9d-%d7%90%d7%97%d7%93/ (15378 bytes)
  [491/1491] ✓ https://nfct.org.il/blog/movies/%d7%95%d7%99%d7%a7%d7%99%d7%9c%d7%a0%d7%93/ (15186 bytes)
  [492/1491] ✓ https://nfct.org.il/blog/movies/%d7%95%d7%99%d7%98%d7%94-%d7%90%d7%a7%d7%98%d7%99%d7%91%d7%94-%d7%91%d7%99%d7%95%d7%92%d7%a8%d7%a4%d7%99%d7%94-%d7%a8%d7%95%d7%97%d7%a0%d7%99%d7%aa-%d7%a9%d7%9c-%d7%97%d7%a0%d7%94-%d7%90%d7%a8%d7%a0/ (17579 bytes)
  [493/1491] ✓ https://nfct.org.il/blog/movies/%d7%95%d7%a0%d7%a2%d7%91%d7%95%d7%a8-%d7%9c%d7%a4%d7%a8%d7%a1%d7%95%d7%9e%d7%95%d7%aa/ (18100 bytes)
  [494/1491] ✓ https://nfct.org.il/blog/movies/%d7%95%d7%99%d7%a8%d7%90%d7%9c%d7%99/ (15721 bytes)
  [495/1491] ✓ https://nfct.org.il/blog/movies/%d7%96%d7%90%d7%96%d7%90%d7%9c%d7%a0%d7%93/ (14699 bytes)
  [496/1491] ✓ https://nfct.org.il/blog/movies/%d7%96%d7%91%d7%9c-%d7%98%d7%95%d7%91/ (17885 bytes)
  [497/1491] ✓ https://nfct.org.il/blog/movies/%d7%96%d7%94%d7%91-%d7%9c%d7%99%d7%95%d7%93%d7%94/ (20908 bytes)
  [498/1491] ✓ https://nfct.org.il/blog/movies/%d7%96%d7%94%d7%91-%d7%a9%d7%97%d7%95%d7%a8-%d7%94%d7%a1%d7%99%d7%a4%d7%95%d7%a8-%d7%a9%d7%9c-%d7%94%d7%94%d7%99%d7%a4-%d7%94%d7%95%d7%a4-%d7%94%d7%99%d7%a9%d7%a8%d7%90%d7%9c%d7%99/ (15993 bytes)
  [499/1491] ✓ https://nfct.org.il/blog/movies/%d7%96%d7%94-%d7%9e%d7%94-%d7%a9%d7%96%d7%94/ (8873 bytes)
  [500/1491] ✓ https://nfct.org.il/blog/movies/%d7%96%d7%94-%d7%a2%d7%95%d7%91%d7%93-%d7%a8%d7%a7-%d7%91%d7%a2%d7%99%d7%a0%d7%99%d7%99%d7%9d-%d7%a2%d7%a6%d7%95%d7%9e%d7%95%d7%aa/ (16262 bytes)
  [501/1491] ✓ https://nfct.org.il/blog/movies/%d7%95%d7%92%d7%91%d7%95%d7%9c-%d7%a0%d7%aa%d7%9f/ (17419 bytes)
  [502/1491] ✓ https://nfct.org.il/blog/movies/%d7%96%d7%95%d7%9d-%d7%96%d7%95%d7%9d/ (12651 bytes)
  [503/1491] ✓ https://nfct.org.il/blog/movies/%d7%96%d7%95%d7%a0%d7%94-%d7%9b%d7%9e%d7%95%d7%a0%d7%99/ (14004 bytes)
  [504/1491] ✓ https://nfct.org.il/blog/movies/%d7%96%d7%95-%d7%94%d7%90%d7%a8%d7%a5-%d7%a9%d7%9c%d7%99/ (17579 bytes)
  [505/1491] ✓ https://nfct.org.il/blog/movies/%d7%96%d7%99%d7%9b%d7%a8%d7%95%d7%a0%d7%95%d7%aa-%d7%a9%d7%98%d7%95%d7%a4%d7%99%d7%9d/ (16053 bytes)
  [506/1491] ✓ https://nfct.org.il/blog/movies/%d7%96%d7%9e%d7%9f-%d7%90%d7%99%d7%9b%d7%95%d7%aa/ (14462 bytes)
  [507/1491] ✓ https://nfct.org.il/blog/movies/%d7%96%d7%9e%d7%9f-%d7%90%d7%99%d7%a9%d7%94/ (17989 bytes)
  [508/1491] ✓ https://nfct.org.il/blog/movies/%d7%96%d7%9e%d7%9f-%d7%a4%d7%95%d7%a0%d7%99%d7%91%d7%96/ (17119 bytes)
  [509/1491] ✓ https://nfct.org.il/blog/movies/%d7%96%d7%a2%d7%a7%d7%95%d7%aa-%d7%95%d7%90%d7%96-%d7%a9%d7%aa%d7%99%d7%a7%d7%94/ (12116 bytes)
  [510/1491] ✓ https://nfct.org.il/blog/movies/%d7%96%d7%94%d7%91%d7%94-%d7%91%d7%9f-%d7%9b%d7%95%d7%9b%d7%91-%d7%90%d7%97%d7%93-%d7%9c%d7%91%d7%93/ (15425 bytes)
  [511/1491] ✓ https://nfct.org.il/blog/movies/%d7%96%d7%a8%d7%a2%d7%99-%d7%a7%d7%99%d7%a5/ (19798 bytes)
  [512/1491] ✓ https://nfct.org.il/blog/movies/%d7%97%d7%91%d7%a6%d7%95%d7%9c%d7%99%d7%9d/ (16764 bytes)
  [513/1491] ✓ https://nfct.org.il/blog/movies/%d7%97%d7%93%d7%a8-%d7%a9%d7%99%d7%a0%d7%94/ (13272 bytes)
  [514/1491] ✓ https://nfct.org.il/blog/movies/%d7%97%d7%93%d7%a8-%d7%97%d7%95%d7%a9%d7%9a/ (13190 bytes)
  [515/1491] ✓ https://nfct.org.il/blog/movies/%d7%97%d7%93%d7%a9%d7%95%d7%aa-%d7%9e%d7%94%d7%91%d7%99%d7%aa/ (17497 bytes)
  [516/1491] ✓ https://nfct.org.il/blog/movies/%d7%97%d7%93%d7%a8-6/ (15564 bytes)
  [517/1491] ✓ https://nfct.org.il/blog/movies/%d7%97%d7%93-%d7%a7%d7%a8%d7%9f-%d7%91%d7%aa%d7%9c-%d7%90%d7%91%d7%99%d7%91/ (17544 bytes)
  [518/1491] ✓ https://nfct.org.il/blog/movies/%d7%96%d7%95%d7%92/ (11963 bytes)
  [519/1491] ✓ https://nfct.org.il/blog/movies/%d7%97%d7%95%d7%95%d7%aa-%d7%94%d7%97%d7%95%d7%a4%d7%a9-%d7%a2%d7%95%d7%a0%d7%94-2/ (17375 bytes)
  [520/1491] ✓ https://nfct.org.il/blog/movies/%d7%97%d7%95%d7%96%d7%a8%d7%aa/ (12397 bytes)
  [521/1491] ✓ https://nfct.org.il/blog/movies/%d7%97%d7%95%d7%9c%d7%aa-%d7%a8%d7%93%d7%99%d7%95/ (14130 bytes)
  [522/1491] ✓ https://nfct.org.il/blog/movies/%d7%97%d7%95%d7%a4%d7%a9%d7%94-%d7%9c%d7%94%d7%95%d7%95%d7%90%d7%99/ (14271 bytes)
  [523/1491] ✓ https://nfct.org.il/blog/movies/%d7%97%d7%95%d7%a4%d7%a9%d7%aa-%d7%a7%d7%99%d7%a5/ (18775 bytes)
  [524/1491] ✓ https://nfct.org.il/blog/movies/%d7%97%d7%95%d7%a3-%d7%94%d7%9e%d7%95%d7%a2%d7%93/ (14507 bytes)
  [525/1491] ✓ https://nfct.org.il/blog/movies/%d7%97%d7%95%d7%a9%d7%a0%d7%99%d7%94-%d7%a1%d7%95%d7%93%d7%95%d7%aa-%d7%9e%d7%9c%d7%97%d7%9e%d7%94/ (14656 bytes)
  [526/1491] ✓ https://nfct.org.il/blog/movies/%d7%97%d7%96%d7%99%d7%a8%d7%99-%d7%a2%d7%99%d7%a8%d7%a0%d7%95/ (14766 bytes)
  [527/1491] ✓ https://nfct.org.il/blog/movies/%d7%97%d7%96%d7%99%d7%95%d7%a0%d7%95%d7%aa-%d7%91%d7%9c%d7%aa%d7%99-%d7%a4%d7%95%d7%a1%d7%a7%d7%99%d7%9d/ (18780 bytes)
  [528/1491] ✓ https://nfct.org.il/blog/movies/%d7%97%d7%98%d7%90-%d7%a2%d7%9c-%d7%97%d7%98%d7%90/ (11584 bytes)
  [529/1491] ✓ https://nfct.org.il/blog/movies/%d7%97%d7%96%d7%99%d7%a8-%d7%91%d7%90%d7%a8%d7%a5-%d7%94%d7%a7%d7%95%d7%93%d7%a9/ (16180 bytes)
  [530/1491] ✓ https://nfct.org.il/blog/movies/%d7%97%d7%98%d7%99%d7%a4%d7%94/ (13817 bytes)
  [531/1491] ✓ https://nfct.org.il/blog/movies/%d7%97%d7%99%d7%91%d7%95%d7%a7-%d7%93%d7%95%d7%91-2/ (14514 bytes)
  [532/1491] ✓ https://nfct.org.il/blog/movies/%d7%97%d7%99%d7%99%d7%94-%d7%95%d7%9e%d7%95%d7%aa%d7%94-%d7%a9%d7%9c-%d7%98%d7%98%d7%99%d7%90%d7%a0%d7%94-%d7%97%d7%99%d7%99%d7%a7%d7%99%d7%9f/ (19270 bytes)
  [533/1491] ✓ https://nfct.org.il/blog/movies/%d7%97%d7%99%d7%99%d7%94-%d7%95%d7%9e%d7%95%d7%aa%d7%94-%d7%a9%d7%9c-%d7%90%d7%a0%d7%94-%d7%9c%d7%99%d7%96%d7%94/ (15601 bytes)
  [534/1491] ✓ https://nfct.org.il/blog/movies/%d7%97%d7%99%d7%99%d7%9d-%d7%91%d7%90%d7%a8%d7%92%d7%96%d7%99%d7%9d/ (17738 bytes)
  [535/1491] ✓ https://nfct.org.il/blog/movies/%d7%97%d7%99%d7%99%d7%9d-%d7%91%d7%90%d7%a9%d7%9c%d7%99%d7%95%d7%aa-%d7%94%d7%a1%d7%99%d7%a4%d7%95%d7%a8-%d7%94%d7%9e%d7%95%d7%a4%d7%9c%d7%90-%d7%a2%d7%9c-%d7%a6%d7%99%d7%a7%d7%95-%d7%95%d7%93/ (19374 bytes)
  [536/1491] ✓ https://nfct.org.il/blog/movies/%d7%97%d7%99%d7%99%d7%9d-%d7%a2%d7%9c-%d7%94%d7%92%d7%91%d7%95%d7%9c/ (18234 bytes)
  [537/1491] ✓ https://nfct.org.il/blog/movies/%d7%97%d7%99%d7%99%d7%9d-%d7%a9%d7%91%d7%a6%d7%9c%d7%97%d7%aa/ (15932 bytes)
  [538/1491] ✓ https://nfct.org.il/blog/movies/%d7%97%d7%99%d7%99%d7%9d-%d7%a9%d7%a0%d7%99%d7%99%d7%9d/ (16371 bytes)
  [539/1491] ✓ https://nfct.org.il/blog/movies/%d7%97%d7%99%d7%9c%d7%95%d7%a3-%d7%97%d7%95%d7%9e%d7%a8%d7%99%d7%9d/ (14075 bytes)
  [540/1491] ✓ https://nfct.org.il/blog/movies/%d7%97%d7%99%d7%91%d7%95%d7%a7-%d7%93%d7%95%d7%91/ (15923 bytes)
  [541/1491] ✓ https://nfct.org.il/blog/movies/%d7%97%d7%9c%d7%90%d7%a7%d7%94/ (17251 bytes)
  [542/1491] ✓ https://nfct.org.il/blog/movies/%d7%97%d7%9c%d7%91/ (20957 bytes)
  [543/1491] ✓ https://nfct.org.il/blog/movies/%d7%97%d7%9c%d7%95%d7%9d-%d7%99%d7%a8%d7%95%d7%a9%d7%9c%d7%99%d7%9d/ (21640 bytes)
  [544/1491] ✓ https://nfct.org.il/blog/movies/%d7%97%d7%9c%d7%95%d7%9d-%d7%a9%d7%a4%d7%94/ (21192 bytes)
  [545/1491] ✓ https://nfct.org.il/blog/movies/%d7%97%d7%9c%d7%95%d7%9d-2/ (15365 bytes)
  [546/1491] ✓ https://nfct.org.il/blog/movies/%d7%97%d7%9c%d7%95%d7%9d/ (14343 bytes)
  [547/1491] ✓ https://nfct.org.il/blog/movies/%d7%97%d7%99%d7%a4%d7%94-%d7%a2%d7%99%d7%a8%d7%a0%d7%95/ (13539 bytes)
  [548/1491] ✓ https://nfct.org.il/blog/movies/%d7%97%d7%9c%d7%98%d7%95%d7%a8%d7%94-%d7%90%d7%97%d7%a8%d7%95%d7%a0%d7%94/ (15081 bytes)
  [549/1491] ✓ https://nfct.org.il/blog/movies/%d7%97%d7%9c%d7%9c-%d7%91%d7%96%d7%9e%d7%9f/ (15622 bytes)
  [550/1491] ✓ https://nfct.org.il/blog/movies/%d7%97%d7%9e%d7%90%d7%a8%d7%94-%d7%9e%d7%a7%d7%95%d7%9d-%d7%9c%d7%99%d7%93-%d7%94%d7%97%d7%99%d7%99%d7%9d/ (15281 bytes)
  [551/1491] ✓ https://nfct.org.il/blog/movies/%d7%97%d7%9e%d7%95%d7%a6%d7%99%d7%9d/ (17203 bytes)
  [552/1491] ✓ https://nfct.org.il/blog/movies/%d7%97%d7%9e%d7%99%d7%a9%d7%99%d7%9d-%d7%9b%d7%9c%d7%91%d7%99%d7%9d-%d7%96%d7%a7%d7%a0%d7%99%d7%9d/ (16735 bytes)
  [553/1491] ✓ https://nfct.org.il/blog/movies/%d7%97%d7%9e%d7%a6%d7%9f/ (15756 bytes)
  [554/1491] ✓ https://nfct.org.il/blog/movies/%d7%97%d7%a6%d7%99-%d7%98%d7%95%d7%9f-%d7%91%d7%a8%d7%95%d7%a0%d7%96%d7%94/ (15714 bytes)
  [555/1491] ✓ https://nfct.org.il/blog/movies/%d7%97%d7%a6%d7%99/ (15014 bytes)
  [556/1491] ✓ https://nfct.org.il/blog/movies/%d7%97%d7%a1%d7%99%d7%93%d7%99%d7%a1%d7%98%d7%95%d7%a7/ (18308 bytes)
  [557/1491] ✓ https://nfct.org.il/blog/movies/%d7%97%d7%a6%d7%a8-%d7%9e%d7%a9%d7%97%d7%a7%d7%99%d7%9d/ (17476 bytes)
  [558/1491] ✓ https://nfct.org.il/blog/movies/%d7%97%d7%a8%d7%93%d7%99%d7%9d-%d7%91%d7%a8%d7%a9%d7%aa/ (18867 bytes)
  [559/1491] ✓ https://nfct.org.il/blog/movies/%d7%97%d7%99%d7%99%d7%95-%d7%9e%d7%9c%d7%90%d7%99-%d7%a9%d7%99%d7%a8-%d7%a1%d7%99%d7%a4%d7%95%d7%a8%d7%95-%d7%a9%d7%9c-%d7%90%d7%91%d7%a8%d7%94%d7%9d-%d7%97%d7%9c%d7%a4%d7%99/ (16132 bytes)
  [560/1491] ✓ https://nfct.org.il/blog/movies/%d7%97%d7%aa%d7%9f-%d7%93%d7%9e%d7%99%d7%9d/ (13206 bytes)
  [561/1491] ✓ https://nfct.org.il/blog/movies/%d7%98%d7%90%d7%91%d7%95-%d7%a2%d7%9e%d7%95%d7%a1-%d7%92%d7%95%d7%98%d7%9e%d7%9f/ (19031 bytes)
  [562/1491] ✓ https://nfct.org.il/blog/movies/%d7%98%d7%90%d7%a8%d7%90%d7%91/ (18845 bytes)
  [563/1491] ✓ https://nfct.org.il/blog/movies/%d7%98%d7%91%d7%a8%d7%99%d7%94-%d7%9e%d7%aa%d7%97%d7%aa-%d7%9c%d7%a7%d7%95-%d7%94%d7%90%d7%93%d7%95%d7%9d/ (14235 bytes)
  [564/1491] ✓ https://nfct.org.il/blog/movies/%d7%98%d7%94%d7%95%d7%a8%d7%94-%d7%9c%d7%a2%d7%93/ (21479 bytes)
  [565/1491] ✓ https://nfct.org.il/blog/movies/%d7%98%d7%94%d7%95%d7%a8%d7%94/ (17866 bytes)
  [566/1491] ✓ https://nfct.org.il/blog/movies/%d7%98%d7%99%d7%92%d7%a8-%d7%9c%d7%a0%d7%a6%d7%97/ (14150 bytes)
  [567/1491] ✓ https://nfct.org.il/blog/movies/%d7%98%d7%95%d7%95%d7%99%d7%a0%d7%9c%d7%a1/ (16921 bytes)
  [568/1491] ✓ https://nfct.org.il/blog/movies/%d7%98%d7%99%d7%95%d7%9c/ (12798 bytes)
  [569/1491] ✓ https://nfct.org.il/blog/movies/%d7%98%d7%99%d7%a1%d7%94-1812-%d7%9c%d7%92%d7%9c%d7%95%d7%aa-%d7%90%d7%aa-%d7%90%d7%9e%d7%90/ (15733 bytes)
  [570/1491] ✓ https://nfct.org.il/blog/movies/%d7%98%d7%99%d7%a4%d7%95%d7%9c-%d7%91%d7%9e%d7%a9%d7%91%d7%a8/ (14231 bytes)
  [571/1491] ✓ https://nfct.org.il/blog/movies/%d7%98%d7%99%d7%a4%d7%94-%d7%91%d7%99%d7%9d/ (14039 bytes)
  [572/1491] ✓ https://nfct.org.il/blog/movies/%d7%98%d7%99%d7%a4%d7%95%d7%9c-%d7%aa%d7%a7%d7%95%d7%a4%d7%aa%d7%99/ (9502 bytes)
  [573/1491] ✓ https://nfct.org.il/blog/movies/%d7%98%d7%9e%d7%90%d7%99%d7%9d/ (18461 bytes)
  [574/1491] ✓ https://nfct.org.il/blog/movies/%d7%98%d7%a2%d7%9d-%d7%92%d7%9f-%d7%a2%d7%93%d7%9f/ (17187 bytes)
  [575/1491] ✓ https://nfct.org.il/blog/movies/%d7%99%d7%93%d7%a2-%d7%9b%d7%9c%d7%9c%d7%99-%d7%9c%d7%91-%d7%a8%d7%92%d7%99%d7%a9/ (13217 bytes)
  [576/1491] ✓ https://nfct.org.il/blog/movies/%d7%98%d7%a0%d7%98%d7%95%d7%a8%d7%94/ (16440 bytes)
  [577/1491] ✓ https://nfct.org.il/blog/movies/%d7%99%d7%94%d7%9c%d7%95%d7%9e%d7%99%d7%9d-%d7%95%d7%97%d7%9c%d7%95%d7%93%d7%94-%d7%a8%d7%95%d7%97%d7%94-%d7%a9%d7%9c-%d7%a0%d7%9e%d7%99%d7%91%d7%99%d7%94/ (16911 bytes)
  [578/1491] ✓ https://nfct.org.il/blog/movies/%d7%99%d7%95%d7%9d-%d7%90%d7%97%d7%93-%d7%90%d7%97%d7%a8%d7%99-%d7%94%d7%a9%d7%9c%d7%95%d7%9d/ (16963 bytes)
  [579/1491] ✓ https://nfct.org.il/blog/movies/%d7%98%d7%91%d7%a2%d7%95%d7%aa-%d7%91%d7%a6%d7%9c/ (13460 bytes)
  [580/1491] ✓ https://nfct.org.il/blog/movies/%d7%99%d7%95%d7%9d-%d7%95%d7%9c%d7%99%d7%9c%d7%94/ (16531 bytes)
  [581/1491] ✓ https://nfct.org.il/blog/movies/%d7%99%d7%95%d7%9d-%d7%9b%d7%99%d7%a3/ (14145 bytes)
  [582/1491] ✓ https://nfct.org.il/blog/movies/%d7%99%d7%95%d7%9d-%d7%a8%d7%92%d7%99%d7%9c/ (14942 bytes)
  [583/1491] ✓ https://nfct.org.il/blog/movies/%d7%99%d7%95%d7%9d-%d7%a9%d7%99%d7%a9%d7%99-%d7%94%d7%98%d7%95%d7%91/ (13433 bytes)
  [584/1491] ✓ https://nfct.org.il/blog/movies/%d7%99%d7%95%d7%9e%d7%9f-%d7%93%d7%99%d7%92%d7%99%d7%98%d7%9c%d7%99/ (10621 bytes)
  [585/1491] ✓ https://nfct.org.il/blog/movies/%d7%99%d7%95%d7%9e%d7%9f-%d7%9e%d7%a2%d7%95%d7%93%d7%9b%d7%9f-1990-1999/ (17581 bytes)
  [586/1491] ✓ https://nfct.org.il/blog/movies/%d7%99%d7%95%d7%9e%d7%9f-%d7%aa%d7%a6%d7%a4%d7%99%d7%aa/ (13056 bytes)
  [587/1491] ✓ https://nfct.org.il/blog/movies/%d7%99%d7%95%d7%9e%d7%a0%d7%99-%d7%91%d7%95%d7%93%d7%a4%d7%a9%d7%98/ (16022 bytes)
  [588/1491] ✓ https://nfct.org.il/blog/movies/%d7%99%d7%95%d7%a1%d7%a3-%d7%95%d7%9e%d7%a8%d7%99%d7%94/ (19055 bytes)
  [589/1491] ✓ https://nfct.org.il/blog/movies/%d7%99%d7%95%d7%90%d7%9c-%d7%99%d7%a9%d7%a8%d7%90%d7%9c-%d7%95%d7%94%d7%a4%d7%a9%d7%a7%d7%95%d7%95%d7%99%d7%9c%d7%99%d7%9d/ (19131 bytes)
  [590/1491] ✓ https://nfct.org.il/blog/movies/%d7%99%d7%95%d7%a8%d7%99%d7%9d-%d7%95%d7%a9%d7%a8%d7%99%d7%9d/ (22312 bytes)
  [591/1491] ✓ https://nfct.org.il/blog/movies/%d7%99%d7%99%d7%93%d7%a9%d7%a2-%d7%9e%d7%90%d7%9e%d7%90/ (15773 bytes)
  [592/1491] ✓ https://nfct.org.il/blog/movies/%d7%99%d7%9c%d7%93%d7%99%d7%9d-%d7%a2%d7%9c-%d7%aa%d7%a0%d7%90%d7%99/ (17319 bytes)
  [593/1491] ✓ https://nfct.org.il/blog/movies/%d7%99%d7%95%d7%aa%d7%a8-%d7%9e%d7%90%d7%9c%d7%a3-%d7%9e%d7%99%d7%9c%d7%99%d7%9d/ (20413 bytes)
  [594/1491] ✓ https://nfct.org.il/blog/movies/%d7%99%d7%9c%d7%93%d7%99%d7%9d/ (19468 bytes)
  [595/1491] ✓ https://nfct.org.il/blog/movies/%d7%99%d7%95%d7%9d-%d7%94%d7%95%d7%9c%d7%93%d7%aa-%d7%a9%d7%9e%d7%97-%d7%9e%d7%a8-%d7%9e%d7%95%d7%92%d7%a8%d7%91%d7%99/ (18179 bytes)
  [596/1491] ✓ https://nfct.org.il/blog/movies/%d7%99%d7%9c%d7%93%d7%99-%d7%94%d7%99%d7%98%d7%9c%d7%a8/ (22512 bytes)
  [597/1491] ✓ https://nfct.org.il/blog/movies/%d7%99%d7%9c%d7%93%d7%99-%d7%94%d7%a9%d7%9c%d7%95%d7%9d/ (16331 bytes)
  [598/1491] ✓ https://nfct.org.il/blog/movies/%d7%99%d7%9c%d7%93%d7%99-%d7%94%d7%a6%d7%9c%d7%9c%d7%99%d7%9d/ (20798 bytes)
  [599/1491] ✓ https://nfct.org.il/blog/movies/%d7%99%d7%9c%d7%93-%d7%96%d7%99%d7%9f/ (18300 bytes)
  [600/1491] ✓ https://nfct.org.il/blog/movies/%d7%99%d7%9c%d7%93-%d7%9e%d7%95%d7%aa%d7%a8/ (14415 bytes)
  [601/1491] ✓ https://nfct.org.il/blog/movies/%d7%99%d7%9c%d7%93%d7%99-%d7%a4%d7%a8%d7%90/ (17399 bytes)
  [602/1491] ✓ https://nfct.org.il/blog/movies/%d7%99%d7%9d-%d7%a9%d7%9c-%d7%93%d7%9e%d7%a2%d7%95%d7%aa/ (14886 bytes)
  [603/1491] ✓ https://nfct.org.il/blog/movies/%d7%99%d7%9c%d7%93-%d7%a9%d7%9c%d7%a0%d7%95/ (18015 bytes)
  [604/1491] ✓ https://nfct.org.il/blog/movies/%d7%99%d7%a1%d7%9e%d7%99%d7%9f/ (14882 bytes)
  [605/1491] ✓ https://nfct.org.il/blog/movies/%d7%99%d7%9e%d7%99%d7%9d-%d7%96%d7%95%d7%94%d7%a8%d7%99%d7%9d/ (17554 bytes)
  [606/1491] ✓ https://nfct.org.il/blog/movies/%d7%99%d7%a2%d7%a8%d7%99%d7%9d-%d7%91%d7%99%d7%aa-%d7%96%d7%9e%d7%a0%d7%99/ (18145 bytes)
  [607/1491] ✓ https://nfct.org.il/blog/movies/%d7%99%d7%a6%d7%90%d7%aa%d7%99-%d7%91%d7%a9%d7%a9/ (10892 bytes)
  [608/1491] ✓ https://nfct.org.il/blog/movies/%d7%99%d7%a6%d7%97%d7%a7/ (15317 bytes)
  [609/1491] ✓ https://nfct.org.il/blog/movies/%d7%99%d7%9e%d7%99-%d7%aa%d7%95%d7%9d/ (18713 bytes)
  [610/1491] ✓ https://nfct.org.il/blog/movies/%d7%99%d7%a8%d7%95%d7%97%d7%9d-%d7%90%d7%95%d7%a3-%d7%a1%d7%99%d7%96%d7%9f/ (15404 bytes)
  [611/1491] ✓ https://nfct.org.il/blog/movies/%d7%99%d7%a7%d7%a0%d7%98%d7%9c%d7%99%d7%a1%d7%94/ (15852 bytes)
  [612/1491] ✓ https://nfct.org.il/blog/movies/%d7%99%d7%a8%d7%95%d7%a9%d7%9c%d7%99%d7%9d-%d7%a9%d7%9c-%d7%91%d7%a8%d7%96%d7%9c/ (13073 bytes)
  [613/1491] ✓ https://nfct.org.il/blog/movies/%d7%99%d7%a8%d7%95%d7%a1/ (10138 bytes)
  [614/1491] ✓ https://nfct.org.il/blog/movies/%d7%99%d7%a8%d7%97-%d7%9e%d7%a2%d7%9c-%d7%94%d7%92%d7%9c%d7%99%d7%9c/ (13777 bytes)
  [615/1491] ✓ https://nfct.org.il/blog/movies/%d7%99%d7%a9%d7%a8%d7%90%d7%9c-%d7%90%d7%94%d7%95%d7%91%d7%aa%d7%99/ (15929 bytes)
  [616/1491] ✓ https://nfct.org.il/blog/movies/%d7%99%d7%a9%d7%a8%d7%90%d7%9c%d7%99%d7%aa-%d7%91%d7%91%d7%a8%d7%9c%d7%99%d7%9f/ (16470 bytes)
  [617/1491] ✓ https://nfct.org.il/blog/movies/%d7%99%d7%a8%d7%99%d7%aa-%d7%a4%d7%a2%d7%9d-%d7%91%d7%9e%d7%99%d7%a9%d7%94%d7%95/ (16010 bytes)
  [618/1491] ✓ https://nfct.org.il/blog/movies/%d7%99%d7%aa%d7%95%d7%9e%d7%99-%d7%94%d7%9e%d7%94%d7%a4%d7%9b%d7%94/ (15706 bytes)
  [619/1491] ✓ https://nfct.org.il/blog/movies/%d7%9b%d6%bc%d7%9e%d7%93/ (13509 bytes)
  [620/1491] ✓ https://nfct.org.il/blog/movies/%d7%99%d7%a9-%d7%9c%d7%99-%d7%97%d7%9c%d7%95%d7%9d-%d7%99%d7%a4%d7%95-%d7%aa%d7%90/ (12493 bytes)
  [621/1491] ✓ https://nfct.org.il/blog/movies/%d7%9b%d7%90%d7%91%d7%99-%d7%a4%d7%a0%d7%98%d7%95%d7%9d/ (16533 bytes)
  [622/1491] ✓ https://nfct.org.il/blog/movies/%d7%9b%d7%90%d7%9f-%d7%aa%d7%a4%d7%95%d7%96%d7%99%d7%a0%d7%94/ (17406 bytes)
  [623/1491] ✓ https://nfct.org.il/blog/movies/%d7%9b%d7%91%d7%93-%d7%90%d7%aa-%d7%90%d7%91%d7%99%d7%9a-%d7%95%d7%90%d7%aa-%d7%90%d7%9e%d7%9a-%d7%91%d7%9c%d7%90%d7%98/ (17006 bytes)
  [624/1491] ✓ https://nfct.org.il/blog/movies/%d7%9b%d7%91%d7%95%d7%93-%d7%94%d7%a9%d7%92%d7%a8%d7%99%d7%a8/ (15308 bytes)
  [625/1491] ✓ https://nfct.org.il/blog/movies/%d7%9b%d7%91%d7%99%d7%a9-%d7%94%d7%a1%d7%a8%d7%92%d7%9c/ (15654 bytes)
  [626/1491] ✓ https://nfct.org.il/blog/movies/%d7%9b%d7%95%d7%9b%d7%91%d7%99%d7%9d/ (16632 bytes)
  [627/1491] ✓ https://nfct.org.il/blog/movies/%d7%9b%d7%91%d7%a8-%d7%94%d7%95%d7%9c%d7%9b%d7%99%d7%9d-%d7%a2%d7%9d-%d7%93%d7%a8-%d7%96%d7%95%d7%a1%d7%9e%d7%9f/ (13001 bytes)
  [628/1491] ✓ https://nfct.org.il/blog/movies/%d7%9b%d7%95%d7%9c%d7%a0%d7%95-%d7%94%d7%a8%d7%a6%d7%9c/ (16506 bytes)
  [629/1491] ✓ https://nfct.org.il/blog/movies/%d7%9b%d7%99%d7%9e%d7%99%d7%94-%d7%9e%d7%a9%d7%a4%d7%97%d7%aa%d7%99%d7%aa/ (16035 bytes)
  [630/1491] ✓ https://nfct.org.il/blog/movies/%d7%9b%d7%95%d7%a4%d7%a8-%d7%a0%d7%a4%d7%a9/ (19438 bytes)
  [631/1491] ✓ https://nfct.org.il/blog/movies/%d7%9b%d7%99%d7%a0%d7%99%d7%9d/ (13853 bytes)
  [632/1491] ✓ https://nfct.org.il/blog/movies/%d7%9b%d7%99%d7%a4%d7%95%d7%a8/ (13026 bytes)
  [633/1491] ✓ https://nfct.org.il/blog/movies/%d7%9b%d7%99%d7%aa%d7%aa-%d7%9b%d7%95%d7%a0%d7%a0%d7%95%d7%aa/ (16768 bytes)
  [634/1491] ✓ https://nfct.org.il/blog/movies/%d7%9b%d7%9a-%d7%a8%d7%90%d7%99%d7%a0%d7%95/ (20506 bytes)
  [635/1491] ✓ https://nfct.org.il/blog/movies/%d7%99%d7%a9-%d7%a4%d7%99%d7%9c%d7%99%d7%9d-%d7%91%d7%97%d7%9c%d7%9c/ (16381 bytes)
  [636/1491] ✓ https://nfct.org.il/blog/movies/%d7%9b%d7%99%d7%a1%d7%95%d7%a4%d7%99%d7%9d/ (14125 bytes)
  [637/1491] ✓ https://nfct.org.il/blog/movies/%d7%9b%d7%9c%d7%9c-%d7%90%d7%a6%d7%91%d7%a2/ (15167 bytes)
  [638/1491] ✓ https://nfct.org.il/blog/movies/%d7%9b%d7%9c-%d7%94%d7%96%d7%9b%d7%95%d7%99%d7%95%d7%aa-%d7%a9%d7%9e%d7%95%d7%a8%d7%95%d7%aa/ (17270 bytes)
  [639/1491] ✓ https://nfct.org.il/blog/movies/%d7%9b%d7%9c-%d7%94%d7%98%d7%95%d7%91-%d7%94%d7%96%d7%94/ (14120 bytes)
  [640/1491] ✓ https://nfct.org.il/blog/movies/%d7%9b%d7%9c%d7%95%d7%9d-%d7%9e%d7%9c%d7%91%d7%93-34-%d7%a6%d7%99%d7%95%d7%a8%d7%99%d7%9d/ (18433 bytes)
  [641/1491] ✓ https://nfct.org.il/blog/movies/%d7%9b%d7%9c-%d7%94%d7%a2%d7%a6%d7%99%d7%9d-%d7%a0%d7%95%d7%a9%d7%91%d7%99%d7%9d-%d7%91%d7%a8%d7%95%d7%97/ (17297 bytes)
  [642/1491] ✓ https://nfct.org.il/blog/movies/%d7%9b%d7%9c-%d7%a1%d7%a8%d7%99%d7%a1%d7%99-%d7%94%d7%9e%d7%9c%d7%9a/ (15494 bytes)
  [643/1491] ✓ https://nfct.org.il/blog/movies/%d7%9b%d7%9e%d7%94-%d7%a7%d7%a8%d7%95%d7%91-%d7%96%d7%94-%d7%a2%d7%9b%d7%a9%d7%99%d7%95/ (13205 bytes)
  [644/1491] ✓ https://nfct.org.il/blog/movies/%d7%9b%d7%9e%d7%95-%d7%91%d7%91%d7%99%d7%aa/ (15730 bytes)
  [645/1491] ✓ https://nfct.org.il/blog/movies/%d7%9b%d7%9e%d7%95-%d7%a4%d7%a8%d7%a4%d7%a8/ (15790 bytes)
  [646/1491] ✓ https://nfct.org.il/blog/movies/%d7%9b%d7%9c%d7%95%d7%aa-%d7%94%d7%9e%d7%93%d7%91%d7%a8/ (19183 bytes)
  [647/1491] ✓ https://nfct.org.il/blog/movies/%d7%9b%d7%a1%d7%a3-%d7%95%d7%90%d7%a9%d7%9e%d7%94/ (19827 bytes)
  [648/1491] ✓ https://nfct.org.il/blog/movies/%d7%9b%d7%a1%d7%90%d7%95%d7%aa-%d7%a8%d7%a4%d7%90%d7%99%d7%9d/ (17836 bytes)
  [649/1491] ✓ https://nfct.org.il/blog/movies/%d7%9b%d7%a2%d7%91%d7%95%d7%a8-9-%d7%a9%d7%a0%d7%99%d7%9d/ (16213 bytes)
  [650/1491] ✓ https://nfct.org.il/blog/movies/%d7%9b%d7%a4%d7%99-%d7%92%d7%95%d7%9e%d7%aa-%d7%92%d7%95%d7%a4%d7%99%d7%a0%d7%95/ (12084 bytes)
  [651/1491] ✓ https://nfct.org.il/blog/movies/%d7%9b%d7%a8%d7%95%d7%a0%d7%99%d7%a7%d7%94-%d7%a9%d7%9c-%d7%a0%d7%95%d7%9b%d7%97%d7%95%d7%aa/ (15928 bytes)
  [652/1491] ✓ https://nfct.org.il/blog/movies/%d7%9b%d7%a9%d7%94%d7%9b%d7%9c-%d7%a7%d7%a4%d7%95%d7%90/ (14218 bytes)
  [653/1491] ✓ https://nfct.org.il/blog/movies/%d7%9b%d7%a4%d7%95%d7%99%d7%aa-%d7%98%d7%95%d7%91%d7%94/ (17028 bytes)
  [654/1491] ✓ https://nfct.org.il/blog/movies/%d7%9b%d7%a9%d7%a8%d7%95%d7%9f-%d7%9c%d7%90%d7%a8%d7%a5-%d7%99%d7%a9%d7%a8%d7%90%d7%9c/ (15941 bytes)
  [655/1491] ✓ https://nfct.org.il/blog/movies/%d7%9b%d7%aa%d7%95%d7%9e%d7%99%d7%9d/ (14288 bytes)
  [656/1491] ✓ https://nfct.org.il/blog/movies/%d7%9b%d7%aa%d7%9d-%d7%94%d7%9e%d7%99%d7%9d/ (16630 bytes)
  [657/1491] ✓ https://nfct.org.il/blog/movies/%d7%9b%d7%aa%d7%9e%d7%99%d7%9d-%d7%a9%d7%97%d7%95%d7%a8%d7%99%d7%9d/ (12644 bytes)
  [658/1491] ✓ https://nfct.org.il/blog/movies/%d7%9b%d7%aa%d7%9e%d7%99%d7%9d-2/ (12954 bytes)
  [659/1491] ✓ https://nfct.org.il/blog/movies/%d7%9b%d7%aa-%d7%94%d7%aa%d7%a7%d7%9c%d7%99%d7%98/ (17097 bytes)
  [660/1491] ✓ https://nfct.org.il/blog/movies/%d7%9b%d7%aa%d7%9e%d7%99%d7%9d/ (15742 bytes)
  [661/1491] ✓ https://nfct.org.il/blog/movies/%d7%9c%d7%90-%d7%91%d7%91%d7%99%d7%aa-2/ (13108 bytes)
  [662/1491] ✓ https://nfct.org.il/blog/movies/%d7%9c%d7%90-%d7%91%d7%91%d7%99%d7%aa/ (19322 bytes)
  [663/1491] ✓ https://nfct.org.il/blog/movies/%d7%9c%d7%90%d7%94-%d7%92%d7%95%d7%9c%d7%93%d7%91%d7%a8%d7%92-%d7%91%d7%97%d7%9e%d7%99%d7%a9%d7%94-%d7%91%d7%aa%d7%99%d7%9d/ (19451 bytes)
  [664/1491] ✓ https://nfct.org.il/blog/movies/%d7%9c%d7%90-%d7%91%d7%95%d7%9b%d7%99%d7%9d-%d7%91%d7%a7%d7%99%d7%a5/ (19232 bytes)
  [665/1491] ✓ https://nfct.org.il/blog/movies/%d7%9c%d7%90-%d7%92%d7%99%d7%91%d7%95%d7%a8%d7%99%d7%9d/ (19413 bytes)
  [666/1491] ✓ https://nfct.org.il/blog/movies/%d7%9c%d7%90-%d7%92%d7%99%d7%91%d7%95%d7%a8/ (15899 bytes)
  [667/1491] ✓ https://nfct.org.il/blog/movies/%d7%9c%d7%90-%d7%94%d7%99%d7%95%d7%9d-%d7%9c%d7%90-%d7%a2%d7%9b%d7%a9%d7%99%d7%95/ (14199 bytes)
  [668/1491] ✓ https://nfct.org.il/blog/movies/%d7%9c%d7%90-%d7%91%d7%92%d7%93%d7%aa%d7%99/ (18674 bytes)
  [669/1491] ✓ https://nfct.org.il/blog/movies/%d7%9c%d7%90-%d7%99%d7%95%d7%9d-%d7%95%d7%9c%d7%90-%d7%9c%d7%99%d7%9c%d7%94/ (13837 bytes)
  [670/1491] ✓ https://nfct.org.il/blog/movies/%d7%9c%d7%90-%d7%97%d7%91%d7%a8-%d7%a1%d7%aa%d7%9d/ (15112 bytes)
  [671/1491] ✓ https://nfct.org.il/blog/movies/%d7%9c%d7%90-%d7%99%d7%9b%d7%95%d7%9c%d7%aa%d7%99-%d7%9c%d7%93%d7%a2%d7%aa/ (15136 bytes)
  [672/1491] ✓ https://nfct.org.il/blog/movies/%d7%9c%d7%90-%d7%9e%d7%a4%d7%97%d7%93%d7%aa-%d7%9c%d7%9c%d7%9b%d7%aa-%d7%9c%d7%91%d7%93-%d7%91%d7%97%d7%95%d7%a9%d7%9a/ (15561 bytes)
  [673/1491] ✓ https://nfct.org.il/blog/movies/%d7%9c%d7%90-%d7%9c%d7%92%d7%a2%d7%aa/ (14337 bytes)
  [674/1491] ✓ https://nfct.org.il/blog/movies/%d7%9c%d7%90-%d7%a8%d7%a6%d7%95%d7%a0%d7%99/ (17398 bytes)
  [675/1491] ✓ https://nfct.org.il/blog/movies/%d7%9c%d7%90-%d7%9e%d7%95%d7%9b%d7%a8/ (15641 bytes)
  [676/1491] ✓ https://nfct.org.il/blog/movies/%d7%9c%d7%90-%d7%aa%d7%a9%d7%a7%d7%95%d7%98-%d7%94%d7%90%d7%a8%d7%a5/ (23274 bytes)
  [677/1491] ✓ https://nfct.org.il/blog/movies/%d7%9c%d7%91%d7%97%d7%95%d7%a8-%d7%91%d7%9a/ (10044 bytes)
  [678/1491] ✓ https://nfct.org.il/blog/movies/%d7%9c%d7%91%d7%93%d7%99%d7%aa%d7%99-%d7%90%d7%92%d7%93%d7%94-%d7%a2%d7%9c-%d7%9e%d7%a8%d7%99%d7%9d-%d7%99%d7%9c%d7%9f-%d7%a9%d7%98%d7%a7%d7%9c%d7%99%d7%a1/ (16284 bytes)
  [679/1491] ✓ https://nfct.org.il/blog/movies/%d7%9c%d7%91%d7%a0%d7%98%d7%99%d7%a0%d7%99%d7%aa/ (17480 bytes)
  [680/1491] ✓ https://nfct.org.il/blog/movies/%d7%9c%d7%91-%d7%90%d7%91%d7%95%d7%aa-%d7%a2%d7%9c-%d7%91%d7%a0%d7%95%d7%aa/ (18588 bytes)
  [681/1491] ✓ https://nfct.org.il/blog/movies/%d7%9c%d7%91%d7%a8%d7%95%d7%97-%d7%9e%d7%92%d7%9f-%d7%a2%d7%93%d7%9f/ (17826 bytes)
  [682/1491] ✓ https://nfct.org.il/blog/movies/%d7%9c%d7%94%d7%90%d7%99%d7%a8-%d7%90%d7%aa-%d7%99%d7%95%d7%a1%d7%99/ (19567 bytes)
  [683/1491] ✓ https://nfct.org.il/blog/movies/%d7%9c%d7%94%d7%95%d7%9c%d7%94/ (16373 bytes)
  [684/1491] ✓ https://nfct.org.il/blog/movies/%d7%9c%d7%94%d7%99%d7%95%d7%aa-%d7%a2%d7%a0%d7%aa-%d7%a7%d7%9d/ (16613 bytes)
  [685/1491] ✓ https://nfct.org.il/blog/movies/%d7%9c%d7%94%d7%a4%d7%95%d7%9a-%d7%90%d7%aa-%d7%94%d7%90%d7%91%d7%a0%d7%99%d7%9d/ (17062 bytes)
  [686/1491] ✓ https://nfct.org.il/blog/movies/%d7%9c%d7%94-%d7%92%d7%a8%d7%90%d7%a0%d7%93-%d7%a2%d7%a7%d7%a9%d7%9f/ (15412 bytes)
  [687/1491] ✓ https://nfct.org.il/blog/movies/%d7%9c%d7%95%d7%93-%d7%91%d7%99%d7%9f-%d7%99%d7%90%d7%95%d7%a9-%d7%9c%d7%aa%d7%a7%d7%95%d7%95%d7%94/ (21824 bytes)
  [688/1491] ✓ https://nfct.org.il/blog/movies/%d7%9c%d7%95%d7%98-%d7%91%d7%a2%d7%a8%d7%a4%d7%9c/ (14587 bytes)
  [689/1491] ✓ https://nfct.org.il/blog/movies/%d7%9c%d7%95%d7%9c%d7%99/ (16935 bytes)
  [690/1491] ✓ https://nfct.org.il/blog/movies/%d7%9c%d7%95%d7%a1-%d7%90%d7%a0%d7%92%d7%9c%d7%a1-%d7%93%d7%a8%d7%95%d7%9d-%d7%9e%d7%97%d7%96%d7%9e%d7%a8-%d7%93%d7%95%d7%a7%d7%95%d7%9e%d7%a0%d7%98%d7%a8%d7%99/ (16023 bytes)
  [691/1491] ✓ https://nfct.org.il/blog/movies/%d7%9c%d7%96%d7%9b%d7%a8-%d7%99%d7%9e%d7%99%d7%9d-%d7%a2%d7%91%d7%a8%d7%95/ (14024 bytes)
  [692/1491] ✓ https://nfct.org.il/blog/movies/%d7%9c%d7%97%d7%aa%d7%95%d7%9a-%d7%90%d7%aa-%d7%94%d7%9b%d7%90%d7%91/ (17050 bytes)
  [693/1491] ✓ https://nfct.org.il/blog/movies/%d7%9c%d7%99%d7%92%d7%94-%d7%92/ (23003 bytes)
  [694/1491] ✓ https://nfct.org.il/blog/movies/%d7%9c%d7%99%d7%93%d7%94-%d7%9e%d7%97%d7%93%d7%a9/ (13761 bytes)
  [695/1491] ✓ https://nfct.org.il/blog/movies/%d7%9c%d7%94%d7%99%d7%95%d7%aa-%d7%9b%d7%9e%d7%95-%d7%90%d7%91%d7%99/ (18091 bytes)
  [696/1491] ✓ https://nfct.org.il/blog/movies/%d7%9c%d7%99%d7%99%d7%93%d7%99-%d7%98%d7%99%d7%98%d7%99/ (16242 bytes)
  [697/1491] ✓ https://nfct.org.il/blog/movies/%d7%9c%d7%99%d7%93%d7%95/ (13644 bytes)
  [698/1491] ✓ https://nfct.org.il/blog/movies/%d7%9c%d7%99%d7%9c%d7%94-%d7%97%d7%a1%d7%a8-%d7%a9%d7%97%d7%a8/ (15051 bytes)
  [699/1491] ✓ https://nfct.org.il/blog/movies/%d7%9c%d7%99%d7%9c%d7%94-%d7%90%d7%a4%d7%9c/ (16000 bytes)
  [700/1491] ✓ https://nfct.org.il/blog/movies/%d7%9c%d7%99%d7%9c%d7%94-%d7%a9%d7%9c-%d7%90%d7%94%d7%91%d7%94/ (17606 bytes)
  [701/1491] ✓ https://nfct.org.il/blog/movies/%d7%9c%d7%99%d7%9c%d7%94-%d7%9c%d7%91%d7%9f/ (15184 bytes)
  [702/1491] ✓ https://nfct.org.il/blog/movies/%d7%9c%d7%99%d7%9c%d7%95%d7%aa-%d7%a7%d7%99%d7%a5/ (14916 bytes)
  [703/1491] ✓ https://nfct.org.il/blog/movies/%d7%9c%d7%99%d7%9c-%d7%9b%d7%9c%d7%95%d7%9c%d7%95%d7%aa/ (15637 bytes)
  [704/1491] ✓ https://nfct.org.il/blog/movies/%d7%9c%d7%99%d7%a7%d7%95%d7%99-%d7%97%d7%9e%d7%94/ (15287 bytes)
  [705/1491] ✓ https://nfct.org.il/blog/movies/%d7%9c%d7%9a-%d7%9c%d7%a9%d7%9c%d7%95%d7%9d-%d7%92%d7%a9%d7%9d/ (18001 bytes)
  [706/1491] ✓ https://nfct.org.il/blog/movies/%d7%9c%d7%9b%d7%99-%d7%9c%d7%9a/ (17391 bytes)
  [707/1491] ✓ https://nfct.org.il/blog/movies/%d7%9c%d7%9c%d7%90-%d7%91%d7%99%d7%aa/ (17842 bytes)
  [708/1491] ✓ https://nfct.org.il/blog/movies/%d7%9c%d7%9c%d7%90-%d7%aa%d7%a0%d7%90%d7%99/ (15510 bytes)
  [709/1491] ✓ https://nfct.org.il/blog/movies/%d7%9c%d7%91-%d7%94%d7%90%d7%a8%d7%a5/ (16913 bytes)
  [710/1491] ✓ https://nfct.org.il/blog/movies/%d7%9c%d7%9e%d7%94-%d7%a6%d7%97%d7%a7%d7%94-%d7%97%d7%99%d7%99%d7%a8%d7%94/ (13811 bytes)
  [711/1491] ✓ https://nfct.org.il/blog/movies/%d7%9c%d7%9e%d7%94-%d7%90%d7%9e%d7%a8%d7%aa%d7%99-%d7%90%d7%a0%d7%99-%d7%91%d7%97%d7%96%d7%a8%d7%94-%d7%9c%d7%a4%d7%a8%d7%a9%d7%aa-%d7%97%d7%a0%d7%99%d7%aa-%d7%a7%d7%99%d7%a7%d7%95%d7%a1/ (18619 bytes)
  [712/1491] ✓ https://nfct.org.il/blog/movies/%d7%9c%d7%9e%d7%95%d7%aa-%d7%91%d7%99%d7%a8%d7%95%d7%a9%d7%9c%d7%99%d7%9d/ (19012 bytes)
  [713/1491] ✓ https://nfct.org.il/blog/movies/%d7%9c%d7%9e%d7%9c%d7%9b%d7%94-%d7%90%d7%99%d7%9f-%d7%9b%d7%aa%d7%a8/ (17056 bytes)
  [714/1491] ✓ https://nfct.org.il/blog/movies/%d7%9c%d7%9e%d7%a7%d7%a8%d7%94-%d7%a9%d7%90%d7%aa-%d7%a2%d7%93%d7%99%d7%99%d7%9f-%d7%91%d7%a1%d7%91%d7%99%d7%91%d7%94/ (16007 bytes)
  [715/1491] ✓ https://nfct.org.il/blog/movies/%d7%9c%d7%a0%d7%a1%d7%a7%d7%99-%d7%94%d7%92%d7%a0%d7%92%d7%a1%d7%98%d7%a8-%d7%94%d7%a6%d7%99%d7%95%d7%a0%d7%99/ (15566 bytes)
  [716/1491] ✓ https://nfct.org.il/blog/movies/%d7%9c%d7%a1%d7%a4%d7%95%d7%a8-%d7%9b%d7%91%d7%a9%d7%99%d7%9d/ (16803 bytes)
  [717/1491] ✓ https://nfct.org.il/blog/movies/%d7%9c%d7%a6%d7%95%d7%a8%d7%99%d7%90%d7%9c-%d7%99%d7%a9-%d7%9e%d7%a9%d7%94%d7%95-%d7%91%d7%91%d7%98%d7%9f/ (13426 bytes)
  [718/1491] ✓ https://nfct.org.il/blog/movies/%d7%9c%d7%a9%d7%95%d7%9f-%d7%9e%d7%90%d7%97%d7%95%d7%a8%d7%99-%d7%a9%d7%99%d7%a0%d7%99%d7%99%d7%9d/ (11670 bytes)
  [719/1491] ✓ https://nfct.org.il/blog/movies/%d7%9c%d7%a9%d7%97%d7%95%d7%aa-%d7%a2%d7%9d-%d7%90%d7%9c%d7%95%d7%94%d7%99%d7%9d/ (14326 bytes)
  [720/1491] ✓ https://nfct.org.il/blog/movies/%d7%9c%d7%a9%d7%a7%d7%a8-%d7%99%d7%a9-%d7%90%d7%a8%d7%91%d7%a2-%d7%a8%d7%92%d7%9c%d7%99%d7%99%d7%9d/ (18598 bytes)
  [721/1491] ✓ https://nfct.org.il/blog/movies/%d7%9c%d7%99-%d7%a2%d7%93/ (16159 bytes)
  [722/1491] ✓ https://nfct.org.il/blog/movies/%d7%9c%d7%aa%d7%a4%d7%95%d7%a1-%d7%90%d7%aa-%d7%99%d7%94%d7%95%d7%a9%d7%a2/ (15710 bytes)
  [723/1491] ✓ https://nfct.org.il/blog/movies/%d7%9e%d7%90%d7%94-%d7%99%d7%9c%d7%93%d7%99%d7%9d-%d7%a9%d7%9c%d7%99/ (18268 bytes)
  [724/1491] ✓ https://nfct.org.il/blog/movies/%d7%9e%d7%90%d7%94-%d7%90%d7%97%d7%95%d7%96/ (16493 bytes)
  [725/1491] ✓ https://nfct.org.il/blog/movies/%d7%9e%d7%90%d7%96-%d7%a9%d7%94%d7%9c%d7%9b%d7%aa/ (17159 bytes)
  [726/1491] ✓ https://nfct.org.il/blog/movies/%d7%9e%d7%90%d7%96-%d7%a9%d7%a0%d7%93%d7%91/ (16591 bytes)
  [727/1491] ✓ https://nfct.org.il/blog/movies/%d7%9e%d7%90%d7%9e%d7%90/ (12307 bytes)
  [728/1491] ✓ https://nfct.org.il/blog/movies/%d7%9e%d7%90%d7%98%d7%99%d7%a1%d7%94/ (15234 bytes)
  [729/1491] ✓ https://nfct.org.il/blog/movies/%d7%9e%d7%90%d7%9e%d7%99%d7%a0%d7%94-%d7%91%d7%9e%d7%95%d7%96%d7%94/ (18746 bytes)
  [730/1491] ✓ https://nfct.org.il/blog/movies/%d7%9e%d7%91%d7%95%d7%9c/ (15658 bytes)
  [731/1491] ✓ https://nfct.org.il/blog/movies/%d7%9e%d7%90%d7%9e%d7%99%d7%a0%d7%94-%d7%9c%d7%9a/ (15699 bytes)
  [732/1491] ✓ https://nfct.org.il/blog/movies/%d7%9e%d7%91%d7%95%d7%a7%d7%a9%d7%aa/ (14252 bytes)
  [733/1491] ✓ https://nfct.org.il/blog/movies/%d7%9e%d7%91%d7%98%d7%99%d7%9d-%d7%99%d7%a9%d7%a8%d7%90%d7%9c-2002/ (21954 bytes)
  [734/1491] ✓ https://nfct.org.il/blog/movies/%d7%9e%d7%91%d7%98%d7%99%d7%9d-%d7%9e%d7%a1%d7%95%d7%92%d7%a8%d7%99%d7%9d-2020/ (21731 bytes)
  [735/1491] ✓ https://nfct.org.il/blog/movies/%d7%9e%d7%91%d7%98%d7%99%d7%9d-2004-%d7%94%d7%a4%d7%a0%d7%99%d7%9d-%d7%a9%d7%9c-%d7%94%d7%9e%d7%93%d7%99%d7%a0%d7%94/ (24564 bytes)
  [736/1491] ✓ https://nfct.org.il/blog/movies/%d7%9c%d7%a6%d7%90%d7%aa-%d7%9e%d7%96%d7%94-%d7%95%d7%9c%d7%97%d7%96%d7%95%d7%a8/ (16383 bytes)
  [737/1491] ✓ https://nfct.org.il/blog/movies/%d7%9e%d7%91%d7%98%d7%99%d7%9d-2005-%d7%99%d7%a8%d7%95%d7%a9%d7%9c%d7%99%d7%9d/ (26877 bytes)
  [738/1491] ✓ https://nfct.org.il/blog/movies/%d7%9e%d7%92%d7%99%d7%93%d7%95/ (16321 bytes)
  [739/1491] ✓ https://nfct.org.il/blog/movies/%d7%9e%d7%92%d7%a8%d7%a9-%d7%94%d7%a8%d7%95%d7%a1%d7%99%d7%9d/ (17831 bytes)
  [740/1491] ✓ https://nfct.org.il/blog/movies/%d7%9e%d7%92%d7%a4%d7%94/ (16322 bytes)
  [741/1491] ✓ https://nfct.org.il/blog/movies/%d7%9e%d7%93%d7%95%d7%91%d7%a8-%d7%91%d7%90%d7%94%d7%91%d7%94/ (16946 bytes)
  [742/1491] ✓ https://nfct.org.il/blog/movies/%d7%9e%d7%93%d7%99%d7%a0%d7%aa-%d7%a0%d7%95%d7%95%d7%94-%d7%a9%d7%90%d7%a0%d7%9f/ (17411 bytes)
  [743/1491] ✓ https://nfct.org.il/blog/movies/%d7%9e%d7%92%d7%a9-%d7%94%d7%9b%d7%a1%d7%a3/ (24308 bytes)
  [744/1491] ✓ https://nfct.org.il/blog/movies/%d7%9e%d7%93%d7%a8%d7%99%d7%9a-%d7%9c%d7%9b%d7%99%d7%a1%d7%95%d7%99-%d7%aa%d7%97%d7%aa/ (15280 bytes)
  [745/1491] ✓ https://nfct.org.il/blog/movies/%d7%9e%d7%94-%d7%90%d7%aa%d7%94-%d7%a1%d7%97/ (17650 bytes)
  [746/1491] ✓ https://nfct.org.il/blog/movies/%d7%9e%d7%94-%d7%a8%d7%95%d7%93%d7%a3-%d7%a1%d7%9e%d7%a8/ (16598 bytes)
  [747/1491] ✓ https://nfct.org.il/blog/movies/%d7%9e%d7%95%d7%95%d7%aa-%d7%91%d7%90%d7%95%d7%9d-%d7%90%d7%9c-%d7%97%d7%99%d7%a8%d7%90%d7%9f/ (16977 bytes)
  [748/1491] ✓ https://nfct.org.il/blog/movies/%d7%9e%d7%95%d7%93%d7%9c-%d7%9e%d7%95%d7%a7%d7%a0%d7%93%d7%94/ (19857 bytes)
  [749/1491] ✓ https://nfct.org.il/blog/movies/%d7%9e%d7%95%d7%96%d7%99%d7%a7%d7%94-%d7%a9%d7%97%d7%95%d7%a8%d7%94/ (16545 bytes)
  [750/1491] ✓ https://nfct.org.il/blog/movies/%d7%9e%d7%95%d7%99%d7%a9%d7%94-%d7%90%d7%93%d7%95%d7%9c%d7%a3/ (11452 bytes)
  [751/1491] ✓ https://nfct.org.il/blog/movies/%d7%9e%d7%95%d7%9b%d7%9f%d7%97%d7%99%d7%94/ (17642 bytes)
  [752/1491] ✓ https://nfct.org.il/blog/movies/%d7%9e%d7%95%d7%9c-%d7%94%d7%aa%d7%95%d7%94%d7%95-%d7%a9%d7%91%d7%94/ (16646 bytes)
  [753/1491] ✓ https://nfct.org.il/blog/movies/%d7%9e%d7%91%d7%98-%d7%a2%d7%9c/ (13426 bytes)
  [754/1491] ✓ https://nfct.org.il/blog/movies/%d7%9e%d7%95%d7%a1%d7%a8%d7%95%d7%aa/ (16250 bytes)
  [755/1491] ✓ https://nfct.org.il/blog/movies/%d7%9e%d7%95%d7%a4%d7%a2-%d7%98%d7%95%d7%98%d7%90%d7%9c/ (10982 bytes)
  [756/1491] ✓ https://nfct.org.il/blog/movies/%d7%9e%d7%95%d7%a2%d7%93%d7%95%d7%9f-%d7%91%d7%99%d7%aa-%d7%94%d7%a7%d7%91%d7%a8%d7%95%d7%aa/ (21277 bytes)
  [757/1491] ✓ https://nfct.org.il/blog/movies/%d7%9e%d7%95%d7%a4%d7%aa/ (15484 bytes)
  [758/1491] ✓ https://nfct.org.il/blog/movies/%d7%9e%d7%95%d7%a8%d7%99-%d7%97%d7%99%d7%93%d7%aa-%d7%a9%d7%91%d7%96%d7%99/ (19121 bytes)
  [759/1491] ✓ https://nfct.org.il/blog/movies/%d7%9e%d7%95%d7%aa%d7%95-%d7%a9%d7%9c-%d7%94%d7%a7%d7%95%d7%9c%d7%a0%d7%95%d7%a2-%d7%95%d7%a9%d7%9c-%d7%90%d7%91%d7%90-%d7%a9%d7%9c%d7%99-%d7%92%d7%9d/ (15990 bytes)
  [760/1491] ✓ https://nfct.org.il/blog/movies/%d7%9e%d7%96%d7%9b%d7%a8%d7%95%d7%aa/ (17668 bytes)
  [761/1491] ✓ https://nfct.org.il/blog/movies/%d7%9e%d7%96%d7%9c-%d7%98%d7%95%d7%91/ (14408 bytes)
  [762/1491] ✓ https://nfct.org.il/blog/movies/%d7%9e%d7%95%d7%a8%d7%a0%d7%95%d7%91/ (16027 bytes)
  [763/1491] ✓ https://nfct.org.il/blog/movies/%d7%9e%d7%97%d7%91%d7%95%d7%90%d7%99%d7%9d/ (16681 bytes)
  [764/1491] ✓ https://nfct.org.il/blog/movies/%d7%9e%d7%95%d7%95%d7%aa-%d7%91%d7%91%d7%90%d7%a8-%d7%a9%d7%91%d7%a2/ (18303 bytes)
  [765/1491] ✓ https://nfct.org.il/blog/movies/%d7%9e%d7%97%d7%91%d7%a8%d7%95%d7%aa-%d7%a9%d7%97%d7%95%d7%a8%d7%95%d7%aa/ (17696 bytes)
  [766/1491] ✓ https://nfct.org.il/blog/movies/%d7%9e%d7%97%d7%96%d7%95%d7%a8-2000/ (16176 bytes)
  [767/1491] ✓ https://nfct.org.il/blog/movies/%d7%9e%d7%97%d7%95%d7%a5-%d7%9c%d7%a4%d7%a8%d7%99%d7%99%d7%9d/ (17619 bytes)
  [768/1491] ✓ https://nfct.org.il/blog/movies/%d7%9e%d7%97%d7%a0%d7%94_%d7%9e%d7%a9%d7%95%d7%aa%d7%a3/ (16719 bytes)
  [769/1491] ✓ https://nfct.org.il/blog/movies/%d7%9e%d7%97%d7%a8-%d7%9b%d7%91%d7%a8-%d7%a2%d7%91%d7%a8/ (18886 bytes)
  [770/1491] ✓ https://nfct.org.il/blog/movies/%d7%9e%d7%99%d7%98%d7%94%d7%a4%d7%95%d7%9c%d7%99%d7%a1-%d7%90%d7%95-%d7%94%d7%94%d7%a8%d7%a4%d7%aa%d7%a7%d7%94-%d7%94%d7%92%d7%93%d7%95%d7%9c%d7%94-%d7%a9%d7%9c-%d7%a8%d7%95%d7%9e%d7%99-%d7%93%d7%a1/ (19136 bytes)
  [771/1491] ✓ https://nfct.org.il/blog/movies/%d7%9e%d7%99%d7%99%d7%a7-%d7%91%d7%a8%d7%a0%d7%98-%d7%9c%d7%a1-%d7%9e%d7%95%d7%90%d7%94-%d7%98%d7%94-%d7%9e%d7%94/ (17845 bytes)
  [772/1491] ✓ https://nfct.org.il/blog/movies/%d7%9e%d7%99%d7%9c%d7%99%d7%9d-%d7%91%d7%a1%d7%a8%d7%98-%d7%99%d7%a2%d7%a0%d7%a7%d7%9c%d7%94-%d7%a8%d7%95%d7%98%d7%91%d7%9c%d7%99%d7%98/ (17986 bytes)
  [773/1491] ✓ https://nfct.org.il/blog/movies/%d7%9e%d7%99%d7%9d-%d7%a1%d7%95%d7%a2%d7%a8%d7%99%d7%9d/ (20047 bytes)
  [774/1491] ✓ https://nfct.org.il/blog/movies/%d7%9e%d7%99%d7%9d-%d7%a2%d7%95%d7%9e%d7%93%d7%99%d7%9d/ (16487 bytes)
  [775/1491] ✓ https://nfct.org.il/blog/movies/%d7%9e%d7%99%d7%9d-%d7%a2%d7%9e%d7%95%d7%a7%d7%99%d7%9d/ (17325 bytes)
  [776/1491] ✓ https://nfct.org.il/blog/movies/%d7%9e%d7%99%d7%a0%d7%99-%d7%93%d7%99-%d7%95%d7%99/ (16052 bytes)
  [777/1491] ✓ https://nfct.org.il/blog/movies/%d7%9e%d7%97%d7%95%d7%a5-%d7%9c%d7%94%d7%99%d7%a9%d7%92-%d7%99%d7%93%d7%95-%d7%a9%d7%9c-%d7%94%d7%99%d7%98%d7%9c%d7%a8/ (16189 bytes)
  [778/1491] ✓ https://nfct.org.il/blog/movies/%d7%9e%d7%99%d7%a1%d7%98%d7%a8-%d7%92%d7%90%d7%92%d7%90/ (25055 bytes)
  [779/1491] ✓ https://nfct.org.il/blog/movies/%d7%9e%d7%99%d7%a9%d7%94%d7%99-%d7%9c%d7%90%d7%94%d7%95%d7%91/ (14562 bytes)
  [780/1491] ✓ https://nfct.org.il/blog/movies/%d7%9e%d7%99%d7%aa%d7%95%d7%a1/ (19447 bytes)
  [781/1491] ✓ https://nfct.org.il/blog/movies/%d7%9e%d7%9b%d7%95%d7%9c%d7%aa/ (15906 bytes)
  [782/1491] ✓ https://nfct.org.il/blog/movies/%d7%9e%d7%99-%d7%99%d7%a8%d7%94-%d7%91%d7%99%d7%9c%d7%93%d7%99-%d7%94%d7%91%d7%a8%d7%a0%d7%95%d7%a2%d7%a8/ (15894 bytes)
  [783/1491] ✓ https://nfct.org.il/blog/movies/%d7%9e%d7%9b%d7%95%d7%a0%d7%aa-%d7%a7%d7%a4%d7%94/ (13167 bytes)
  [784/1491] ✓ https://nfct.org.il/blog/movies/%d7%9e%d7%97%d7%a1%d7%95%d7%9e%d7%99%d7%9d/ (17691 bytes)
  [785/1491] ✓ https://nfct.org.il/blog/movies/%d7%9e%d7%9b%d7%95%d7%a0%d7%aa-%d7%9b%d7%aa%d7%99%d7%91%d7%94-%d7%9e%d7%a9%d7%a4%d7%97%d7%aa%d7%99%d7%aa/ (19729 bytes)
  [786/1491] ✓ https://nfct.org.il/blog/movies/%d7%9e%d7%9b%d7%95%d7%a8%d7%99%d7%9d-%d7%9c%d7%a9%d7%97%d7%95%d7%a8/ (14449 bytes)
  [787/1491] ✓ https://nfct.org.il/blog/movies/%d7%9e%d7%9b%d7%aa%d7%91-%d7%90%d7%94%d7%91%d7%94-%d7%9c%d7%90%d7%97%d7%99/ (13879 bytes)
  [788/1491] ✓ https://nfct.org.il/blog/movies/%d7%9e%d7%9b%d7%aa%d7%91-%d7%9c%d7%97%d7%96%d7%99%d7%a8/ (16130 bytes)
  [789/1491] ✓ https://nfct.org.il/blog/movies/%d7%9e%d7%9b%d7%aa%d7%91-%d7%9c%d7%93%d7%95%d7%99%d7%93/ (17546 bytes)
  [790/1491] ✓ https://nfct.org.il/blog/movies/%d7%9e%d7%9b%d7%aa%d7%95%d7%91-%d7%a2%d7%9c%d7%99%d7%99%d7%9b/ (17076 bytes)
  [791/1491] ✓ https://nfct.org.il/blog/movies/%d7%9e%d7%9b%d7%aa%d7%95%d7%91/ (20440 bytes)
  [792/1491] ✓ https://nfct.org.il/blog/movies/%d7%9e%d7%9c%d7%97%d7%9e%d7%94-%d7%91%d7%90-%d7%9e%d7%9c%d7%97%d7%9d/ (12493 bytes)
  [793/1491] ✓ https://nfct.org.il/blog/movies/%d7%9e%d7%9c%d7%95%d7%9f-%d7%aa%d7%a9%d7%a2%d7%94-%d7%9b%d7%95%d7%9b%d7%91%d7%99%d7%9d/ (21807 bytes)
  [794/1491] ✓ https://nfct.org.il/blog/movies/%d7%9e%d7%9c%d7%97%d7%9e%d7%aa-%d7%94%d7%a9%d7%97%d7%a8%d7%95%d7%a8/ (16640 bytes)
  [795/1491] ✓ https://nfct.org.il/blog/movies/%d7%9e%d7%9c%d7%97%d7%9e%d7%aa%d7%94-%d7%a9%d7%9c-%d7%a8%d7%a2%d7%99%d7%94-%d7%a1%d7%99%d7%a0%d7%99%d7%a6%d7%99%d7%a0%d7%94/ (21054 bytes)
  [796/1491] ✓ https://nfct.org.il/blog/movies/%d7%9e%d7%9c%d7%9a-%d7%94%d7%91%d7%94%d7%9e%d7%95%d7%aa/ (17628 bytes)
  [797/1491] ✓ https://nfct.org.il/blog/movies/%d7%9e%d7%9c%d7%9a-%d7%94%d7%97%d7%92%d7%99%d7%92%d7%aa/ (14325 bytes)
  [798/1491] ✓ https://nfct.org.il/blog/movies/%d7%9e%d7%9c%d7%9a-%d7%94%d7%a8%d7%99%d7%99%d7%98%d7%99%d7%a0%d7%92/ (15752 bytes)
  [799/1491] ✓ https://nfct.org.il/blog/movies/%d7%9e%d7%9c%d7%9a-%d7%94%d7%99%d7%94%d7%95%d7%93%d7%99%d7%9d/ (16747 bytes)
  [800/1491] ✓ https://nfct.org.il/blog/movies/%d7%9e%d7%9e%d7%9c%d7%9b%d7%aa-%d7%94%d7%a1%d7%95%d7%93/ (19242 bytes)
  [801/1491] ✓ https://nfct.org.il/blog/movies/%d7%9e%d7%9c%d7%9b%d7%95%d7%93%d7%aa-%d7%93%d7%91%d7%a9/ (17379 bytes)
  [802/1491] ✓ https://nfct.org.il/blog/movies/%d7%9e%d7%a0%d7%9c%d7%99%d7%a7-%d7%a0%d7%a1%d7%99%d7%9a-%d7%99%d7%94%d7%95%d7%93%d7%99-%d7%a9%d7%97%d7%95%d7%a8/ (17117 bytes)
  [803/1491] ✓ https://nfct.org.il/blog/movies/%d7%9e%d7%9e%d7%9c%d7%9b%d7%aa-%d7%a2%d7%93%d7%a0%d7%99/ (15058 bytes)
  [804/1491] ✓ https://nfct.org.il/blog/movies/%d7%9e%d7%a0%d7%97%d7%9d-%d7%95%d7%a4%d7%a8%d7%93/ (20426 bytes)
  [805/1491] ✓ https://nfct.org.il/blog/movies/%d7%9e%d7%a1%d7%95%d7%95%d7%92-%d7%97%d7%a8%d7%99%d7%92/ (14802 bytes)
  [806/1491] ✓ https://nfct.org.il/blog/movies/%d7%9e%d7%a1%d7%95%d7%91%d7%9a/ (18232 bytes)
  [807/1491] ✓ https://nfct.org.il/blog/movies/%d7%9e%d7%a1%d7%91%d7%99%d7%91-%d7%9c%d7%a9%d7%a2%d7%95%d7%9f-%d7%a7%d7%90%d7%a8%d7%93-%d7%91%d7%9c%d7%90%d7%a0%d7%a9/ (18210 bytes)
  [808/1491] ✓ https://nfct.org.il/blog/movies/%d7%9e%d7%a2%d7%91%d7%a8-%d7%9c%d7%a4%d7%99%d7%a8%d7%9c%d7%99%d7%94/ (15405 bytes)
  [809/1491] ✓ https://nfct.org.il/blog/movies/%d7%9e%d7%a1%d7%9b%d7%aa-%d7%a4%d7%90%d7%94/ (15518 bytes)
  [810/1491] ✓ https://nfct.org.il/blog/movies/%d7%9e%d7%a2%d7%91%d7%a8-%d7%9c%d7%94%d7%a8%d7%99-%d7%94%d7%97%d7%95%d7%a9%d7%9a/ (18662 bytes)
  [811/1491] ✓ https://nfct.org.il/blog/movies/%d7%9e%d7%a2%d7%9c%d7%94-%d7%a2%d7%a7%d7%a8%d7%91%d7%99%d7%9d/ (14961 bytes)
  [812/1491] ✓ https://nfct.org.il/blog/movies/%d7%9e%d7%a2%d7%91%d7%a8-%d7%9c%d7%a7%d7%95/ (13969 bytes)
  [813/1491] ✓ https://nfct.org.il/blog/movies/%d7%9e%d7%a2%d7%95%d7%a3-%d7%94%d7%a6%d7%99%d7%a4%d7%95%d7%a8/ (19104 bytes)
  [814/1491] ✓ https://nfct.org.il/blog/movies/%d7%9e%d7%a2%d7%a8%d7%91%d7%95%d7%9f-%d7%91%d7%94%d7%a8-%d7%97%d7%91%d7%a8%d7%95%d7%9f/ (16104 bytes)
  [815/1491] ✓ https://nfct.org.il/blog/movies/%d7%9e%d7%a2%d7%9c%d7%99%d7%99-%d7%93%d7%9e%d7%9e%d7%94/ (14647 bytes)
  [816/1491] ✓ https://nfct.org.il/blog/movies/%d7%9e%d7%a2%d7%a9%d7%94-%d7%91%d7%97%d7%9c%d7%95%d7%a7-%d7%95%d7%90%d7%99%d7%a9%d7%94/ (17660 bytes)
  [817/1491] ✓ https://nfct.org.il/blog/movies/%d7%9e%d7%a4%d7%a2%d7%9c/ (15968 bytes)
  [818/1491] ✓ https://nfct.org.il/blog/movies/%d7%9e%d7%a2%d7%a9%d7%94-%d7%a9%d7%9e%d7%aa%d7%97%d7%99%d7%9c-%d7%91-3-%d7%97%d7%93%d7%a8%d7%99%d7%9d/ (17362 bytes)
  [819/1491] ✓ https://nfct.org.il/blog/movies/%d7%9e%d7%a2%d7%a9%d7%94-%d7%91%d7%97%d7%9e%d7%99%d7%a9%d7%94-%d7%9e%d7%a9%d7%95%d7%a8%d7%a8%d7%99%d7%9d/ (20520 bytes)
  [820/1491] ✓ https://nfct.org.il/blog/movies/%d7%9e%d7%a6%d7%99%d7%90%d7%95%d7%aa-%d7%95%d7%9e%d7%a9%d7%97%d7%a7-%d7%9e%d7%a1-3-%d7%9e%d7%97%d7%a4%d7%a9%d7%95%d7%aa-%d7%90%d7%aa-%d7%a9%d7%a8%d7%94/ (18235 bytes)
  [821/1491] ✓ https://nfct.org.il/blog/movies/%d7%9e%d7%a6%d7%91%d7%a8%d7%95%d7%97-%d7%98%d7%95%d7%91/ (17727 bytes)
  [822/1491] ✓ https://nfct.org.il/blog/movies/%d7%9e%d7%a6%d7%99%d7%90%d7%95%d7%aa-%d7%a8%d7%91%d7%94-%d7%9e%d7%93%d7%99/ (14858 bytes)
  [823/1491] ✓ https://nfct.org.il/blog/movies/%d7%9e%d7%a6%d7%99%d7%90%d7%95%d7%aa-%d7%a4%d7%a0%d7%98%d7%a1%d7%98%d7%99%d7%aa/ (18241 bytes)
  [824/1491] ✓ https://nfct.org.il/blog/movies/%d7%9e%d7%a6%d7%a4%d7%94-%d7%9c%d7%95/ (14419 bytes)
  [825/1491] ✓ https://nfct.org.il/blog/movies/%d7%9e%d7%a7%d7%95%d7%9d-%d7%9c%d7%94%d7%99%d7%95%d7%aa/ (13700 bytes)
  [826/1491] ✓ https://nfct.org.il/blog/movies/%d7%9e%d7%a7%d7%95%d7%9d-%d7%91%d7%98%d7%95%d7%97/ (14526 bytes)
  [827/1491] ✓ https://nfct.org.il/blog/movies/%d7%9e%d7%a7%d7%95%d7%a2%d7%a7%d7%a2%d7%99%d7%9d-%d7%9c%d7%9b%d7%9c-%d7%94%d7%97%d7%99%d7%99%d7%9d/ (16724 bytes)
  [828/1491] ✓ https://nfct.org.il/blog/movies/%d7%9e%d7%a8%d7%90%d7%95%d7%aa-%d7%99%d7%a8%d7%95%d7%97%d7%9d-%d7%95%d7%94%d7%a0%d7%92%d7%91-%d7%a4%d7%95%d7%a8%d7%98%d7%a8%d7%98-%d7%9e%d7%a7%d7%95%d7%9e%d7%99-2021/ (13078 bytes)
  [829/1491] ✓ https://nfct.org.il/blog/movies/%d7%9e%d7%a8%d7%90%d7%95%d7%aa-%d7%a4%d7%95%d7%a8%d7%98%d7%a8%d7%98-%d7%99%d7%a8%d7%95%d7%97%d7%9e%d7%99/ (19650 bytes)
  [830/1491] ✓ https://nfct.org.il/blog/movies/%d7%9e%d7%a8%d7%90%d7%95%d7%aa-2/ (17969 bytes)
  [831/1491] ✓ https://nfct.org.il/blog/movies/%d7%9e%d7%a8%d7%90%d7%95%d7%aa-%d7%a4%d7%95%d7%a8%d7%98%d7%a8%d7%98-%d7%99%d7%a8%d7%95%d7%97%d7%9e%d7%99-2016/ (21400 bytes)
  [832/1491] ✓ https://nfct.org.il/blog/movies/%d7%9e%d7%a8%d7%92%d7%99%d7%a9-%d7%90%d7%aa-%d7%94%d7%a8%d7%95%d7%97/ (21649 bytes)
  [833/1491] ✓ https://nfct.org.il/blog/movies/%d7%9e%d7%a8%d7%92%d7%9c-%d7%94%d7%a9%d7%9e%d7%a4%d7%a0%d7%99%d7%94/ (17475 bytes)
  [834/1491] ✓ https://nfct.org.il/blog/movies/%d7%9e%d7%a8%d7%92%d7%a2-%d7%9c%d7%a8%d7%92%d7%a2/ (16608 bytes)
  [835/1491] ✓ https://nfct.org.il/blog/movies/%d7%9e%d7%a8%d7%a4%d7%a1%d7%aa/ (19741 bytes)
  [836/1491] ✓ https://nfct.org.il/blog/movies/%d7%9e%d7%a8-%d7%a2%d7%95%d7%9c%d7%9d/ (13486 bytes)
  [837/1491] ✓ https://nfct.org.il/blog/movies/%d7%9e%d7%a9%d7%90%d7%9c%d7%9c%d7%94/ (17684 bytes)
  [838/1491] ✓ https://nfct.org.il/blog/movies/%d7%9e%d7%a6%d7%99%d7%90%d7%95%d7%aa-%d7%a0%d7%95%d7%a9%d7%9b%d7%aa/ (13336 bytes)
  [839/1491] ✓ https://nfct.org.il/blog/movies/%d7%9e%d7%a9%d7%97%d7%a7-%d7%94%d7%90%d7%9e%d7%aa-%d7%95%d7%94%d7%a9%d7%a7%d7%a8/ (22328 bytes)
  [840/1491] ✓ https://nfct.org.il/blog/movies/%d7%9e%d7%a9%d7%94%d7%95-%d7%9e%d7%a9%d7%9c%d7%99/ (15781 bytes)
  [841/1491] ✓ https://nfct.org.il/blog/movies/%d7%9e%d7%a9%d7%99%d7%97/ (15918 bytes)
  [842/1491] ✓ https://nfct.org.il/blog/movies/%d7%9e%d7%a9%d7%9c%d7%95%d7%a9-%d7%99%d7%95%d7%a6%d7%90-%d7%90%d7%97%d7%93/ (15347 bytes)
  [843/1491] ✓ https://nfct.org.il/blog/movies/%d7%9e%d7%a9%d7%9e%d7%90%d7%9c%d7%95/ (13783 bytes)
  [844/1491] ✓ https://nfct.org.il/blog/movies/%d7%9e%d7%a9%d7%9e%d7%a8%d7%aa-%d7%9c%d7%99%d7%9c%d7%94/ (17807 bytes)
  [845/1491] ✓ https://nfct.org.il/blog/movies/%d7%9e%d7%a8%d7%90%d7%95%d7%aa/ (13804 bytes)
  [846/1491] ✓ https://nfct.org.il/blog/movies/%d7%9e%d7%a9%d7%a2%d7%a0%d7%aa-%d7%a9%d7%9c%d7%99/ (13397 bytes)
  [847/1491] ✓ https://nfct.org.il/blog/movies/%d7%9e%d7%a9%d7%a4%d7%94-%d7%9c%d7%a9%d7%a4%d7%94/ (18401 bytes)
  [848/1491] ✓ https://nfct.org.il/blog/movies/%d7%9e%d7%a9%d7%a4%d7%95%d7%97%d7%94/ (19862 bytes)
  [849/1491] ✓ https://nfct.org.il/blog/movies/%d7%9e%d7%a9%d7%a4%d7%98-%d7%94%d7%91%d7%a0%d7%a7%d7%90%d7%99%d7%9d/ (14003 bytes)
  [850/1491] ✓ https://nfct.org.il/blog/movies/%d7%9e%d7%a9%d7%a7%d7%a4%d7%99%d7%99%d7%9d-%d7%9e%d7%a6%d7%9c%d7%9e%d7%94/ (15071 bytes)
  [851/1491] ✓ https://nfct.org.il/blog/movies/%d7%9e%d7%aa%d7%95%d7%9a-%d7%a9%d7%99%d7%a0%d7%94/ (9792 bytes)
  [852/1491] ✓ https://nfct.org.il/blog/movies/%d7%9e%d7%aa%d7%97%d7%aa-%d7%9c%d7%a9%d7%9e%d7%99%d7%9d-%d7%94%d7%9b%d7%97%d7%95%d7%9c%d7%99%d7%9d/ (13020 bytes)
  [853/1491] ✓ https://nfct.org.il/blog/movies/%d7%9e%d7%aa%d7%9e%d7%95%d7%a8%d7%a4%d7%95%d7%96%d7%94/ (19201 bytes)
  [854/1491] ✓ https://nfct.org.il/blog/movies/%d7%9e%d7%aa%d7%97%d7%aa-%d7%9c%d7%a9%d7%9e%d7%a9-%d7%9b%d7%97%d7%95%d7%9c%d7%94/ (17443 bytes)
  [855/1491] ✓ https://nfct.org.il/blog/movies/%d7%9e%d7%aa-%d7%9c%d7%9b%d7%a2%d7%95%d7%a1/ (16720 bytes)
  [856/1491] ✓ https://nfct.org.il/blog/movies/%d7%a0%d7%90%d7%95%d7%aa-%d7%9e%d7%93%d7%91%d7%a8/ (17426 bytes)
  [857/1491] ✓ https://nfct.org.il/blog/movies/%d7%9e-%d7%92-%d7%94%d7%9b%d7%a0%d7%95%d7%aa-%d7%9c%d7%a4%d7%a8%d7%99%d7%93%d7%94/ (16593 bytes)
  [858/1491] ✓ https://nfct.org.il/blog/movies/%d7%a0%d7%90%d7%a0%d7%93%d7%90%d7%95%d7%a8%d7%99/ (11847 bytes)
  [859/1491] ✓ https://nfct.org.il/blog/movies/%d7%a0%d7%90%d7%a6%d7%99-%d7%a8%d7%a2-%d7%a0%d7%90%d7%a6%d7%99-%d7%98%d7%95%d7%91/ (15895 bytes)
  [860/1491] ✓ https://nfct.org.il/blog/movies/%d7%a0%d7%91%d7%93%d7%9c/ (17280 bytes)
  [861/1491] ✓ https://nfct.org.il/blog/movies/%d7%a0%d7%90-%d7%9c%d7%94%d7%9b%d7%99%d7%a8-%d7%9e%d7%99%d7%9b%d7%90%d7%9c-%d7%90%d7%95%d7%a4%d7%a0%d7%94%d7%99%d7%99%d7%9d/ (14988 bytes)
  [862/1491] ✓ https://nfct.org.il/blog/movies/%d7%a0%d7%91%d7%95%d7%90%d7%aa-%d7%a7%d7%a1%d7%a0%d7%93%d7%a8%d7%94/ (21979 bytes)
  [863/1491] ✓ https://nfct.org.il/blog/movies/%d7%a0%d7%91%d7%99%d7%9c-%d7%95%d7%94%d7%99%d7%a9%d7%90%d7%9d-%d7%a9%d7%9c%d7%95%d7%9d-%d7%97%d7%91%d7%a8%d7%99%d7%9d/ (18420 bytes)
  [864/1491] ✓ https://nfct.org.il/blog/movies/%d7%a0%d7%95%d7%91%d7%94/ (11280 bytes)
  [865/1491] ✓ https://nfct.org.il/blog/movies/%d7%a0%d7%93%d7%9c%d7%b4%d7%9f/ (11120 bytes)
  [866/1491] ✓ https://nfct.org.il/blog/movies/%d7%9e%d7%a9%d7%9e%d7%a2%d7%95%d7%aa-%d7%90%d7%97%d7%a8%d7%aa-%d7%a9%d7%9c-%d7%90%d7%94%d7%91%d7%94/ (17180 bytes)
  [867/1491] ✓ https://nfct.org.il/blog/movies/%d7%a0%d7%95%d7%a4%d7%9c%d7%99%d7%9d/ (16795 bytes)
  [868/1491] ✓ https://nfct.org.il/blog/movies/%d7%a0%d7%95%d7%9c%d7%93%d7%aa%d7%99-%d7%91%d7%99%d7%a8%d7%95%d7%a9%d7%9c%d7%99%d7%9d-%d7%95%d7%90%d7%a0%d7%99-%d7%a2%d7%93%d7%99%d7%99%d7%9f-%d7%97%d7%99/ (15889 bytes)
  [869/1491] ✓ https://nfct.org.il/blog/movies/%d7%a0%d7%95%d7%a8%d7%90%d7%9f/ (20979 bytes)
  [870/1491] ✓ https://nfct.org.il/blog/movies/%d7%a0%d7%95%d7%a4%d7%9c-%d7%95%d7%a7%d7%9d-%d7%a1%d7%99%d7%a4%d7%95%d7%a8%d7%94-%d7%a9%d7%9c-%d7%a9%d7%91%d7%a7-%d7%a1/ (15493 bytes)
  [871/1491] ✓ https://nfct.org.il/blog/movies/%d7%a0%d7%95%d7%a8%d7%94/ (14337 bytes)
  [872/1491] ✓ https://nfct.org.il/blog/movies/%d7%a0%d7%95%d7%a8%d7%9e%d7%9c%d7%a0%d7%94/ (14348 bytes)
  [873/1491] ✓ https://nfct.org.il/blog/movies/%d7%a0%d7%99%d7%93%d7%94/ (20023 bytes)
  [874/1491] ✓ https://nfct.org.il/blog/movies/%d7%a0%d7%99%d7%a1%d7%99%d7%9d/ (16147 bytes)
  [875/1491] ✓ https://nfct.org.il/blog/movies/%d7%a0%d7%97%d7%a9%d7%95%d7%9f-%d7%95%d7%a7%d7%a1%d7%9e%d7%9f-%d7%94%d7%a1%d7%a4%d7%99%d7%a8%d7%94-%d7%9c%d7%90%d7%97%d7%95%d7%a8/ (17022 bytes)
  [876/1491] ✓ https://nfct.org.il/blog/movies/%d7%a0%d7%9b%d7%99%d7%9d-%d7%9c%d7%a4%d7%99-%d7%a1%d7%a2%d7%99%d7%a3-5/ (10875 bytes)
  [877/1491] ✓ https://nfct.org.il/blog/movies/%d7%a0%d7%9e%d7%95%d7%9a/ (15767 bytes)
  [878/1491] ✓ https://nfct.org.il/blog/movies/%d7%a0%d7%a1%d7%99%d7%92/ (16173 bytes)
  [879/1491] ✓ https://nfct.org.il/blog/movies/%d7%a0%d7%a1%d7%99%d7%a2%d7%aa-%d7%9e%d7%91%d7%97%d7%9f/ (14770 bytes)
  [880/1491] ✓ https://nfct.org.il/blog/movies/%d7%a0%d7%a1%d7%99%d7%9a-%d7%94%d7%9e%d7%a2%d7%91%d7%a8%d7%94/ (16515 bytes)
  [881/1491] ✓ https://nfct.org.il/blog/movies/%d7%a0%d7%a2%d7%a8-%d7%99%d7%94%d7%95%d7%93%d7%99-%d7%92%d7%90%d7%94/ (13634 bytes)
  [882/1491] ✓ https://nfct.org.il/blog/movies/%d7%a0%d7%a2%d7%9f-%d7%a9%d7%9c%d7%99/ (15745 bytes)
  [883/1491] ✓ https://nfct.org.il/blog/movies/%d7%a0%d7%a4%d7%99%d7%a9%d7%95%d7%aa/ (16030 bytes)
  [884/1491] ✓ https://nfct.org.il/blog/movies/%d7%a0%d7%a4%d7%a9-%d7%a6%d7%a8%d7%a7%d7%a1%d7%99-%d7%94%d7%95%d7%9e%d7%99%d7%94/ (16990 bytes)
  [885/1491] ✓ https://nfct.org.il/blog/movies/%d7%a0%d7%a4%d7%a9-%d7%aa%d7%90%d7%95%d7%9e%d7%94/ (14550 bytes)
  [886/1491] ✓ https://nfct.org.il/blog/movies/%d7%a0%d7%a7%d7%95%d7%93%d7%94/ (13714 bytes)
  [887/1491] ✓ https://nfct.org.il/blog/movies/%d7%a0%d7%a6%d7%a8/ (12289 bytes)
  [888/1491] ✓ https://nfct.org.il/blog/movies/%d7%a0%d7%a7%d7%95%d7%93%d7%aa-%d7%90%d7%97%d7%99%d7%96%d7%94/ (14454 bytes)
  [889/1491] ✓ https://nfct.org.il/blog/movies/%d7%a0%d7%a7%d7%9e%d7%94/ (16300 bytes)
  [890/1491] ✓ https://nfct.org.il/blog/movies/%d7%a0%d7%a9%d7%95%d7%aa-%d7%94%d7%97%d7%95%d7%a4%d7%a9/ (17358 bytes)
  [891/1491] ✓ https://nfct.org.il/blog/movies/%d7%a0%d7%a9%d7%95%d7%aa-%d7%94%d7%97%d7%9e%d7%90%d7%a1/ (14233 bytes)
  [892/1491] ✓ https://nfct.org.il/blog/movies/%d7%a0%d7%a9%d7%99%d7%9d-%d7%91%d7%99%d7%9f-%d7%a7%d7%95%d7%93%d7%a9-%d7%9c%d7%97%d7%95%d7%9c/ (26338 bytes)
  [893/1491] ✓ https://nfct.org.il/blog/movies/%d7%a0%d7%9c%d7%94/ (15243 bytes)
  [894/1491] ✓ https://nfct.org.il/blog/movies/%d7%a0%d7%a9%d7%99%d7%a7%d7%94-%d7%a8%d7%90%d7%a9%d7%95%d7%a0%d7%94/ (15794 bytes)
  [895/1491] ✓ https://nfct.org.il/blog/movies/%d7%a0%d7%a9%d7%9e%d7%94-%d7%a9%d7%9c-%d7%97%d7%99%d7%99%d7%96%d7%a8/ (15215 bytes)
  [896/1491] ✓ https://nfct.org.il/blog/movies/%d7%a0%d7%a9%d7%9e%d7%95%d7%aa-%d7%92%d7%95%d7%a2%d7%a9%d7%95%d7%aa/ (16540 bytes)
  [897/1491] ✓ https://nfct.org.il/blog/movies/%d7%a1%d7%91%d7%95%d7%98%d7%90%d7%96/ (17106 bytes)
  [898/1491] ✓ https://nfct.org.il/blog/movies/%d7%a1%d7%91%d7%95%d7%99/ (23915 bytes)
  [899/1491] ✓ https://nfct.org.il/blog/movies/%d7%a0%d7%a7%d7%9d-%d7%90%d7%97%d7%aa-%d7%9e%d7%a9%d7%aa%d7%99-%d7%a2%d7%99%d7%a0%d7%99/ (15419 bytes)
  [900/1491] ✓ https://nfct.org.il/blog/movies/%d7%a1%d7%91%d7%a0%d7%94/ (16077 bytes)
  [901/1491] ✓ https://nfct.org.il/blog/movies/%d7%a1%d7%92%d7%a8/ (14696 bytes)
  [902/1491] ✓ https://nfct.org.il/blog/movies/%d7%a1%d7%95%d7%93%d7%94/ (11649 bytes)
  [903/1491] ✓ https://nfct.org.il/blog/movies/%d7%a1%d7%95%d7%91%d7%a0%d7%99%d7%a8%d7%99%d7%9d/ (20187 bytes)
  [904/1491] ✓ https://nfct.org.il/blog/movies/%d7%a1%d7%95%d7%9c%d7%97%d7%94/ (15251 bytes)
  [905/1491] ✓ https://nfct.org.il/blog/movies/%d7%a1%d7%95%d7%a1%d7%99%d7%aa%d7%90/ (15795 bytes)
  [906/1491] ✓ https://nfct.org.il/blog/movies/%d7%a1%d7%95%d7%a0%d7%99%d7%94-%d7%a6%d7%95%d7%a4%d7%99%d7%94/ (17384 bytes)
  [907/1491] ✓ https://nfct.org.il/blog/movies/%d7%a1%d7%95%d7%a3-%d7%a1%d7%95%d7%a3/ (15520 bytes)
  [908/1491] ✓ https://nfct.org.il/blog/movies/%d7%a0%d7%a9%d7%99%d7%9d-%d7%9e%d7%91%d7%a9%d7%9c%d7%95%d7%aa-%d7%a1%d7%99%d7%a4%d7%95%d7%a8/ (16243 bytes)
  [909/1491] ✓ https://nfct.org.il/blog/movies/%d7%a1%d7%95%d7%a3-%d7%a2%d7%95%d7%a0%d7%aa-%d7%94%d7%90%d7%94%d7%91%d7%94/ (14912 bytes)
  [910/1491] ✓ https://nfct.org.il/blog/movies/%d7%a1%d7%95%d7%a4%d7%99/ (16871 bytes)
  [911/1491] ✓ https://nfct.org.il/blog/movies/%d7%a1%d7%95%d7%a4%d7%a8-%d7%93%d7%99%d7%9e%d7%95%d7%a0%d7%94/ (13179 bytes)
  [912/1491] ✓ https://nfct.org.il/blog/movies/%d7%a1%d7%95%d7%a4%d7%a9/ (12868 bytes)
  [913/1491] ✓ https://nfct.org.il/blog/movies/%d7%a1%d7%98%d7%90%d7%98%d7%95%d7%a1-%d7%a7%d7%95%d7%95/ (12713 bytes)
  [914/1491] ✓ https://nfct.org.il/blog/movies/%d7%a1%d7%98%d7%a4%d7%9f-%d7%91%d7%a8%d7%90%d7%95%d7%9f/ (22113 bytes)
  [915/1491] ✓ https://nfct.org.il/blog/movies/%d7%a1%d7%98%d7%90%d7%9c%d7%92%d7%99%d7%9d-%d7%a9%d7%95%d7%90%d7%94-%d7%95%d7%a4%d7%95%d7%a8%d7%a0%d7%95%d7%92%d7%a8%d7%a4%d7%99%d7%94-%d7%91%d7%99%d7%a9%d7%a8%d7%90%d7%9c/ (16020 bytes)
  [916/1491] ✓ https://nfct.org.il/blog/movies/%d7%a1%d7%99%d7%91%d7%aa-%d7%94%d7%9e%d7%95%d7%95%d7%aa/ (18098 bytes)
  [917/1491] ✓ https://nfct.org.il/blog/movies/%d7%a1%d7%99%d7%92%d7%a8%d7%99%d7%94-%d7%90%d7%97%d7%a8%d7%95%d7%a0%d7%94/ (14759 bytes)
  [918/1491] ✓ https://nfct.org.il/blog/movies/%d7%a1%d7%99%d7%99%d7%a4%d7%a7%d7%99%d7%95%d7%91/ (17160 bytes)
  [919/1491] ✓ https://nfct.org.il/blog/movies/%d7%a1%d7%99%d7%9c%d7%90/ (14666 bytes)
  [920/1491] ✓ https://nfct.org.il/blog/movies/%d7%a1%d7%99%d7%9e%d7%97%d7%94/ (13783 bytes)
  [921/1491] ✓ https://nfct.org.il/blog/movies/%d7%a1%d7%99%d7%a0%d7%9e%d7%94-%d7%a1%d7%91%d7%90%d7%99%d7%90/ (23678 bytes)
  [922/1491] ✓ https://nfct.org.il/blog/movies/%d7%a1%d7%99%d7%a1%d7%98%d7%9e%d7%94/ (15259 bytes)
  [923/1491] ✓ https://nfct.org.il/blog/movies/%d7%a1%d7%99%d7%a4%d7%95%d7%a8-%d7%9b%d7%99%d7%a1%d7%95%d7%99/ (13712 bytes)
  [924/1491] ✓ https://nfct.org.il/blog/movies/%d7%a1%d7%99%d7%a4%d7%95%d7%a8%d7%99-%d7%93%d7%95%d7%91%d7%99%d7%9d/ (14076 bytes)
  [925/1491] ✓ https://nfct.org.il/blog/movies/%d7%a1%d7%99%d7%a4%d7%95%d7%a8-%d7%a1%d7%92%d7%95%d7%a8/ (15703 bytes)
  [926/1491] ✓ https://nfct.org.il/blog/movies/%d7%a1%d7%99%d7%a4%d7%95%d7%a8-%d7%90%d7%a4%d7%95%d7%9c%d7%95%d7%a0%d7%99/ (16389 bytes)
  [927/1491] ✓ https://nfct.org.il/blog/movies/%d7%a1%d7%9c%d7%9e%d7%90/ (14865 bytes)
  [928/1491] ✓ https://nfct.org.il/blog/movies/%d7%a1%d7%9c%d7%a1%d7%94-%d7%aa%d7%9c-%d7%90%d7%91%d7%99%d7%91/ (18556 bytes)
  [929/1491] ✓ https://nfct.org.il/blog/movies/%d7%a1%d7%a4%d7%a7-%d7%99%d7%9c%d7%93%d7%94-%d7%a1%d7%a4%d7%a7-%d7%90%d7%99%d7%a9%d7%94-%d7%90%d7%9c%d7%94-%d7%95%d7%93%d7%a4%d7%a0%d7%94-%d7%90%d7%a8%d7%9e%d7%95%d7%a0%d7%99/ (14652 bytes)
  [930/1491] ✓ https://nfct.org.il/blog/movies/%d7%a1%d7%a7%d7%99%d7%a6%d7%94/ (13116 bytes)
  [931/1491] ✓ https://nfct.org.il/blog/movies/%d7%a1%d7%a4%d7%99%d7%a8/ (16186 bytes)
  [932/1491] ✓ https://nfct.org.il/blog/movies/%d7%a1%d7%a7%d7%95%d7%a8%d7%a0%d7%99%d7%a7-%d7%91%d7%a9%d7%9d-%d7%94%d7%90%d7%91/ (14246 bytes)
  [933/1491] ✓ https://nfct.org.il/blog/movies/%d7%a1%d7%a8%d7%98-%d7%91%d7%95%d7%a8%d7%a7%d7%a1/ (21435 bytes)
  [934/1491] ✓ https://nfct.org.il/blog/movies/%d7%a1%d7%a8%d7%98-%d7%9e%d7%94%d7%97%d7%99%d7%99%d7%9d/ (18783 bytes)
  [935/1491] ✓ https://nfct.org.il/blog/movies/%d7%a1%d7%a8%d7%98-%d7%91%d7%a8-%d7%9e%d7%a6%d7%95%d7%95%d7%94/ (14990 bytes)
  [936/1491] ✓ https://nfct.org.il/blog/movies/%d7%a1%d7%a8%d7%98-%d7%a9%d7%9c%d7%9c/ (16298 bytes)
  [937/1491] ✓ https://nfct.org.il/blog/movies/%d7%a1%d7%a8%d7%98-2/ (16213 bytes)
  [938/1491] ✓ https://nfct.org.il/blog/movies/%d7%a2%d7%93%d7%94-%d7%90%d7%9e%d7%99-%d7%94%d7%90%d7%93%d7%a8%d7%99%d7%9b%d7%9c%d7%99%d7%aa/ (17956 bytes)
  [939/1491] ✓ https://nfct.org.il/blog/movies/%d7%a2%d7%91%d7%95%d7%93%d7%94/ (16789 bytes)
  [940/1491] ✓ https://nfct.org.il/blog/movies/%d7%a2%d7%93%d7%94-%d7%a1%d7%a8%d7%a0%d7%99-%d7%94%d7%92%d7%91%d7%a8%d7%aa-%d7%91%d7%a9%d7%9e%d7%9c%d7%94-%d7%94%d7%a9%d7%97%d7%95%d7%a8%d7%94/ (14756 bytes)
  [941/1491] ✓ https://nfct.org.il/blog/movies/%d7%a2%d7%93%d7%99%d7%99%d7%9f-%d7%91%d7%98%d7%99%d7%a4%d7%95%d7%9c/ (13807 bytes)
  [942/1491] ✓ https://nfct.org.il/blog/movies/%d7%a2%d7%93%d7%a9%d7%94/ (12952 bytes)
  [943/1491] ✓ https://nfct.org.il/blog/movies/%d7%a2%d7%93%d7%a0%d7%94-%d7%95%d7%94%d7%9b%d7%9c%d7%91/ (11853 bytes)
  [944/1491] ✓ https://nfct.org.il/blog/movies/%d7%a2%d7%93-%d7%90%d7%a9%d7%a8-%d7%a0%d7%9e%d7%a6%d7%90-%d7%9e%d7%a7%d7%95%d7%9d/ (14420 bytes)
  [945/1491] ✓ https://nfct.org.il/blog/movies/%d7%a2%d7%93-%d7%94%d7%9e%d7%95%d7%95%d7%aa-%d7%94%d7%9b%d7%9c-%d7%a4%d7%aa%d7%95%d7%97/ (17709 bytes)
  [946/1491] ✓ https://nfct.org.il/blog/movies/%d7%a2%d7%93-%d7%9c%d7%9c%d7%90-%d7%a7%d7%95%d7%9c/ (16821 bytes)
  [947/1491] ✓ https://nfct.org.il/blog/movies/%d7%a2%d7%93-%d7%a1%d7%95%d7%a3-%d7%94%d7%a2%d7%95%d7%9c%d7%9d/ (15261 bytes)
  [948/1491] ✓ https://nfct.org.il/blog/movies/%d7%a2%d7%93-%d7%a9%d7%94%d7%93%d7%a8%d7%9a-%d7%aa%d7%a4%d7%a8%d7%99%d7%93-%d7%91%d7%99%d7%a0%d7%99%d7%a0%d7%95/ (17615 bytes)
  [949/1491] ✓ https://nfct.org.il/blog/movies/%d7%a2%d7%95%d7%93-%d7%9e%d7%99%d7%9c%d7%99%d7%9d-%d7%9b%d7%90%d7%9c%d7%94/ (14307 bytes)
  [950/1491] ✓ https://nfct.org.il/blog/movies/%d7%a2%d7%95%d7%93-%d7%aa%d7%a8%d7%91%d7%95%d7%aa-%d7%94%d7%a6%d7%a8%d7%99%d7%9b%d7%94-%d7%94%d7%99%d7%a9%d7%a8%d7%90%d7%9c%d7%99%d7%aa/ (15464 bytes)
  [951/1491] ✓ https://nfct.org.il/blog/movies/%d7%a2%d7%95%d7%a0%d7%aa-%d7%94%d7%90%d7%a8%d7%98%d7%99%d7%a9%d7%95%d7%a7/ (18439 bytes)
  [952/1491] ✓ https://nfct.org.il/blog/movies/%d7%a2%d7%95%d7%a8/ (18865 bytes)
  [953/1491] ✓ https://nfct.org.il/blog/movies/%d7%a2%d7%95%d7%a9%d7%94-%d7%90%d7%a0%d7%99-%d7%9c%d7%9e%d7%94/ (10757 bytes)
  [954/1491] ✓ https://nfct.org.il/blog/movies/%d7%a2%d7%99%d7%92%d7%95%d7%9c-%d7%9e%d7%95%d7%a9%d7%9c%d7%9d/ (10479 bytes)
  [955/1491] ✓ https://nfct.org.il/blog/movies/%d7%a2%d7%99%d7%99%d7%91/ (17011 bytes)
  [956/1491] ✓ https://nfct.org.il/blog/movies/%d7%a2%d7%93-%d7%94%d7%96%d7%a8%d7%99%d7%97%d7%94/ (16630 bytes)
  [957/1491] ✓ https://nfct.org.il/blog/movies/%d7%a2%d7%99%d7%9f-%d7%90%d7%97%d7%aa-%d7%a4%d7%a7%d7%95%d7%97%d7%94/ (14210 bytes)
  [958/1491] ✓ https://nfct.org.il/blog/movies/%d7%a2%d7%99%d7%a8%d7%90%d7%a7%d7%a0%d7%a8%d7%95%d7%9c/ (19448 bytes)
  [959/1491] ✓ https://nfct.org.il/blog/movies/%d7%a2%d7%99%d7%a8-%d7%9c%d7%9c%d7%90-%d7%a8%d7%97%d7%9e%d7%99%d7%9d/ (17227 bytes)
  [960/1491] ✓ https://nfct.org.il/blog/movies/%d7%a2%d7%99%d7%a8-%d7%91%d7%a2%d7%99%d7%9f-%d7%94%d7%a1%d7%a2%d7%a8%d7%94/ (18605 bytes)
  [961/1491] ✓ https://nfct.org.il/blog/movies/%d7%a2%d7%9b%d7%a9%d7%99%d7%95-%d7%9b%d7%a9%d7%94%d7%9e%d7%99%d7%9d-%d7%9c%d7%95%d7%97%d7%a6%d7%99%d7%9d-%d7%91%d7%a2%d7%95%d7%96/ (13235 bytes)
  [962/1491] ✓ https://nfct.org.il/blog/movies/%d7%a2%d7%9c-%d7%94%d7%a7%d7%a6%d7%94/ (13143 bytes)
  [963/1491] ✓ https://nfct.org.il/blog/movies/%d7%a1%d7%a8%d7%98%d7%99-%d7%a8%d7%a2%d7%91-2004/ (20955 bytes)
  [964/1491] ✓ https://nfct.org.il/blog/movies/%d7%a2%d7%9c-%d7%a2%d7%a0%d7%a7%d7%99%d7%9d-%d7%95%d7%97%d7%99%d7%95%d7%aa-%d7%90%d7%97%d7%a8%d7%95%d7%aa/ (15023 bytes)
  [965/1491] ✓ https://nfct.org.il/blog/movies/%d7%a2%d7%9c-%d7%a8%d7%90%d7%a9-%d7%a9%d7%9e%d7%97%d7%aa%d7%99/ (13044 bytes)
  [966/1491] ✓ https://nfct.org.il/blog/movies/%d7%a2%d7%9d-%d7%94%d7%a4%d7%a0%d7%99%d7%9d-%d7%9c%d7%a7%d7%99%d7%a8/ (16684 bytes)
  [967/1491] ✓ https://nfct.org.il/blog/movies/%d7%a2%d7%9d-%d7%a8%d7%93%d7%aa-%d7%94%d7%97%d7%a9%d7%9b%d7%94/ (12724 bytes)
  [968/1491] ✓ https://nfct.org.il/blog/movies/%d7%a2%d7%9e%d7%9c%d7%99%d7%9d/ (14492 bytes)
  [969/1491] ✓ https://nfct.org.il/blog/movies/%d7%a2%d7%a0%d7%91%d7%9c-%d7%a4%d7%a8%d7%9c%d7%9e%d7%95%d7%98%d7%a8-%d7%90%d7%9d-%d7%96%d7%94-%d7%a0%d7%92%d7%9e%d7%a8/ (16121 bytes)
  [970/1491] ✓ https://nfct.org.il/blog/movies/%d7%a2%d7%a0%d7%99%d7%99%d7%a0%d7%99%d7%9d-%d7%a9%d7%91%d7%9c%d7%91/ (17202 bytes)
  [971/1491] ✓ https://nfct.org.il/blog/movies/%d7%a2%d7%a1%d7%a7-%d7%9e%d7%9c%d7%95%d7%9b%d7%9c%d7%9a/ (18264 bytes)
  [972/1491] ✓ https://nfct.org.il/blog/movies/%d7%a2%d7%a2-%d7%a2%d7%a8%d7%9b%d7%99%d7%9d/ (14735 bytes)
  [973/1491] ✓ https://nfct.org.il/blog/movies/%d7%a2%d7%a0%d7%aa-%d7%92%d7%95%d7%91-%d7%a2%d7%9c-%d7%94%d7%97%d7%99%d7%99%d7%9d-%d7%95%d7%a2%d7%9c-%d7%94%d7%9e%d7%95%d7%95%d7%aa/ (17454 bytes)
  [974/1491] ✓ https://nfct.org.il/blog/movies/%d7%a2%d7%a6%d7%9e%d7%90%d7%95%d7%aa/ (12419 bytes)
  [975/1491] ✓ https://nfct.org.il/blog/movies/%d7%a2%d7%a7%d7%91%d7%95%d7%aa-%d7%91%d7%99%d7%a8%d7%95%d7%a9%d7%9c%d7%99%d7%9d/ (25181 bytes)
  [976/1491] ✓ https://nfct.org.il/blog/movies/%d7%a2%d7%a8%d7%91%d7%94/ (15317 bytes)
  [977/1491] ✓ https://nfct.org.il/blog/movies/%d7%a2%d7%a8%d7%95%d7%a1-%d7%90%d7%9c-%d7%92%d7%9c%d7%99%d7%9c/ (17237 bytes)
  [978/1491] ✓ https://nfct.org.il/blog/movies/%d7%a2%d7%9c%d7%99%d7%9c%d7%aa-%d7%93%d7%9d/ (15881 bytes)
  [979/1491] ✓ https://nfct.org.il/blog/movies/%d7%a2%d7%a8%d7%95%d7%a6%d7%99%d7%9d-%d7%a9%d7%9c-%d7%96%d7%a2%d7%9d/ (19271 bytes)
  [980/1491] ✓ https://nfct.org.il/blog/movies/%d7%a2%d7%a8%d7%a4%d7%9c/ (22090 bytes)
  [981/1491] ✓ https://nfct.org.il/blog/movies/%d7%a2%d7%a9%d7%a0%d7%99-%d7%a4%d7%a9%d7%95%d7%98%d7%94/ (15566 bytes)
  [982/1491] ✓ https://nfct.org.il/blog/movies/%d7%a4%d6%bc%d6%b0%d7%a8%d6%b4%d7%99%d7%93%d6%b8%d7%94/ (21466 bytes)
  [983/1491] ✓ https://nfct.org.il/blog/movies/%d7%a4%d7%90%d7%93%d7%99%d7%94/ (14806 bytes)
  [984/1491] ✓ https://nfct.org.il/blog/movies/%d7%a4%d7%90%d7%a0%d7%99%d7%a7%d7%90%d7%95%d7%98%d7%95%d7%a4%d7%99%d7%94-%d7%a1%d7%a4%d7%99%d7%a0%d7%aa-%d7%9e%d7%93%d7%91%d7%a8/ (14888 bytes)
  [985/1491] ✓ https://nfct.org.il/blog/movies/%d7%a4%d7%92%d7%95%d7%aa-%d7%aa%d7%95%d7%a7%d7%a3/ (15571 bytes)
  [986/1491] ✓ https://nfct.org.il/blog/movies/%d7%a4%d7%95%d7%90%d7%93/ (13555 bytes)
  [987/1491] ✓ https://nfct.org.il/blog/movies/%d7%a2%d7%a5-%d7%94%d7%97%d7%99%d7%99%d7%9d/ (13315 bytes)
  [988/1491] ✓ https://nfct.org.il/blog/movies/%d7%a4%d7%95%d7%98%d7%95%d7%a0%d7%95%d7%91%d7%9c%d7%94/ (17178 bytes)
  [989/1491] ✓ https://nfct.org.il/blog/movies/%d7%a4%d7%95%d7%98%d7%95%d7%a1%d7%99-%d7%96%d7%9e%d7%9f-%d7%9e%d7%a1%d7%a2/ (20040 bytes)
  [990/1491] ✓ https://nfct.org.il/blog/movies/%d7%a4%d7%95%d7%9c-%d7%92%d7%96-%d7%a4%d7%a6%d7%a2%d7%99-%d7%91%d7%92%d7%a8%d7%95%d7%aa/ (15496 bytes)
  [991/1491] ✓ https://nfct.org.il/blog/movies/%d7%a4%d7%95%d7%a2%d7%9c%d7%99%d7%9d-%d7%99%d7%a8%d7%95%d7%a7%d7%99%d7%9d/ (19264 bytes)
  [992/1491] ✓ https://nfct.org.il/blog/movies/%d7%a4%d7%97%d7%96%d7%a0%d7%99%d7%95%d7%aa/ (16230 bytes)
  [993/1491] ✓ https://nfct.org.il/blog/movies/%d7%a4%d7%95%d7%a4-%d7%90%d7%99%d7%a1%d7%9c%d7%90%d7%9d/ (16722 bytes)
  [994/1491] ✓ https://nfct.org.il/blog/movies/%d7%a4%d7%99%d7%99%d7%aa-%d7%94%d7%91%d7%99%d7%98%d7%95%d7%97/ (15466 bytes)
  [995/1491] ✓ https://nfct.org.il/blog/movies/%d7%a4%d7%99%d7%a0%d7%94-%d7%91%d7%99%d7%a4%d7%95/ (13823 bytes)
  [996/1491] ✓ https://nfct.org.il/blog/movies/%d7%a4%d7%99%d7%a0%d7%95%d7%99/ (17340 bytes)
  [997/1491] ✓ https://nfct.org.il/blog/movies/%d7%a4%d7%99%d7%a0%d7%a7-%d7%9c%d7%99%d7%99%d7%93%d7%99/ (14532 bytes)
  [998/1491] ✓ https://nfct.org.il/blog/movies/%d7%a4%d7%99%d7%a9%d7%98%d7%99%d7%99%d7%9c/ (19645 bytes)
  [999/1491] ✓ https://nfct.org.il/blog/movies/%d7%a4%d7%90%d7%a8%d7%93%d7%99%d7%a1-%d7%92%d7%9f-%d7%a2%d7%93%d7%9f-%d7%90%d7%91%d7%95%d7%93/ (16545 bytes)
  [1000/1491] ✓ https://nfct.org.il/blog/movies/%d7%a4%d7%99%d7%aa%d7%94%d7%9c%d7%91/ (14667 bytes)
  [1001/1491] ✓ https://nfct.org.il/blog/movies/%d7%a4%d7%99-%d7%94%d7%aa%d7%94%d7%95%d7%9d/ (13056 bytes)
  [1002/1491] ✓ https://nfct.org.il/blog/movies/%d7%a4%d7%99%d7%aa%d7%95%d7%99-%d7%91%d7%a2%d7%9e/ (15594 bytes)
  [1003/1491] ✓ https://nfct.org.il/blog/movies/%d7%a4%d7%9a-%d7%90%d7%97%d7%93-%d7%a9%d7%9c-%d7%a9%d7%9e%d7%9f/ (14247 bytes)
  [1004/1491] ✓ https://nfct.org.il/blog/movies/%d7%a4%d7%9c%d7%95%d7%9e%d7%95%d7%aa/ (17071 bytes)
  [1005/1491] ✓ https://nfct.org.il/blog/movies/%d7%a4%d7%9c%d7%98%d7%a9%d7%a7%d7%a2%d7%a1/ (15472 bytes)
  [1006/1491] ✓ https://nfct.org.il/blog/movies/%d7%a4%d7%9c%d7%99%d7%a4/ (18778 bytes)
  [1007/1491] ✓ https://nfct.org.il/blog/movies/%d7%a4%d7%a0%d7%98%d7%a1%d7%98%d7%90%d7%99%d7%a9/ (18683 bytes)
  [1008/1491] ✓ https://nfct.org.il/blog/movies/%d7%a4%d7%a0%d7%aa%d7%a8-%d7%9c%d7%91%d7%9f/ (16877 bytes)
  [1009/1491] ✓ https://nfct.org.il/blog/movies/%d7%a4%d7%98%d7%94-%d7%9e%d7%95%d7%a8%d7%92%d7%a0%d7%94/ (17977 bytes)
  [1010/1491] ✓ https://nfct.org.il/blog/movies/%d7%a4%d7%a2%d7%9d-%d7%90%d7%97%d7%aa-%d7%95%d7%90%d7%9c%d7%a3-%d7%9c%d7%90-%d7%9e%d7%a1%d7%a4%d7%99%d7%a7/ (14926 bytes)
  [1011/1491] ✓ https://nfct.org.il/blog/movies/%d7%a4%d7%a1%d7%92%d7%95%d7%aa-%d7%a8%d7%9e%d7%90%d7%9c%d7%9c%d7%94/ (15105 bytes)
  [1012/1491] ✓ https://nfct.org.il/blog/movies/%d7%a4%d7%a2%d7%9d-%d7%94%d7%91%d7%90%d7%aa-%d7%9c%d7%99-%d7%a4%d7%a8%d7%97%d7%99%d7%9d-2/ (14276 bytes)
  [1013/1491] ✓ https://nfct.org.il/blog/movies/%d7%a4%d7%a6%d7%99%d7%99%d7%a0%d7%98/ (14409 bytes)
  [1014/1491] ✓ https://nfct.org.il/blog/movies/%d7%a4%d7%a2%d7%9d-%d7%a0%d7%9b%d7%a0%d7%a1%d7%aa%d7%99-%d7%9c%d7%92%d7%9f/ (16036 bytes)
  [1015/1491] ✓ https://nfct.org.il/blog/movies/%d7%a4%d7%a6%d7%a2%d7%99-%d7%91%d7%92%d7%a8%d7%95%d7%aa/ (20576 bytes)
  [1016/1491] ✓ https://nfct.org.il/blog/movies/%d7%a4%d7%a6%d7%a6%d7%95%d7%aa-%d7%91%d7%93%d7%a8%d7%9a-%d7%9c%d7%a1%d7%95%d7%a3-%d7%94%d7%a2%d7%95%d7%9c%d7%9d/ (20197 bytes)
  [1017/1491] ✓ https://nfct.org.il/blog/movies/%d7%a4%d7%a8%d7%93%d7%a1-%d7%9b%d7%a5-%d7%90%d7%94%d7%95%d7%91%d7%aa%d7%99/ (14354 bytes)
  [1018/1491] ✓ https://nfct.org.il/blog/movies/%d7%a4%d7%a8%d7%94-%d7%90%d7%93%d7%95%d7%9e%d7%94/ (15757 bytes)
  [1019/1491] ✓ https://nfct.org.il/blog/movies/%d7%a4%d7%a8%d7%95%d7%96%d7%93%d7%95%d7%a8/ (15500 bytes)
  [1020/1491] ✓ https://nfct.org.il/blog/movies/%d7%a4%d7%a8%d7%95%d7%99%d7%a7%d7%98-%d7%9b%d7%a0%d7%a4%d7%99%d7%99%d7%9d-2017/ (18980 bytes)
  [1021/1491] ✓ https://nfct.org.il/blog/movies/%d7%a4%d7%a8%d7%95%d7%99%d7%a7%d7%98-%d7%9e%d7%94-%d7%90%d7%aa-%d7%a9%d7%95%d7%aa%d7%a7%d7%aa/ (18801 bytes)
  [1022/1491] ✓ https://nfct.org.il/blog/movies/%d7%a4%d7%a8%d7%95%d7%99%d7%a7%d7%98-%d7%9e%d7%a7%d7%95%d7%9d-2002/ (24246 bytes)
  [1023/1491] ✓ https://nfct.org.il/blog/movies/%d7%a4%d7%9c%d7%95%d7%a8%d7%98%d7%99%d7%99%d7%9d/ (10092 bytes)
  [1024/1491] ✓ https://nfct.org.il/blog/movies/%d7%a4%d7%a8%d7%95%d7%99%d7%a7%d7%98-%d7%a9%d7%9b%d7%95%d7%a0%d7%94-%d7%91%d7%a1%d7%a8%d7%98/ (14340 bytes)
  [1025/1491] ✓ https://nfct.org.il/blog/movies/%d7%a4%d7%a8%d7%95%d7%aa-%d7%a9%d7%9e%d7%a0%d7%95%d7%aa-%d7%a4%d7%a8%d7%95%d7%aa-%d7%a8%d7%96%d7%95%d7%aa/ (17978 bytes)
  [1026/1491] ✓ https://nfct.org.il/blog/movies/%d7%a4%d7%a8%d7%97%d7%99%d7%9d-%d7%9c%d7%97%d7%92/ (16812 bytes)
  [1027/1491] ✓ https://nfct.org.il/blog/movies/%d7%a4%d7%a8%d7%95-%d7%95%d7%a8%d7%91%d7%95/ (22011 bytes)
  [1028/1491] ✓ https://nfct.org.il/blog/movies/%d7%a4%d7%a8%d7%99%d7%93%d7%94-%d7%a9%d7%a0%d7%99%d7%99%d7%94/ (15304 bytes)
  [1029/1491] ✓ https://nfct.org.il/blog/movies/%d7%a4%d7%a8%d7%99%d7%a0%d7%a1%d7%a1-%d7%a9%d7%95%d7%90%d7%95/ (21610 bytes)
  [1030/1491] ✓ https://nfct.org.il/blog/movies/%d7%a4%d7%a8%d7%9c%d7%94-%d7%99%d7%a7%d7%99%d7%a8%d7%aa%d7%99/ (17091 bytes)
  [1031/1491] ✓ https://nfct.org.il/blog/movies/%d7%a4%d7%a8%d7%9e%d7%99%d7%99%d7%a8%d7%94/ (9970 bytes)
  [1032/1491] ✓ https://nfct.org.il/blog/movies/%d7%a4%d7%a8%d7%a0%d7%a6%d7%99%d7%a9%d7%a7%d7%94/ (16014 bytes)
  [1033/1491] ✓ https://nfct.org.il/blog/movies/%d7%a4%d7%a8%d7%a4%d7%a8-%d7%90%d7%93%d7%95%d7%9d/ (14007 bytes)
  [1034/1491] ✓ https://nfct.org.il/blog/movies/%d7%a4%d7%a8%d7%a6%d7%95%d7%a4%d7%94/ (14266 bytes)
  [1035/1491] ✓ https://nfct.org.il/blog/movies/%d7%a4%d7%a8%d7%95%d7%98%d7%96%d7%94/ (13591 bytes)
  [1036/1491] ✓ https://nfct.org.il/blog/movies/%d7%a4%d7%a8%d7%a9%d7%aa-%d7%a7%d7%95%d7%96%d7%9c%d7%a6%d7%99%d7%a7/ (17135 bytes)
  [1037/1491] ✓ https://nfct.org.il/blog/movies/%d7%a4%d7%a8%d7%a9%d7%aa-%d7%a8%d7%95%d7%aa/ (16833 bytes)
  [1038/1491] ✓ https://nfct.org.il/blog/movies/%d7%a4%d7%a9%d7%a8%d7%94/ (19423 bytes)
  [1039/1491] ✓ https://nfct.org.il/blog/movies/%d7%a4%d7%aa%d7%97%d7%99-%d7%9c%d7%99-%d7%90%d7%97%d7%95%d7%aa%d7%99/ (18026 bytes)
  [1040/1491] ✓ https://nfct.org.il/blog/movies/%d7%a4%d7%aa%d7%97-%d7%90%d7%aa-%d7%94%d7%a4%d7%94/ (18675 bytes)
  [1041/1491] ✓ https://nfct.org.il/blog/movies/%d7%a6%d7%93%d7%a4%d7%94/ (16579 bytes)
  [1042/1491] ✓ https://nfct.org.il/blog/movies/%d7%a4%d7%aa%d7%9c%d7%aa%d7%9c/ (20799 bytes)
  [1043/1491] ✓ https://nfct.org.il/blog/movies/%d7%a6%d7%94%d7%95%d7%91/ (17078 bytes)
  [1044/1491] ✓ https://nfct.org.il/blog/movies/%d7%a4%d7%a8%d7%97/ (13221 bytes)
  [1045/1491] ✓ https://nfct.org.il/blog/movies/%d7%a6%d7%99%d7%a4%d7%95%d7%a8%d7%94-%d7%95%d7%99%d7%a2%d7%a7%d7%91/ (16155 bytes)
  [1046/1491] ✓ https://nfct.org.il/blog/movies/%d7%a6%d7%99%d7%a4%d7%95%d7%a8%d7%94-%d7%95%d7%a8%d7%97%d7%9c-%d7%9c%d7%90-%d7%9e%d7%aa%d7%95%d7%aa/ (15503 bytes)
  [1047/1491] ✓ https://nfct.org.il/blog/movies/%d7%a6%d7%99%d7%a4%d7%95%d7%a8%d7%99%d7%9d-%d7%9e%d7%a9%d7%95%d7%a0%d7%95%d7%aa/ (16975 bytes)
  [1048/1491] ✓ https://nfct.org.il/blog/movies/%d7%a6%d7%94-%d7%a6%d7%94-%d7%94%d7%99%d7%a4%d7%94%d7%a4%d7%94/ (12986 bytes)
  [1049/1491] ✓ https://nfct.org.il/blog/movies/%d7%a6%d7%9c%d7%9c%d7%99%d7%95%d7%aa/ (14266 bytes)
  [1050/1491] ✓ https://nfct.org.il/blog/movies/%d7%a6%d7%9c%d7%a6%d7%95%d7%9c%d7%99-%d7%a4%d7%a2%d7%9e%d7%95%d7%a0%d7%99%d7%9d-%d7%90%d7%94%d7%95%d7%91%d7%94-%d7%a2%d7%95%d7%96%d7%a8%d7%99/ (19464 bytes)
  [1051/1491] ✓ https://nfct.org.il/blog/movies/%d7%a6%d7%9c-%d7%a9%d7%9c-%d7%90%d7%9e%d7%aa-%d7%94%d7%9b%d7%a8%d7%a2%d7%94/ (16889 bytes)
  [1052/1491] ✓ https://nfct.org.il/blog/movies/%d7%a6%d7%9c-%d7%a9%d7%9c-%d7%90%d7%9e%d7%aa/ (20397 bytes)
  [1053/1491] ✓ https://nfct.org.il/blog/movies/%d7%a6%d7%9c-%d7%a9%d7%9c-%d7%90%d7%9e%d7%aa-%d7%a8%d7%95%d7%a6%d7%97-%d7%9b%d7%91%d7%99%d7%a9-%d7%94%d7%97%d7%95%d7%a3/ (16304 bytes)
  [1054/1491] ✓ https://nfct.org.il/blog/movies/%d7%a6%d7%a7-%d7%a4%d7%95%d7%99%d7%a0%d7%98/ (13723 bytes)
  [1055/1491] ✓ https://nfct.org.il/blog/movies/%d7%a6%d7%a8%d7%a0%d7%95/ (16990 bytes)
  [1056/1491] ✓ https://nfct.org.il/blog/movies/%d7%a7%d7%90%d7%98/ (16301 bytes)
  [1057/1491] ✓ https://nfct.org.il/blog/movies/%d7%a7%d7%91%d7%a8%d7%95-%d7%90%d7%95%d7%aa%d7%95-%d7%95%d7%94%d7%95%d7%90-%d7%97%d7%99/ (15466 bytes)
  [1058/1491] ✓ https://nfct.org.il/blog/movies/%d7%a7%d7%93%d7%99%d7%a9-%d7%9e%d7%90%d7%95%d7%97%d7%a8/ (15603 bytes)
  [1059/1491] ✓ https://nfct.org.il/blog/movies/%d7%a7%d7%95%d7%93%d7%94-%d7%9c%d7%a7%d7%a4%d7%99%d7%98%d7%9f/ (14759 bytes)
  [1060/1491] ✓ https://nfct.org.il/blog/movies/%d7%a7%d7%95%d7%9c%d7%95%d7%aa-%d7%9e%d7%9e%d7%a8%d7%a4%d7%a1%d7%95%d7%aa/ (19670 bytes)
  [1061/1491] ✓ https://nfct.org.il/blog/movies/%d7%a7%d7%95%d7%95%d7%a0%d7%98%d7%99%d7%9f-%d7%90%d7%9e%d7%a8-%d7%9c%d7%99/ (15310 bytes)
  [1062/1491] ✓ https://nfct.org.il/blog/movies/%d7%a7%d7%95%d7%a0%d7%91%d7%a8%d7%a1%d7%99%d7%94/ (19714 bytes)
  [1063/1491] ✓ https://nfct.org.il/blog/movies/%d7%a7%d7%95%d7%a4%d7%99%d7%a4%d7%94-%d7%90%d7%95%d7%91%d7%96%d7%99%d7%90%d7%a0%d7%a7%d7%94/ (13063 bytes)
  [1064/1491] ✓ https://nfct.org.il/blog/movies/%d7%a7%d7%95%d7%a4%d7%a1%d7%94-%d7%9b%d7%97%d7%95%d7%9c%d7%94/ (20058 bytes)
  [1065/1491] ✓ https://nfct.org.il/blog/movies/%d7%a7%d7%95%d7%a8%d7%90%d7%99%d7%9d-%d7%9c%d7%99-%d7%90%d7%97%d7%9c%d7%90%d7%9d/ (18944 bytes)
  [1066/1491] ✓ https://nfct.org.il/blog/movies/%d7%a7%d7%95%d7%a8/ (12749 bytes)
  [1067/1491] ✓ https://nfct.org.il/blog/movies/%d7%a6%d7%95-%d7%94%d7%90%d7%95%d7%a4%d7%a0%d7%94/ (16599 bytes)
  [1068/1491] ✓ https://nfct.org.il/blog/movies/%d7%a7%d7%95-%d7%94%d7%9e%d7%99%d7%9d/ (15373 bytes)
  [1069/1491] ✓ https://nfct.org.il/blog/movies/%d7%a7%d7%99%d7%91%d7%95%d7%a5-%d7%92%d7%9c%d7%95%d7%99%d7%95%d7%aa/ (16522 bytes)
  [1070/1491] ✓ https://nfct.org.il/blog/movies/%d7%a7%d7%99%d7%91%d7%95%d7%a5/ (23176 bytes)
  [1071/1491] ✓ https://nfct.org.il/blog/movies/%d7%a7%d7%99%d7%99%d7%a4-%d7%9e%d7%a7%d7%9c%d7%99%d7%a8/ (13201 bytes)
  [1072/1491] ✓ https://nfct.org.il/blog/movies/%d7%a7%d7%99%d7%a7%d7%99/ (15126 bytes)
  [1073/1491] ✓ https://nfct.org.il/blog/movies/%d7%a7%d7%99%d7%a9%d7%95%d7%98%d7%99%d7%9d-%d7%99%d7%a9%d7%a0%d7%99%d7%9d/ (15297 bytes)
  [1074/1491] ✓ https://nfct.org.il/blog/movies/%d7%a7%d7%99%d7%a0%d7%92-%d7%91%d7%99%d7%91%d7%99/ (21861 bytes)
  [1075/1491] ✓ https://nfct.org.il/blog/movies/%d7%a7%d7%a2%d7%a7%d7%95%d7%a2%d7%99-%d7%94%d7%9e%d7%97%d7%a8/ (14857 bytes)
  [1076/1491] ✓ https://nfct.org.il/blog/movies/%d7%a7%d7%a4%d7%a1%d7%95%d7%9c%d7%94/ (17041 bytes)
  [1077/1491] ✓ https://nfct.org.il/blog/movies/%d7%a7%d7%a6%d7%9b%d7%9f/ (18110 bytes)
  [1078/1491] ✓ https://nfct.org.il/blog/movies/%d7%a7%d7%a6%d7%a8%d7%90%d7%a8%d7%95%d7%9a-%d7%9e%d7%97%d7%95%d7%95%d7%94-%d7%9c%d7%a7%d7%95%d7%9c%d7%a0%d7%95%d7%a2-%d7%94%d7%99%d7%a9%d7%a8%d7%90%d7%9c%d7%99/ (19324 bytes)
  [1079/1491] ✓ https://nfct.org.il/blog/movies/%d7%a7%d7%a8%d7%90%d7%95-%d7%9c%d7%94-%d7%96%d7%94%d7%91%d7%94/ (14583 bytes)
  [1080/1491] ✓ https://nfct.org.il/blog/movies/%d7%a7%d7%a8%d7%93%d7%99%d7%98-%d7%9c%d7%a8%d7%a6%d7%97/ (13964 bytes)
  [1081/1491] ✓ https://nfct.org.il/blog/movies/%d7%a7%d7%a8%d7%94-%d7%95%d7%a9%d7%9e%d7%a9/ (12917 bytes)
  [1082/1491] ✓ https://nfct.org.il/blog/movies/%d7%a7%d7%a8%d7%95%d7%91-%d7%90%d7%91%d7%9c-%d7%a8%d7%97%d7%95%d7%a7/ (15609 bytes)
  [1083/1491] ✓ https://nfct.org.il/blog/movies/%d7%a7%d7%a8%d7%95%d7%91-%d7%a8%d7%97%d7%95%d7%a7/ (21965 bytes)
  [1084/1491] ✓ https://nfct.org.il/blog/movies/%d7%a7%d7%95-881/ (17464 bytes)
  [1085/1491] ✓ https://nfct.org.il/blog/movies/%d7%a7%d7%a8%d7%97-%d7%93%d7%a7/ (11444 bytes)
  [1086/1491] ✓ https://nfct.org.il/blog/movies/%d7%a7%d7%a8%d7%99%d7%95%d7%a7%d7%99/ (19998 bytes)
  [1087/1491] ✓ https://nfct.org.il/blog/movies/%d7%a7%d7%a8%d7%9c%d7%95%d7%a1-%d7%9e%d7%97%d7%95%d7%a5-%d7%9c%d7%a7%d7%95%d7%95%d7%99%d7%9d/ (15968 bytes)
  [1088/1491] ✓ https://nfct.org.il/blog/movies/%d7%a7%d7%a8%d7%9f-%d7%90%d7%95%d7%a8/ (18455 bytes)
  [1089/1491] ✓ https://nfct.org.il/blog/movies/%d7%a8%d7%90%d7%99%d7%94-%d7%97%d7%95%d7%aa%d7%9b%d7%aa/ (11256 bytes)
  [1090/1491] ✓ https://nfct.org.il/blog/movies/%d7%a8%d7%90%d7%a9%d7%95%d7%9f-%d7%99%d7%94%d7%99%d7%94-%d7%90%d7%97%d7%a8%d7%95%d7%9f/ (18441 bytes)
  [1091/1491] ✓ https://nfct.org.il/blog/movies/%d7%a8%d7%92%d7%a2%d7%99-%d7%97%d7%a1%d7%93/ (16566 bytes)
  [1092/1491] ✓ https://nfct.org.il/blog/movies/%d7%a8%d7%91%d7%99%d7%9f-%d7%91%d7%9e%d7%99%d7%9c%d7%95%d7%aa%d7%99%d7%95-%d7%a9%d7%9c%d7%95/ (16579 bytes)
  [1093/1491] ✓ https://nfct.org.il/blog/movies/%d7%a8%d7%95%d7%97%d7%95%d7%aa-%d7%a8%d7%a4%d7%90%d7%99%d7%9d/ (14858 bytes)
  [1094/1491] ✓ https://nfct.org.il/blog/movies/%d7%a7%d7%a6%d7%99%d7%a6%d7%95%d7%aa/ (13437 bytes)
  [1095/1491] ✓ https://nfct.org.il/blog/movies/%d7%a8%d7%95%d7%97-%d7%93%d7%a8%d7%95%d7%9e%d7%99%d7%aa/ (15436 bytes)
  [1096/1491] ✓ https://nfct.org.il/blog/movies/%d7%a8%d7%95%d7%9e%d7%99-%d7%95%d7%99%d7%a8%d7%95%d7%a9%d7%9c%d7%99%d7%9d-2/ (12570 bytes)
  [1097/1491] ✓ https://nfct.org.il/blog/movies/%d7%a8%d7%95%d7%97-%d7%a7%d7%93%d7%99%d7%9d-%d7%9b%d7%a8%d7%95%d7%a0%d7%99%d7%a7%d7%94-%d7%9e%d7%a8%d7%95%d7%a7%d7%90%d7%99%d7%aa/ (19141 bytes)
  [1098/1491] ✓ https://nfct.org.il/blog/movies/%d7%a8%d7%95%d7%a0%d7%99/ (10151 bytes)
  [1099/1491] ✓ https://nfct.org.il/blog/movies/%d7%a8%d7%95%d7%a1%d7%95/ (13986 bytes)
  [1100/1491] ✓ https://nfct.org.il/blog/movies/%d7%a8%d7%95%d7%a2%d7%99-%d7%a8%d7%95%d7%a6%d7%94-%d7%9c%d7%a8%d7%a7%d7%95%d7%93/ (15878 bytes)
  [1101/1491] ✓ https://nfct.org.il/blog/movies/%d7%a8%d7%99%d7%90%d7%9c%d7%99%d7%98%d7%99-%d7%a9%d7%95%d7%90%d7%95/ (13340 bytes)
  [1102/1491] ✓ https://nfct.org.il/blog/movies/%d7%a8%d7%97%d7%95%d7%91-%d7%90%d7%97%d7%93-%d7%91%d7%a1%d7%99%d7%9c%d7%95%d7%95%d7%90%d7%9f/ (11669 bytes)
  [1103/1491] ✓ https://nfct.org.il/blog/movies/%d7%a8%d7%99%d7%9c%d7%99%d7%99%d7%98%d7%91%d7%9c/ (17630 bytes)
  [1104/1491] ✓ https://nfct.org.il/blog/movies/%d7%a8%d7%99%d7%a0%d7%92%d7%95-%d7%95%d7%98%d7%94%d7%90%d7%a8/ (16192 bytes)
  [1105/1491] ✓ https://nfct.org.il/blog/movies/%d7%a8%d7%99%d7%a0%d7%92%d7%98%d7%95%d7%a0%d7%99%d7%9d/ (13497 bytes)
  [1106/1491] ✓ https://nfct.org.il/blog/movies/%d7%a8%d7%99%d7%a4%d7%95%d7%99-%d7%91%d7%94%d7%a8%d7%92/ (16015 bytes)
  [1107/1491] ✓ https://nfct.org.il/blog/movies/%d7%a8%d7%9b%d7%91%d7%aa-%d7%94%d7%a2%d7%a8%d7%91/ (15319 bytes)
  [1108/1491] ✓ https://nfct.org.il/blog/movies/%d7%a8%d7%99%d7%a7%d7%95%d7%93-%d7%9e%d7%9c%d7%97%d7%9e%d7%94/ (16383 bytes)
  [1109/1491] ✓ https://nfct.org.il/blog/movies/%d7%a8%d7%a0%d7%98%d7%94/ (13796 bytes)
  [1110/1491] ✓ https://nfct.org.il/blog/movies/%d7%a8%d7%a2%d7%91-%d7%9b%d7%90%d7%9e%d7%a0%d7%95%d7%aa/ (12375 bytes)
  [1111/1491] ✓ https://nfct.org.il/blog/movies/%d7%a8%d7%a2%d7%99%d7%93%d7%95%d7%aa-%d7%90%d7%93%d7%9e%d7%94-%d7%a7%d7%98%d7%a0%d7%95%d7%aa/ (15801 bytes)
  [1112/1491] ✓ https://nfct.org.il/blog/movies/%d7%a8%d7%a2%d7%a9-%d7%91%d7%a1%d7%9c%d7%95%d7%9f/ (19003 bytes)
  [1113/1491] ✓ https://nfct.org.il/blog/movies/%d7%a8%d7%a2%d7%95%d7%aa/ (16865 bytes)
  [1114/1491] ✓ https://nfct.org.il/blog/movies/%d7%a8%d7%a2%d7%a9-2/ (14551 bytes)
  [1115/1491] ✓ https://nfct.org.il/blog/movies/%d7%a8%d7%a2%d7%a9-%d7%9c%d7%95%d7%95%d7%90%d7%99/ (19437 bytes)
  [1116/1491] ✓ https://nfct.org.il/blog/movies/%d7%a8%d7%94%d7%98-%d7%90%d7%a8%d7%91%d7%a2%d7%94-%d7%a1%d7%99%d7%a4%d7%95%d7%a8%d7%99%d7%9d-%d7%9e%d7%94%d7%a0%d7%92%d7%91/ (18089 bytes)
  [1117/1491] ✓ https://nfct.org.il/blog/movies/%d7%a8%d7%a6%d7%97-%d7%91%d7%9b%d7%a2%d7%91%d7%99%d7%94/ (16053 bytes)
  [1118/1491] ✓ https://nfct.org.il/blog/movies/%d7%a8%d7%a6%d7%97-%d7%91%d7%a8%d7%97%d7%95%d7%91-%d7%a4%d7%a0%d7%a7%d7%a1/ (16425 bytes)
  [1119/1491] ✓ https://nfct.org.il/blog/movies/%d7%a8%d7%a2%d7%a9/ (13276 bytes)
  [1120/1491] ✓ https://nfct.org.il/blog/movies/%d7%a8%d7%a7-%d7%a9%d7%9c%d7%90-%d7%99%d7%91%d7%95%d7%90-%d7%a4%d7%94-%d7%a2%d7%9b%d7%a9%d7%99%d7%95-%d7%a4%d7%99%d7%92%d7%95%d7%a2/ (16055 bytes)
  [1121/1491] ✓ https://nfct.org.il/blog/movies/%d7%a8%d7%a9%d7%99%d7%9e%d7%aa-%d7%90%d7%94%d7%91%d7%94/ (18239 bytes)
  [1122/1491] ✓ https://nfct.org.il/blog/movies/%d7%a8%d7%a9%d7%99%d7%9e%d7%aa-%d7%94%d7%93%d7%91%d7%a8%d7%99%d7%9d-%d7%a9%d7%90%d7%a0%d7%99-%d7%90%d7%95%d7%94%d7%91%d7%aa/ (12126 bytes)
  [1123/1491] ✓ https://nfct.org.il/blog/movies/%d7%a8%d7%a9%d7%99%d7%9e%d7%aa-%d7%a7%d7%a6%d7%9e%d7%9f/ (16566 bytes)
  [1124/1491] ✓ https://nfct.org.il/blog/movies/%d7%a9%d7%90%d7%93%d7%99%d7%94/ (18458 bytes)
  [1125/1491] ✓ https://nfct.org.il/blog/movies/%d7%a9%d7%90%d7%99%d7%91%d7%94-%d7%94%d7%97%d7%96%d7%a8%d7%94-%d7%93%d7%99%d7%9c%d7%95%d7%9c-%d7%a9%d7%90%d7%99%d7%91%d7%94/ (13266 bytes)
  [1126/1491] ✓ https://nfct.org.il/blog/movies/%d7%a9%d7%90%d7%9c%d7%94-%d7%a9%d7%9c-%d7%96%d7%9e%d7%9f/ (22320 bytes)
  [1127/1491] ✓ https://nfct.org.il/blog/movies/%d7%a9%d7%90%d7%a8%d7%99%d7%95%d7%aa-2/ (16409 bytes)
  [1128/1491] ✓ https://nfct.org.il/blog/movies/%d7%a9%d7%90%d7%a0%d7%98%d7%99-%d7%95%d7%9e%d7%a8%d7%98%d7%99%d7%9f/ (15712 bytes)
  [1129/1491] ✓ https://nfct.org.il/blog/movies/%d7%a9%d7%90%d7%a8%d7%99%d7%95%d7%aa/ (14117 bytes)
  [1130/1491] ✓ https://nfct.org.il/blog/movies/%d7%a9%d7%90%d7%a8%d7%99%d7%95%d7%aa-3/ (17508 bytes)
  [1131/1491] ✓ https://nfct.org.il/blog/movies/%d7%a9%d7%91%d7%95%d7%a2-23/ (15702 bytes)
  [1132/1491] ✓ https://nfct.org.il/blog/movies/%d7%a9%d7%91%d7%a2%d7%94-%d7%99%d7%9e%d7%99%d7%9d-%d7%91%d7%90%d7%9c%d7%95%d7%9c/ (14964 bytes)
  [1133/1491] ✓ https://nfct.org.il/blog/movies/%d7%a9%d7%91%d7%a2%d7%94/ (14396 bytes)
  [1134/1491] ✓ https://nfct.org.il/blog/movies/%d7%a9%d7%91%d7%a2%d7%94-%d7%9b%d7%a4%d7%95%d7%9c%d7%99%d7%9d-%d7%9e%d7%a6%d7%95%d7%9e%d7%a6%d7%9d/ (14766 bytes)
  [1135/1491] ✓ https://nfct.org.il/blog/movies/%d7%a9%d7%91%d7%a8%d7%99-%d7%92%d7%9f-%d7%a2%d7%93%d7%9f/ (10445 bytes)
  [1136/1491] ✓ https://nfct.org.il/blog/movies/%d7%a9%d7%91%d7%a2-%d7%91%d7%a8%d7%9b%d7%95%d7%aa/ (16291 bytes)
  [1137/1491] ✓ https://nfct.org.il/blog/movies/%d7%a9%d7%94%d7%97%d7%99%d7%99%d7%a0%d7%95/ (12813 bytes)
  [1138/1491] ✓ https://nfct.org.il/blog/movies/%d7%a9%d7%95%d7%91%d7%91-%d7%a2%d7%9d-%d7%9c%d7%91-%d7%96%d7%94%d7%91/ (12768 bytes)
  [1139/1491] ✓ https://nfct.org.il/blog/movies/%d7%a9%d7%95%d7%91%d7%95-%d7%a9%d7%9c-%d7%9b%d7%95%d7%9b%d7%91/ (15494 bytes)
  [1140/1491] ✓ https://nfct.org.il/blog/movies/%d7%a9%d7%95%d7%9d-%d7%93%d7%91%d7%a8-%d7%9c%d7%90-%d7%91%d7%a1%d7%93%d7%a8/ (18831 bytes)
  [1141/1491] ✓ https://nfct.org.il/blog/movies/%d7%a9%d7%95%d7%9e%d7%a8%d7%99-%d7%94%d7%96%d7%99%d7%9b%d7%a8%d7%95%d7%9f/ (16601 bytes)
  [1142/1491] ✓ https://nfct.org.il/blog/movies/%d7%a9%d7%95%d7%9e%d7%a8%d7%aa/ (14143 bytes)
  [1143/1491] ✓ https://nfct.org.il/blog/movies/%d7%a8%d7%a9%d7%95%d7%aa-%d7%94%d7%96%d7%99%d7%9b%d7%a8%d7%95%d7%9f/ (19065 bytes)
  [1144/1491] ✓ https://nfct.org.il/blog/movies/%d7%a9%d7%95%d7%a8%d7%a9%d7%99%d7%9d-%d7%91%d7%90%d7%95%d7%95%d7%99%d7%a8/ (18986 bytes)
  [1145/1491] ✓ https://nfct.org.il/blog/movies/%d7%a9%d7%95%d7%a9%d7%a7%d7%94/ (17318 bytes)
  [1146/1491] ✓ https://nfct.org.il/blog/movies/%d7%a9%d7%97%d7%95%d7%a8-%d7%9c%d7%91%d7%9f-%d7%96%d7%94-%d7%a6%d7%91%d7%a2%d7%95%d7%a0%d7%99/ (19932 bytes)
  [1147/1491] ✓ https://nfct.org.il/blog/movies/%d7%a9%d7%99%d7%97%d7%94-%d7%91%d7%9e%d7%a9%d7%a4%d7%97%d7%94/ (16009 bytes)
  [1148/1491] ✓ https://nfct.org.il/blog/movies/%d7%a9%d7%99%d7%97%d7%95%d7%aa-%d7%a2%d7%9d-%d7%94%d7%97%d7%91%d7%a8%d7%99%d7%9d-%d7%94%d7%9e%d7%aa%d7%99%d7%9d-%d7%a9%d7%9c%d7%99/ (14376 bytes)
  [1149/1491] ✓ https://nfct.org.il/blog/movies/%d7%a9%d7%99%d7%97%d7%95%d7%aa-%d7%a9%d7%9c%d7%90-%d7%a0%d7%a2%d7%a0%d7%95/ (10388 bytes)
  [1150/1491] ✓ https://nfct.org.il/blog/movies/%d7%a9%d7%99%d7%99%d7%a7%d7%a1%d7%a4%d7%99%d7%a8-%d7%9e%d7%a2%d7%95%d7%a8%d7%91/ (9331 bytes)
  [1151/1491] ✓ https://nfct.org.il/blog/movies/%d7%a9%d7%99%d7%a0%d7%93%d7%9c%d7%a8-13-%d7%a0%d7%95%d7%a1%d7%a2%d7%99%d7%9d/ (14859 bytes)
  [1152/1491] ✓ https://nfct.org.il/blog/movies/%d7%a9%d7%99%d7%a0%d7%94-%d7%a2%d7%a8%d7%91%d7%94/ (17002 bytes)
  [1153/1491] ✓ https://nfct.org.il/blog/movies/%d7%a9%d7%99%d7%a2%d7%95%d7%a8-%d7%91%d7%a2%d7%a7%d7%a9%d7%a0%d7%95%d7%aa/ (17772 bytes)
  [1154/1491] ✓ https://nfct.org.il/blog/movies/%d7%a9%d7%99%d7%a8%d7%99%d7%9d-%d7%9c%d7%90%d7%99%d7%a9%d7%94/ (12311 bytes)
  [1155/1491] ✓ https://nfct.org.il/blog/movies/%d7%a9%d7%99%d7%a8%d7%aa-%d7%94%d7%92%d7%9c%d7%99%d7%9c/ (16009 bytes)
  [1156/1491] ✓ https://nfct.org.il/blog/movies/%d7%a9%d7%99%d7%a8-%d7%90%d7%94%d7%91%d7%94-%d7%90%d7%97%d7%a8/ (14901 bytes)
  [1157/1491] ✓ https://nfct.org.il/blog/movies/%d7%a9%d7%99%d7%a8-%d7%99%d7%93%d7%99%d7%93%d7%95%d7%aa/ (18826 bytes)
  [1158/1491] ✓ https://nfct.org.il/blog/movies/%d7%a9%d7%96%d7%99%d7%a4%d7%99-%d7%91%d7%95%d7%a1%d7%a8/ (12243 bytes)
  [1159/1491] ✓ https://nfct.org.il/blog/movies/%d7%a9%d7%99%d7%a8-%d7%9b%d7%99%d7%a1%d7%95%d7%99/ (15497 bytes)
  [1160/1491] ✓ https://nfct.org.il/blog/movies/%d7%a9%d7%99%d7%a8-%d7%a2%d7%a8%d7%a9-%d7%9c%d7%a2%d7%9e%d7%a7/ (16663 bytes)
  [1161/1491] ✓ https://nfct.org.il/blog/movies/%d7%a9%d7%99%d7%a8-%d7%9c%d7%9e%d7%a2%d7%9c%d7%95%d7%aa/ (13644 bytes)
  [1162/1491] ✓ https://nfct.org.il/blog/movies/%d7%a9%d7%99%d7%a9%d7%94-%d7%a7%d7%95%d7%95%d7%99%d7%9d/ (15570 bytes)
  [1163/1491] ✓ https://nfct.org.il/blog/movies/%d7%a9%d7%9b%d7%97-%d7%9e%d7%96%d7%94-%d7%a9%d7%95%d7%9d-%d7%93%d7%91%d7%a8-%d7%9c%d7%90-%d7%a7%d7%a8%d7%94/ (15888 bytes)
  [1164/1491] ✓ https://nfct.org.il/blog/movies/%d7%a9%d7%9c%d7%92-%d7%97%d7%9d/ (16941 bytes)
  [1165/1491] ✓ https://nfct.org.il/blog/movies/%d7%a9%d7%93%d7%a8%d7%95%d7%aa-%d7%98%d7%98%d7%99%d7%90%d7%a0%d7%94/ (13850 bytes)
  [1166/1491] ✓ https://nfct.org.il/blog/movies/%d7%a9%d7%9c%d7%95%d7%9d-%d7%9c%d7%aa%d7%9e%d7%99%d7%9e%d7%95%d7%aa/ (18077 bytes)
  [1167/1491] ✓ https://nfct.org.il/blog/movies/%d7%a9%d7%9c%d7%95%d7%9d-%d7%90%d7%91%d7%95-%d7%91%d7%90%d7%a1%d7%9d/ (19971 bytes)
  [1168/1491] ✓ https://nfct.org.il/blog/movies/%d7%a9%d7%9c%d7%95%d7%a9%d7%94-%d7%91%d7%aa%d7%9e%d7%95%d7%a0%d7%a2/ (14442 bytes)
  [1169/1491] ✓ https://nfct.org.il/blog/movies/%d7%a9%d7%9c%d7%95%d7%a9%d7%94-%d7%99%d7%95%d7%a1%d7%99/ (17759 bytes)
  [1170/1491] ✓ https://nfct.org.il/blog/movies/%d7%a9%d7%9c%d7%95%d7%a9%d7%94-%d7%a6%d7%9c%d7%9e%d7%99%d7%9d-%d7%91%d7%91%d7%99%d7%a6%d7%94/ (14031 bytes)
  [1171/1491] ✓ https://nfct.org.il/blog/movies/%d7%a9%d7%9c%d7%95%d7%a9-%d7%90%d7%97%d7%99%d7%95%d7%aa/ (17158 bytes)
  [1172/1491] ✓ https://nfct.org.il/blog/movies/%d7%a9%d7%9c%d7%95%d7%a9-%d7%a4%d7%a2%d7%9e%d7%99%d7%9d-%d7%9e%d7%92%d7%95%d7%a8%d7%a9%d7%aa/ (18698 bytes)
  [1173/1491] ✓ https://nfct.org.il/blog/movies/%d7%a9%d7%9c%d7%99%d7%97%d7%99-%d7%94%d7%90%d7%9c/ (30717 bytes)
  [1174/1491] ✓ https://nfct.org.il/blog/movies/%d7%a9%d7%9c%d7%9e%d7%94-%d7%91%d7%a8-%d7%9e%d7%97%d7%96%d7%9e%d7%a8-%d7%93%d7%95%d7%a7%d7%95%d7%9e%d7%a0%d7%98%d7%a8%d7%99/ (15501 bytes)
  [1175/1491] ✓ https://nfct.org.il/blog/movies/%d7%a9%d7%9e%d7%97%d7%94-%d7%95%d7%a6%d7%94%d7%9c%d7%94/ (14077 bytes)
  [1176/1491] ✓ https://nfct.org.il/blog/movies/%d7%a9%d7%9c-%d7%9e%d7%99-%d7%94%d7%99%d7%9c%d7%93-%d7%94%d7%96%d7%94/ (16046 bytes)
  [1177/1491] ✓ https://nfct.org.il/blog/movies/%d7%a9%d7%9e%d7%99%d7%99%d7%9d-%d7%90%d7%a4%d7%9c%d7%99%d7%9d/ (20059 bytes)
  [1178/1491] ✓ https://nfct.org.il/blog/movies/%d7%a9%d7%9e%d7%9f-%d7%a2%d7%9d-%d7%9c%d7%97%d7%9d-%d7%a2%d7%9d-%d7%9c%d7%99%d7%9e%d7%95%d7%9f-%d7%95%d7%a2%d7%9d-%d7%a9%d7%95%d7%9d/ (17468 bytes)
  [1179/1491] ✓ https://nfct.org.il/blog/movies/%d7%a9%d7%9e%d7%a2%d7%99-%d7%a7%d7%9c%d7%9e%d7%99/ (18833 bytes)
  [1180/1491] ✓ https://nfct.org.il/blog/movies/%d7%a9%d7%9e%d7%a2%d7%aa-%d7%a2%d7%9c-%d7%94%d7%a4%d7%a0%d7%aa%d7%a8%d7%99%d7%9d/ (22849 bytes)
  [1181/1491] ✓ https://nfct.org.il/blog/movies/%d7%a9%d7%a0%d7%99%d7%9d-%d7%98%d7%a8%d7%95%d7%a4%d7%95%d7%aa/ (17399 bytes)
  [1182/1491] ✓ https://nfct.org.il/blog/movies/%d7%a9%d7%a0%d7%99%d7%94-%d7%9e%d7%94%d7%91%d7%99%d7%aa/ (12663 bytes)
  [1183/1491] ✓ https://nfct.org.il/blog/movies/%d7%a9%d7%a0%d7%99-%d7%99%d7%9c%d7%93%d7%99%d7%9d-%d7%91%d7%99%d7%95%d7%9d/ (16747 bytes)
  [1184/1491] ✓ https://nfct.org.il/blog/movies/%d7%a9%d7%a0%d7%99-%d7%9e%d7%98%d7%a8-%d7%9e%d7%94%d7%91%d7%99%d7%aa/ (16104 bytes)
  [1185/1491] ✓ https://nfct.org.il/blog/movies/%d7%a9%d7%a2%d7%95%d7%aa-%d7%94%d7%a4%d7%a0%d7%90%d7%99-%d7%95%d7%a8%d7%95%d7%a0%d7%99%d7%a7%d7%94/ (16074 bytes)
  [1186/1491] ✓ https://nfct.org.il/blog/movies/%d7%a9%d7%a2%d7%a9%d7%95%d7%a2-%d7%95%d7%90%d7%91%d7%a7/ (17888 bytes)
  [1187/1491] ✓ https://nfct.org.il/blog/movies/%d7%a9%d7%a4%d7%94-%d7%96%d7%a8%d7%94/ (11946 bytes)
  [1188/1491] ✓ https://nfct.org.il/blog/movies/%d7%a9%d7%a4%d7%94-%d7%9e%d7%a9%d7%95%d7%aa%d7%a4%d7%aa/ (14858 bytes)
  [1189/1491] ✓ https://nfct.org.il/blog/movies/%d7%a9%d7%a4%d7%a8%d7%94-%d7%97%d7%95%d7%9c%d7%94-%d7%90%d7%94%d7%91%d7%94/ (17940 bytes)
  [1190/1491] ✓ https://nfct.org.il/blog/movies/%d7%a9%d7%a4%d7%a8%d7%99%d7%a5/ (14791 bytes)
  [1191/1491] ✓ https://nfct.org.il/blog/movies/%d7%a9%d7%a4%d7%aa-%d7%90%d7%91/ (17278 bytes)
  [1192/1491] ✓ https://nfct.org.il/blog/movies/%d7%a9%d7%a7%d7%98/ (15264 bytes)
  [1193/1491] ✓ https://nfct.org.il/blog/movies/%d7%a9%d7%a7-%d7%a9%d7%9c-%d7%9b%d7%95%d7%97%d7%95%d7%aa/ (16089 bytes)
  [1194/1491] ✓ https://nfct.org.il/blog/movies/%d7%a9%d7%a8%d7%a4%d7%99%d7%9d-2/ (14039 bytes)
  [1195/1491] ✓ https://nfct.org.il/blog/movies/%d7%a9%d7%a8%d7%a4%d7%99%d7%9d/ (14140 bytes)
  [1196/1491] ✓ https://nfct.org.il/blog/movies/%d7%a9%d7%a0%d7%aa-%d7%94%d7%a9/ (17902 bytes)
  [1197/1491] ✓ https://nfct.org.il/blog/movies/%d7%a9%d7%a8%d7%a9%d7%a8%d7%aa-%d7%94%d7%9e%d7%96%d7%95%d7%9f/ (11630 bytes)
  [1198/1491] ✓ https://nfct.org.il/blog/movies/%d7%a9%d7%a9%d7%95%d7%9f-%d7%92%d7%91%d7%90%d7%99-%d7%90%d7%91%d7%90-%d7%a9%d7%9c%d7%99/ (15260 bytes)
  [1199/1491] ✓ https://nfct.org.il/blog/movies/%d7%a9%d7%a9%d7%94-%d7%9e%d7%99%d7%9c%d7%99%d7%95%d7%9f-%d7%95%d7%90%d7%97%d7%93/ (20890 bytes)
  [1200/1491] ✓ https://nfct.org.il/blog/movies/%d7%a9%d7%a9%d7%95%d7%9f-%d7%95%d7%a9%d7%9e%d7%97%d7%94/ (16466 bytes)
  [1201/1491] ✓ https://nfct.org.il/blog/movies/%d7%a9%d7%aa%d7%94%d7%99%d7%99-%d7%a9%d7%9e%d7%97%d7%94-%d7%94%d7%99%d7%95%d7%9d/ (14180 bytes)
  [1202/1491] ✓ https://nfct.org.il/blog/movies/%d7%a9%d7%aa%d7%99-%d7%a4%d7%97%d7%99%d7%95%d7%aa-%d7%92%d7%96%d7%95%d7%96%d7%94/ (12302 bytes)
  [1203/1491] ✓ https://nfct.org.il/blog/movies/%d7%aa%d7%93%d7%a8/ (13759 bytes)
  [1204/1491] ✓ https://nfct.org.il/blog/movies/%d7%aa%d7%95%d7%91%d7%a0%d7%94/ (15441 bytes)
  [1205/1491] ✓ https://nfct.org.il/blog/movies/%d7%aa%d7%95%d7%9e%d7%a8-%d7%95%d7%94%d7%a9%d7%a8%d7%95%d7%98%d7%99%d7%9d/ (21083 bytes)
  [1206/1491] ✓ https://nfct.org.il/blog/movies/%d7%aa%d7%95%d7%aa%d7%97-%d7%a8%d7%9e%d7%93%d7%90%d7%9f/ (15506 bytes)
  [1207/1491] ✓ https://nfct.org.il/blog/movies/%d7%aa%d7%95%d7%aa-%d7%97%d7%9e%d7%95%d7%a5/ (14617 bytes)
  [1208/1491] ✓ https://nfct.org.il/blog/movies/%d7%aa%d7%97%d7%9c%d7%99%d7%a3-%d7%90%d7%9d/ (13940 bytes)
  [1209/1491] ✓ https://nfct.org.il/blog/movies/%d7%aa%d7%97%d7%a9%d7%95%d7%91-%d7%a4%d7%95%d7%a4%d7%a7%d7%95%d7%a8%d7%9f/ (18261 bytes)
  [1210/1491] ✓ https://nfct.org.il/blog/movies/%d7%aa%d7%97%d7%aa-%d7%a9%d7%9e%d7%99%d7%9d-%d7%a6%d7%a8%d7%99%d7%9d/ (10446 bytes)
  [1211/1491] ✓ https://nfct.org.il/blog/movies/%d7%a9%d7%9b%d7%91%d7%95%d7%aa/ (14307 bytes)
  [1212/1491] ✓ https://nfct.org.il/blog/movies/%d7%aa%d7%99%d7%a7-512/ (16457 bytes)
  [1213/1491] ✓ https://nfct.org.il/blog/movies/%d7%aa%d7%9c%d7%95%d7%99%d7%99%d7%9d-%d7%91%d7%90%d7%95%d7%95%d7%99%d7%a8/ (15524 bytes)
  [1214/1491] ✓ https://nfct.org.il/blog/movies/%d7%aa%d7%9b%d7%a8%d7%99%d7%9b%d7%99%d7%9d/ (15201 bytes)
  [1215/1491] ✓ https://nfct.org.il/blog/movies/%d7%aa%d7%9e%d7%95%d7%a0%d7%94-%d7%a7%d7%91%d7%95%d7%a6%d7%aa%d7%99%d7%aa-%d7%a2%d7%9d-%d7%90%d7%a9%d7%94/ (16910 bytes)
  [1216/1491] ✓ https://nfct.org.il/blog/movies/%d7%aa%d7%9c-%d7%a8%d7%95%d7%9e%d7%99%d7%99%d7%93%d7%94/ (15340 bytes)
  [1217/1491] ✓ https://nfct.org.il/blog/movies/%d7%aa%d7%9e%d7%95%d7%a0%d7%94-%d7%a9%d7%9b%d7%95%d7%a0%d7%aa%d7%99%d7%aa/ (12821 bytes)
  [1218/1491] ✓ https://nfct.org.il/blog/movies/%d7%aa%d7%9e%d7%95%d7%a0%d7%aa-%d7%97%d7%99%d7%99%d7%95/ (21732 bytes)
  [1219/1491] ✓ https://nfct.org.il/blog/movies/%d7%aa%d7%9e%d7%95%d7%a0%d7%aa-%d7%9e%d7%a8%d7%90%d7%94/ (12751 bytes)
  [1220/1491] ✓ https://nfct.org.il/blog/movies/%d7%aa%d7%9e%d7%95%d7%a0%d7%aa-%d7%a0%d7%99%d7%a6%d7%97%d7%95%d7%9f/ (21013 bytes)
  [1221/1491] ✓ https://nfct.org.il/blog/movies/%d7%aa%d7%9e%d7%99%d7%9b%d7%94-%d7%9e%d7%9c%d7%90%d7%94/ (14300 bytes)
  [1222/1491] ✓ https://nfct.org.il/blog/movies/%d7%aa%d7%9e%d7%a8/ (13435 bytes)
  [1223/1491] ✓ https://nfct.org.il/blog/movies/%d7%aa%d7%a0%d7%95-%d7%9c%d7%99-%d7%a6%d7%94%d7%9c/ (14070 bytes)
  [1224/1491] ✓ https://nfct.org.il/blog/movies/%d7%aa%d7%a1%d7%a4%d7%95%d7%a8%d7%aa-%d7%a2%d7%a6%d7%9e%d7%99%d7%aa/ (14785 bytes)
  [1225/1491] ✓ https://nfct.org.il/blog/movies/%d7%aa%d7%a1%d7%aa%d7%9b%d7%9c-%d7%a2%d7%95%d7%93-%d7%9e%d7%a2%d7%98-%d7%9c%d7%90-%d7%aa%d7%a8%d7%90%d7%94-%d7%9b%d7%9c%d7%95%d7%9d/ (18506 bytes)
  [1226/1491] ✓ https://nfct.org.il/blog/movies/%d7%aa%d7%a2%d7%9c%d7%95%d7%9e%d7%94-%d7%91%d7%9e%d7%9b%d7%95%d7%9c%d7%94-%d7%94%d7%99%d7%a8%d7%95%d7%a7%d7%94/ (21096 bytes)
  [1227/1491] ✓ https://nfct.org.il/blog/movies/%d7%aa%d7%a2%d7%9c%d7%95%d7%9e%d7%aa-%d7%90%d7%a8%d7%99%d7%a1-%d7%a1%d7%90%d7%9f/ (14388 bytes)
  [1228/1491] ✓ https://nfct.org.il/blog/movies/%d7%aa%d7%a4%d7%95%d7%96/ (17398 bytes)
  [1229/1491] ✓ https://nfct.org.il/blog/movies/%d7%aa%d7%a4%d7%95%d7%97%d7%99%d7%9d/ (14874 bytes)
  [1230/1491] ✓ https://nfct.org.il/blog/movies/%d7%aa%d7%a7%d7%95%d7%a4%d7%aa-%d7%9e%d7%91%d7%97%d7%9f/ (17525 bytes)
  [1231/1491] ✓ https://nfct.org.il/blog/movies/%d7%aa%d7%a7%d7%a0%d7%95%d7%9f-%d7%a8%d7%a2%d7%91/ (11696 bytes)
  [1232/1491] ✓ https://nfct.org.il/blog/movies/%d7%aa%d7%a7%d7%a8%d7%94/ (16338 bytes)
  [1233/1491] ✓ https://nfct.org.il/blog/movies/%d7%a9%d7%aa%d7%99%d7%a7%d7%aa-%d7%94%d7%90%d7%a8%d7%9b%d7%99%d7%95%d7%9f/ (20821 bytes)
  [1234/1491] ✓ https://nfct.org.il/blog/movies/%d7%aa%d7%a8%d7%96-%d7%95%d7%90%d7%a0%d7%99/ (14849 bytes)
  [1235/1491] ✓ https://nfct.org.il/blog/movies/%d7%aa%d7%9e%d7%99-%d7%95%d7%99%d7%a2%d7%a7%d7%91/ (15698 bytes)
  [1236/1491] ✓ https://nfct.org.il/blog/movies/10-%d7%9e%d7%94-%d7%94%d7%95%d7%a4%d7%9a-%d7%90%d7%93%d7%9d-%d7%9c%d7%92%d7%99%d7%91%d7%95%d7%a8/ (14650 bytes)
  [1237/1491] ✓ https://nfct.org.il/blog/movies/%d7%aa%d7%a8%d7%a9%d7%95%d7%9d-%d7%90%d7%a0%d7%99-%d7%a2%d7%a8%d7%91%d7%99-%d8%b3%d8%ac%d9%84-%d8%a3%d9%86%d8%a7-%d8%b9%d8%b1%d8%a8%d9%8a/ (20762 bytes)
  [1238/1491] ✓ https://nfct.org.il/blog/movies/119-%d7%9b%d7%93%d7%95%d7%a8%d7%99%d7%9d-%d7%95%d7%a2%d7%95%d7%93-3/ (22849 bytes)
  [1239/1491] ✓ https://nfct.org.il/blog/movies/1234-%d7%9e%d7%92%d7%a8%d7%9e%d7%a0%d7%99%d7%94-%d7%94%d7%99%d7%98%d7%9c%d7%a8-%d7%91%d7%90/ (16649 bytes)
  [1240/1491] ✓ https://nfct.org.il/blog/movies/17-%d7%94%d7%aa%d7%97%d7%9c%d7%95%d7%aa-%d7%a2%d7%9c-%d7%98%d7%9c%d7%99%d7%94/ (16011 bytes)
  [1241/1491] ✓ https://nfct.org.il/blog/movies/180-%d7%9e%d7%a2%d7%9c%d7%95%d7%aa-%d7%9c%d7%99%d7%a8%d7%95%d7%a9%d7%9c%d7%99%d7%9d/ (16978 bytes)
  [1242/1491] ✓ https://nfct.org.il/blog/movies/2-%d7%93%d7%92%d7%9c%d7%99%d7%9d/ (12847 bytes)
  [1243/1491] ✓ https://nfct.org.il/blog/movies/2239/ (11350 bytes)
  [1244/1491] ✓ https://nfct.org.il/blog/movies/25649/ (11158 bytes)
  [1245/1491] ✓ https://nfct.org.il/blog/movies/3-%d7%93%d7%a7%d7%95%d7%aa-%d7%9c%d7%90%d7%a8%d7%91%d7%a2/ (15309 bytes)
  [1246/1491] ✓ https://nfct.org.il/blog/movies/379/ (15666 bytes)
  [1247/1491] ✓ https://nfct.org.il/blog/movies/%d7%aa%d7%a8%d7%92%d7%99%d7%a9%d7%99-%d7%91%d7%91%d7%99%d7%aa/ (13478 bytes)
  [1248/1491] ✓ https://nfct.org.il/blog/movies/5-%d7%9e%d7%a6%d7%9c%d7%9e%d7%95%d7%aa-%d7%a9%d7%91%d7%95%d7%a8%d7%95%d7%aa/ (22229 bytes)
  [1249/1491] ✓ https://nfct.org.il/blog/movies/5250/ (15456 bytes)
  [1250/1491] ✓ https://nfct.org.il/blog/movies/57-%d7%a9%d7%a8%d7%99%d7%a8%d7%99%d7%9d/ (14105 bytes)
  [1251/1491] ✓ https://nfct.org.il/blog/movies/5488/ (15359 bytes)
  [1252/1491] ✓ https://nfct.org.il/blog/movies/6-%d7%a4%d7%aa%d7%95%d7%97-21-%d7%a1%d7%92%d7%95%d7%a8/ (14763 bytes)
  [1253/1491] ✓ https://nfct.org.il/blog/movies/7-%d7%9e%d7%95%d7%a0%d7%95%d7%9c%d7%95%d7%92%d7%99%d7%9d-%d7%a2%d7%9c-%d7%96%d7%a0%d7%95%d7%aa/ (16607 bytes)
  [1254/1491] ✓ https://nfct.org.il/blog/movies/14-%d7%94%d7%a2%d7%a8%d7%95%d7%aa-%d7%a2%d7%9c-%d7%94%d7%a8-%d7%96%d7%91%d7%9c/ (16752 bytes)
  [1255/1491] ✓ https://nfct.org.il/blog/movies/72-%d7%91%d7%aa%d7%95%d7%9c%d7%95%d7%aa/ (14244 bytes)
  [1256/1491] ✓ https://nfct.org.il/blog/movies/73/ (20661 bytes)
  [1257/1491] ✓ https://nfct.org.il/blog/movies/7778-%d7%a2%d7%9c-%d7%94%d7%9e%d7%a4%d7%94/ (15267 bytes)
  [1258/1491] ✓ https://nfct.org.il/blog/movies/8504/ (14818 bytes)
  [1259/1491] ✓ https://nfct.org.il/blog/movies/855/ (23099 bytes)
  [1260/1491] ✓ https://nfct.org.il/blog/movies/black-to-back/ (16996 bytes)
  [1261/1491] ✓ https://nfct.org.il/blog/movies/con-ver-sa-tion/ (13630 bytes)
  [1262/1491] ✓ https://nfct.org.il/blog/movies/h2-%d7%9e%d7%a2%d7%91%d7%93%d7%aa-%d7%94%d7%a9%d7%9c%d7%99%d7%98%d7%94/ (19044 bytes)
  [1263/1491] ✓ https://nfct.org.il/blog/movies/hd/ (13731 bytes)
  [1264/1491] ✓ https://nfct.org.il/blog/movies/home-sick-%d7%94%d7%95%d7%9d-%d7%a1%d7%99%d7%a7/ (15874 bytes)
  [1265/1491] ✓ https://nfct.org.il/blog/movies/made-in-israel-%d7%94%d7%aa%d7%a2%d7%a9%d7%99%d7%99%d7%94-%d7%94%d7%91%d7%99%d7%98%d7%97%d7%95%d7%a0%d7%99%d7%aa/ (18263 bytes)
  [1266/1491] ✓ https://nfct.org.il/blog/movies/made-in-israel-%d7%aa%d7%a2%d7%a9%d7%99%d7%99%d7%aa-%d7%94%d7%90%d7%a0%d7%a8%d7%92%d7%99%d7%94/ (18177 bytes)
  [1267/1491] ✓ https://nfct.org.il/blog/movies/made-in-israel-%d7%aa%d7%a2%d7%a9%d7%99%d7%99%d7%aa-%d7%94%d7%94%d7%99%d7%99-%d7%98%d7%a7/ (17015 bytes)
  [1268/1491] ✓ https://nfct.org.il/blog/movies/made-in-israel-%d7%a1%d7%99%d7%a4%d7%95%d7%a8%d7%94-%d7%a9%d7%9c-%d7%94%d7%aa%d7%a2%d7%a9%d7%99%d7%99%d7%94-%d7%94%d7%99%d7%a9%d7%a8%d7%90%d7%9c%d7%99%d7%aa/ (17931 bytes)
  [1269/1491] ✓ https://nfct.org.il/blog/movies/made-in-israel-%d7%aa%d7%a2%d7%a9%d7%99%d7%99%d7%aa-%d7%94%d7%99%d7%94%d7%9c%d7%95%d7%9e%d7%99%d7%9d/ (17424 bytes)
  [1270/1491] ✓ https://nfct.org.il/blog/movies/made-in-israel-%d7%aa%d7%a2%d7%a9%d7%99%d7%99%d7%aa-%d7%94%d7%9e%d7%96%d7%95%d7%9f/ (16921 bytes)
  [1271/1491] ✓ https://nfct.org.il/blog/movies/soul-for-sale/ (15321 bytes)
  [1272/1491] ✓ https://nfct.org.il/blog/movies/speaks-for-itself/ (12376 bytes)
  [1273/1491] ✓ https://nfct.org.il/blog/movies/szzz/ (11283 bytes)
  [1274/1491] ✓ https://nfct.org.il/blog/movies/the-uncanny-variable/ (12215 bytes)
  [1275/1491] ✓ https://nfct.org.il/blog/movies/tazoo/ (17615 bytes)
  [1276/1491] ✓ https://nfct.org.il/blog/movies/we-will-dance-again/ (15248 bytes)
  [1277/1491] ✓ https://nfct.org.il/blog/movies/where-are-you-dear-general/ (14192 bytes)
  [1278/1491] ✓ https://nfct.org.il/blog/movies/who-vr/ (13030 bytes)
  [1279/1491] ✓ https://nfct.org.il/blog/script10/ (9805 bytes)
  [1280/1491] ✓ https://nfct.org.il/blog/movies/xxy-47/ (12665 bytes)
  [1281/1491] ✓ https://nfct.org.il/blog/short-film-lab-2025/ (17529 bytes)
  [1282/1491] ✓ https://nfct.org.il/blog/solidarity_tlv_2025/ (17549 bytes)
  [1283/1491] ✓ https://nfct.org.il/blog/students_06-26/ (11255 bytes)
  [1284/1491] ✓ https://nfct.org.il/blog/submissions/%d7%98%d7%95%d7%a4%d7%a1-%d7%94%d7%a6%d7%98%d7%a8%d7%a4%d7%95%d7%aa-%d7%9c%d7%9e%d7%90%d7%92%d7%a8-%d7%a9%d7%99%d7%a8%d7%95%d7%aa%d7%99%d7%9d-%d7%9c%d7%94%d7%a4%d7%a7%d7%95%d7%aa-%d7%a7%d7%95%d7%9c/ (7170 bytes)
  [1285/1491] ✓ https://nfct.org.il/blog/tisff25/ (18293 bytes)
  [1286/1491] ✓ https://nfct.org.il/blog/tlvfest2025/ (17631 bytes)
  [1287/1491] ✓ https://nfct.org.il/blog/movies/80-%d7%a7%d7%9e%d7%a9-%d7%a2%d7%9c-%d7%94%d7%9b%d7%91%d7%99%d7%a9-%d7%90%d7%94%d7%95%d7%91%d7%aa%d7%99-%d7%95%d7%90%d7%a0%d7%99/ (20604 bytes)
  [1288/1491] ✓ https://nfct.org.il/en/how-to-donate/ (10569 bytes)
  [1289/1491] ✓ https://nfct.org.il/en/movies-archive?keywords=Amnon%20Halbersberg (9206 bytes)
  [1290/1491] ✓ https://nfct.org.il/en/movies-archive?keywords=Beitar (10483 bytes)
  [1291/1491] ✓ https://nfct.org.il/en/movies-archive?keywords=Confrontation (11729 bytes)
  [1292/1491] ✓ https://nfct.org.il/en/movies-archive?keywords=Coping%20with%20mother-daughter%20relationship (9229 bytes)
  [1293/1491] ✓ https://nfct.org.il/en/movies-archive?keywords=Coping+with+mother-daughter+relationship (9229 bytes)
  [1294/1491] ✓ https://nfct.org.il/en/movies-archive?keywords=Indie+Cinema (9622 bytes)
  [1295/1491] ✓ https://nfct.org.il/en/movies-archive?keywords=Israel-Palestine%20conflict (9214 bytes)
  [1296/1491] ✓ https://nfct.org.il/en/movies-archive?keywords=Israel-Palestine+conflict (9214 bytes)
  [1297/1491] ✓ https://nfct.org.il/en/movies-archive?keywords=Israeli%20right%20left%20wing%20conflict (9221 bytes)
  [1298/1491] ✓ https://nfct.org.il/en/movies-archive?keywords=Israeli+right+left+wing+conflict (9221 bytes)
  [1299/1491] ✓ https://nfct.org.il/en/movies-archive?keywords=Nevet%20Mazor (9200 bytes)
  [1300/1491] ✓ https://nfct.org.il/en/movies-archive?keywords=Nevet+Mazor (9200 bytes)
  [1301/1491] ✓ https://nfct.org.il/en/movies-archive?keywords=October%207 (16408 bytes)
  [1302/1491] ✓ https://nfct.org.il/en/movies-archive?keywords=October+7 (16408 bytes)
  [1303/1491] ✓ https://nfct.org.il/en/movies-archive?keywords=Population (15446 bytes)
  [1304/1491] ✓ https://nfct.org.il/en/movies-archive?keywords=Reut%20Ben%20Shushan (9205 bytes)
  [1305/1491] ✓ https://nfct.org.il/en/movies-archive?keywords=Reut+Ben+Shushan (9205 bytes)
  [1306/1491] ✓ https://nfct.org.il/en/movies-archive?keywords=Shai%20Glick (9199 bytes)
  [1307/1491] ✓ https://nfct.org.il/en/movies-archive?keywords=Shai+Glick (9199 bytes)
  [1308/1491] ✓ https://nfct.org.il/en/movies-archive?keywords=Amnon+Halbersberg (9206 bytes)
  [1309/1491] ✓ https://nfct.org.il/en/movies-archive?keywords=Taliya%20Finkel (9202 bytes)
  [1310/1491] ✓ https://nfct.org.il/en/movies-archive?keywords=Taliya+Finkel (9202 bytes)
  [1311/1491] ✓ https://nfct.org.il/en/movies-archive?keywords=Thai%20workers (9201 bytes)
  [1312/1491] ✓ https://nfct.org.il/en/movies-archive?keywords=Indie%20Cinema (9622 bytes)
  [1313/1491] ✓ https://nfct.org.il/en/movies-archive?keywords=Thaildan (9197 bytes)
  [1314/1491] ✓ https://nfct.org.il/en/movies-archive?keywords=Young%20Adults (9201 bytes)
  [1315/1491] ✓ https://nfct.org.il/en/movies-archive?keywords=Thai+workers (9585 bytes)
  [1316/1491] ✓ https://nfct.org.il/en/movies-archive?keywords=Young+Adults (9201 bytes)
  [1317/1491] ✓ https://nfct.org.il/en/movies-archive?keywords=animal%20rights (9446 bytes)
  [1318/1491] ✓ https://nfct.org.il/en/movies-archive?keywords=animal+rights (9830 bytes)
  [1319/1491] ✓ https://nfct.org.il/en/movies-archive?keywords=balloon+on+the+ceiling (9211 bytes)
  [1320/1491] ✓ https://nfct.org.il/en/movies-archive?keywords=cock%20fights (9594 bytes)
  [1321/1491] ✓ https://nfct.org.il/en/movies-archive?keywords=ddisabilities (9202 bytes)
  [1322/1491] ✓ https://nfct.org.il/en/movies-archive?keywords=family%20life (15888 bytes)
  [1323/1491] ✓ https://nfct.org.il/en/movies-archive?keywords=family+life (15888 bytes)
  [1324/1491] ✓ https://nfct.org.il/en/movies-archive?keywords=food%20industry (10867 bytes)
  [1325/1491] ✓ https://nfct.org.il/en/movies-archive?keywords=food+industry (10867 bytes)
  [1326/1491] ✓ https://nfct.org.il/en/movies-archive?keywords=football%20fan (10247 bytes)
  [1327/1491] ✓ https://nfct.org.il/en/movies-archive?keywords=football+fan (10247 bytes)
  [1328/1491] ✓ https://nfct.org.il/en/movies-archive?keywords=foreigners (9354 bytes)
  [1329/1491] ✓ https://nfct.org.il/en/movies-archive?keywords=journal (14460 bytes)
  [1330/1491] ✓ https://nfct.org.il/en/movies-archive?keywords=national (15495 bytes)
  [1331/1491] ✓ https://nfct.org.il/en/movies-archive?keywords=saving%20life (10021 bytes)
  [1332/1491] ✓ https://nfct.org.il/en/movies-archive?keywords=saving+life (9637 bytes)
  [1333/1491] ✓ https://nfct.org.il/en/movies-archive?keywords=solution (14426 bytes)
  [1334/1491] ✓ https://nfct.org.il/en/movies-archive?keywords=southern%20Israel (13815 bytes)
  [1335/1491] ✓ https://nfct.org.il/en/movies-archive?keywords=southern+Israel (13815 bytes)
  [1336/1491] ✓ https://nfct.org.il/en/movies-archive?keywords=thai (10390 bytes)
  [1337/1491] ✓ https://nfct.org.il/en/movies-archive?keywords=balloon%20on%20the%20ceiling (9211 bytes)
  [1338/1491] ✓ https://nfct.org.il/en/movies-archive?keywords=the%20barrier (9878 bytes)
  [1339/1491] ✓ https://nfct.org.il/en/movies-archive?keywords=cock+fights (9594 bytes)
  [1340/1491] ✓ https://nfct.org.il/en/movies-archive?keywords=the+barrier (9878 bytes)
  [1341/1491] ✓ https://nfct.org.il/en/movies-archive?keywords=turky (9194 bytes)
  [1342/1491] ✓ https://nfct.org.il/en/movies-archive?keywords=vegan (9194 bytes)
  [1343/1491] ✓ https://nfct.org.il/en/movies-archive?keywords=victims%20of%20hunger (9579 bytes)
  [1344/1491] ✓ https://nfct.org.il/en/movies-archive?keywords=victims+of+hunger (9579 bytes)
  [1345/1491] ✓ https://nfct.org.il/en/movies/6-open-21-closed-2/ (11253 bytes)
  [1346/1491] ✓ https://nfct.org.il/en/movies/4015/ (9786 bytes)
  [1347/1491] ✓ https://nfct.org.il/en/movies/a-different-love-song/ (11118 bytes)
  [1348/1491] ✓ https://nfct.org.il/en/movies/a-lesson-in-persistence/ (11652 bytes)
  [1349/1491] ✓ https://nfct.org.il/en/movies/a-lullaby-for-the-valley/ (13073 bytes)
  [1350/1491] ✓ https://nfct.org.il/en/movies/a-shell/ (10721 bytes)
  [1351/1491] ✓ https://nfct.org.il/en/movies/a-sonnet-for-yuda/ (16585 bytes)
  [1352/1491] ✓ https://nfct.org.il/en/movies/a-unicorn-in-tel-aviv/ (11045 bytes)
  [1353/1491] ✓ https://nfct.org.il/en/movies/a-visit-to-the-parents/ (10933 bytes)
  [1354/1491] ✓ https://nfct.org.il/en/movies/ada-my-mother-the-architect/ (12779 bytes)
  [1355/1491] ✓ https://nfct.org.il/en/movies/adaptation-to-darkness/ (13114 bytes)
  [1356/1491] ✓ https://nfct.org.il/en/movies/after-midnight-the-citys-darkest-secret/ (11929 bytes)
  [1357/1491] ✓ https://nfct.org.il/en/movies/after-mondrian-kandinsky-klee/ (11705 bytes)
  [1358/1491] ✓ https://nfct.org.il/en/movies/al-hallak/ (12172 bytes)
  [1359/1491] ✓ https://nfct.org.il/en/movies/alex-nadia-forever/ (10666 bytes)
  [1360/1491] ✓ https://nfct.org.il/en/movies/and-the-evening-and-the-morning-were-the-first-day/ (12565 bytes)
  [1361/1491] ✓ https://nfct.org.il/en/movies/another-meaning-of-love/ (12385 bytes)
  [1362/1491] ✓ https://nfct.org.il/en/movies/180-degrees-to-jerusalem/ (12165 bytes)
  [1363/1491] ✓ https://nfct.org.il/en/movies/april-fools/ (9770 bytes)
  [1364/1491] ✓ https://nfct.org.il/en/movies/ayeb/ (12644 bytes)
  [1365/1491] ✓ https://nfct.org.il/en/movies/balcony/ (13950 bytes)
  [1366/1491] ✓ https://nfct.org.il/en/movies/benched/ (9898 bytes)
  [1367/1491] ✓ https://nfct.org.il/en/movies/a-mirror-for-the-sun/ (11805 bytes)
  [1368/1491] ✓ https://nfct.org.il/en/movies/black-notebooks/ (14616 bytes)
  [1369/1491] ✓ https://nfct.org.il/en/movies/cherries/ (10167 bytes)
  [1370/1491] ✓ https://nfct.org.il/en/movies/coastal-road-killer/ (11790 bytes)
  [1371/1491] ✓ https://nfct.org.il/en/movies/confessions/ (8299 bytes)
  [1372/1491] ✓ https://nfct.org.il/en/movies/counting-sheep/ (10138 bytes)
  [1373/1491] ✓ https://nfct.org.il/en/movies/day-and-night-2/ (13547 bytes)
  [1374/1491] ✓ https://nfct.org.il/en/movies/dream/ (10397 bytes)
  [1375/1491] ✓ https://nfct.org.il/en/movies/dysphoria/ (9704 bytes)
  [1376/1491] ✓ https://nfct.org.il/en/movies/elephants-in-space/ (12159 bytes)
  [1377/1491] ✓ https://nfct.org.il/en/movies/elevation/ (10332 bytes)
  [1378/1491] ✓ https://nfct.org.il/en/movies/emil-a-heros-journey/ (14769 bytes)
  [1379/1491] ✓ https://nfct.org.il/en/movies/floating-love/ (16120 bytes)
  [1380/1491] ✓ https://nfct.org.il/en/movies/flower/ (12734 bytes)
  [1381/1491] ✓ https://nfct.org.il/en/movies/frozen/ (10877 bytes)
  [1382/1491] ✓ https://nfct.org.il/en/movies/bube-maises/ (12385 bytes)
  [1383/1491] ✓ https://nfct.org.il/en/movies/buried-alive-2/ (12348 bytes)
  [1384/1491] ✓ https://nfct.org.il/en/movies/game-changer/ (12660 bytes)
  [1385/1491] ✓ https://nfct.org.il/en/movies/glasses-camera/ (9756 bytes)
  [1386/1491] ✓ https://nfct.org.il/en/movies/home/ (10946 bytes)
  [1387/1491] ✓ https://nfct.org.il/en/movies/growing-pains/ (9680 bytes)
  [1388/1491] ✓ https://nfct.org.il/en/movies/green-leaf/ (11205 bytes)
  [1389/1491] ✓ https://nfct.org.il/en/movies/hourglass/ (10412 bytes)
  [1390/1491] ✓ https://nfct.org.il/en/movies/i-want-to-remember-he-wants-to-forget/ (13530 bytes)
  [1391/1491] ✓ https://nfct.org.il/en/movies/how-i-learned-to-overcome-my-fear-and-love-arik-sharon/ (18292 bytes)
  [1392/1491] ✓ https://nfct.org.il/en/movies/ill-see-you-again/ (10296 bytes)
  [1393/1491] ✓ https://nfct.org.il/en/movies/im-tired/ (10443 bytes)
  [1394/1491] ✓ https://nfct.org.il/en/movies/inta-omri/ (10238 bytes)
  [1395/1491] ✓ https://nfct.org.il/en/movies/jungle/ (10996 bytes)
  [1396/1491] ✓ https://nfct.org.il/en/movies/lansky-the-zionist-gangster/ (12660 bytes)
  [1397/1491] ✓ https://nfct.org.il/en/movies/last-days-of-summer/ (11880 bytes)
  [1398/1491] ✓ https://nfct.org.il/en/movies/letter-to-a-pig/ (11737 bytes)
  [1399/1491] ✓ https://nfct.org.il/en/movies/life-in-a-plate/ (10433 bytes)
  [1400/1491] ✓ https://nfct.org.il/en/movies/lifes-verdict/ (10901 bytes)
  [1401/1491] ✓ https://nfct.org.il/en/movies/like-our-bodies-imprint/ (11267 bytes)
  [1402/1491] ✓ https://nfct.org.il/en/movies/love-inventory/ (12394 bytes)
  [1403/1491] ✓ https://nfct.org.il/en/movies/love-is-blind-and-deaf/ (10877 bytes)
  [1404/1491] ✓ https://nfct.org.il/en/movies/hostel-jabotinsky/ (8676 bytes)
  [1405/1491] ✓ https://nfct.org.il/en/movies/love-song/ (10648 bytes)
  [1406/1491] ✓ https://nfct.org.il/en/movies/made-in-israel-diamonds/ (12345 bytes)
  [1407/1491] ✓ https://nfct.org.il/en/movies/made-in-israel-food/ (12323 bytes)
  [1408/1491] ✓ https://nfct.org.il/en/movies/made-in-israel-energy/ (13370 bytes)
  [1409/1491] ✓ https://nfct.org.il/en/movies/made-in-israel/ (15534 bytes)
  [1410/1491] ✓ https://nfct.org.il/en/movies/made-in-israel/%20https:/nfct.org.il/en/movies/made-in-israel-defense/ (13566 bytes)
  [1411/1491] ✓ https://nfct.org.il/en/movies/made-in-israel/%20https:/nfct.org.il/en/movies/made-in-israel-high-tech/ (12750 bytes)
  [1412/1491] ✓ https://nfct.org.il/en/movies/inside-the-pipelines/ (12017 bytes)
  [1413/1491] ✓ https://nfct.org.il/en/movies/mama/ (15441 bytes)
  [1414/1491] ✓ https://nfct.org.il/en/movies/mirrors-2/ (10001 bytes)
  [1415/1491] ✓ https://nfct.org.il/en/movies/moments-israel-2002/ (14110 bytes)
  [1416/1491] ✓ https://nfct.org.il/en/movies/my-bee-family/ (11600 bytes)
  [1417/1491] ✓ https://nfct.org.il/en/movies/my-lover-the-clock-thief/ (12757 bytes)
  [1418/1491] ✓ https://nfct.org.il/en/movies/my-secret/ (13054 bytes)
  [1419/1491] ✓ https://nfct.org.il/en/movies/nachshon-wachsman-countdown-to-death/ (14176 bytes)
  [1420/1491] ✓ https://nfct.org.il/en/movies/nala/ (10615 bytes)
  [1421/1491] ✓ https://nfct.org.il/en/movies/nevermore/ (10510 bytes)
  [1422/1491] ✓ https://nfct.org.il/en/movies/no-tears-in-summer/ (14404 bytes)
  [1423/1491] ✓ https://nfct.org.il/en/movies/not-today-not-now/ (11278 bytes)
  [1424/1491] ✓ https://nfct.org.il/en/movies/now-when-the-waters-are-pressing-mightily/ (11414 bytes)
  [1425/1491] ✓ https://nfct.org.il/en/movies/make-yourself-at-home/ (12870 bytes)
  [1426/1491] ✓ https://nfct.org.il/en/movies/on-the-frontline/ (12065 bytes)
  [1427/1491] ✓ https://nfct.org.il/en/movies/on-the-way-back/ (10605 bytes)
  [1428/1491] ✓ https://nfct.org.il/en/movies/one-eye-open/ (8234 bytes)
  [1429/1491] ✓ https://nfct.org.il/en/movies/maktub-destiny/ (10253 bytes)
  [1430/1491] ✓ https://nfct.org.il/en/movies/out-at-six/ (11194 bytes)
  [1431/1491] ✓ https://nfct.org.il/en/movies/paleosol-80-south/ (9663 bytes)
  [1432/1491] ✓ https://nfct.org.il/en/movies/plague/ (12345 bytes)
  [1433/1491] ✓ https://nfct.org.il/en/movies/rain-on-the-battlefield/ (10702 bytes)
  [1434/1491] ✓ https://nfct.org.il/en/movies/portrait/ (12668 bytes)
  [1435/1491] ✓ https://nfct.org.il/en/movies/reality-playing-no-3-looking-for-sarah/ (12149 bytes)
  [1436/1491] ✓ https://nfct.org.il/en/movies/residual-noise/ (12122 bytes)
  [1437/1491] ✓ https://nfct.org.il/en/movies/return/ (12282 bytes)
  [1438/1491] ✓ https://nfct.org.il/en/movies/safecube/ (12073 bytes)
  [1439/1491] ✓ https://nfct.org.il/en/movies/split/ (13270 bytes)
  [1440/1491] ✓ https://nfct.org.il/en/movies/songs-for-a-woman/ (11347 bytes)
  [1441/1491] ✓ https://nfct.org.il/en/movies/tattoos-of-tomorrow/ (9948 bytes)
  [1442/1491] ✓ https://nfct.org.il/en/movies/the-baby-daddy/ (11684 bytes)
  [1443/1491] ✓ https://nfct.org.il/en/movies/the-birdman/ (11252 bytes)
  [1444/1491] ✓ https://nfct.org.il/en/movies/the-blind-girl/ (9632 bytes)
  [1445/1491] ✓ https://nfct.org.il/en/movies/the-camera-of-doctor-morris/ (14500 bytes)
  [1446/1491] ✓ https://nfct.org.il/en/movies/the-childrens-house/ (12751 bytes)
  [1447/1491] ✓ https://nfct.org.il/en/movies/the-city/ (13184 bytes)
  [1448/1491] ✓ https://nfct.org.il/en/movies/poems-about-myself/ (10591 bytes)
  [1449/1491] ✓ https://nfct.org.il/en/movies/the-devils-confession-the-lost-eichmann-tapes/ (15328 bytes)
  [1450/1491] ✓ https://nfct.org.il/en/movies/the-forensic-institue/ (11801 bytes)
  [1451/1491] ✓ https://nfct.org.il/en/movies/the-gaon-family-show/ (8510 bytes)
  [1452/1491] ✓ https://nfct.org.il/en/movies/the-garden/ (9485 bytes)
  [1453/1491] ✓ https://nfct.org.il/en/movies/the-inspector/ (9640 bytes)
  [1454/1491] ✓ https://nfct.org.il/en/movies/the-lab/ (12203 bytes)
  [1455/1491] ✓ https://nfct.org.il/en/movies/the-green-prince/ (16769 bytes)
  [1456/1491] ✓ https://nfct.org.il/en/movies/the-makom-project/ (13396 bytes)
  [1457/1491] ✓ https://nfct.org.il/en/movies/tale-of-5-israeli-poets/ (12344 bytes)
  [1458/1491] ✓ https://nfct.org.il/en/movies/the-model/ (10606 bytes)
  [1459/1491] ✓ https://nfct.org.il/en/movies/the-material-that-love-is-made-of/ (12107 bytes)
  [1460/1491] ✓ https://nfct.org.il/en/movies/the-partisan-with-the-leica-camera/ (12676 bytes)
  [1461/1491] ✓ https://nfct.org.il/en/movies/the-silver-platter/ (16201 bytes)
  [1462/1491] ✓ https://nfct.org.il/en/movies/the-quest-for-the-missing-piece/ (14072 bytes)
  [1463/1491] ✓ https://nfct.org.il/en/movies/the-woman-who-didnt-know-how-to-love/ (8426 bytes)
  [1464/1491] ✓ https://nfct.org.il/en/movies/themilkyway/ (14501 bytes)
  [1465/1491] ✓ https://nfct.org.il/en/movies/thomas-leaves/ (9682 bytes)
  [1466/1491] ✓ https://nfct.org.il/en/movies/tigger-forever/ (11319 bytes)
  [1467/1491] ✓ https://nfct.org.il/en/movies/tulay-german-years-of-fire-and-cinders/ (12462 bytes)
  [1468/1491] ✓ https://nfct.org.il/en/movies/turning-thirteen/ (10520 bytes)
  [1469/1491] ✓ https://nfct.org.il/en/movies/tzipora-and-jacob/ (11024 bytes)
  [1470/1491] ✓ https://nfct.org.il/en/movies/web-cam/ (9619 bytes)
  [1471/1491] ✓ https://nfct.org.il/en/movies/web-junkie/ (14787 bytes)
  [1472/1491] ✓ https://nfct.org.il/en/movies/wetland/ (8434 bytes)
  [1473/1491] ✓ https://nfct.org.il/en/movies/while-everyone-else-sleeps/ (10169 bytes)
  [1474/1491] ✓ https://nfct.org.il/en/movies/woman-time/ (11229 bytes)
  [1475/1491] ✓ https://nfct.org.il/en/movies/women-between-the-holy-and-the-profane/ (13813 bytes)
  [1476/1491] ✓ https://nfct.org.il/en/movies/the-museum-plaza/ (12697 bytes)
  [1477/1491] ✓ https://nfct.org.il/en/movies/women-cook-a-story/ (11491 bytes)
  [1478/1491] ✓ https://nfct.org.il/en/movies/yemimas-journey/ (7617 bytes)
  [1479/1491] ✓ https://nfct.org.il/en/movies/young-david/ (10355 bytes)
  [1480/1491] ✓ https://nfct.org.il/en/movies/you-gotta-make-a-movie-outta-this/ (11954 bytes)
  [1481/1491] ✓ https://nfct.org.il/events/event/%d7%a1%d7%99%d7%a4%d7%95%d7%a8-%d7%a8%d7%a6%d7%97-%d7%a2%d7%91%d7%95%d7%93%d7%94-%d7%91%d7%aa%d7%94%d7%9c%d7%99%d7%9a-%d7%99%d7%95%d7%aa%d7%9d-%d7%92%d7%a0%d7%9c%d7%93%d7%9e%d7%9f-%d7%95%d7%90/ (9704 bytes)
  [1482/1491] ✓ https://nfct.org.il/en/movies/zazaland/ (10110 bytes)
  [1483/1491] ✓ https://nfct.org.il/en/movies/the-woman-in-white/ (9198 bytes)
  [1484/1491] ✓ https://nfct.org.il/events/event/%d7%a4%d7%a8%d7%95%d7%99%d7%a7%d7%98-%d7%9b%d7%a0%d7%a4%d7%99%d7%99%d7%9d-%d7%a4%d7%a1%d7%98%d7%99%d7%91%d7%9c-%d7%93%d7%95%d7%a7%d7%90%d7%91%d7%99%d7%91-%d7%92%d7%9c%d7%99%d7%9c-2/ (11535 bytes)
  [1485/1491] ✓ https://nfct.org.il/movies-archive/?keywords=%D7%97%D7%9C%D7%95%D7%A6%D7%95%D7%AA (13080 bytes)
  [1486/1491] ✓ https://nfct.org.il/movies/%D7%91%D7%A7%D7%95%D7%9E%D7%A8%D7%A0%D7%99%D7%A1/ (8180 bytes)
  [1487/1491] ✓ https://nfct.org.il/movies/%D7%A0%D7%91%D7%93%D7%9C/ (7528 bytes)
  [1488/1491] ✓ https://nfct.org.il/submissions/?cat=%D7%AA%D7%97%D7%95%D7%9D-%D7%99%D7%99%D7%A2%D7%95%D7%93%D7%99 (6120 bytes)
  [1489/1491] ✓ https://nfct.org.il/weil-bloch-film-award/ (15691 bytes)
  [1490/1491] ✓ https://nfct.org.il/movies-archive/?keywords=%D7%9B%D7%A2%D7%A1 (18311 bytes)
  [1491/1491] ✓ https://nfct.org.il/events/event/%d7%a4%d7%a8%d7%95%d7%99%d7%a7%d7%98-%d7%9e%d7%a8%d7%90%d7%95%d7%aa-%d7%a4%d7%95%d7%a8%d7%98%d7%a8%d7%98-%d7%99%d7%a8%d7%95%d7%97%d7%9e%d7%99-%d7%a4%d7%a1%d7%98%d7%99%d7%91%d7%9c-%d7%93%d7%95%d7%a7/ (13852 bytes)

============================================================
SUMMARY
============================================================
Succeeded: 1491
Failed:    0
Empty:     0
Bytes:     23,286,539
Report: sources/nfct/batch_report_nfct_professional.json
