Source: nfct_new (NFCT מידע מקצועי - דפים חדשים)
URLs:   1549
Depth:  0, Follow: False
Output: sources/nfct_new/pages

  ✗ https://nfct.org.il/blog/anu2025/: 429 Client Error: Too Many Requests for url: https://crawl4ai-wrapper-559961100092.europe-west1.run.app/scrape
  ✗ https://nfct.org.il/%d7%9c%d7%95%d7%92%d7%95/: 429 Client Error: Too Many Requests for url: https://crawl4ai-wrapper-559961100092.europe-west1.run.app/scrape
  ✗ https://nfct.org.il/?eo_month=2026-06+%22%D7%97%D7%95%D7%93%D7%A9+%D7%94%D7%91%D7%90%22: 429 Client Error: Too Many Requests for url: https://crawl4ai-wrapper-559961100092.europe-west1.run.app/scrape
  ✗ https://nfct.org.il/?eo_month=2026-06%20%22%D7%97%D7%95%D7%93%D7%A9%20%D7%94%D7%91%D7%90%22: 429 Client Error: Too Many Requests for url: https://crawl4ai-wrapper-559961100092.europe-west1.run.app/scrape
  ✗ https://nfct.org.il/?p=18802: 429 Client Error: Too Many Requests for url: https://crawl4ai-wrapper-559961100092.europe-west1.run.app/scrape
  ✗ https://nfct.org.il/blog/docfurom2025/: 429 Client Error: Too Many Requests for url: https://crawl4ai-wrapper-559961100092.europe-west1.run.app/scrape
  ✗ https://nfct.org.il/blog/docu08-2025/: 429 Client Error: Too Many Requests for url: https://crawl4ai-wrapper-559961100092.europe-west1.run.app/scrape
  ✓ https://nfct.org.il/%d7%a2%d7%9e%d7%95%d7%93-%d7%9c%d7%a4%d7%95%d7%98%d7%a8/ → nfct_new__d7_a2_d7_9e_d7_95_d7_93-_d7_9c_d7_a4_d7_95_d7_98_d7_a8__12064d40.md (7600 bytes)
  ✓ https://nfct.org.il/blog/docaviv-2026/ → nfct_new__blog_docaviv-2026__0c7444ec.md (30746 bytes)
  ✓ https://nfct.org.il/%d7%aa%d7%a7%d7%a0%d7%95%d7%aa-%d7%94%d7%a7%d7%95%d7%9c%d7%a0%d7%95%d7%a2-%d7%94%d7%9b%d7%a8%d7%94-%d7%91%d7%a1%d7%a8%d7%98-%d7%9b%d7%a1%d7%a8%d7%98-%d7%99%d7%a9%d7%a8%d7%90%d7%9c%d7%99-%d7%aa/ → nfct_new__d7_aa_d7_a7_d7_a0_d7_95_d7_aa-_d7_94_d7_a7_d7_95_d7_9c_d7_a0_d7_95_d7_a2-_d7_94___983478c3.md (21358 bytes)
  ✓ https://nfct.org.il/blog/%d7%a7%d7%95%d7%9c-%d7%a7%d7%95%d7%a8%d7%90-%d7%90%d7%a0%d7%aa%d7%95%d7%9c%d7%95%d7%92%d7%99%d7%94-%d7%93%d7%95%d7%a7%d7%95%d7%9e%d7%a0%d7%98%d7%a8%d7%99%d7%aa-%d7%9c%d7%a6%d7%99%d7%95%d7%9f/ → nfct_new__blog_d7_a7_d7_95_d7_9c-_d7_a7_d7_95_d7_a8_d7_90-_d7_90_d7_a0_d7_aa_d7_95_d7_9c_d__4f695761.md (10250 bytes)
  ✓ https://nfct.org.il/%d7%9e%d7%95%d7%a2%d7%93%d7%99-%d7%94%d7%92%d7%a9%d7%94/nfct-studentsub/ → nfct_new__d7_9e_d7_95_d7_a2_d7_93_d7_99-_d7_94_d7_92_d7_a9_d7_94_nfct-studentsub__03518109.md (8257 bytes)
  ✗ https://nfct.org.il/blog/jwff2025/: 429 Client Error: Too Many Requests for url: https://crawl4ai-wrapper-559961100092.europe-west1.run.app/scrape
  ✗ https://nfct.org.il/blog/lab2026/: 429 Client Error: Too Many Requests for url: https://crawl4ai-wrapper-559961100092.europe-west1.run.app/scrape
  ✓ https://nfct.org.il/?eo_month=2026-04%20%22%D7%97%D7%95%D7%93%D7%A9%20%D7%A7%D7%95%D7%93%D7%9D%22 → nfct_new__root__293334ed.md (44644 bytes)
  ✗ https://nfct.org.il/blog/movies/%D7%90%D7%99%D7%A4%D7%94-%D7%A9%D7%A0%D7%92%D7%9E%D7%A8%D7%99%D7%9D-%D7%94%D7%A9%D7%9E%D7%99%D7%99%D7%9D/: 429 Client Error: Too Many Requests for url: https://crawl4ai-wrapper-559961100092.europe-west1.run.app/scrape
  ✗ https://nfct.org.il/blog/movies/%D7%97%D7%99%D7%99%D7%9D-%D7%A2%D7%9C-%D7%94%D7%92%D7%91%D7%95%D7%9C/: 429 Client Error: Too Many Requests for url: https://crawl4ai-wrapper-559961100092.europe-west1.run.app/scrape
  ✓ https://nfct.org.il/%d7%a0%d7%94%d7%9c%d7%99-%d7%94%d7%9e%d7%95%d7%a1%d7%93/ → nfct_new__d7_a0_d7_94_d7_9c_d7_99-_d7_94_d7_9e_d7_95_d7_a1_d7_93__f436c996.md (45003 bytes)
  ✗ https://nfct.org.il/blog/movies/%D7%9E%D7%9E%D7%9C%D7%9B%D7%AA-%D7%A2%D7%93%D7%A0%D7%99/: 429 Client Error: Too Many Requests for url: https://crawl4ai-wrapper-559961100092.europe-west1.run.app/scrape
  ✗ https://nfct.org.il/blog/movies/%D7%A0%D7%A9%D7%99%D7%9D-%D7%91%D7%99%D7%9F-%D7%A7%D7%95%D7%93%D7%A9-%D7%9C%D7%97%D7%95%D7%9C/: 429 Client Error: Too Many Requests for url: https://crawl4ai-wrapper-559961100092.europe-west1.run.app/scrape
  ✗ https://nfct.org.il/blog/movies/%d7%90%d7%90%d7%95%d7%98%d7%a1%d7%99%d7%99%d7%93%d7%a8-%d7%a4%d7%a8%d7%95%d7%99%d7%93/: 429 Client Error: Too Many Requests for url: https://crawl4ai-wrapper-559961100092.europe-west1.run.app/scrape
  ✓ https://nfct.org.il/blog/january2025/ → nfct_new__blog_january2025__fb38edaa.md (10927 bytes)
  ✗ https://nfct.org.il/blog/doc-lab-tlv-2026/: 429 Client Error: Too Many Requests for url: https://crawl4ai-wrapper-559961100092.europe-west1.run.app/scrape
  ✗ https://nfct.org.il/blog/docu-hub2026/: 429 Client Error: Too Many Requests for url: https://crawl4ai-wrapper-559961100092.europe-west1.run.app/scrape
  ✗ https://nfct.org.il/blog/fiction2025/: 429 Client Error: Too Many Requests for url: https://crawl4ai-wrapper-559961100092.europe-west1.run.app/scrape
  ✗ https://nfct.org.il/blog/movies/%d7%90%d7%91%d7%90-%d7%a9%d7%9c%d7%99-%d7%a1%d7%95%d7%97%d7%a8-%d7%a1%d7%9e%d7%99%d7%9d/: 429 Client Error: Too Many Requests for url: https://crawl4ai-wrapper-559961100092.europe-west1.run.app/scrape
  ✗ https://nfct.org.il/blog/movies/%d7%90%d7%91%d7%95-%d7%a1%d7%90%d7%9c%d7%99/: 429 Client Error: Too Many Requests for url: https://crawl4ai-wrapper-559961100092.europe-west1.run.app/scrape
  ✗ https://nfct.org.il/blog/docutext10/: 429 Client Error: Too Many Requests for url: https://crawl4ai-wrapper-559961100092.europe-west1.run.app/scrape
  ✗ https://nfct.org.il/blog/movies/%d7%90%d7%91%d7%99%d7%91/: 429 Client Error: Too Many Requests for url: https://crawl4ai-wrapper-559961100092.europe-west1.run.app/scrape
  ✓ https://nfct.org.il/blog/cinema-south-festival2025/ → nfct_new__blog_cinema-south-festival2025__1182ad8e.md (36347 bytes)
  ✗ https://nfct.org.il/blog/movies/%d7%90%d7%91%d7%99%d7%95/: 429 Client Error: Too Many Requests for url: https://crawl4ai-wrapper-559961100092.europe-west1.run.app/scrape
  ✗ https://nfct.org.il/blog/movies/%d7%90%d7%91%d7%9f-%d7%93%d7%a8%d7%9a/: 429 Client Error: Too Many Requests for url: https://crawl4ai-wrapper-559961100092.europe-west1.run.app/scrape
  ✓ https://nfct.org.il/?eo_month=2026-04+%22%D7%97%D7%95%D7%93%D7%A9+%D7%A7%D7%95%D7%93%D7%9D%22 → nfct_new__root__9144c310.md (43501 bytes)
  ✓ https://nfct.org.il/blog/%d7%a1%d7%a8%d7%98%d7%99-%d7%94%d7%a7%d7%a8%d7%9f-%d7%91%d7%a4%d7%a1%d7%98%d7%99%d7%91%d7%9c-%d7%90%d7%a0%d7%99%d7%a0%d7%99%d7%99%d7%a9%d7%9f-%d7%99%d7%a8%d7%95%d7%a9%d7%9c%d7%99%d7%9d-2025/ → nfct_new__blog_d7_a1_d7_a8_d7_98_d7_99-_d7_94_d7_a7_d7_a8_d7_9f-_d7_91_d7_a4_d7_a1_d7_98_d__19114dff.md (13645 bytes)
  ✓ https://nfct.org.il/blog/may2026/ → nfct_new__blog_may2026__2a349919.md (9661 bytes)
  ✓ https://nfct.org.il/blog/%d7%a4%d7%a1%d7%98%d7%99%d7%91%d7%9c-%d7%a1%d7%90%d7%95%d7%a0%d7%93%d7%98%d7%a8%d7%90%d7%a7-2025/ → nfct_new__blog_d7_a4_d7_a1_d7_98_d7_99_d7_91_d7_9c-_d7_a1_d7_90_d7_95_d7_a0_d7_93_d7_98_d7__9a3aa38b.md (13468 bytes)
  ✗ https://nfct.org.il/blog/movies/%d7%90%d7%93%d7%99%d7%a0%d7%91%d7%95%d7%a8%d7%95-%d7%9c%d7%90-%d7%9e%d7%97%d7%9b%d7%94-%d7%9c%d7%99/: 429 Client Error: Too Many Requests for url: https://crawl4ai-wrapper-559961100092.europe-west1.run.app/scrape
  ✓ https://nfct.org.il/blog/haifaff2025/ → nfct_new__blog_haifaff2025__c7a4273f.md (20951 bytes)
  ✗ https://nfct.org.il/blog/movies/%d7%90%d7%94%d7%91%d7%94-%d7%9e%d7%a2%d7%95%d7%a4%d7%a4%d7%aa/: 429 Client Error: Too Many Requests for url: https://crawl4ai-wrapper-559961100092.europe-west1.run.app/scrape
  ✗ https://nfct.org.il/blog/movies/%d7%90%d7%94%d7%91%d7%94-%d7%9e%d7%aa%d7%a8%d7%92%d7%a9%d7%aa-%d7%9c%d7%91%d7%95%d7%90/: 429 Client Error: Too Many Requests for url: https://crawl4ai-wrapper-559961100092.europe-west1.run.app/scrape
  ✓ https://nfct.org.il/blog/movies/%d7%90%d7%91%d7%90-%d7%94%d7%95%d7%9c%d7%9a-%d7%9c%d7%a7%d7%a6%d7%94-%d7%94%d7%a2%d7%95%d7%9c%d7%9d/ → nfct_new__blog_movies_d7_90_d7_91_d7_90-_d7_94_d7_95_d7_9c_d7_9a-_d7_9c_d7_a7_d7_a6_d7_94-__42e83888.md (17693 bytes)
  ✓ https://nfct.org.il/blog/jan2026/ → nfct_new__blog_jan2026__274a372d.md (10186 bytes)
  ✓ https://nfct.org.il/blog/movies/%d7%90%d7%92%d7%9d-68/ → nfct_new__blog_movies_d7_90_d7_92_d7_9d-68__15d0e346.md (13190 bytes)
  ✓ https://nfct.org.il/blog/movies/%d7%90%d7%91%d7%95-%d7%a2%d7%95%d7%9e%d7%90%d7%a8/ → nfct_new__blog_movies_d7_90_d7_91_d7_95-_d7_a2_d7_95_d7_9e_d7_90_d7_a8__c3b461db.md (14696 bytes)
  ✓ https://nfct.org.il/blog/movies/%D7%9E%D7%91%D7%98%D7%99%D7%9D-%D7%99%D7%A9%D7%A8%D7%90%D7%9C-2002/ → nfct_new__blog_movies_D7_9E_D7_91_D7_98_D7_99_D7_9D-_D7_99_D7_A9_D7_A8_D7_90_D7_9C-2002__b099de64.md (21954 bytes)
  ✗ https://nfct.org.il/blog/movies/%d7%90%d7%95%d7%91/: 429 Client Error: Too Many Requests for url: https://crawl4ai-wrapper-559961100092.europe-west1.run.app/scrape
  ✓ https://nfct.org.il/blog/movies/%d7%90%d7%93%d7%95%d7%9d-%d7%97%d7%a6%d7%95%d7%aa-%d7%94%d7%9c%d7%99%d7%9c/ → nfct_new__blog_movies_d7_90_d7_93_d7_95_d7_9d-_d7_97_d7_a6_d7_95_d7_aa-_d7_94_d7_9c_d7_99___f339b88b.md (16964 bytes)
  ✓ https://nfct.org.il/blog/katze2025/ → nfct_new__blog_katze2025__660b2a8f.md (17642 bytes)
  ✗ https://nfct.org.il/blog/movies/%d7%90%d7%95%d7%94%d7%91%d7%99%d7%9d-%d7%90%d7%95%d7%aa%d7%9a-%d7%a4%d7%98%d7%a8%d7%99%d7%a9%d7%94/: 429 Client Error: Too Many Requests for url: https://crawl4ai-wrapper-559961100092.europe-west1.run.app/scrape
  ✓ https://nfct.org.il/blog/movies/%d7%90%d7%91%d7%90-%d7%91%d7%92%d7%99%d7%9c-%d7%a9%d7%9c-%d7%a1%d7%91%d7%90/ → nfct_new__blog_movies_d7_90_d7_91_d7_90-_d7_91_d7_92_d7_99_d7_9c-_d7_a9_d7_9c-_d7_a1_d7_91__66ef7913.md (16654 bytes)
  ✓ https://nfct.org.il/blog/movies/%d7%90%d7%94%d7%91%d7%94-%d7%97%d7%a8%d7%a9%d7%aa-%d7%95%d7%a2%d7%99%d7%95%d7%95%d7%a8%d7%aa/ → nfct_new__blog_movies_d7_90_d7_94_d7_91_d7_94-_d7_97_d7_a8_d7_a9_d7_aa-_d7_95_d7_a2_d7_99___1af35f47.md (15322 bytes)
  ✓ https://nfct.org.il/blog/movies/%d7%90%d7%91%d7%90-%d7%91%d7%a1%d7%98%d7%99%d7%95%d7%a0%d7%a8/ → nfct_new__blog_movies_d7_90_d7_91_d7_90-_d7_91_d7_a1_d7_98_d7_99_d7_95_d7_a0_d7_a8__66ace41f.md (13746 bytes)
  ✗ https://nfct.org.il/blog/movies/%d7%90%d7%95%d7%9b%d7%9c%d7%99%d7%9d-%d7%a4%d7%a6%d7%a6%d7%95%d7%aa/: 429 Client Error: Too Many Requests for url: https://crawl4ai-wrapper-559961100092.europe-west1.run.app/scrape
  ✗ https://nfct.org.il/blog/movies/%d7%90%d7%95%d7%9c%d7%9e%d7%a8%d7%98-%d7%94%d7%90%d7%99%d7%a9-%d7%a9%d7%a8%d7%a6%d7%94-%d7%99%d7%95%d7%aa%d7%a8-%d7%9e%d7%93%d7%99/: 429 Client Error: Too Many Requests for url: https://crawl4ai-wrapper-559961100092.europe-west1.run.app/scrape
  ✗ https://nfct.org.il/blog/movies/%d7%90%d7%95%d7%a0%d7%a8%d7%90/: 429 Client Error: Too Many Requests for url: https://crawl4ai-wrapper-559961100092.europe-west1.run.app/scrape
  ✓ https://nfct.org.il/blog/movies/%d7%90%d7%94%d7%91%d7%94-%d7%a9%d7%90%d7%99%d7%9f-%d7%9c%d7%aa%d7%90%d7%a8%d7%94-%d7%91%d7%9e%d7%99%d7%9c%d7%99%d7%9d/ → nfct_new__blog_movies_d7_90_d7_94_d7_91_d7_94-_d7_a9_d7_90_d7_99_d7_9f-_d7_9c_d7_aa_d7_90___78d2fbdf.md (15587 bytes)
  ✓ https://nfct.org.il/blog/movies/%d7%90%d7%91%d7%9f-%d7%a0%d7%99%d7%99%d7%a8-%d7%95%d7%9e%d7%a1%d7%a4%d7%a8%d7%99%d7%99%d7%9d/ → nfct_new__blog_movies_d7_90_d7_91_d7_9f-_d7_a0_d7_99_d7_99_d7_a8-_d7_95_d7_9e_d7_a1_d7_a4___68bd6d4c.md (21912 bytes)
  ✗ https://nfct.org.il/blog/movies/%d7%90%d7%95%d7%a6%d7%a8-%d7%91%d7%90%d7%95%d7%a9%d7%95%d7%95%d7%99%d7%a5/: 429 Client Error: Too Many Requests for url: https://crawl4ai-wrapper-559961100092.europe-west1.run.app/scrape
  ✗ https://nfct.org.il/blog/movies/%d7%90%d7%95%d7%a8%d7%99-%d7%90%d7%91%d7%a0%d7%a8%d7%99-%d7%9c%d7%95%d7%97%d7%9d-%d7%94%d7%a9%d7%9c%d7%95%d7%9d/: 429 Client Error: Too Many Requests for url: https://crawl4ai-wrapper-559961100092.europe-west1.run.app/scrape
  ✓ https://nfct.org.il/blog/movies/%d7%90%d7%95%d7%92%d7%95%d7%a1%d7%98-%d7%a8%d7%92%d7%a2-%d7%9c%d7%a4%d7%a0%d7%99/ → nfct_new__blog_movies_d7_90_d7_95_d7_92_d7_95_d7_a1_d7_98-_d7_a8_d7_92_d7_a2-_d7_9c_d7_a4___96ffbcaf.md (15230 bytes)
  ✓ https://nfct.org.il/blog/movies/%d7%90%d7%91%d7%98%d7%97%d7%94-%d7%a6%d7%a8%d7%99%d7%9a-%d7%9c%d7%a7%d7%99%d7%99%d7%9d/ → nfct_new__blog_movies_d7_90_d7_91_d7_98_d7_97_d7_94-_d7_a6_d7_a8_d7_99_d7_9a-_d7_9c_d7_a7___b8be894e.md (13204 bytes)
  ✓ https://nfct.org.il/blog/movies/%d7%90%d7%94-%d7%94%d7%90-%d7%91%d7%94/ → nfct_new__blog_movies_d7_90_d7_94-_d7_94_d7_90-_d7_91_d7_94__2653ddc6.md (11277 bytes)
  ✓ https://nfct.org.il/blog/movies/%d7%90%d7%91%d7%99%d7%95%d7%a0%d7%94/ → nfct_new__blog_movies_d7_90_d7_91_d7_99_d7_95_d7_a0_d7_94__b6f3b6f2.md (11972 bytes)
  ✓ https://nfct.org.il/blog/movies/%d7%90%d7%92%d7%95%d7%a8%d7%95%d7%aa/ → nfct_new__blog_movies_d7_90_d7_92_d7_95_d7_a8_d7_95_d7_aa__ba523582.md (19016 bytes)
  ✓ https://nfct.org.il/blog/movies/%d7%90%d7%95%d7%95%d7%94/ → nfct_new__blog_movies_d7_90_d7_95_d7_95_d7_94__54ea74bc.md (16362 bytes)
  ✗ https://nfct.org.il/blog/movies/%d7%90%d7%97%d7%93-%d7%a9%d7%a0%d7%99%d7%99%d7%9d-%d7%91%d7%99%d7%aa/: 429 Client Error: Too Many Requests for url: https://crawl4ai-wrapper-559961100092.europe-west1.run.app/scrape
  ✓ https://nfct.org.il/blog/movies/%d7%90%d7%95%d7%91%d7%a1%d7%a1%d7%99%d7%94/ → nfct_new__blog_movies_d7_90_d7_95_d7_91_d7_a1_d7_a1_d7_99_d7_94__a2a6d238.md (17234 bytes)
  ✗ https://nfct.org.il/blog/movies/%d7%90%d7%97%d7%a8%d7%99%d7%99%d7%9a-%d9%88%d9%8e%d8%b1%d8%a7%d8%a1%d9%83%d9%90/: 429 Client Error: Too Many Requests for url: https://crawl4ai-wrapper-559961100092.europe-west1.run.app/scrape
  ✗ https://nfct.org.il/blog/movies/%d7%90%d7%95%d7%93%d7%a1%d7%94-%d7%90%d7%95%d7%93%d7%a1%d7%94/: 429 Client Error: Too Many Requests for url: https://crawl4ai-wrapper-559961100092.europe-west1.run.app/scrape
  ✗ https://nfct.org.il/blog/movies/%d7%90%d7%97%d7%a8%d7%99-%d7%a1%d7%a4%d7%99%d7%a8%d7%aa-%d7%94%d7%a7%d7%95%d7%9c%d7%95%d7%aa/: 429 Client Error: Too Many Requests for url: https://crawl4ai-wrapper-559961100092.europe-west1.run.app/scrape
  ✓ https://nfct.org.il/blog/movies/%d7%90%d7%95%d7%9c%d7%99%d7%9e%d7%a4%d7%99%d7%94/ → nfct_new__blog_movies_d7_90_d7_95_d7_9c_d7_99_d7_9e_d7_a4_d7_99_d7_94__956031c2.md (15036 bytes)
  ✓ https://nfct.org.il/blog/movies/%d7%90%d7%94%d7%91%d7%9c%d7%94-%d7%90%d7%a1%d7%a4%d7%a0%d7%99%d7%95%d7%9c/ → nfct_new__blog_movies_d7_90_d7_94_d7_91_d7_9c_d7_94-_d7_90_d7_a1_d7_a4_d7_a0_d7_99_d7_95_d__7fe38bc0.md (14691 bytes)
  ✓ https://nfct.org.il/blog/movies/%d7%90%d7%95%d7%a1%d7%98%d7%95%d7%a8%d7%94/ → nfct_new__blog_movies_d7_90_d7_95_d7_a1_d7_98_d7_95_d7_a8_d7_94__292d39dd.md (15931 bytes)
  ✓ https://nfct.org.il/blog/movies/%d7%90%d7%95%d7%90%d7%96%d7%99%d7%a1/ → nfct_new__blog_movies_d7_90_d7_95_d7_90_d7_96_d7_99_d7_a1__547d25c4.md (14191 bytes)
  ✓ https://nfct.org.il/blog/movies/%d7%90%d7%95%d7%a4%d7%a0%d7%aa-%d7%93%d7%95%d7%93/ → nfct_new__blog_movies_d7_90_d7_95_d7_a4_d7_a0_d7_aa-_d7_93_d7_95_d7_93__25cc34dc.md (13982 bytes)
  ✓ https://nfct.org.il/blog/movies/%d7%90%d7%95%d7%98%d7%95%d7%91%d7%99%d7%95%d7%92%d7%a8%d7%a4%d7%99%d7%94-%d7%a8%d7%a4%d7%95%d7%90%d7%99%d7%aa/ → nfct_new__blog_movies_d7_90_d7_95_d7_98_d7_95_d7_91_d7_99_d7_95_d7_92_d7_a8_d7_a4_d7_99_d7__8bfcb8ec.md (15512 bytes)
  ✗ https://nfct.org.il/blog/movies/%d7%90%d7%99%d7%9a-%d7%94%d7%a4%d7%a1%d7%a7%d7%aa%d7%99-%d7%9c%d7%a4%d7%97%d7%93-%d7%95%d7%9c%d7%9e%d7%93%d7%aa%d7%99-%d7%9c%d7%90%d7%94%d7%95%d7%91-%d7%90%d7%aa-%d7%90%d7%a8%d7%99%d7%a7-%d7%a9%d7%a8/: 429 Client Error: Too Many Requests for url: https://crawl4ai-wrapper-559961100092.europe-west1.run.app/scrape
  ✓ https://nfct.org.il/blog/movies/%d7%90%d7%95%d7%a8%d7%99-%d7%96%d7%94%d7%a8-%d7%97%d7%95%d7%96%d7%a8/ → nfct_new__blog_movies_d7_90_d7_95_d7_a8_d7_99-_d7_96_d7_94_d7_a8-_d7_97_d7_95_d7_96_d7_a8__a64707b8.md (16428 bytes)
  ✗ https://nfct.org.il/blog/movies/%d7%90%d7%99%d7%9a-%d7%9e%d7%a1%d7%9e%d7%a0%d7%99%d7%9d-%d7%90%d7%94%d7%91%d7%94/: 429 Client Error: Too Many Requests for url: https://crawl4ai-wrapper-559961100092.europe-west1.run.app/scrape
  ✓ https://nfct.org.il/blog/movies/%d7%90%d7%95%d7%a8%d7%a0%d7%94-%d7%95%d7%90%d7%9c%d7%94/ → nfct_new__blog_movies_d7_90_d7_95_d7_a8_d7_a0_d7_94-_d7_95_d7_90_d7_9c_d7_94__60c52550.md (10668 bytes)
  ✓ https://nfct.org.il/blog/movies/%d7%90%d7%95%d7%a8%d7%a1%d7%95%d7%9c%d7%99%d7%9e%d7%95%d7%9d/ → nfct_new__blog_movies_d7_90_d7_95_d7_a8_d7_a1_d7_95_d7_9c_d7_99_d7_9e_d7_95_d7_9d__ed882d3f.md (17136 bytes)
  ✓ https://nfct.org.il/blog/movies/%d7%90%d7%95%d7%aa%d7%9a-%d7%9c%d7%90%d7%9e%d7%90/ → nfct_new__blog_movies_d7_90_d7_95_d7_aa_d7_9a-_d7_9c_d7_90_d7_9e_d7_90__fea0f7ce.md (13321 bytes)
  ✓ https://nfct.org.il/blog/movies/%d7%90%d7%95%d7%aa%d7%99%d7%95%d7%aa-%d7%a0%d7%a9%d7%9e%d7%94/ → nfct_new__blog_movies_d7_90_d7_95_d7_aa_d7_99_d7_95_d7_aa-_d7_a0_d7_a9_d7_9e_d7_94__c9520c0a.md (15861 bytes)
  ✓ https://nfct.org.il/blog/movies/%d7%90%d7%97%d7%93-%d7%a2%d7%9c-%d7%90%d7%97%d7%93/ → nfct_new__blog_movies_d7_90_d7_97_d7_93-_d7_a2_d7_9c-_d7_90_d7_97_d7_93__5522f6d0.md (14261 bytes)
  ✓ https://nfct.org.il/blog/movies/%d7%90%d7%97%d7%99%d7%95%d7%aa/ → nfct_new__blog_movies_d7_90_d7_97_d7_99_d7_95_d7_aa__2f026049.md (15662 bytes)
  ✓ https://nfct.org.il/blog/movies/%d7%90%d7%99%d7%a0%d7%aa%d7%99%d7%a4%d7%90%d7%93%d7%94-%d8%a7%d8%a7%d9%84%d9%86%d8%aa%d9%81%d8%a7%d8%b6%d8%a9/ → nfct_new__blog_movies_d7_90_d7_99_d7_a0_d7_aa_d7_99_d7_a4_d7_90_d7_93_d7_94-_d8_a7_d8_a7_d__265f02ea.md (16271 bytes)
  ✗ https://nfct.org.il/blog/movies/%d7%90%d7%99%d7%99%d7%9b%d7%9e%d7%9f-%d7%94%d7%94%d7%a7%d7%9c%d7%98%d7%95%d7%aa-%d7%94%d7%90%d7%91%d7%95%d7%93%d7%95%d7%aa/: 429 Client Error: Too Many Requests for url: https://crawl4ai-wrapper-559961100092.europe-west1.run.app/scrape
  ✗ https://nfct.org.il/blog/movies/%d7%90%d7%99%d7%a4%d7%94-%d7%a9%d7%a0%d7%92%d7%9e%d7%a8%d7%99%d7%9d-%d7%94%d7%a9%d7%9e%d7%99%d7%99%d7%9d/: 429 Client Error: Too Many Requests for url: https://crawl4ai-wrapper-559961100092.europe-west1.run.app/scrape
  ✗ https://nfct.org.il/blog/movies/%d7%90%d7%99%d7%a8%d7%95%d7%a1%d7%99-%d7%93%d7%9e%d7%99%d7%9d/: 429 Client Error: Too Many Requests for url: https://crawl4ai-wrapper-559961100092.europe-west1.run.app/scrape
  ✓ https://nfct.org.il/blog/movies/%d7%90%d7%99%d7%95%d7%95%d7%9f-%d7%94%d7%90%d7%99%d7%95%d7%9d/ → nfct_new__blog_movies_d7_90_d7_99_d7_95_d7_95_d7_9f-_d7_94_d7_90_d7_99_d7_95_d7_9d__6abb142d.md (16081 bytes)
  ✗ https://nfct.org.il/blog/movies/%d7%90%d7%99%d7%a9%d7%94-%d7%a9%d7%9c-%d7%91%d7%99%d7%aa/: 429 Client Error: Too Many Requests for url: https://crawl4ai-wrapper-559961100092.europe-west1.run.app/scrape
  ✓ https://nfct.org.il/blog/movies/%d7%90%d7%99%d7%9a-%d7%90%d7%95%d7%9e%d7%a8%d7%95%d7%aa-%d7%a9%d7%aa%d7%99%d7%a7%d7%94/ → nfct_new__blog_movies_d7_90_d7_99_d7_9a-_d7_90_d7_95_d7_9e_d7_a8_d7_95_d7_aa-_d7_a9_d7_aa___f0dbe7a8.md (19601 bytes)
  ✗ https://nfct.org.il/blog/movies/%d7%90%d7%99/: 429 Client Error: Too Many Requests for url: https://crawl4ai-wrapper-559961100092.europe-west1.run.app/scrape
  ✗ https://nfct.org.il/blog/movies/%d7%90%d7%9c%d7%91%d7%95%d7%9d-61/: 429 Client Error: Too Many Requests for url: https://crawl4ai-wrapper-559961100092.europe-west1.run.app/scrape
  ✗ https://nfct.org.il/blog/movies/%d7%90%d7%9c%d7%91%d7%99%d7%aa%d7%99/: 429 Client Error: Too Many Requests for url: https://crawl4ai-wrapper-559961100092.europe-west1.run.app/scrape
  ✓ https://nfct.org.il/blog/movies/%d7%90%d7%97%d7%a8%d7%aa/ → nfct_new__blog_movies_d7_90_d7_97_d7_a8_d7_aa__5ac85045.md (17864 bytes)
  ✗ https://nfct.org.il/blog/movies/%d7%90%d7%9c%d7%95%d7%94%d7%99%d7%9d-%d7%a8%d7%95%d7%a6%d7%94-%d7%91%d7%99%d7%aa/: 429 Client Error: Too Many Requests for url: https://crawl4ai-wrapper-559961100092.europe-west1.run.app/scrape
  ✓ https://nfct.org.il/blog/movies/%d7%90%d7%99%d7%97%d7%a6%d7%99/ → nfct_new__blog_movies_d7_90_d7_99_d7_97_d7_a6_d7_99__7be5cdcb.md (18841 bytes)
  ✓ https://nfct.org.il/blog/movies/%d7%90%d7%99%d7%a0%d7%95%d7%95%d7%a0%d7%98%d7%a8/ → nfct_new__blog_movies_d7_90_d7_99_d7_a0_d7_95_d7_95_d7_a0_d7_98_d7_a8__c3d705d2.md (14741 bytes)
  ✓ https://nfct.org.il/blog/movies/%d7%90%d7%97%d7%a8%d7%99-%d7%97%d7%a6%d7%95%d7%aa-%d7%94%d7%a1%d7%95%d7%93-%d7%94%d7%9b%d7%99-%d7%a9%d7%9e%d7%95%d7%a8-%d7%91%d7%a2%d7%99%d7%a8/ → nfct_new__blog_movies_d7_90_d7_97_d7_a8_d7_99-_d7_97_d7_a6_d7_95_d7_aa-_d7_94_d7_a1_d7_95___0114d5d8.md (16799 bytes)
  ✗ https://nfct.org.il/blog/movies/%d7%90%d7%9c%d7%a0%d7%91%d7%99-%d7%a7%d7%98%d7%a2/: 429 Client Error: Too Many Requests for url: https://crawl4ai-wrapper-559961100092.europe-west1.run.app/scrape
  ✗ https://nfct.org.il/blog/movies/%d7%90%d7%9c-%d7%92%d7%99%d7%a1%d7%a8/: 429 Client Error: Too Many Requests for url: https://crawl4ai-wrapper-559961100092.europe-west1.run.app/scrape
  ✗ https://nfct.org.il/blog/movies/%d7%90%d7%9c-%d7%97%d7%9c%d7%90%d7%a7/: 429 Client Error: Too Many Requests for url: https://crawl4ai-wrapper-559961100092.europe-west1.run.app/scrape
  ✗ https://nfct.org.il/blog/movies/%d7%90%d7%9c-%d7%aa%d7%92%d7%a2%d7%95-%d7%9c%d7%99-%d7%91%d7%a9%d7%95%d7%90%d7%94/: 429 Client Error: Too Many Requests for url: https://crawl4ai-wrapper-559961100092.europe-west1.run.app/scrape
  ✗ https://nfct.org.il/blog/movies/%d7%90%d7%9c-%d7%aa%d7%a4%d7%aa%d7%97%d7%99-%d7%90%d7%aa-%d7%94%d7%93%d7%9c%d7%aa-%d7%9c%d7%96%d7%a8%d7%99%d7%9d/: 429 Client Error: Too Many Requests for url: https://crawl4ai-wrapper-559961100092.europe-west1.run.app/scrape
  ✗ https://nfct.org.il/blog/movies/%d7%90%d7%9c-%d7%aa%d7%a7%d7%a8%d7%90-%d7%9c%d7%99-%d7%97%d7%9e%d7%95%d7%93/: 429 Client Error: Too Many Requests for url: https://crawl4ai-wrapper-559961100092.europe-west1.run.app/scrape
  ✗ https://nfct.org.il/blog/movies/%d7%90%d7%99%d7%a0%d7%93%d7%9c/: 429 Client Error: Too Many Requests for url: https://crawl4ai-wrapper-559961100092.europe-west1.run.app/scrape
  ✓ https://nfct.org.il/blog/movies/%d7%90%d7%99%d7%a0%d7%aa-%d7%a2%d7%95%d7%9e%d7%a8%d7%99/ → nfct_new__blog_movies_d7_90_d7_99_d7_a0_d7_aa-_d7_a2_d7_95_d7_9e_d7_a8_d7_99__dde0ebde.md (13803 bytes)
  ✓ https://nfct.org.il/blog/movies/%d7%90%d7%99%d7%9a-%d7%9c%d7%94%d7%99%d7%95%d7%aa-%d7%9c%d7%91%d7%93/ → nfct_new__blog_movies_d7_90_d7_99_d7_9a-_d7_9c_d7_94_d7_99_d7_95_d7_aa-_d7_9c_d7_91_d7_93__d86660f2.md (18636 bytes)
  ✗ https://nfct.org.il/blog/movies/%d7%90%d7%9e%d7%90-%d7%90%d7%93%d7%9e%d7%94/: 429 Client Error: Too Many Requests for url: https://crawl4ai-wrapper-559961100092.europe-west1.run.app/scrape
  ✓ https://nfct.org.il/blog/movies/%d7%90%d7%99%d7%9f-%d7%a0%d7%a4%d7%92%d7%a2%d7%99%d7%9d-%d7%91%d7%a0%d7%a4%d7%a9/ → nfct_new__blog_movies_d7_90_d7_99_d7_9f-_d7_a0_d7_a4_d7_92_d7_a2_d7_99_d7_9d-_d7_91_d7_a0___8a528264.md (16298 bytes)
  ✓ https://nfct.org.il/blog/movies/%d7%90%d7%99%d7%a4%d7%94-%d7%94%d7%93%d7%91%d7%a8%d7%99%d7%9d-%d7%a9%d7%9c%d7%99/ → nfct_new__blog_movies_d7_90_d7_99_d7_a4_d7_94-_d7_94_d7_93_d7_91_d7_a8_d7_99_d7_9d-_d7_a9___2249cea9.md (15144 bytes)
  ✓ https://nfct.org.il/blog/movies/%d7%90%d7%99%d7%a9-%d7%94%d7%a6%d7%99%d7%a4%d7%95%d7%a8%d7%99%d7%9d/ → nfct_new__blog_movies_d7_90_d7_99_d7_a9-_d7_94_d7_a6_d7_99_d7_a4_d7_95_d7_a8_d7_99_d7_9d__e3801d61.md (15071 bytes)
  ✗ https://nfct.org.il/blog/movies/%d7%90%d7%9e%d7%90-%d7%9c%d7%90-%d7%94%d7%a8%d7%92%d7%aa%d7%99-%d7%90%d7%aa-%d7%94%d7%91%d7%aa-%d7%a9%d7%9c%d7%9a/: 429 Client Error: Too Many Requests for url: https://crawl4ai-wrapper-559961100092.europe-west1.run.app/scrape
  ✓ https://nfct.org.il/blog/movies/%d7%90%d7%99%d7%9f-%d7%a2%d7%a6%d7%9e%d7%99-%d7%99%d7%a9-%d7%a9%d7%99%d7%a8%d7%94/ → nfct_new__blog_movies_d7_90_d7_99_d7_9f-_d7_a2_d7_a6_d7_9e_d7_99-_d7_99_d7_a9-_d7_a9_d7_99__01eaa27c.md (13977 bytes)
  ✓ https://nfct.org.il/blog/movies/%d7%90%d7%99%d7%a4%d7%94-%d7%90%d7%a0%d7%94-%d7%a4%d7%a8%d7%a0%d7%a7/ → nfct_new__blog_movies_d7_90_d7_99_d7_a4_d7_94-_d7_90_d7_a0_d7_94-_d7_a4_d7_a8_d7_a0_d7_a7__b1d5e8ba.md (28616 bytes)
  ✓ https://nfct.org.il/blog/movies/%d7%90%d7%9c%d7%91%d7%a8%d7%98-%d7%a7%d7%99%d7%95%d7%a1%d7%95-3/ → nfct_new__blog_movies_d7_90_d7_9c_d7_91_d7_a8_d7_98-_d7_a7_d7_99_d7_95_d7_a1_d7_95-3__46476aac.md (19983 bytes)
  ✓ https://nfct.org.il/blog/movies/%d7%90%d7%9c%d7%95%d7%9f-%d7%90%d7%97-%d7%a9%d7%9c%d7%99-%d7%92%d7%99%d7%91%d7%95%d7%a8/ → nfct_new__blog_movies_d7_90_d7_9c_d7_95_d7_9f-_d7_90_d7_97-_d7_a9_d7_9c_d7_99-_d7_92_d7_99__9cc119e2.md (15341 bytes)
  ✗ https://nfct.org.il/blog/movies/%d7%90%d7%9e%d7%99%d7%9c-%d7%97%d7%91%d7%99%d7%91%d7%99-%d7%a0%d7%a9%d7%90%d7%a8%d7%aa%d7%99-%d7%91%d7%97%d7%99%d7%a4%d7%94/: 429 Client Error: Too Many Requests for url: https://crawl4ai-wrapper-559961100092.europe-west1.run.app/scrape
  ✓ https://nfct.org.il/blog/movies/%d7%90%d7%9c%d7%99%d7%a4%d7%9c%d7%98/ → nfct_new__blog_movies_d7_90_d7_9c_d7_99_d7_a4_d7_9c_d7_98__ba43fd3c.md (15500 bytes)
  ✗ https://nfct.org.il/blog/movies/%d7%90%d7%9d-%d7%94%d7%a2%d7%95%d7%9c%d7%9d-%d7%94%d7%96%d7%94-%d7%94%d7%95%d7%90-%d7%99%d7%9d/: 429 Client Error: Too Many Requests for url: https://crawl4ai-wrapper-559961100092.europe-west1.run.app/scrape
  ✗ https://nfct.org.il/blog/movies/%d7%90%d7%a0%d7%90-%d7%94%d7%9e%d7%aa%d7%9f-%d7%9c%d7%a0%d7%a6%d7%99%d7%92/: 429 Client Error: Too Many Requests for url: https://crawl4ai-wrapper-559961100092.europe-west1.run.app/scrape
  ✓ https://nfct.org.il/blog/movies/%d7%90%d7%99%d7%a9%d7%94-%d7%90%d7%97%d7%95%d7%aa/ → nfct_new__blog_movies_d7_90_d7_99_d7_a9_d7_94-_d7_90_d7_97_d7_95_d7_aa__0ab66363.md (18361 bytes)
  ✓ https://nfct.org.il/blog/movies/%d7%90%d7%9d-%d7%90%d7%aa-%d7%a9%d7%95%d7%9e%d7%a2%d7%aa-%d7%aa%d7%a2%d7%a0%d7%99/ → nfct_new__blog_movies_d7_90_d7_9d-_d7_90_d7_aa-_d7_a9_d7_95_d7_9e_d7_a2_d7_aa-_d7_aa_d7_a2__89ad8c42.md (13847 bytes)
  ✓ https://nfct.org.il/blog/movies/%d7%90%d7%9d-%d7%9c%d7%95%d7%9e%d7%a8-%d7%90%d7%aa-%d7%94%d7%90%d7%9e%d7%aa/ → nfct_new__blog_movies_d7_90_d7_9d-_d7_9c_d7_95_d7_9e_d7_a8-_d7_90_d7_aa-_d7_94_d7_90_d7_9e__4b8fe1df.md (20078 bytes)
  ✓ https://nfct.org.il/blog/movies/%d7%90%d7%9c%d7%9b%d7%a1-%d7%95%d7%a0%d7%93%d7%99%d7%94-%d7%9c%d7%a0%d7%a6%d7%97/ → nfct_new__blog_movies_d7_90_d7_9c_d7_9b_d7_a1-_d7_95_d7_a0_d7_93_d7_99_d7_94-_d7_9c_d7_a0___678f362b.md (13961 bytes)
  ✗ https://nfct.org.il/blog/movies/%d7%90%d7%a0%d7%99-%d7%90%d7%92%d7%99%d7%93-%d7%9c%d7%9a-%d7%9b%d7%a9%d7%96%d7%94-%d7%99%d7%92%d7%9e%d7%a8/: 429 Client Error: Too Many Requests for url: https://crawl4ai-wrapper-559961100092.europe-west1.run.app/scrape
  ✓ https://nfct.org.il/blog/movies/%d7%90%d7%9e%d7%90-%d7%9b%d7%9c%d7%9b%d7%9c%d7%94/ → nfct_new__blog_movies_d7_90_d7_9e_d7_90-_d7_9b_d7_9c_d7_9b_d7_9c_d7_94__fb8e1671.md (13565 bytes)
  ✓ https://nfct.org.il/blog/movies/%d7%90%d7%a0%d7%95-%d7%94%d7%a0%d7%95%d7%a1%d7%a2%d7%99%d7%9d-%d7%91%d7%96%d7%9e%d7%9f/ → nfct_new__blog_movies_d7_90_d7_a0_d7_95-_d7_94_d7_a0_d7_95_d7_a1_d7_a2_d7_99_d7_9d-_d7_91___0ca64fce.md (21780 bytes)
  ✗ https://nfct.org.il/blog/movies/%d7%90%d7%a0%d7%99-%d7%91%d7%99%d7%90%d7%9c%d7%99%d7%a7/: 429 Client Error: Too Many Requests for url: https://crawl4ai-wrapper-559961100092.europe-west1.run.app/scrape
  ✗ https://nfct.org.il/blog/movies/%d7%90%d7%9e%d7%90-%d7%a9%d7%9c-%d7%95%d7%9c%d7%a0%d7%98%d7%99%d7%a0%d7%94/: 429 Client Error: Too Many Requests for url: https://crawl4ai-wrapper-559961100092.europe-west1.run.app/scrape
  ✓ https://nfct.org.il/blog/movies/%d7%90%d7%9e%d7%90-%d7%97%d7%95%d7%96%d7%a8%d7%aa-%d7%94%d7%91%d7%99%d7%aa%d7%94/ → nfct_new__blog_movies_d7_90_d7_9e_d7_90-_d7_97_d7_95_d7_96_d7_a8_d7_aa-_d7_94_d7_91_d7_99___8e421980.md (25386 bytes)
  ✓ https://nfct.org.il/blog/movies/%d7%90%d7%9e%d7%90-%d7%99%d7%9c%d7%93%d7%94/ → nfct_new__blog_movies_d7_90_d7_9e_d7_90-_d7_99_d7_9c_d7_93_d7_94__e26b8fc6.md (16263 bytes)
  ✓ https://nfct.org.il/blog/movies/%d7%90%d7%9e%d7%94%d7%95%d7%aa/ → nfct_new__blog_movies_d7_90_d7_9e_d7_94_d7_95_d7_aa__ca4fc7f5.md (15051 bytes)
  ✓ https://nfct.org.il/blog/movies/%d7%90%d7%9e%d7%90-%d7%9c%d7%90-%d7%9e%d7%a9%d7%95%d7%92%d7%a2%d7%aa/ → nfct_new__blog_movies_d7_90_d7_9e_d7_90-_d7_9c_d7_90-_d7_9e_d7_a9_d7_95_d7_92_d7_a2_d7_aa__76ebd208.md (15961 bytes)
  ✓ https://nfct.org.il/blog/movies/%d7%90%d7%9e%d7%90-%d7%a9%d7%9c-%d7%a2%d7%95%d7%9e%d7%a8/ → nfct_new__blog_movies_d7_90_d7_9e_d7_90-_d7_a9_d7_9c-_d7_a2_d7_95_d7_9e_d7_a8__d08a549c.md (15659 bytes)
  ✓ https://nfct.org.il/blog/movies/%d7%90%d7%a0%d7%97%d7%a0%d7%95-%d7%aa%d7%95%d7%a9%d7%91%d7%99-%d7%a9%d7%9b%d7%95%d7%a0%d7%aa-%d7%a1%d7%99%d7%9e%d7%a0%d7%a1/ → nfct_new__blog_movies_d7_90_d7_a0_d7_97_d7_a0_d7_95-_d7_aa_d7_95_d7_a9_d7_91_d7_99-_d7_a9___d5c79e35.md (17864 bytes)
  ✓ https://nfct.org.il/blog/movies/%d7%90%d7%a0%d7%99-%d7%a2%d7%99%d7%99%d7%a3/ → nfct_new__blog_movies_d7_90_d7_a0_d7_99-_d7_a2_d7_99_d7_99_d7_a3__feac9f14.md (11555 bytes)
  ✓ https://nfct.org.il/blog/movies/%d7%90%d7%a0%d7%99-%d7%a2%d7%99%d7%a8%d7%90%d7%a7%d7%99-%d7%a4%d7%99%d7%92%d7%9e%d7%94/ → nfct_new__blog_movies_d7_90_d7_a0_d7_99-_d7_a2_d7_99_d7_a8_d7_90_d7_a7_d7_99-_d7_a4_d7_99___5c8525ab.md (16752 bytes)
  ✓ https://nfct.org.il/blog/movies/%d7%90%d7%a0%d7%97%d7%a0%d7%95-%d7%a6%d7%a8%d7%99%d7%9b%d7%99%d7%9d-%d7%9c%d7%93%d7%91%d7%a8/ → nfct_new__blog_movies_d7_90_d7_a0_d7_97_d7_a0_d7_95-_d7_a6_d7_a8_d7_99_d7_9b_d7_99_d7_9d-___5c81c95a.md (13132 bytes)
  ✗ https://nfct.org.il/blog/movies/%d7%90%d7%a1%d7%aa%d7%a8/: 429 Client Error: Too Many Requests for url: https://crawl4ai-wrapper-559961100092.europe-west1.run.app/scrape
  ✓ https://nfct.org.il/blog/movies/%d7%90%d7%a0%d7%99-%d7%90%d7%a1%d7%aa%d7%a8/ → nfct_new__blog_movies_d7_90_d7_a0_d7_99-_d7_90_d7_a1_d7_aa_d7_a8__e5652644.md (15207 bytes)
  ✗ https://nfct.org.il/blog/movies/%d7%90%d7%a4%d7%99%d7%9c%d7%95-%d7%93%d7%a7%d7%94/: 429 Client Error: Too Many Requests for url: https://crawl4ai-wrapper-559961100092.europe-west1.run.app/scrape
  ✗ https://nfct.org.il/blog/movies/%d7%90%d7%a6%d7%9c%d7%a0%d7%95-%d7%91%d7%97%d7%a6%d7%a8/: 429 Client Error: Too Many Requests for url: https://crawl4ai-wrapper-559961100092.europe-west1.run.app/scrape
  ✗ https://nfct.org.il/blog/movies/%d7%90%d7%97%d7%aa-%d7%94%d7%92%d7%a8%d7%a1%d7%90%d7%95%d7%aa/: HTTPSConnectionPool(host='crawl4ai-wrapper-559961100092.europe-west1.run.app', port=443): Read timed out. (read timeout=120)
  ✗ https://nfct.org.il/blog/movies/%d7%90%d7%a8%d7%95%d7%9f-%d7%94%d7%a7%d7%95%d7%93%d7%a9/: 429 Client Error: Too Many Requests for url: https://crawl4ai-wrapper-559961100092.europe-west1.run.app/scrape
  ✗ https://nfct.org.il/blog/movies/%d7%90%d7%a8%d7%99%d7%95%d7%aa-%d7%9e%d7%aa%d7%a2%d7%95%d7%a8%d7%a8%d7%99%d7%9d-%d7%91%d7%a7%d7%99%d7%a5/: 429 Client Error: Too Many Requests for url: https://crawl4ai-wrapper-559961100092.europe-west1.run.app/scrape
  ✓ https://nfct.org.il/blog/movies/%d7%90%d7%a1%d7%95%d7%9f-%d7%98%d7%91%d7%a2/ → nfct_new__blog_movies_d7_90_d7_a1_d7_95_d7_9f-_d7_98_d7_91_d7_a2__380581ec.md (14276 bytes)
  ✗ https://nfct.org.il/blog/movies/%d7%90%d7%a8%d7%9c%d7%a7%d7%99%d7%a0%d7%95-%d7%9e%d7%90%d7%97%d7%95%d7%a8%d7%99-%d7%94%d7%9e%d7%a1%d7%99%d7%9b%d7%95%d7%aa/: 429 Client Error: Too Many Requests for url: https://crawl4ai-wrapper-559961100092.europe-west1.run.app/scrape
  ✓ https://nfct.org.il/blog/movies/%d7%90%d7%9e%d7%99%d7%9c-%d7%9e%d7%a1%d7%a2%d7%95-%d7%a9%d7%9c-%d7%92%d7%99%d7%91%d7%95%d7%a8/ → nfct_new__blog_movies_d7_90_d7_9e_d7_99_d7_9c-_d7_9e_d7_a1_d7_a2_d7_95-_d7_a9_d7_9c-_d7_92__abd446e8.md (20315 bytes)
  ✗ https://nfct.org.il/blog/movies/%d7%90%d7%a8%d7%a5-%d7%90%d7%94%d7%95%d7%91%d7%94-%d7%a9%d7%9c%d7%99/: 429 Client Error: Too Many Requests for url: https://crawl4ai-wrapper-559961100092.europe-west1.run.app/scrape
  ✗ https://nfct.org.il/blog/movies/%d7%90%d7%a8%d7%a5-%d7%a2%d7%99%d7%a8/: 429 Client Error: Too Many Requests for url: https://crawl4ai-wrapper-559961100092.europe-west1.run.app/scrape
  ✗ https://nfct.org.il/blog/movies/%d7%90%d7%a9%d7%aa-%d7%97%d7%99%d7%9c/: 429 Client Error: Too Many Requests for url: https://crawl4ai-wrapper-559961100092.europe-west1.run.app/scrape
  ✗ https://nfct.org.il/blog/movies/%d7%90%d7%aa%d7%94-%d7%aa%d7%97%d7%99%d7%94-%d7%90%d7%91%d7%9c-%d7%91%d7%99%d7%a9%d7%a8%d7%90%d7%9c/: 429 Client Error: Too Many Requests for url: https://crawl4ai-wrapper-559961100092.europe-west1.run.app/scrape
  ✗ https://nfct.org.il/blog/movies/%d7%90%d7%aa-%d7%95%d7%90%d7%a0%d7%99-%d7%95%d7%94%d7%98%d7%91%d7%a2/: 429 Client Error: Too Many Requests for url: https://crawl4ai-wrapper-559961100092.europe-west1.run.app/scrape
  ✗ https://nfct.org.il/blog/movies/%d7%90%d7%aa-%d7%9e%d7%a1%d7%9b%d7%99%d7%9e%d7%94-%d7%a9%d7%90%d7%a0%d7%99-%d7%90%d7%a6%d7%9c%d7%9d-%d7%90%d7%95%d7%aa%d7%9a/: 429 Client Error: Too Many Requests for url: https://crawl4ai-wrapper-559961100092.europe-west1.run.app/scrape
  ✗ https://nfct.org.il/blog/movies/%d7%90%d7%a0%d7%99-%d7%90%d7%a8%d7%90%d7%94-%d7%90%d7%95%d7%aa%d7%9a-%d7%91%d7%99%d7%aa/: 429 Client Error: Too Many Requests for url: https://crawl4ai-wrapper-559961100092.europe-west1.run.app/scrape
  ✗ https://nfct.org.il/blog/movies/%d7%90-%d7%a7%d7%99%d7%a6%d7%a2%d7%a8-2022/: 429 Client Error: Too Many Requests for url: https://crawl4ai-wrapper-559961100092.europe-west1.run.app/scrape
  ✓ https://nfct.org.il/blog/movies/%d7%90%d7%9e%d7%99%d7%a6%d7%95%d7%aa/ → nfct_new__blog_movies_d7_90_d7_9e_d7_99_d7_a6_d7_95_d7_aa__527c6e6b.md (18394 bytes)
  ✗ https://nfct.org.il/blog/movies/%d7%91%d7%90%d7%99%d7%a0%d7%9e%d7%92%d7%a2/: 429 Client Error: Too Many Requests for url: https://crawl4ai-wrapper-559961100092.europe-west1.run.app/scrape
  ✗ https://nfct.org.il/blog/movies/%d7%91%d7%90%d7%a0%d7%a6%d7%99/: 429 Client Error: Too Many Requests for url: https://crawl4ai-wrapper-559961100092.europe-west1.run.app/scrape
  ✓ https://nfct.org.il/blog/movies/%d7%90%d7%a0%d7%98%d7%99%d7%a9%d7%9e%d7%99%d7%95%d7%aa-%d7%9c%d7%90-%d7%9e%d7%94-%d7%a9%d7%97%d7%a9%d7%91%d7%aa/ → nfct_new__blog_movies_d7_90_d7_a0_d7_98_d7_99_d7_a9_d7_9e_d7_99_d7_95_d7_aa-_d7_9c_d7_90-___4333ae6d.md (16624 bytes)
  ✓ https://nfct.org.il/blog/movies/%d7%90%d7%a1%d7%99%d7%a1%d7%98/ → nfct_new__blog_movies_d7_90_d7_a1_d7_99_d7_a1_d7_98__b4fb2b06.md (15497 bytes)
  ✗ https://nfct.org.il/blog/movies/%d7%91%d7%92%d7%99%d7%9f/: 429 Client Error: Too Many Requests for url: https://crawl4ai-wrapper-559961100092.europe-west1.run.app/scrape
  ✓ https://nfct.org.il/blog/movies/%d7%90%d7%a0%d7%aa%d7%a8%d7%a7%d7%a1/ → nfct_new__blog_movies_d7_90_d7_a0_d7_aa_d7_a8_d7_a7_d7_a1__206c95f5.md (15432 bytes)
  ✓ https://nfct.org.il/blog/movies/%d7%90%d7%a1%d7%99%d7%94/ → nfct_new__blog_movies_d7_90_d7_a1_d7_99_d7_94__a7b80855.md (15879 bytes)
  ✓ https://nfct.org.il/blog/movies/%d7%90%d7%a1%d7%9e%d7%a8/ → nfct_new__blog_movies_d7_90_d7_a1_d7_9e_d7_a8__bc35a966.md (15011 bytes)
  ✓ https://nfct.org.il/blog/movies/%d7%90%d7%a1%d7%a0%d7%a1/ → nfct_new__blog_movies_d7_90_d7_a1_d7_a0_d7_a1__11062da7.md (17220 bytes)
  ✓ https://nfct.org.il/blog/movies/%d7%90%d7%a0%d7%99-%d7%a8%d7%95%d7%a6%d7%94-%d7%9c%d7%96%d7%9b%d7%95%d7%a8-%d7%94%d7%95%d7%90-%d7%a8%d7%95%d7%a6%d7%94-%d7%9c%d7%a9%d7%9b%d7%95%d7%97/ → nfct_new__blog_movies_d7_90_d7_a0_d7_99-_d7_a8_d7_95_d7_a6_d7_94-_d7_9c_d7_96_d7_9b_d7_95___e77b290d.md (17421 bytes)
  ✗ https://nfct.org.il/blog/movies/%d7%91%d7%93%d7%a8%d7%9a-%d7%97%d7%96%d7%a8%d7%94/: 429 Client Error: Too Many Requests for url: https://crawl4ai-wrapper-559961100092.europe-west1.run.app/scrape
  ✗ https://nfct.org.il/blog/movies/%d7%91%d7%94%d7%9e%d7%aa%d7%a0%d7%94/: 429 Client Error: Too Many Requests for url: https://crawl4ai-wrapper-559961100092.europe-west1.run.app/scrape
  ✓ https://nfct.org.il/blog/movies/%d7%90%d7%aa%d7%94-%d7%97%d7%99%d7%99%d7%91-%d7%9c%d7%a2%d7%a9%d7%95%d7%aa-%d7%9e%d7%96%d7%94-%d7%a1%d7%a8%d7%98/ → nfct_new__blog_movies_d7_90_d7_aa_d7_94-_d7_97_d7_99_d7_99_d7_91-_d7_9c_d7_a2_d7_a9_d7_95___a90a9441.md (15075 bytes)
  ✗ https://nfct.org.il/blog/movies/%d7%91%d7%95%d7%91%d7%94-%d7%9e%d7%99%d7%99%d7%a1%d7%a1/: 429 Client Error: Too Many Requests for url: https://crawl4ai-wrapper-559961100092.europe-west1.run.app/scrape
  ✗ https://nfct.org.il/blog/movies/%d7%91%d7%95%d7%91%d7%9c%d7%94/: 429 Client Error: Too Many Requests for url: https://crawl4ai-wrapper-559961100092.europe-west1.run.app/scrape
  ✗ https://nfct.org.il/blog/movies/%d7%90%d7%a7%d7%99%d7%a6%d7%a2%d7%a8/: 429 Client Error: Too Many Requests for url: https://crawl4ai-wrapper-559961100092.europe-west1.run.app/scrape
  ✓ https://nfct.org.il/blog/movies/%d7%90%d7%a3-%d7%9e%d7%99%d7%9c%d7%94-%d7%90%d7%9e%d7%aa/ → nfct_new__blog_movies_d7_90_d7_a3-_d7_9e_d7_99_d7_9c_d7_94-_d7_90_d7_9e_d7_aa__c6ed1ab5.md (15439 bytes)
  ✓ https://nfct.org.il/blog/movies/%d7%90%d7%a0%d7%99-%d7%a8%d7%95%d7%90%d7%94-%d7%90%d7%95%d7%aa%d7%9a/ → nfct_new__blog_movies_d7_90_d7_a0_d7_99-_d7_a8_d7_95_d7_90_d7_94-_d7_90_d7_95_d7_aa_d7_9a__6915f0ed.md (8561 bytes)
  ✓ https://nfct.org.il/blog/movies/%d7%90%d7%a8%d7%99-%d7%95%d7%94%d7%96%d7%a8%d7%a2-%d7%94%d7%a7%d7%93%d7%95%d7%a9/ → nfct_new__blog_movies_d7_90_d7_a8_d7_99-_d7_95_d7_94_d7_96_d7_a8_d7_a2-_d7_94_d7_a7_d7_93___fc1f3220.md (12887 bytes)
  ✓ https://nfct.org.il/blog/movies/%d7%91%d7%90%d7%91%d7%90-%d7%9c%d7%95%d7%91%d7%94/ → nfct_new__blog_movies_d7_91_d7_90_d7_91_d7_90-_d7_9c_d7_95_d7_91_d7_94__aeeda1f6.md (16211 bytes)
  ✓ https://nfct.org.il/blog/movies/%d7%91%d7%93%d7%99%d7%a7%d7%aa-%d7%9b%d7%a9%d7%a8%d7%95%d7%aa/ → nfct_new__blog_movies_d7_91_d7_93_d7_99_d7_a7_d7_aa-_d7_9b_d7_a9_d7_a8_d7_95_d7_aa__3476e9d0.md (13654 bytes)
  ✓ https://nfct.org.il/blog/movies/%d7%90-%d7%a7%d7%99%d7%a6%d7%a2%d7%a8-2021/ → nfct_new__blog_movies_d7_90-_d7_a7_d7_99_d7_a6_d7_a2_d7_a8-2021__b0c83c0f.md (15902 bytes)
  ✓ https://nfct.org.il/blog/movies/%d7%91%d7%91%d7%95%d7%90%d7%95%d7%aa-reflejos/ → nfct_new__blog_movies_d7_91_d7_91_d7_95_d7_90_d7_95_d7_aa-reflejos__7ab1a7d7.md (15359 bytes)
  ✗ https://nfct.org.il/blog/movies/%d7%91%d7%98%d7%a8%d7%a0%d7%93/: 429 Client Error: Too Many Requests for url: https://crawl4ai-wrapper-559961100092.europe-west1.run.app/scrape
  ✗ https://nfct.org.il/blog/movies/%d7%91%d7%99%d7%93%d7%95%d7%93-%d7%9c%d7%97%d7%95%d7%9e%d7%a8%d7%90/: 429 Client Error: Too Many Requests for url: https://crawl4ai-wrapper-559961100092.europe-west1.run.app/scrape
  ✗ https://nfct.org.il/blog/movies/%d7%91%d7%99%d7%99%d7%a9%d7%a0%d7%95%d7%aa-%d7%94%d7%9b%d7%aa%d7%a8/: 429 Client Error: Too Many Requests for url: https://crawl4ai-wrapper-559961100092.europe-west1.run.app/scrape
  ✗ https://nfct.org.il/blog/movies/%d7%91%d7%93%d7%a8%d7%9a-%d7%94%d7%91%d7%99%d7%aa%d7%94/: 429 Client Error: Too Many Requests for url: https://crawl4ai-wrapper-559961100092.europe-west1.run.app/scrape
  ✗ https://nfct.org.il/blog/movies/%d7%91%d7%95%d7%90%d7%99-%d7%94%d7%91%d7%99%d7%aa%d7%94/: 429 Client Error: Too Many Requests for url: https://crawl4ai-wrapper-559961100092.europe-west1.run.app/scrape
  ✓ https://nfct.org.il/blog/movies/%d7%91%d7%91%d7%99%d7%aa-%d7%a9%d7%9c%d7%99/ → nfct_new__blog_movies_d7_91_d7_91_d7_99_d7_aa-_d7_a9_d7_9c_d7_99__e8eaca68.md (12732 bytes)
  ✓ https://nfct.org.il/blog/movies/%d7%91%d7%95%d7%97%d7%9f-%d7%9b%d7%9c%d7%99%d7%95%d7%aa/ → nfct_new__blog_movies_d7_91_d7_95_d7_97_d7_9f-_d7_9b_d7_9c_d7_99_d7_95_d7_aa__301e2fb5.md (16713 bytes)
  ✗ https://nfct.org.il/blog/movies/%d7%91%d7%99%d7%9f-%d7%97%d7%95%d7%a8%d7%a3-%d7%9c%d7%90%d7%91%d7%99%d7%91/: 429 Client Error: Too Many Requests for url: https://crawl4ai-wrapper-559961100092.europe-west1.run.app/scrape
  ✓ https://nfct.org.il/blog/movies/%d7%91%d7%93%d7%a7-%d7%91%d7%99%d7%aa/ → nfct_new__blog_movies_d7_91_d7_93_d7_a7-_d7_91_d7_99_d7_aa__a4592e26.md (13830 bytes)
  ✓ https://nfct.org.il/blog/movies/%d7%91%d7%93%d7%9e%d7%99-%d7%99%d7%9e%d7%99%d7%94/ → nfct_new__blog_movies_d7_91_d7_93_d7_9e_d7_99-_d7_99_d7_9e_d7_99_d7_94__24a8f3d7.md (14633 bytes)
  ✓ https://nfct.org.il/blog/movies/%d7%91%d7%93%d7%99%d7%93%d7%95%d7%93/ → nfct_new__blog_movies_d7_91_d7_93_d7_99_d7_93_d7_95_d7_93__1a9434a8.md (14884 bytes)
  ✓ https://nfct.org.il/blog/movies/%d7%91%d7%95%d7%a7%d7%a8-%d7%98%d7%95%d7%91-%d7%99%d7%a8%d7%95%d7%a9%d7%9c%d7%99%d7%9d/ → nfct_new__blog_movies_d7_91_d7_95_d7_a7_d7_a8-_d7_98_d7_95_d7_91-_d7_99_d7_a8_d7_95_d7_a9___d6639113.md (17450 bytes)
  ✓ https://nfct.org.il/blog/movies/%d7%91%d7%95%d7%a2%d7%95%d7%aa/ → nfct_new__blog_movies_d7_91_d7_95_d7_a2_d7_95_d7_aa__af3ed56f.md (14643 bytes)
  ✗ https://nfct.org.il/blog/movies/%d7%91%d7%99%d7%aa-%d7%a9%d7%90%d7%9f-%d7%a1%d7%a8%d7%98-%d7%9e%d7%9c%d7%97%d7%9e%d7%94/: 429 Client Error: Too Many Requests for url: https://crawl4ai-wrapper-559961100092.europe-west1.run.app/scrape
  ✗ https://nfct.org.il/blog/movies/%d7%91%d7%97%d7%96%d7%a7%d7%aa-%d7%a1%d7%90%d7%98%d7%9e%d7%a8/: 429 Client Error: Too Many Requests for url: https://crawl4ai-wrapper-559961100092.europe-west1.run.app/scrape
  ✓ https://nfct.org.il/blog/movies/%d7%91%d7%98%d7%95%d7%9f/ → nfct_new__blog_movies_d7_91_d7_98_d7_95_d7_9f__abdd5b8c.md (17690 bytes)
  ✓ https://nfct.org.il/blog/movies/%d7%91%d7%95%d7%a8%d7%92/ → nfct_new__blog_movies_d7_91_d7_95_d7_a8_d7_92__0729031d.md (18147 bytes)
  ✗ https://nfct.org.il/blog/movies/%d7%91%d7%9c%d7%95%d7%9e%d7%a4%d7%99%d7%9c%d7%93/: 429 Client Error: Too Many Requests for url: https://crawl4ai-wrapper-559961100092.europe-west1.run.app/scrape
  ✓ https://nfct.org.il/blog/movies/%d7%91%d7%99%d7%9f-%d7%94%d7%a0%d7%92%d7%91-%d7%9c%d7%92%d7%9c%d7%99%d7%9c/ → nfct_new__blog_movies_d7_91_d7_99_d7_9f-_d7_94_d7_a0_d7_92_d7_91-_d7_9c_d7_92_d7_9c_d7_99___f2575b31.md (19293 bytes)
  ✗ https://nfct.org.il/blog/movies/%d7%91%d7%9c%d7%99-%d7%9c%d7%95%d7%9e%d7%a8-%d7%9e%d7%99%d7%9c%d7%94/: 429 Client Error: Too Many Requests for url: https://crawl4ai-wrapper-559961100092.europe-west1.run.app/scrape
  ✓ https://nfct.org.il/blog/movies/%d7%91%d7%97%d7%93%d7%a8-%d7%a9%d7%9c%d7%99/ → nfct_new__blog_movies_d7_91_d7_97_d7_93_d7_a8-_d7_a9_d7_9c_d7_99__90200e00.md (18784 bytes)
  ✓ https://nfct.org.il/blog/movies/%d7%91%d7%97%d7%95%d7%9e%d7%a9-%d7%a7%d7%a8%d7%95%d7%91-%d7%9c%d7%a9%d7%9e%d7%99%d7%9d/ → nfct_new__blog_movies_d7_91_d7_97_d7_95_d7_9e_d7_a9-_d7_a7_d7_a8_d7_95_d7_91-_d7_9c_d7_a9___0af4ead9.md (17091 bytes)
  ✗ https://nfct.org.il/blog/movies/%d7%91%d7%9e%d7%a7%d7%95%d7%9e%d7%95/: 429 Client Error: Too Many Requests for url: https://crawl4ai-wrapper-559961100092.europe-west1.run.app/scrape
  ✗ https://nfct.org.il/blog/movies/%d7%91%d7%9f-%d7%93%d7%95%d7%93/: 429 Client Error: Too Many Requests for url: https://crawl4ai-wrapper-559961100092.europe-west1.run.app/scrape
  ✗ https://nfct.org.il/blog/movies/%d7%91%d7%9f-%d7%a9%d7%9c/: 429 Client Error: Too Many Requests for url: https://crawl4ai-wrapper-559961100092.europe-west1.run.app/scrape
  ✓ https://nfct.org.il/blog/movies/%d7%91%d7%99%d7%9f-%d7%94%d7%a9%d7%9e%d7%a9%d7%95%d7%aa/ → nfct_new__blog_movies_d7_91_d7_99_d7_9f-_d7_94_d7_a9_d7_9e_d7_a9_d7_95_d7_aa__3dea0521.md (16279 bytes)
  ✗ https://nfct.org.il/blog/movies/%d7%91%d7%a0%d7%95%d7%aa-%d7%9b%d7%9e%d7%95%d7%a0%d7%95/: 429 Client Error: Too Many Requests for url: https://crawl4ai-wrapper-559961100092.europe-west1.run.app/scrape
  ✓ https://nfct.org.il/blog/movies/%d7%91%d7%99%d7%9f-%d7%94%d7%a1%d7%93%d7%99%d7%a0%d7%99%d7%9d/ → nfct_new__blog_movies_d7_91_d7_99_d7_9f-_d7_94_d7_a1_d7_93_d7_99_d7_a0_d7_99_d7_9d__b0f8f9a8.md (17852 bytes)
  ✗ https://nfct.org.il/blog/movies/%d7%91%d7%a2%d7%99%d7%9c%d7%95%d7%9d-%d7%a9%d7%9d-%d7%91%d7%97%d7%96%d7%a8%d7%94-%d7%9c%d7%91%d7%a8%d7%a0%d7%95%d7%a2%d7%a8/: 429 Client Error: Too Many Requests for url: https://crawl4ai-wrapper-559961100092.europe-west1.run.app/scrape
  ✗ https://nfct.org.il/blog/movies/%d7%91%d7%a2%d7%99%d7%a0%d7%99%d7%99%d7%9d-%d7%a9%d7%9c%d7%99-%d7%a1%d7%99%d7%a4%d7%95%d7%a8%d7%99-%d7%a6%d7%a2%d7%99%d7%a8%d7%99%d7%9d-%d7%9e%d7%94%d7%92%d7%9c%d7%99%d7%9c/: 429 Client Error: Too Many Requests for url: https://crawl4ai-wrapper-559961100092.europe-west1.run.app/scrape
  ✗ https://nfct.org.il/blog/movies/%d7%91%d7%a2%d7%9c%d7%95%d7%aa-%d7%91%d7%a8%d7%99%d7%aa/: 429 Client Error: Too Many Requests for url: https://crawl4ai-wrapper-559961100092.europe-west1.run.app/scrape
  ✗ https://nfct.org.il/blog/movies/%d7%91%d7%a2%d7%9c-%d7%94%d7%97%d7%9c%d7%95%d7%9e%d7%95%d7%aa/: 429 Client Error: Too Many Requests for url: https://crawl4ai-wrapper-559961100092.europe-west1.run.app/scrape
  ✓ https://nfct.org.il/blog/movies/%d7%91%d7%99%d7%9f-%d7%a7%d7%a8%d7%99%d7%99%d7%a8%d7%94-%d7%9c%d7%90%d7%94%d7%91%d7%94/ → nfct_new__blog_movies_d7_91_d7_99_d7_9f-_d7_a7_d7_a8_d7_99_d7_99_d7_a8_d7_94-_d7_9c_d7_90___09476209.md (16220 bytes)
  ✗ https://nfct.org.il/blog/movies/%d7%91%d7%a2%d7%a7%d7%91%d7%95%d7%aa-%d7%94%d7%97%d7%aa%d7%99%d7%9b%d7%94-%d7%94%d7%97%d7%a1%d7%a8%d7%94/: 429 Client Error: Too Many Requests for url: https://crawl4ai-wrapper-559961100092.europe-west1.run.app/scrape
  ✗ https://nfct.org.il/blog/movies/%d7%91%d7%a2%d7%a7%d7%91%d7%95%d7%aa-%d7%a7%d7%a0%d7%93%d7%99%d7%a0%d7%a1%d7%a7%d7%99-%d7%91%d7%a2%d7%a7%d7%91%d7%95%d7%aa-%d7%a7%d7%9c%d7%99%d7%99-%d7%91%d7%a2%d7%a7%d7%91%d7%95%d7%aa-%d7%9e%d7%95/: 429 Client Error: Too Many Requests for url: https://crawl4ai-wrapper-559961100092.europe-west1.run.app/scrape
  ✓ https://nfct.org.il/blog/movies/%d7%91%d7%99%d7%a7%d7%95%d7%a8-%d7%90%d7%97%d7%a8%d7%95%d7%9f/ → nfct_new__blog_movies_d7_91_d7_99_d7_a7_d7_95_d7_a8-_d7_90_d7_97_d7_a8_d7_95_d7_9f__c90cdae7.md (14815 bytes)
  ✗ https://nfct.org.il/blog/movies/%d7%91%d7%a7%d7%95%d7%9e%d7%a8%d7%a0%d7%99%d7%a1/: 429 Client Error: Too Many Requests for url: https://crawl4ai-wrapper-559961100092.europe-west1.run.app/scrape
  ✓ https://nfct.org.il/blog/movies/%d7%91%d7%99%d7%aa-%d7%94%d7%99%d7%9c%d7%93%d7%99%d7%9d/ → nfct_new__blog_movies_d7_91_d7_99_d7_aa-_d7_94_d7_99_d7_9c_d7_93_d7_99_d7_9d__fd023458.md (19969 bytes)
  ✓ https://nfct.org.il/blog/movies/%d7%91%d7%99%d7%aa-%d7%97%d7%9c%d7%95%d7%9e%d7%95%d7%aa%d7%99%d7%99/ → nfct_new__blog_movies_d7_91_d7_99_d7_aa-_d7_97_d7_9c_d7_95_d7_9e_d7_95_d7_aa_d7_99_d7_99__3a0ac074.md (15096 bytes)
  ✗ https://nfct.org.il/blog/movies/%d7%91%d7%a8%d7%95%d7%a0%d7%a7%d7%94/: 429 Client Error: Too Many Requests for url: https://crawl4ai-wrapper-559961100092.europe-west1.run.app/scrape
  ✓ https://nfct.org.il/blog/movies/%d7%91%d7%9c%d7%99-%d7%91%d7%95%d7%a9%d7%94/ → nfct_new__blog_movies_d7_91_d7_9c_d7_99-_d7_91_d7_95_d7_a9_d7_94__28f6fe46.md (12611 bytes)
  ✗ https://nfct.org.il/blog/movies/%d7%91%d7%a8%d7%a9/: 429 Client Error: Too Many Requests for url: https://crawl4ai-wrapper-559961100092.europe-west1.run.app/scrape
  ✗ https://nfct.org.il/blog/movies/%d7%91%d7%a9%d7%91%d7%99%d7%9c%d7%99-%d7%94%d7%9d-%d7%99%d7%95%d7%aa%d7%a8-%d7%98%d7%95%d7%91%d7%99%d7%9d-%d7%9e%d7%94%d7%91%d7%99%d7%98%d7%9c%d7%a1/: 429 Client Error: Too Many Requests for url: https://crawl4ai-wrapper-559961100092.europe-west1.run.app/scrape
  ✓ https://nfct.org.il/blog/movies/%d7%91%d7%99%d7%a7%d7%95%d7%a8-%d7%94%d7%95%d7%a8%d7%99%d7%9d/ → nfct_new__blog_movies_d7_91_d7_99_d7_a7_d7_95_d7_a8-_d7_94_d7_95_d7_a8_d7_99_d7_9d__8f75c7ce.md (15210 bytes)
  ✓ https://nfct.org.il/blog/movies/%d7%91%d7%99%d7%aa/ → nfct_new__blog_movies_d7_91_d7_99_d7_aa__922c51a9.md (16253 bytes)
  ✓ https://nfct.org.il/blog/movies/%d7%91%d7%99%d7%a9%d7%a2%d7%94-%d7%9e%d7%91%d7%97%d7%9f-%d7%94%d7%90%d7%a9-%d7%94%d7%a0%d7%95%d7%a8%d7%90/ → nfct_new__blog_movies_d7_91_d7_99_d7_a9_d7_a2_d7_94-_d7_9e_d7_91_d7_97_d7_9f-_d7_94_d7_90___42d09ec8.md (17022 bytes)
  ✗ https://nfct.org.il/blog/movies/%d7%91%d7%a9%d7%9e%d7%99%d7%9d-%d7%90%d7%97%d7%a8%d7%99%d7%9d/: 429 Client Error: Too Many Requests for url: https://crawl4ai-wrapper-559961100092.europe-west1.run.app/scrape
  ✓ https://nfct.org.il/blog/movies/%d7%91%d7%9c%d7%a0%d7%93/ → nfct_new__blog_movies_d7_91_d7_9c_d7_a0_d7_93__77c6cffa.md (14938 bytes)
  ✓ https://nfct.org.il/blog/movies/%d7%91%d7%a7%d7%a6%d7%94-%d7%94%d7%97%d7%9c%d7%95%d7%9f/ → nfct_new__blog_movies_d7_91_d7_a7_d7_a6_d7_94-_d7_94_d7_97_d7_9c_d7_95_d7_9f__c135d4ff.md (14189 bytes)
  ✗ https://nfct.org.il/blog/movies/%d7%91%d7%aa%d7%95%d7%9a-%d7%94%d7%a6%d7%99%d7%a0%d7%95%d7%a8%d7%95%d7%aa/: 429 Client Error: Too Many Requests for url: https://crawl4ai-wrapper-559961100092.europe-west1.run.app/scrape
  ✗ https://nfct.org.il/blog/movies/%d7%91%d7%aa%d7%99-%d7%90%d7%aa/: 429 Client Error: Too Many Requests for url: https://crawl4ai-wrapper-559961100092.europe-west1.run.app/scrape
  ✓ https://nfct.org.il/blog/movies/%d7%91%d7%9b%d7%99%d7%a0%d7%95-%d7%91%d7%9c%d7%99-%d7%93%d7%9e%d7%a2%d7%95%d7%aa/ → nfct_new__blog_movies_d7_91_d7_9b_d7_99_d7_a0_d7_95-_d7_91_d7_9c_d7_99-_d7_93_d7_9e_d7_a2___056f0612.md (18592 bytes)
  ✓ https://nfct.org.il/blog/movies/%d7%91%d7%a0%d7%99-%d7%93%d7%95%d7%93%d7%99%d7%9d-%d7%9c%d7%a0%d7%a9%d7%a7/ → nfct_new__blog_movies_d7_91_d7_a0_d7_99-_d7_93_d7_95_d7_93_d7_99_d7_9d-_d7_9c_d7_a0_d7_a9___49a9b8e0.md (21360 bytes)
  ✓ https://nfct.org.il/blog/movies/%d7%91%d7%99%d7%aa-home/ → nfct_new__blog_movies_d7_91_d7_99_d7_aa-home__f0a57681.md (15713 bytes)
  ✗ https://nfct.org.il/blog/movies/%d7%92%d7%90%d7%a7-%d7%95%d7%92%d7%98%d7%94/: 429 Client Error: Too Many Requests for url: https://crawl4ai-wrapper-559961100092.europe-west1.run.app/scrape
  ✗ https://nfct.org.il/blog/movies/%d7%92%d7%91%d7%a2%d7%94-314/: 429 Client Error: Too Many Requests for url: https://crawl4ai-wrapper-559961100092.europe-west1.run.app/scrape
  ✓ https://nfct.org.il/blog/movies/%d7%91%d7%a6%d7%a2%d7%93%d7%99%d7%9d-%d7%a7%d7%98%d7%a0%d7%99%d7%9d/ → nfct_new__blog_movies_d7_91_d7_a6_d7_a2_d7_93_d7_99_d7_9d-_d7_a7_d7_98_d7_a0_d7_99_d7_9d__6ada29bc.md (15750 bytes)
  ✓ https://nfct.org.il/blog/movies/%d7%91%d7%a7%d7%91%d7%95%d7%a7-%d7%91%d7%9e%d7%a8%d7%aa%d7%a3/ → nfct_new__blog_movies_d7_91_d7_a7_d7_91_d7_95_d7_a7-_d7_91_d7_9e_d7_a8_d7_aa_d7_a3__689c6524.md (16453 bytes)
  ✓ https://nfct.org.il/blog/movies/%d7%91%d7%a9%d7%9d-%d7%97%d7%95%d7%9e%d7%aa-%d7%9e%d7%92%d7%9f/ → nfct_new__blog_movies_d7_91_d7_a9_d7_9d-_d7_97_d7_95_d7_9e_d7_aa-_d7_9e_d7_92_d7_9f__ed654509.md (14072 bytes)
  ✓ https://nfct.org.il/blog/movies/%d7%91%d7%a8%d7%90%d7%a9%d7%99%d7%aa/ → nfct_new__blog_movies_d7_91_d7_a8_d7_90_d7_a9_d7_99_d7_aa__896b999f.md (22405 bytes)
  ✓ https://nfct.org.il/blog/movies/%d7%91%d7%9e%d7%98%d7%91%d7%97-%d7%a9%d7%9c-%d7%a4%d7%a8%d7%99%d7%99%d7%9e%d7%9f/ → nfct_new__blog_movies_d7_91_d7_9e_d7_98_d7_91_d7_97-_d7_a9_d7_9c-_d7_a4_d7_a8_d7_99_d7_99___f3e91b81.md (22267 bytes)
  ✓ https://nfct.org.il/blog/movies/%d7%91%d7%9f/ → nfct_new__blog_movies_d7_91_d7_9f__6c79cf13.md (17118 bytes)
  ✗ https://nfct.org.il/blog/movies/%d7%92%d7%95%d7%9c%d7%93%d7%9f-%d7%9e%d7%a8%d7%92%d7%a8%d7%99%d7%98/: 429 Client Error: Too Many Requests for url: https://crawl4ai-wrapper-559961100092.europe-west1.run.app/scrape
  ✗ https://nfct.org.il/blog/movies/%d7%92%d7%95%d7%a0%d7%92%d7%9c-%d7%97%d7%aa%d7%95%d7%9c%d7%99%d7%9d-%d7%91%d7%aa%d7%9c-%d7%90%d7%91%d7%99%d7%91/: 429 Client Error: Too Many Requests for url: https://crawl4ai-wrapper-559961100092.europe-west1.run.app/scrape
  ✓ https://nfct.org.il/blog/movies/%d7%91%d7%a9%d7%9d-%d7%94%d7%90%d7%9c%d7%95%d7%94%d7%99%d7%9d/ → nfct_new__blog_movies_d7_91_d7_a9_d7_9d-_d7_94_d7_90_d7_9c_d7_95_d7_94_d7_99_d7_9d__2660f789.md (17133 bytes)
  ✓ https://nfct.org.il/blog/movies/%d7%92%d7%91%d7%a8-%d7%9e%d7%94%d7%a1%d7%a8%d7%98%d7%99%d7%9d/ → nfct_new__blog_movies_d7_92_d7_91_d7_a8-_d7_9e_d7_94_d7_a1_d7_a8_d7_98_d7_99_d7_9d__d1c29431.md (17706 bytes)
  ✓ https://nfct.org.il/blog/movies/%d7%91%d7%a9%d7%9d-%d7%94%d7%90%d7%91/ → nfct_new__blog_movies_d7_91_d7_a9_d7_9d-_d7_94_d7_90_d7_91__31523c9f.md (17485 bytes)
  ✓ https://nfct.org.il/blog/movies/%d7%91%d7%a8%d7%9c%d7%94-%d7%91%d7%a8%d7%9c%d7%94/ → nfct_new__blog_movies_d7_91_d7_a8_d7_9c_d7_94-_d7_91_d7_a8_d7_9c_d7_94__6e43d2a8.md (12474 bytes)
  ✗ https://nfct.org.il/blog/movies/%d7%92%d7%9c%d7%95%d7%aa-%d7%a9%d7%a0%d7%97%d7%90%d7%99/: 429 Client Error: Too Many Requests for url: https://crawl4ai-wrapper-559961100092.europe-west1.run.app/scrape
  ✗ https://nfct.org.il/blog/movies/%d7%91%d7%aa%d7%9a-%d7%99%d7%a2%d7%9c/: 429 Client Error: Too Many Requests for url: https://crawl4ai-wrapper-559961100092.europe-west1.run.app/scrape
  ✓ https://nfct.org.il/blog/movies/%d7%91%d7%a9%d7%a0%d7%94-%d7%94%d7%91%d7%90%d7%94-%d7%91%d7%99%d7%a8%d7%95%d7%a9%d7%9c%d7%99%d7%9d/ → nfct_new__blog_movies_d7_91_d7_a9_d7_a0_d7_94-_d7_94_d7_91_d7_90_d7_94-_d7_91_d7_99_d7_a8___65fb3ea8.md (18437 bytes)
  ✓ https://nfct.org.il/blog/movies/%d7%92%d7%99%d7%99%d7%9d-%d7%a6%d7%99%d7%99%d7%a0%d7%92%d7%a8/ → nfct_new__blog_movies_d7_92_d7_99_d7_99_d7_9d-_d7_a6_d7_99_d7_99_d7_a0_d7_92_d7_a8__31ff239f.md (15625 bytes)
  ✓ https://nfct.org.il/blog/movies/%d7%91%d7%aa%d7%95%d7%9a-%d7%91%d7%99%d7%aa%d7%94/ → nfct_new__blog_movies_d7_91_d7_aa_d7_95_d7_9a-_d7_91_d7_99_d7_aa_d7_94__02457442.md (15003 bytes)
  ✓ https://nfct.org.il/blog/movies/%d7%91%d7%aa-%d7%a9%d7%99%d7%a8%d7%95%d7%aa/ → nfct_new__blog_movies_d7_91_d7_aa-_d7_a9_d7_99_d7_a8_d7_95_d7_aa__c81010c5.md (15391 bytes)
  ✓ https://nfct.org.il/blog/movies/%d7%92%d7%91%d7%a2%d7%aa-%d7%94%d7%99%d7%a8%d7%97/ → nfct_new__blog_movies_d7_92_d7_91_d7_a2_d7_aa-_d7_94_d7_99_d7_a8_d7_97__f7756882.md (15783 bytes)
  ✓ https://nfct.org.il/blog/movies/%d7%92%d7%9d-%d7%a1%d7%a9%d7%9f/ → nfct_new__blog_movies_d7_92_d7_9d-_d7_a1_d7_a9_d7_9f__74a5cb4b.md (14833 bytes)
  ✓ https://nfct.org.il/blog/movies/%d7%92%d7%90%d7%93%d7%95-%d7%a9%d7%95%d7%90%d7%94-%d7%91%d7%9e%d7%93%d7%91%d7%a8/ → nfct_new__blog_movies_d7_92_d7_90_d7_93_d7_95-_d7_a9_d7_95_d7_90_d7_94-_d7_91_d7_9e_d7_93___ed27a3e3.md (21328 bytes)
  ✗ https://nfct.org.il/blog/movies/%d7%92%d7%95%d7%9c%d7%93%d7%94/: 429 Client Error: Too Many Requests for url: https://crawl4ai-wrapper-559961100092.europe-west1.run.app/scrape
  ✗ https://nfct.org.il/blog/movies/%d7%92%d7%93%d7%a8-%d7%97%d7%95%d7%9e%d7%94-%d7%92%d7%91%d7%95%d7%9c/: 429 Client Error: Too Many Requests for url: https://crawl4ai-wrapper-559961100092.europe-west1.run.app/scrape
  ✗ https://nfct.org.il/blog/movies/%d7%92%d7%a0%d7%99%d7%a4%d7%a8-%d7%94%d7%99%d7%a7%d7%a8%d7%94/: 429 Client Error: Too Many Requests for url: https://crawl4ai-wrapper-559961100092.europe-west1.run.app/scrape
  ✗ https://nfct.org.il/blog/movies/%d7%92%d7%a0%d7%98/: 429 Client Error: Too Many Requests for url: https://crawl4ai-wrapper-559961100092.europe-west1.run.app/scrape
  ✗ https://nfct.org.il/blog/movies/%d7%92%d7%a2%d7%92%d7%95%d7%a2%d7%99%d7%9d/: 429 Client Error: Too Many Requests for url: https://crawl4ai-wrapper-559961100092.europe-west1.run.app/scrape
  ✗ https://nfct.org.il/blog/movies/%d7%92%d7%99%d7%91%d7%95%d7%a8%d7%95%d7%aa/: 429 Client Error: Too Many Requests for url: https://crawl4ai-wrapper-559961100092.europe-west1.run.app/scrape
  ✓ https://nfct.org.il/blog/movies/%d7%92%d7%9e%d7%99%d7%9c%d7%94-%d7%9b%d7%a9%d7%a8%d7%94/ → nfct_new__blog_movies_d7_92_d7_9e_d7_99_d7_9c_d7_94-_d7_9b_d7_a9_d7_a8_d7_94__e18a6ba9.md (16050 bytes)
  ✓ https://nfct.org.il/blog/movies/%d7%92%d7%a0%d7%92%d7%a1%d7%98%d7%a8-%d7%a9%d7%95%d7%a7%d7%95%d7%9c%d7%93/ → nfct_new__blog_movies_d7_92_d7_a0_d7_92_d7_a1_d7_98_d7_a8-_d7_a9_d7_95_d7_a7_d7_95_d7_9c_d__4bc296bb.md (18007 bytes)
  ✗ https://nfct.org.il/blog/movies/%d7%92%d7%99%d7%9c%d7%94-%d7%95%d7%91%d7%a8%d7%95%d7%9a/: 429 Client Error: Too Many Requests for url: https://crawl4ai-wrapper-559961100092.europe-west1.run.app/scrape
  ✓ https://nfct.org.il/blog/movies/%d7%92%d7%91%d7%a8%d7%99%d7%9d-%d7%91%d7%9c%d7%aa%d7%99-%d7%a0%d7%a8%d7%90%d7%99%d7%9d/ → nfct_new__blog_movies_d7_92_d7_91_d7_a8_d7_99_d7_9d-_d7_91_d7_9c_d7_aa_d7_99-_d7_a0_d7_a8___a15891f0.md (17153 bytes)
  ✗ https://nfct.org.il/blog/movies/%d7%92%d7%a8%d7%a1%d7%90-%d7%93%d7%99%d7%a0%d7%a7%d7%95%d7%aa%d7%90/: 429 Client Error: Too Many Requests for url: https://crawl4ai-wrapper-559961100092.europe-west1.run.app/scrape
  ✓ https://nfct.org.il/blog/movies/%d7%92%d7%91%d7%a8%d7%99%d7%9d-%d7%a2%d7%9c-%d7%94%d7%a7%d7%a6%d7%94-%d7%99%d7%95%d7%9e%d7%9f-%d7%93%d7%99%d7%99%d7%92%d7%99%d7%9d/ → nfct_new__blog_movies_d7_92_d7_91_d7_a8_d7_99_d7_9d-_d7_a2_d7_9c-_d7_94_d7_a7_d7_a6_d7_94-__4a13f261.md (16179 bytes)
  ✗ https://nfct.org.il/blog/movies/%d7%93%d7%91%d7%a8%d7%99%d7%9d-%d7%a9%d7%9c-%d7%90%d7%a9%d7%94/: 429 Client Error: Too Many Requests for url: https://crawl4ai-wrapper-559961100092.europe-west1.run.app/scrape
  ✗ https://nfct.org.il/blog/movies/%d7%93%d7%92%d7%94/: 429 Client Error: Too Many Requests for url: https://crawl4ai-wrapper-559961100092.europe-west1.run.app/scrape
  ✓ https://nfct.org.il/blog/movies/%d7%92%d7%9f-%d7%99%d7%9c%d7%93%d7%99%d7%9d/ → nfct_new__blog_movies_d7_92_d7_9f-_d7_99_d7_9c_d7_93_d7_99_d7_9d__701a3085.md (17920 bytes)
  ✗ https://nfct.org.il/blog/movies/%d7%92%d7%9d-%d7%9b%d7%a9%d7%a2%d7%99%d7%a0%d7%99%d7%99-%d7%a4%d7%a7%d7%95%d7%97%d7%95%d7%aa/: 429 Client Error: Too Many Requests for url: https://crawl4ai-wrapper-559961100092.europe-west1.run.app/scrape
  ✓ https://nfct.org.il/blog/movies/%d7%92%d7%99%d7%9c%d7%95%d7%99-%d7%90%d7%a8%d7%99%d7%95%d7%aa/ → nfct_new__blog_movies_d7_92_d7_99_d7_9c_d7_95_d7_99-_d7_90_d7_a8_d7_99_d7_95_d7_aa__43a05a33.md (13825 bytes)
  ✓ https://nfct.org.il/blog/movies/%d7%92%d7%9c%d7%95%d7%aa/ → nfct_new__blog_movies_d7_92_d7_9c_d7_95_d7_aa__8cb97dc2.md (12854 bytes)
  ✓ https://nfct.org.il/blog/movies/%d7%92%d7%a8%d7%92%d7%99%d7%a8%d7%99%d7%9d/ → nfct_new__blog_movies_d7_92_d7_a8_d7_92_d7_99_d7_a8_d7_99_d7_9d__ca32d0ae.md (12546 bytes)
  ✓ https://nfct.org.il/blog/movies/%d7%92%d7%9d-%d7%90%d7%9e%d7%94%d7%95%d7%aa-%d7%91%d7%95%d7%9b%d7%95%d7%aa/ → nfct_new__blog_movies_d7_92_d7_9d-_d7_90_d7_9e_d7_94_d7_95_d7_aa-_d7_91_d7_95_d7_9b_d7_95___ef51c5d5.md (13084 bytes)
  ✗ https://nfct.org.il/blog/movies/%d7%93%d7%95%d7%9e%d7%90/: 429 Client Error: Too Many Requests for url: https://crawl4ai-wrapper-559961100092.europe-west1.run.app/scrape
  ✓ https://nfct.org.il/blog/movies/%d7%92%d7%a2%d7%92%d7%95%d7%a2-%d7%9c%d7%99%d7%95%d7%9d-%d7%94%d7%9e%d7%97%d7%a8/ → nfct_new__blog_movies_d7_92_d7_a2_d7_92_d7_95_d7_a2-_d7_9c_d7_99_d7_95_d7_9d-_d7_94_d7_9e___f460be15.md (18822 bytes)
  ✓ https://nfct.org.il/blog/movies/%d7%92%d7%a0%d7%91%d7%99%d7%9d-%d7%91%d7%97%d7%95%d7%a7/ → nfct_new__blog_movies_d7_92_d7_a0_d7_91_d7_99_d7_9d-_d7_91_d7_97_d7_95_d7_a7__76ea3846.md (15236 bytes)
  ✓ https://nfct.org.il/blog/movies/%d7%92%d7%a0%d7%98%d7%99%d7%a7%d7%94/ → nfct_new__blog_movies_d7_92_d7_a0_d7_98_d7_99_d7_a7_d7_94__5f594aaa.md (14947 bytes)
  ✗ https://nfct.org.il/blog/movies/%d7%93%d7%99%d7%95%d7%a7%d7%9f/: 429 Client Error: Too Many Requests for url: https://crawl4ai-wrapper-559961100092.europe-west1.run.app/scrape
  ✓ https://nfct.org.il/blog/movies/%d7%93%d7%92%d7%9c-%d7%a9%d7%97%d7%95%d7%a8/ → nfct_new__blog_movies_d7_93_d7_92_d7_9c-_d7_a9_d7_97_d7_95_d7_a8__f5aa5082.md (17084 bytes)
  ✓ https://nfct.org.il/blog/movies/%d7%92%d7%a4%d7%99%d7%9c%d7%98%d7%a2-%d7%a4%d7%99%d7%a9/ → nfct_new__blog_movies_d7_92_d7_a4_d7_99_d7_9c_d7_98_d7_a2-_d7_a4_d7_99_d7_a9__ce7fe244.md (12525 bytes)
  ✗ https://nfct.org.il/blog/movies/%d7%93%d7%99%d7%a1%d7%a4%d7%95%d7%a8%d7%99%d7%94/: 429 Client Error: Too Many Requests for url: https://crawl4ai-wrapper-559961100092.europe-west1.run.app/scrape
  ✓ https://nfct.org.il/blog/movies/%d7%92%d7%a0%d7%99-%d7%95%d7%92%d7%a0%d7%99/ → nfct_new__blog_movies_d7_92_d7_a0_d7_99-_d7_95_d7_92_d7_a0_d7_99__736cec7c.md (15918 bytes)
  ✓ https://nfct.org.il/blog/movies/%d7%93%d7%91%d7%99-%d7%94%d7%99%d7%99%d7%aa%d7%94-%d7%a4%d7%94/ → nfct_new__blog_movies_d7_93_d7_91_d7_99-_d7_94_d7_99_d7_99_d7_aa_d7_94-_d7_a4_d7_94__f1795dba.md (14036 bytes)
  ✗ https://nfct.org.il/blog/movies/%d7%93%d7%9d-%d7%95%d7%91%d7%a9%d7%a8/: 429 Client Error: Too Many Requests for url: https://crawl4ai-wrapper-559961100092.europe-west1.run.app/scrape
  ✗ https://nfct.org.il/blog/movies/%d7%93%d7%92%d7%99-%d7%a2%d7%9b%d7%95-%d7%94%d7%9e%d7%a7%d7%95%d7%a8%d7%99%d7%99%d7%9d/: 429 Client Error: Too Many Requests for url: https://crawl4ai-wrapper-559961100092.europe-west1.run.app/scrape
  ✗ https://nfct.org.il/blog/movies/%d7%93%d7%9d-%d7%97%d7%9d/: 429 Client Error: Too Many Requests for url: https://crawl4ai-wrapper-559961100092.europe-west1.run.app/scrape
  ✓ https://nfct.org.il/blog/movies/%d7%92%d7%a8%d7%93-%d7%9c%d7%99-%d7%a4%d7%94/ → nfct_new__blog_movies_d7_92_d7_a8_d7_93-_d7_9c_d7_99-_d7_a4_d7_94__b7dd529a.md (13407 bytes)
  ✓ https://nfct.org.il/blog/movies/%d7%93%d7%95%d7%9e%d7%99%d7%94/ → nfct_new__blog_movies_d7_93_d7_95_d7_9e_d7_99_d7_94__66552f14.md (13305 bytes)
  ✗ https://nfct.org.il/blog/movies/%d7%93%d7%a8%d7%95%d7%a9%d7%94-%d7%91%d7%93%d7%97%d7%99%d7%a4%d7%95%d7%aa-%d7%9e%d7%99%d7%9c%d7%94-%d7%97%d7%93%d7%a9%d7%94/: 429 Client Error: Too Many Requests for url: https://crawl4ai-wrapper-559961100092.europe-west1.run.app/scrape
  ✓ https://nfct.org.il/blog/movies/%d7%92%d7%a8%d7%95%d7%a3-%d7%95%d7%90%d7%a0%d7%99/ → nfct_new__blog_movies_d7_92_d7_a8_d7_95_d7_a3-_d7_95_d7_90_d7_a0_d7_99__ebc9d0cc.md (14274 bytes)
  ✗ https://nfct.org.il/blog/movies/%d7%93%d7%a8%d7%9a-%d7%94%d7%9e%d7%9c%d7%9a/: 429 Client Error: Too Many Requests for url: https://crawl4ai-wrapper-559961100092.europe-west1.run.app/scrape
  ✓ https://nfct.org.il/blog/movies/%d7%93%d7%95%d7%93-%d7%94%d7%9e%d7%9c%d7%9a-%d7%97%d7%99-%d7%95%d7%a7%d7%99%d7%99%d7%9d/ → nfct_new__blog_movies_d7_93_d7_95_d7_93-_d7_94_d7_9e_d7_9c_d7_9a-_d7_97_d7_99-_d7_95_d7_a7__4f5b0254.md (18212 bytes)
  ✗ https://nfct.org.il/blog/movies/%d7%93%d7%94-%d7%94%d7%90%d7%9f-%d7%a7%d7%95%d7%9c-%d7%9e%d7%97%d7%95%d7%a5-%d7%9c%d7%96%d7%9e%d7%9f/: 429 Client Error: Too Many Requests for url: https://crawl4ai-wrapper-559961100092.europe-west1.run.app/scrape
  ✓ https://nfct.org.il/blog/movies/%d7%93%d7%97%d7%95%d7%a1/ → nfct_new__blog_movies_d7_93_d7_97_d7_95_d7_a1__a75a1840.md (13611 bytes)
  ✗ https://nfct.org.il/blog/movies/%d7%94%d7%90%d7%95%d7%9c%d7%99%d7%9e%d7%a4%d7%99%d7%90%d7%93%d7%94-%d7%94%d7%a8%d7%90%d7%a9%d7%95%d7%a0%d7%94-%d7%a9%d7%9c-%d7%90%d7%9e%d7%90/: 429 Client Error: Too Many Requests for url: https://crawl4ai-wrapper-559961100092.europe-west1.run.app/scrape
  ✗ https://nfct.org.il/blog/movies/%d7%94%d7%90%d7%95%d7%a1%d7%a3-%d7%a9%d7%9c-%d7%99%d7%93%d7%99%d7%93%d7%99%d7%94/: 429 Client Error: Too Many Requests for url: https://crawl4ai-wrapper-559961100092.europe-west1.run.app/scrape
  ✓ https://nfct.org.il/blog/movies/%d7%93%d7%95%d7%91%d7%93%d7%91%d7%9f/ → nfct_new__blog_movies_d7_93_d7_95_d7_91_d7_93_d7_91_d7_9f__a573e1c8.md (14539 bytes)
  ✓ https://nfct.org.il/blog/movies/%d7%93%d7%99%d7%9e%d7%95%d7%a0%d7%94-%d7%98%d7%95%d7%95%d7%99%d7%a1%d7%98/ → nfct_new__blog_movies_d7_93_d7_99_d7_9e_d7_95_d7_a0_d7_94-_d7_98_d7_95_d7_95_d7_99_d7_a1_d__3e27e19c.md (22543 bytes)
  ✓ https://nfct.org.il/blog/movies/%d7%93%d7%9d-%d7%99%d7%a8%d7%97/ → nfct_new__blog_movies_d7_93_d7_9d-_d7_99_d7_a8_d7_97__795cd356.md (15047 bytes)
  ✗ https://nfct.org.il/blog/movies/%d7%94%d7%90%d7%97%d7%99%d7%95%d7%aa-%d7%95%d7%9c%d7%93%d7%a8%d7%9e%d7%94/: 429 Client Error: Too Many Requests for url: https://crawl4ai-wrapper-559961100092.europe-west1.run.app/scrape
  ✓ https://nfct.org.il/blog/movies/%d7%93%d7%95%d7%93%d7%94-%d7%93%d7%99%d7%a0%d7%94/ → nfct_new__blog_movies_d7_93_d7_95_d7_93_d7_94-_d7_93_d7_99_d7_a0_d7_94__ec3ab99d.md (17290 bytes)
  ✗ https://nfct.org.il/blog/movies/%d7%94%d7%90%d7%99%d7%a9%d7%94-%d7%a9%d7%97%d7%99%d7%a4%d7%a9%d7%94-la-femme-qui-cherche/: 429 Client Error: Too Many Requests for url: https://crawl4ai-wrapper-559961100092.europe-west1.run.app/scrape
  ✗ https://nfct.org.il/blog/movies/%d7%94%d7%90%d7%99%d7%a9%d7%94-%d7%a9%d7%9c%d7%90-%d7%99%d7%93%d7%a2%d7%94-%d7%9c%d7%90%d7%94%d7%95%d7%91/: 429 Client Error: Too Many Requests for url: https://crawl4ai-wrapper-559961100092.europe-west1.run.app/scrape
  ✗ https://nfct.org.il/blog/movies/%d7%94%d7%90%d7%99%d7%a9-%d7%91%d7%a9%d7%95%d7%9c%d7%99-%d7%94%d7%9b%d7%91%d7%99%d7%a9/: 429 Client Error: Too Many Requests for url: https://crawl4ai-wrapper-559961100092.europe-west1.run.app/scrape
  ✗ https://nfct.org.il/blog/movies/%d7%94%d7%90%d7%99%d7%a9-%d7%94%d7%a0%d7%a2%d7%9c%d7%9d-%d7%a1%d7%99%d7%a4%d7%95%d7%a8%d7%95-%d7%a9%d7%9c-%d7%95%d7%99%d7%9c%d7%a4%d7%a8%d7%99%d7%93-%d7%99%d7%a9%d7%a8%d7%90%d7%9c/: 429 Client Error: Too Many Requests for url: https://crawl4ai-wrapper-559961100092.europe-west1.run.app/scrape
  ✓ https://nfct.org.il/blog/movies/%d7%93%d7%99%d7%9e%d7%95%d7%a0%d7%94-%d7%a6%d7%9e%d7%a4%d7%99%d7%95%d7%a0%d7%a1/ → nfct_new__blog_movies_d7_93_d7_99_d7_9e_d7_95_d7_a0_d7_94-_d7_a6_d7_9e_d7_a4_d7_99_d7_95_d__6676ef95.md (13796 bytes)
  ✓ https://nfct.org.il/blog/movies/%d7%93%d7%99%d7%a1%d7%a7%d7%95/ → nfct_new__blog_movies_d7_93_d7_99_d7_a1_d7_a7_d7_95__260711b2.md (16368 bytes)
  ✗ https://nfct.org.il/blog/movies/%d7%94%d7%90%d7%9d-%d7%90%d7%a0%d7%99-%d7%a0%d7%95%d7%a8%d7%9e%d7%9c%d7%99/: 429 Client Error: Too Many Requests for url: https://crawl4ai-wrapper-559961100092.europe-west1.run.app/scrape
  ✗ https://nfct.org.il/blog/movies/%d7%94%d7%90%d7%9d-%d7%94%d7%9d-%d7%aa%d7%95%d7%a4%d7%a1%d7%99%d7%9d-%d7%92%d7%9d-%d7%99%d7%9c%d7%93%d7%99%d7%9d/: 429 Client Error: Too Many Requests for url: https://crawl4ai-wrapper-559961100092.europe-west1.run.app/scrape
  ✗ https://nfct.org.il/blog/movies/%d7%94%d7%90%d7%a1%d7%99%d7%a8%d7%94-x/: 429 Client Error: Too Many Requests for url: https://crawl4ai-wrapper-559961100092.europe-west1.run.app/scrape
  ✓ https://nfct.org.il/blog/movies/%d7%93%d7%99%d7%9c%d7%9e%d7%aa-%d7%94%d7%93%d7%a8%d7%99%d7%99%d7%9f/ → nfct_new__blog_movies_d7_93_d7_99_d7_9c_d7_9e_d7_aa-_d7_94_d7_93_d7_a8_d7_99_d7_99_d7_9f__1960164c.md (19302 bytes)
  ✗ https://nfct.org.il/blog/movies/%d7%94%d7%90%d7%a7%d7%93%d7%97/: 429 Client Error: Too Many Requests for url: https://crawl4ai-wrapper-559961100092.europe-west1.run.app/scrape
  ✓ https://nfct.org.il/blog/movies/%d7%93%d7%99%d7%a4%d7%9c%d7%95%d7%9e%d7%98/ → nfct_new__blog_movies_d7_93_d7_99_d7_a4_d7_9c_d7_95_d7_9e_d7_98__5a91033b.md (15930 bytes)
  ✗ https://nfct.org.il/blog/movies/%d7%94%d7%90%d7%a8%d7%a5-%d7%94%d7%9e%d7%95%d7%91%d7%98%d7%97%d7%aa/: 429 Client Error: Too Many Requests for url: https://crawl4ai-wrapper-559961100092.europe-west1.run.app/scrape
  ✗ https://nfct.org.il/blog/movies/%d7%94%d7%90%d7%a9%d7%94-%d7%9e%d7%94%d7%a1%d7%99%d7%a0%d7%9e%d7%98%d7%a7/: 429 Client Error: Too Many Requests for url: https://crawl4ai-wrapper-559961100092.europe-west1.run.app/scrape
  ✗ https://nfct.org.il/blog/movies/%d7%94%d7%90%d7%a9%d7%9b%d7%a0%d7%96%d7%99%d7%9d/: 429 Client Error: Too Many Requests for url: https://crawl4ai-wrapper-559961100092.europe-west1.run.app/scrape
  ✗ https://nfct.org.il/blog/movies/%d7%94%d7%91%d7%94-%d7%a0%d7%a8%d7%a2%d7%99%d7%a9%d7%94/: 429 Client Error: Too Many Requests for url: https://crawl4ai-wrapper-559961100092.europe-west1.run.app/scrape
  ✗ https://nfct.org.il/blog/movies/%d7%94%d7%91%d7%95%d7%93%d7%94%d7%94-%d7%9e%d7%91%d7%9f-%d7%99%d7%94%d7%95%d7%93%d7%94/: 429 Client Error: Too Many Requests for url: https://crawl4ai-wrapper-559961100092.europe-west1.run.app/scrape
  ✓ https://nfct.org.il/blog/movies/%d7%94%d6%b8%d7%99%d6%b9%d7%94-%d7%94%d6%b8%d7%99%d6%b8%d7%94-%d7%9e%d7%9c%d7%9a/ → nfct_new__blog_movies_d7_94_d6_b8_d7_99_d6_b9_d7_94-_d7_94_d6_b8_d7_99_d6_b8_d7_94-_d7_9e___4b1b0e04.md (18953 bytes)
  ✗ https://nfct.org.il/blog/movies/%d7%93%d7%a9%d7%90%d7%99%d7%9d-%d7%a1%d7%92%d7%95%d7%9c%d7%99%d7%9d/: 429 Client Error: Too Many Requests for url: https://crawl4ai-wrapper-559961100092.europe-west1.run.app/scrape
  ✗ https://nfct.org.il/blog/movies/%d7%94%d7%91%d7%99%d7%aa%d7%94/: 429 Client Error: Too Many Requests for url: https://crawl4ai-wrapper-559961100092.europe-west1.run.app/scrape
  ✗ https://nfct.org.il/blog/movies/%d7%94%d7%91%d7%99%d7%aa-%d7%91%d7%a8%d7%97%d7%95%d7%91-%d7%a4%d7%99%d7%9f/: 429 Client Error: Too Many Requests for url: https://crawl4ai-wrapper-559961100092.europe-west1.run.app/scrape
  ✗ https://nfct.org.il/blog/movies/%d7%94%d7%91%d7%99%d7%aa-%d7%94%d7%a8%d7%90%d7%a9%d7%95%d7%9f/: 429 Client Error: Too Many Requests for url: https://crawl4ai-wrapper-559961100092.europe-west1.run.app/scrape
  ✗ https://nfct.org.il/blog/movies/%d7%94%d7%91%d7%9c%d7%aa%d7%99-%d7%a0%d7%a8%d7%90%d7%99%d7%9d/: 429 Client Error: Too Many Requests for url: https://crawl4ai-wrapper-559961100092.europe-west1.run.app/scrape
  ✗ https://nfct.org.il/blog/movies/%d7%94%d7%91%d7%a8%d7%95%d7%95%d7%96%d7%95%d7%9f-%d7%94%d7%9e%d7%9b%d7%95%d7%a2%d7%a8/: 429 Client Error: Too Many Requests for url: https://crawl4ai-wrapper-559961100092.europe-west1.run.app/scrape
  ✓ https://nfct.org.il/blog/movies/%d7%93%d7%a4%d7%99%d7%a7%d7%94-%d7%91%d7%93%d7%9c%d7%aa/ → nfct_new__blog_movies_d7_93_d7_a4_d7_99_d7_a7_d7_94-_d7_91_d7_93_d7_9c_d7_aa__4bb1619b.md (17005 bytes)
  ✓ https://nfct.org.il/blog/movies/%d7%93%d7%a8%d7%9a-%d7%91%d7%9f-%d7%a6%d7%91%d7%99-67/ → nfct_new__blog_movies_d7_93_d7_a8_d7_9a-_d7_91_d7_9f-_d7_a6_d7_91_d7_99-67__cf154a00.md (17047 bytes)
  ✗ https://nfct.org.il/blog/movies/%d7%94%d7%91%d7%a8%d7%9b%d7%94-%d7%a9%d7%9c-%d7%99%d7%90%d7%9e%d7%a0%d7%94/: 429 Client Error: Too Many Requests for url: https://crawl4ai-wrapper-559961100092.europe-west1.run.app/scrape
  ✗ https://nfct.org.il/blog/movies/%d7%94%d7%92%d7%91%d7%a8%d7%aa-%d7%94%d7%a8%d7%90%d7%a9%d7%95%d7%a0%d7%94/: 429 Client Error: Too Many Requests for url: https://crawl4ai-wrapper-559961100092.europe-west1.run.app/scrape
  ✗ https://nfct.org.il/blog/movies/%d7%94%d7%92%d7%9c%d7%92%d7%95%d7%9c/: 429 Client Error: Too Many Requests for url: https://crawl4ai-wrapper-559961100092.europe-west1.run.app/scrape
  ✗ https://nfct.org.il/blog/movies/%d7%94%d7%92%d7%9c%d7%95%d7%99%d7%94-%d7%94%d7%90%d7%97%d7%a8%d7%95%d7%a0%d7%94/: 429 Client Error: Too Many Requests for url: https://crawl4ai-wrapper-559961100092.europe-west1.run.app/scrape
  ✓ https://nfct.org.il/blog/movies/%d7%93%d7%a2%d7%aa%d7%95-%d7%a9%d7%9c-%d7%94%d7%97%d7%99%d7%99%d7%9c/ → nfct_new__blog_movies_d7_93_d7_a2_d7_aa_d7_95-_d7_a9_d7_9c-_d7_94_d7_97_d7_99_d7_99_d7_9c__09129a48.md (18164 bytes)
  ✗ https://nfct.org.il/blog/movies/%d7%94%d7%93%d7%91%d7%a8%d7%99%d7%9d-%d7%94%d7%a7%d7%98%d7%a0%d7%99%d7%9d/: 429 Client Error: Too Many Requests for url: https://crawl4ai-wrapper-559961100092.europe-west1.run.app/scrape
  ✓ https://nfct.org.il/blog/movies/%d7%94%d7%90%d7%91%d7%a8%d7%9a-%d7%9e%d7%94%d7%97%d7%99%d7%96%d7%91%d7%90%d7%9c%d7%9c%d7%94/ → nfct_new__blog_movies_d7_94_d7_90_d7_91_d7_a8_d7_9a-_d7_9e_d7_94_d7_97_d7_99_d7_96_d7_91_d__78151510.md (16576 bytes)
  ✓ https://nfct.org.il/blog/movies/%d7%94%d7%90%d7%99%d7%a9%d7%94-%d7%91%d7%9c%d7%91%d7%9f/ → nfct_new__blog_movies_d7_94_d7_90_d7_99_d7_a9_d7_94-_d7_91_d7_9c_d7_91_d7_9f__bfe172c8.md (15782 bytes)
  ✓ https://nfct.org.il/blog/movies/%d7%94%d7%90%d7%95%d7%a8-%d7%94%d7%90%d7%91%d7%95%d7%93-%d7%94%d7%91%d7%99%d7%aa-%d7%94%d7%a8%d7%90%d7%a9%d7%95%d7%9f/ → nfct_new__blog_movies_d7_94_d7_90_d7_95_d7_a8-_d7_94_d7_90_d7_91_d7_95_d7_93-_d7_94_d7_91___469fef80.md (18900 bytes)
  ✓ https://nfct.org.il/blog/movies/%d7%94%d7%90%d7%97%d7%95%d7%aa-%d7%a9%d7%9c-%d7%9e%d7%95%d7%a1%d7%95%d7%9c%d7%99%d7%a0%d7%99/ → nfct_new__blog_movies_d7_94_d7_90_d7_97_d7_95_d7_aa-_d7_a9_d7_9c-_d7_9e_d7_95_d7_a1_d7_95___cc56fb26.md (20103 bytes)
  ✓ https://nfct.org.il/blog/movies/%d7%94%d7%90%d7%97%d7%95-%d7%94%d7%a7%d7%98%d7%9f/ → nfct_new__blog_movies_d7_94_d7_90_d7_97_d7_95-_d7_94_d7_a7_d7_98_d7_9f__8614db63.md (14705 bytes)
  ✗ https://nfct.org.il/blog/movies/%d7%94%d7%93%d7%a3/: 429 Client Error: Too Many Requests for url: https://crawl4ai-wrapper-559961100092.europe-west1.run.app/scrape
  ✗ https://nfct.org.il/blog/movies/%d7%94%d7%93%d7%a8%d7%95%d7%9d-%d7%90%d7%9c%d7%99%d7%a1-%d7%9c%d7%90-%d7%92%d7%a8%d7%94-%d7%9b%d7%90%d7%9f-%d7%90%d7%a3-%d7%a4%d7%a2%d7%9d/: 429 Client Error: Too Many Requests for url: https://crawl4ai-wrapper-559961100092.europe-west1.run.app/scrape
  ✓ https://nfct.org.il/blog/movies/%d7%94%d7%90%d7%a1%d7%99%d7%a8-x/ → nfct_new__blog_movies_d7_94_d7_90_d7_a1_d7_99_d7_a8-x__8cd72269.md (15360 bytes)
  ✓ https://nfct.org.il/blog/movies/%d7%94%d7%91%d7%95%d7%a0%d7%a7%d7%a8/ → nfct_new__blog_movies_d7_94_d7_91_d7_95_d7_a0_d7_a7_d7_a8__92cf870d.md (14017 bytes)
  ✗ https://nfct.org.il/blog/movies/%d7%94%d7%94%d7%a4%d7%9a-%d7%9e%d7%90%d7%94%d7%91%d7%94-%d7%96%d7%95-%d7%9c%d7%90-%d7%a9%d7%a0%d7%90%d7%94/: 429 Client Error: Too Many Requests for url: https://crawl4ai-wrapper-559961100092.europe-west1.run.app/scrape
  ✗ https://nfct.org.il/blog/movies/%d7%94%d7%94%d7%a6%d7%92%d7%94-%d7%a9%d7%9c-%d7%9e%d7%a9%d7%a4%d7%97%d7%aa-%d7%92%d7%90%d7%95%d7%9f/: 429 Client Error: Too Many Requests for url: https://crawl4ai-wrapper-559961100092.europe-west1.run.app/scrape
  ✗ https://nfct.org.il/blog/movies/%d7%94%d7%95%d7%92%d7%95-2/: 429 Client Error: Too Many Requests for url: https://crawl4ai-wrapper-559961100092.europe-west1.run.app/scrape
  ✗ https://nfct.org.il/blog/movies/%d7%94%d7%95%d7%9c%d7%9a-%d7%9c%d7%90%d7%97%d7%95%d7%a8/: 429 Client Error: Too Many Requests for url: https://crawl4ai-wrapper-559961100092.europe-west1.run.app/scrape
  ✓ https://nfct.org.il/blog/movies/%d7%94%d7%90%d7%99%d7%a9-%d7%a9%d7%91%d7%a7%d7%99%d7%a8/ → nfct_new__blog_movies_d7_94_d7_90_d7_99_d7_a9-_d7_a9_d7_91_d7_a7_d7_99_d7_a8__674b3255.md (17190 bytes)
  ✗ https://nfct.org.il/blog/movies/%d7%94%d7%95%d7%9d-%d7%9e%d7%95%d7%91%d7%99/: 429 Client Error: Too Many Requests for url: https://crawl4ai-wrapper-559961100092.europe-west1.run.app/scrape
  ✓ https://nfct.org.il/blog/movies/%d7%94%d7%90%d7%a8%d7%95%d7%97%d7%94/ → nfct_new__blog_movies_d7_94_d7_90_d7_a8_d7_95_d7_97_d7_94__df2ca48b.md (24046 bytes)
  ✗ https://nfct.org.il/blog/movies/%d7%94%d7%95%d7%9e%d7%95%d7%9c%d7%93%d7%aa/: 429 Client Error: Too Many Requests for url: https://crawl4ai-wrapper-559961100092.europe-west1.run.app/scrape
  ✗ https://nfct.org.il/blog/movies/%d7%94%d7%95%d7%a1%d7%98%d7%9c-%d7%96%d7%91%d7%95%d7%98%d7%99%d7%a0%d7%a1%d7%a7%d7%99/: 429 Client Error: Too Many Requests for url: https://crawl4ai-wrapper-559961100092.europe-west1.run.app/scrape
  ✗ https://nfct.org.il/blog/movies/%d7%94%d7%97%d7%91%d7%a8%d7%94-%d7%94%d7%9b%d7%99-%d7%92%d7%a8%d7%95%d7%a2%d7%94-%d7%91%d7%a2%d7%95%d7%9c%d7%9d/: 429 Client Error: Too Many Requests for url: https://crawl4ai-wrapper-559961100092.europe-west1.run.app/scrape
  ✓ https://nfct.org.il/blog/movies/%d7%94%d7%90%d7%9d-%d7%96%d7%94-%d7%90%d7%aa%d7%94/ → nfct_new__blog_movies_d7_94_d7_90_d7_9d-_d7_96_d7_94-_d7_90_d7_aa_d7_94__d52342c6.md (18458 bytes)
  ✗ https://nfct.org.il/blog/movies/%d7%94%d7%97%d7%91%d7%a8%d7%99%d7%9d-%d7%a9%d7%9c-%d7%a0%d7%90%d7%93%d7%99%d7%94/: 429 Client Error: Too Many Requests for url: https://crawl4ai-wrapper-559961100092.europe-west1.run.app/scrape
  ✗ https://nfct.org.il/blog/movies/%d7%94%d7%97%d7%91%d7%a8-%d7%93%d7%91/: 429 Client Error: Too Many Requests for url: https://crawl4ai-wrapper-559961100092.europe-west1.run.app/scrape
  ✗ https://nfct.org.il/blog/movies/%d7%94%d7%97%d7%91%d7%a8-%d7%94%d7%93%d7%9e%d7%99%d7%95%d7%a0%d7%99-%d7%a9%d7%9c%d7%99/: 429 Client Error: Too Many Requests for url: https://crawl4ai-wrapper-559961100092.europe-west1.run.app/scrape
  ✓ https://nfct.org.il/blog/movies/%d7%94%d7%91%d7%a9%d7%95%d7%a8%d7%94-%d7%a2%d7%9c-%d7%a4%d7%99-%d7%90%d7%9c%d7%9f/ → nfct_new__blog_movies_d7_94_d7_91_d7_a9_d7_95_d7_a8_d7_94-_d7_a2_d7_9c-_d7_a4_d7_99-_d7_90__ef903002.md (16731 bytes)
  ✗ https://nfct.org.il/blog/movies/%d7%94%d7%97%d7%93%d7%a8-%d7%a9%d7%9c%d7%99/: 429 Client Error: Too Many Requests for url: https://crawl4ai-wrapper-559961100092.europe-west1.run.app/scrape
  ✗ https://nfct.org.il/blog/movies/%d7%94%d7%97%d7%93%d7%a8-%d7%a9%d7%9c-%d7%99%d7%a2%d7%9c/: 429 Client Error: Too Many Requests for url: https://crawl4ai-wrapper-559961100092.europe-west1.run.app/scrape
  ✗ https://nfct.org.il/blog/movies/%d7%94%d7%93%d7%91%d7%a8%d7%99%d7%9d-%d7%a9%d7%90%d7%a0%d7%97%d7%a0%d7%95-%d7%a2%d7%95%d7%a9%d7%99%d7%9d-%d7%91%d7%a9%d7%91%d7%99%d7%9c-%d7%90%d7%94%d7%91%d7%94-%d7%95%d7%90%d7%96%d7%a8%d7%97%d7%95/: 429 Client Error: Too Many Requests for url: https://crawl4ai-wrapper-559961100092.europe-west1.run.app/scrape
  ✗ https://nfct.org.il/blog/movies/%d7%94%d7%97%d7%95%d7%9c-%d7%95%d7%94%d7%99%d7%9d/: 429 Client Error: Too Many Requests for url: https://crawl4ai-wrapper-559961100092.europe-west1.run.app/scrape
  ✓ https://nfct.org.il/blog/movies/%d7%94%d7%91%d7%99%d7%98%d7%97%d7%95%d7%a0%d7%99%d7%99%d7%9d/ → nfct_new__blog_movies_d7_94_d7_91_d7_99_d7_98_d7_97_d7_95_d7_a0_d7_99_d7_99_d7_9d__21c304be.md (23570 bytes)
  ✗ https://nfct.org.il/blog/movies/%d7%94%d7%97%d7%95%d7%a3-%d7%94%d7%a0%d7%a4%d7%a8%d7%93/: 429 Client Error: Too Many Requests for url: https://crawl4ai-wrapper-559961100092.europe-west1.run.app/scrape
  ✓ https://nfct.org.il/blog/movies/%d7%94%d7%92%d7%9f/ → nfct_new__blog_movies_d7_94_d7_92_d7_9f__6174a08c.md (11193 bytes)
  ✓ https://nfct.org.il/blog/movies/%d7%94%d7%92%d7%95%d7%a3-%d7%96%d7%95%d7%9b%d7%a8/ → nfct_new__blog_movies_d7_94_d7_92_d7_95_d7_a3-_d7_96_d7_95_d7_9b_d7_a8__5065a792.md (14691 bytes)
  ✗ https://nfct.org.il/blog/movies/%d7%94%d7%97%d7%99%d7%99%d7%9d-%d7%99%d7%a4%d7%99%d7%9d-%d7%a4%d7%a6%d7%a2%d7%99-%d7%91%d7%92%d7%a8%d7%95%d7%aa/: 429 Client Error: Too Many Requests for url: https://crawl4ai-wrapper-559961100092.europe-west1.run.app/scrape
  ✓ https://nfct.org.il/blog/movies/%d7%94%d7%93%d7%99%d7%a8%d7%94/ → nfct_new__blog_movies_d7_94_d7_93_d7_99_d7_a8_d7_94__1e605d30.md (23699 bytes)
  ✓ https://nfct.org.il/blog/movies/%d7%94%d7%93%d7%95%d7%95%d7%a7%d7%90%d7%99%d7%9d/ → nfct_new__blog_movies_d7_94_d7_93_d7_95_d7_95_d7_a7_d7_90_d7_99_d7_9d__06cdaba3.md (14644 bytes)
  ✓ https://nfct.org.il/blog/movies/%d7%94%d7%95%d7%9c%d7%9b%d7%95%d7%aa-%d7%94%d7%91%d7%99%d7%aa%d7%94/ → nfct_new__blog_movies_d7_94_d7_95_d7_9c_d7_9b_d7_95_d7_aa-_d7_94_d7_91_d7_99_d7_aa_d7_94__b3647356.md (13879 bytes)
  ✓ https://nfct.org.il/blog/movies/%d7%94%d7%93%d7%99%d7%99%d7%92-%d7%94%d7%90%d7%97%d7%a8%d7%95%d7%9f-%d7%91%d7%99%d7%9d-%d7%9b%d7%a0%d7%a8%d7%aa/ → nfct_new__blog_movies_d7_94_d7_93_d7_99_d7_99_d7_92-_d7_94_d7_90_d7_97_d7_a8_d7_95_d7_9f-___82644070.md (15151 bytes)
  ✗ https://nfct.org.il/blog/movies/%d7%94%d7%97%d7%9c%d7%95%d7%9d-%d7%a9%d7%9c-%d7%90%d7%9e%d7%90/: 429 Client Error: Too Many Requests for url: https://crawl4ai-wrapper-559961100092.europe-west1.run.app/scrape
  ✗ https://nfct.org.il/blog/movies/%d7%94%d7%97%d7%9c%d7%95%d7%9d-%d7%a9%d7%9c-%d7%a4%d7%a0%d7%97%d7%a1/: 429 Client Error: Too Many Requests for url: https://crawl4ai-wrapper-559961100092.europe-west1.run.app/scrape
  ✗ https://nfct.org.il/blog/movies/%d7%94%d7%97%d7%9c%d7%95%d7%9f-%d7%94%d7%a8%d7%91%d7%99%d7%a2%d7%99/: 429 Client Error: Too Many Requests for url: https://crawl4ai-wrapper-559961100092.europe-west1.run.app/scrape
  ✓ https://nfct.org.il/blog/movies/%d7%94%d7%93%d7%95%d7%9c%d7%a4%d7%99%d7%9f/ → nfct_new__blog_movies_d7_94_d7_93_d7_95_d7_9c_d7_a4_d7_99_d7_9f__d919dcfe.md (22589 bytes)
  ✗ https://nfct.org.il/blog/movies/%d7%94%d7%97%d7%a6%d7%a8/: 429 Client Error: Too Many Requests for url: https://crawl4ai-wrapper-559961100092.europe-west1.run.app/scrape
  ✗ https://nfct.org.il/blog/movies/%d7%94%d7%98%d7%90%d7%91%d7%95-%d7%a9%d7%9c-%d7%99%d7%a2%d7%a7%d7%95%d7%91/: 429 Client Error: Too Many Requests for url: https://crawl4ai-wrapper-559961100092.europe-west1.run.app/scrape
  ✗ https://nfct.org.il/blog/movies/%d7%94%d7%98%d7%95%d7%91%d7%99%d7%9d-%d7%9c%d7%a1%d7%99%d7%a3/: 429 Client Error: Too Many Requests for url: https://crawl4ai-wrapper-559961100092.europe-west1.run.app/scrape
  ✓ https://nfct.org.il/blog/movies/%d7%94%d7%93%d7%a8-%d7%94%d7%9b%d7%a8%d7%9e%d7%9c/ → nfct_new__blog_movies_d7_94_d7_93_d7_a8-_d7_94_d7_9b_d7_a8_d7_9e_d7_9c__b2400bd0.md (18467 bytes)
  ✓ https://nfct.org.il/blog/movies/%d7%94%d7%97%d7%91%d7%a8%d7%95%d7%aa-%d7%9e%d7%a9%d7%9d/ → nfct_new__blog_movies_d7_94_d7_97_d7_91_d7_a8_d7_95_d7_aa-_d7_9e_d7_a9_d7_9d__766ce85a.md (22296 bytes)
  ✗ https://nfct.org.il/blog/movies/%d7%94%d7%98%d7%99%d7%a4%d7%95%d7%9c/: 429 Client Error: Too Many Requests for url: https://crawl4ai-wrapper-559961100092.europe-west1.run.app/scrape
  ✓ https://nfct.org.il/blog/movies/%d7%94%d7%97%d7%99%d7%9c%d7%95%d7%a3/ → nfct_new__blog_movies_d7_94_d7_97_d7_99_d7_9c_d7_95_d7_a3__a3aed441.md (15544 bytes)
  ✓ https://nfct.org.il/blog/movies/%d7%94%d7%94%d7%95%d7%a8%d7%99%d7%9d-%d7%a9%d7%9c%d7%99/ → nfct_new__blog_movies_d7_94_d7_94_d7_95_d7_a8_d7_99_d7_9d-_d7_a9_d7_9c_d7_99__6c3e390a.md (18041 bytes)
  ✓ https://nfct.org.il/blog/movies/%d7%94%d7%96%d7%99%d7%a8%d7%94/ → nfct_new__blog_movies_d7_94_d7_96_d7_99_d7_a8_d7_94__f497005b.md (14815 bytes)
  ✓ https://nfct.org.il/blog/movies/%d7%94%d7%97%d7%99%d7%99%d7%93%d7%a8/ → nfct_new__blog_movies_d7_94_d7_97_d7_99_d7_99_d7_93_d7_a8__a9201431.md (15434 bytes)
  ✗ https://nfct.org.il/blog/movies/%d7%94%d7%99%d7%94-%d7%a9%d7%9c%d7%95%d7%9d-%d7%a4%d7%98%d7%a8-%d7%a9%d7%95%d7%95%d7%90%d7%a8%d7%a5/: 429 Client Error: Too Many Requests for url: https://crawl4ai-wrapper-559961100092.europe-west1.run.app/scrape
  ✗ https://nfct.org.il/blog/movies/%d7%94%d7%99%d7%9c%d7%93%d7%94-%d7%a9%d7%9c%d7%90-%d7%99%d7%93%d7%a2%d7%94-%d7%9e%d7%94-%d7%9c%d7%a2%d7%a9%d7%95%d7%aa/: 429 Client Error: Too Many Requests for url: https://crawl4ai-wrapper-559961100092.europe-west1.run.app/scrape
  ✗ https://nfct.org.il/blog/movies/%d7%94%d7%99%d7%9c%d7%93%d7%99%d7%9d-%d7%9e%d7%9e%d7%a0%d7%96%d7%a8-%d7%a1%d7%9f-%d7%a1%d7%99%d7%9e%d7%95%d7%9f/: 429 Client Error: Too Many Requests for url: https://crawl4ai-wrapper-559961100092.europe-west1.run.app/scrape
  ✗ https://nfct.org.il/blog/movies/%d7%94%d7%99%d7%9c%d7%93%d7%99%d7%9d-%d7%a9%d7%9c-%d7%90%d7%a8%d7%a0%d7%94/: 429 Client Error: Too Many Requests for url: https://crawl4ai-wrapper-559961100092.europe-west1.run.app/scrape
  ✗ https://nfct.org.il/blog/movies/%d7%94%d7%99%d7%9c%d7%93-%d7%9e%d7%91%d7%a8%d7%a1%d7%9c%d7%91-%d7%a4%d7%a6%d7%a2%d7%99-%d7%91%d7%92%d7%a8%d7%95%d7%aa/: 429 Client Error: Too Many Requests for url: https://crawl4ai-wrapper-559961100092.europe-west1.run.app/scrape
  ✓ https://nfct.org.il/blog/movies/%d7%94%d7%97%d7%a6%d7%99-%d7%94%d7%a9%d7%a0%d7%99/ → nfct_new__blog_movies_d7_94_d7_97_d7_a6_d7_99-_d7_94_d7_a9_d7_a0_d7_99__b9289ca1.md (14493 bytes)
  ✗ https://nfct.org.il/blog/movies/%d7%94%d7%99%d7%9e%d7%99%d7%9d-%d7%94%d7%90%d7%97%d7%a8%d7%95%d7%a0%d7%99%d7%9d-%d7%a9%d7%9c-%d7%94%d7%a7%d7%99%d7%a5/: 429 Client Error: Too Many Requests for url: https://crawl4ai-wrapper-559961100092.europe-west1.run.app/scrape
  ✗ https://nfct.org.il/blog/movies/%d7%94%d7%99%d7%9e%d7%a0%d7%99%d7%aa-%d7%94%d7%90%d7%97%d7%a8%d7%95%d7%a0%d7%94-%d7%a9%d7%9c-%d7%9e%d7%9b%d7%a1-%d7%91%d7%a8/: 429 Client Error: Too Many Requests for url: https://crawl4ai-wrapper-559961100092.europe-west1.run.app/scrape
  ✗ https://nfct.org.il/blog/movies/%d7%94%d7%99%d7%a1%d7%97%d7%a4%d7%95%d7%aa/: 429 Client Error: Too Many Requests for url: https://crawl4ai-wrapper-559961100092.europe-west1.run.app/scrape
  ✓ https://nfct.org.il/blog/movies/%d7%94%d7%97%d7%95%d7%9e%d7%a8-%d7%a9%d7%9e%d7%9e%d7%a0%d7%95-%d7%a2%d7%a9%d7%95%d7%99%d7%94-%d7%94%d7%90%d7%94%d7%91%d7%94/ → nfct_new__blog_movies_d7_94_d7_97_d7_95_d7_9e_d7_a8-_d7_a9_d7_9e_d7_9e_d7_a0_d7_95-_d7_a2___71c26446.md (18586 bytes)
  ✗ https://nfct.org.il/blog/movies/%d7%94%d7%97%d7%99%d7%99%d7%9d-%d7%a2%d7%9c-%d7%a4%d7%99-%d7%90%d7%95%d7%94%d7%93/: 429 Client Error: Too Many Requests for url: https://crawl4ai-wrapper-559961100092.europe-west1.run.app/scrape
  ✗ https://nfct.org.il/blog/movies/%d7%94%d7%97%d7%99%d7%99%d7%9c%d7%95%d7%aa-%d7%95%d7%a8%d7%95%d7%97-%d7%94%d7%a7%d7%95%d7%93%d7%a9/: 429 Client Error: Too Many Requests for url: https://crawl4ai-wrapper-559961100092.europe-west1.run.app/scrape
  ✓ https://nfct.org.il/blog/movies/%d7%94%d7%97%d7%95%d7%92-%d7%9c%d7%a7%d7%95%d7%9c%d7%a0%d7%95%d7%a2/ → nfct_new__blog_movies_d7_94_d7_97_d7_95_d7_92-_d7_9c_d7_a7_d7_95_d7_9c_d7_a0_d7_95_d7_a2__726c167f.md (20093 bytes)
  ✓ https://nfct.org.il/blog/movies/%d7%94%d7%97%d7%91%d7%a8-%d7%94%d7%a2%d7%a8%d7%91%d7%99-%d7%a9%d7%9c%d7%99/ → nfct_new__blog_movies_d7_94_d7_97_d7_91_d7_a8-_d7_94_d7_a2_d7_a8_d7_91_d7_99-_d7_a9_d7_9c___5e563d74.md (16252 bytes)
  ✓ https://nfct.org.il/blog/movies/%d7%94%d7%98%d7%a7%d7%a1/ → nfct_new__blog_movies_d7_94_d7_98_d7_a7_d7_a1__895908f3.md (14999 bytes)
  ✓ https://nfct.org.il/blog/movies/%d7%94%d7%97%d7%99%d7%a4%d7%95%d7%a9%d7%99%d7%aa/ → nfct_new__blog_movies_d7_94_d7_97_d7_99_d7_a4_d7_95_d7_a9_d7_99_d7_aa__ccde48ad.md (17941 bytes)
  ✗ https://nfct.org.il/blog/movies/%d7%94%d7%9c%d7%90%d7%a4-%d7%93%d7%90%d7%a0%d7%a1-%d7%94%d7%90%d7%97%d7%a8%d7%95%d7%9f/: 429 Client Error: Too Many Requests for url: https://crawl4ai-wrapper-559961100092.europe-west1.run.app/scrape
  ✓ https://nfct.org.il/blog/movies/%d7%94%d7%98%d7%95%d7%a7%d7%91%d7%a7%d7%99%d7%a1%d7%98%d7%99%d7%9d/ → nfct_new__blog_movies_d7_94_d7_98_d7_95_d7_a7_d7_91_d7_a7_d7_99_d7_a1_d7_98_d7_99_d7_9d__1f985066.md (15748 bytes)
  ✗ https://nfct.org.il/blog/movies/%d7%94%d7%9c%d7%95%d7%91%d7%99/: 429 Client Error: Too Many Requests for url: https://crawl4ai-wrapper-559961100092.europe-west1.run.app/scrape
  ✗ https://nfct.org.il/blog/movies/%d7%94%d7%9c%d7%99%d7%92%d7%94-%d7%9c%d7%9e%d7%a7%d7%95%d7%9e%d7%95%d7%aa-%d7%a2%d7%91%d7%95%d7%93%d7%94/: 429 Client Error: Too Many Requests for url: https://crawl4ai-wrapper-559961100092.europe-west1.run.app/scrape
  ✓ https://nfct.org.il/blog/movies/%d7%94%d7%98%d7%99%d7%95%d7%9c-%d7%94%d7%a4%d7%a0%d7%99%d7%9e%d7%99/ → nfct_new__blog_movies_d7_94_d7_98_d7_99_d7_95_d7_9c-_d7_94_d7_a4_d7_a0_d7_99_d7_9e_d7_99__eaf366db.md (17467 bytes)
  ✗ https://nfct.org.il/blog/movies/%d7%94%d7%9e%d7%94%d7%a4%d7%9b%d7%94-%d7%94%d7%a6%d7%a8%d7%a4%d7%aa%d7%99%d7%aa/: 429 Client Error: Too Many Requests for url: https://crawl4ai-wrapper-559961100092.europe-west1.run.app/scrape
  ✓ https://nfct.org.il/blog/movies/%d7%94%d7%98%d7%a8%d7%99%d7%9c%d7%95%d7%92%d7%99%d7%94-%d7%94%d7%90%d7%95%d7%96%d7%91%d7%a7%d7%99%d7%aa/ → nfct_new__blog_movies_d7_94_d7_98_d7_a8_d7_99_d7_9c_d7_95_d7_92_d7_99_d7_94-_d7_94_d7_90_d__69b1eb1c.md (14181 bytes)
  ✓ https://nfct.org.il/blog/movies/%d7%94%d7%99%d7%a9%d7%a8%d7%93%d7%95%d7%aa-%d7%95%d7%90%d7%9e%d7%a0%d7%95%d7%aa-%d7%94%d7%92%d7%95%d7%99%d7%a1%d7%98%d7%99%d7%a7/ → nfct_new__blog_movies_d7_94_d7_99_d7_a9_d7_a8_d7_93_d7_95_d7_aa-_d7_95_d7_90_d7_9e_d7_a0_d__ab1a7a7c.md (15074 bytes)
  ✓ https://nfct.org.il/blog/movies/%d7%94%d7%97%d7%9c%d7%95%d7%9d-%d7%94%d7%90%d7%99%d7%a8%d7%95%d7%a4%d7%99/ → nfct_new__blog_movies_d7_94_d7_97_d7_9c_d7_95_d7_9d-_d7_94_d7_90_d7_99_d7_a8_d7_95_d7_a4_d__fcd127ea.md (14874 bytes)
  ✗ https://nfct.org.il/blog/movies/%d7%94%d7%9e%d7%95%d7%97/: 429 Client Error: Too Many Requests for url: https://crawl4ai-wrapper-559961100092.europe-west1.run.app/scrape
  ✓ https://nfct.org.il/blog/movies/%d7%94%d7%99%d7%9c%d7%93-%d7%a9%d7%9c-%d7%93%d7%99%d7%90%d7%a0%d7%94/ → nfct_new__blog_movies_d7_94_d7_99_d7_9c_d7_93-_d7_a9_d7_9c-_d7_93_d7_99_d7_90_d7_a0_d7_94__7c80904b.md (16791 bytes)
  ✗ https://nfct.org.il/blog/movies/%d7%94%d7%9e%d7%95%d7%a8%d7%98%d7%aa/: 429 Client Error: Too Many Requests for url: https://crawl4ai-wrapper-559961100092.europe-west1.run.app/scrape
  ✗ https://nfct.org.il/blog/movies/%d7%94%d7%9e%d7%95%d7%a9%d7%9c/: 429 Client Error: Too Many Requests for url: https://crawl4ai-wrapper-559961100092.europe-west1.run.app/scrape
  ✓ https://nfct.org.il/blog/movies/%d7%94%d7%99%d7%94-%d7%a0%d7%9b%d7%95%d7%9f/ → nfct_new__blog_movies_d7_94_d7_99_d7_94-_d7_a0_d7_9b_d7_95_d7_9f__c5d7a57a.md (15916 bytes)
  ✗ https://nfct.org.il/blog/movies/%d7%94%d7%9e%d7%97%d7%91%d7%a8%d7%95%d7%aa-%d7%a9%d7%9c-%d7%90%d7%9c%d7%99%d7%a9/: 429 Client Error: Too Many Requests for url: https://crawl4ai-wrapper-559961100092.europe-west1.run.app/scrape
  ✓ https://nfct.org.il/blog/movies/%d7%94%d7%98%d7%9c%d7%a0%d7%95%d7%91%d7%9c%d7%94-%d7%94%d7%a4%d7%a8%d7%98%d7%99%d7%aa-%d7%a9%d7%9c%d7%99/ → nfct_new__blog_movies_d7_94_d7_98_d7_9c_d7_a0_d7_95_d7_91_d7_9c_d7_94-_d7_94_d7_a4_d7_a8_d__b4972995.md (16872 bytes)
  ✓ https://nfct.org.il/blog/movies/%d7%94%d7%9c%d7%94%d7%98%d7%95%d7%98%d7%9f/ → nfct_new__blog_movies_d7_94_d7_9c_d7_94_d7_98_d7_95_d7_98_d7_9f__784988be.md (14392 bytes)
  ✗ https://nfct.org.il/blog/movies/%d7%94%d7%9e%d7%9b%d7%a9%d7%a4%d7%94-%d7%9e%d7%a8%d7%97-%d7%9e%d7%9c%d7%a6%d7%98/: 429 Client Error: Too Many Requests for url: https://crawl4ai-wrapper-559961100092.europe-west1.run.app/scrape
  ✗ https://nfct.org.il/blog/movies/%d7%94%d7%9e%d7%9c%d7%90%d7%9a-%d7%92%d7%91%d7%a8%d7%99%d7%90%d7%9c/: 429 Client Error: Too Many Requests for url: https://crawl4ai-wrapper-559961100092.europe-west1.run.app/scrape
  ✓ https://nfct.org.il/blog/movies/%d7%94%d7%9b%d7%95%d7%91%d7%a2%d7%99%d7%9d-%d7%a9%d7%9c-%d7%99%d7%a8%d7%95%d7%a9%d7%9c%d7%99%d7%9d/ → nfct_new__blog_movies_d7_94_d7_9b_d7_95_d7_91_d7_a2_d7_99_d7_9d-_d7_a9_d7_9c-_d7_99_d7_a8___942b0b80.md (19721 bytes)
  ✗ https://nfct.org.il/blog/movies/%d7%94%d7%9e%d7%9c%d7%97%d7%9e%d7%94-%d7%94%d7%90%d7%97%d7%a8%d7%95%d7%a0%d7%94-%d7%a9%d7%9c-%d7%a0%d7%9c%d7%a1%d7%95%d7%9f/: 429 Client Error: Too Many Requests for url: https://crawl4ai-wrapper-559961100092.europe-west1.run.app/scrape
  ✓ https://nfct.org.il/blog/movies/%d7%94%d7%9e%d7%93%d7%a8%d7%a9%d7%99%d7%94/ → nfct_new__blog_movies_d7_94_d7_9e_d7_93_d7_a8_d7_a9_d7_99_d7_94__e7c33825.md (17446 bytes)
  ✗ https://nfct.org.il/blog/movies/%d7%94%d7%9b%d7%a0%d7%a1%d7%99%d7%99%d7%94/: 429 Client Error: Too Many Requests for url: https://crawl4ai-wrapper-559961100092.europe-west1.run.app/scrape
  ✓ https://nfct.org.il/blog/movies/%d7%94%d7%9e%d7%95%d7%96%d7%99%d7%90%d7%95%d7%9f/ → nfct_new__blog_movies_d7_94_d7_9e_d7_95_d7_96_d7_99_d7_90_d7_95_d7_9f__429f0b87.md (17758 bytes)
  ✓ https://nfct.org.il/blog/movies/%d7%94%d7%9e%d7%95%d7%a1%d7%93-%d7%a1%d7%99%d7%a4%d7%95%d7%a8-%d7%9b%d7%99%d7%a1%d7%95%d7%99/ → nfct_new__blog_movies_d7_94_d7_9e_d7_95_d7_a1_d7_93-_d7_a1_d7_99_d7_a4_d7_95_d7_a8-_d7_9b___c230f652.md (23367 bytes)
  ✗ https://nfct.org.il/blog/movies/%d7%94%d7%9e%d7%a2%d7%91%d7%93%d7%94/: 429 Client Error: Too Many Requests for url: https://crawl4ai-wrapper-559961100092.europe-west1.run.app/scrape
  ✓ https://nfct.org.il/blog/movies/%d7%94%d7%9b%d7%97-%d7%9c%d7%a9%d7%97%d7%95%d7%aa/ → nfct_new__blog_movies_d7_94_d7_9b_d7_97-_d7_9c_d7_a9_d7_97_d7_95_d7_aa__8ff8d343.md (18648 bytes)
  ✗ https://nfct.org.il/blog/movies/%d7%94%d7%9e%d7%a4%d7%9c%d7%a6%d7%aa-%d7%9e%d7%99%d7%a8%d7%95%d7%a9%d7%9c%d7%99%d7%9d/: 429 Client Error: Too Many Requests for url: https://crawl4ai-wrapper-559961100092.europe-west1.run.app/scrape
  ✓ https://nfct.org.il/blog/movies/%d7%94%d7%9b%d7%95%d7%9b%d7%91%d7%99%d7%9d-%d7%a9%d7%9c-%d7%a9%d7%98%d7%a8%d7%9f/ → nfct_new__blog_movies_d7_94_d7_9b_d7_95_d7_9b_d7_91_d7_99_d7_9d-_d7_a9_d7_9c-_d7_a9_d7_98___6976669b.md (15002 bytes)
  ✓ https://nfct.org.il/blog/movies/%d7%94%d7%9b%d7%95%d7%9b%d7%91-%d7%a9%d7%9c-%d7%9e%d7%99%d7%a0%d7%93%d7%99/ → nfct_new__blog_movies_d7_94_d7_9b_d7_95_d7_9b_d7_91-_d7_a9_d7_9c-_d7_9e_d7_99_d7_a0_d7_93___3a8a4152.md (15835 bytes)
  ✗ https://nfct.org.il/blog/movies/%d7%94%d7%9e%d7%a6%d7%9c%d7%9e%d7%94-%d7%a9%d7%9c-%d7%90%d7%91%d7%90/: 429 Client Error: Too Many Requests for url: https://crawl4ai-wrapper-559961100092.europe-west1.run.app/scrape
  ✓ https://nfct.org.il/blog/movies/%d7%94%d7%9e%d7%95%d7%97-%d7%94%d7%97%d7%a9%d7%9e%d7%9c%d7%99/ → nfct_new__blog_movies_d7_94_d7_9e_d7_95_d7_97-_d7_94_d7_97_d7_a9_d7_9e_d7_9c_d7_99__cca2fc8e.md (16105 bytes)
  ✓ https://nfct.org.il/blog/movies/%d7%94%d7%9e%d7%97%d7%aa%d7%a8%d7%aa-%d7%94%d7%99%d7%94%d7%95%d7%93%d7%99%d7%aa/ → nfct_new__blog_movies_d7_94_d7_9e_d7_97_d7_aa_d7_a8_d7_aa-_d7_94_d7_99_d7_94_d7_95_d7_93_d__c0dc9c56.md (21522 bytes)
  ✗ https://nfct.org.il/blog/movies/%d7%94%d7%9e%d7%9b%d7%95%d7%9f-%d7%9c%d7%a8%d7%a4%d7%95%d7%90%d7%94-%d7%9e%d7%a9%d7%a4%d7%98%d7%99%d7%aa/: 429 Client Error: Too Many Requests for url: https://crawl4ai-wrapper-559961100092.europe-west1.run.app/scrape
  ✗ https://nfct.org.il/blog/movies/%d7%94%d7%9e%d7%a7%d7%a4%d7%99%d7%a6%d7%99%d7%9d/: 429 Client Error: Too Many Requests for url: https://crawl4ai-wrapper-559961100092.europe-west1.run.app/scrape
  ✗ https://nfct.org.il/blog/movies/%d7%94%d7%9e%d7%a8%d7%90%d7%94-%d7%a9%d7%9c-%d7%94%d7%a9%d7%9e%d7%a9/: 429 Client Error: Too Many Requests for url: https://crawl4ai-wrapper-559961100092.europe-west1.run.app/scrape
  ✓ https://nfct.org.il/blog/movies/%d7%94%d7%9e%d7%95%d7%a4%d7%a2-%d7%a9%d7%9c-%d7%aa%d7%99%d7%9e%d7%95%d7%a8/ → nfct_new__blog_movies_d7_94_d7_9e_d7_95_d7_a4_d7_a2-_d7_a9_d7_9c-_d7_aa_d7_99_d7_9e_d7_95___f02b65dd.md (15529 bytes)
  ✗ https://nfct.org.il/blog/movies/%d7%94%d7%9e%d7%a9%d7%95%d7%92%d7%a2/: 429 Client Error: Too Many Requests for url: https://crawl4ai-wrapper-559961100092.europe-west1.run.app/scrape
  ✗ https://nfct.org.il/blog/movies/%d7%94%d7%9e%d7%a9%d7%97%d7%a7%d7%99%d7%9d/: 429 Client Error: Too Many Requests for url: https://crawl4ai-wrapper-559961100092.europe-west1.run.app/scrape
  ✗ https://nfct.org.il/blog/movies/%d7%94%d7%9e%d7%a9%d7%97%d7%a7-%d7%a9%d7%9c-%d7%a4%d7%9c%d7%90%d7%a4%d7%9c/: 429 Client Error: Too Many Requests for url: https://crawl4ai-wrapper-559961100092.europe-west1.run.app/scrape
  ✗ https://nfct.org.il/blog/movies/%d7%94%d7%9e%d7%a9%d7%a4%d7%98-%d7%94%d7%90%d7%97%d7%a8%d7%95%d7%9f-%d7%a9%d7%9c-%d7%a7%d7%a4%d7%a7%d7%90/: 429 Client Error: Too Many Requests for url: https://crawl4ai-wrapper-559961100092.europe-west1.run.app/scrape
  ✗ https://nfct.org.il/blog/movies/%d7%94%d7%9e%d7%9c%d7%97%d7%9e%d7%94-%d7%a9%d7%9c-%d7%92%d7%99%d7%95%d7%a8%d7%99/: 429 Client Error: Too Many Requests for url: https://crawl4ai-wrapper-559961100092.europe-west1.run.app/scrape
  ✓ https://nfct.org.il/blog/movies/%d7%94%d7%9e%d7%97%d7%91%d7%9c-%d7%a9%d7%9c%d7%99/ → nfct_new__blog_movies_d7_94_d7_9e_d7_97_d7_91_d7_9c-_d7_a9_d7_9c_d7_99__4540b7ba.md (18705 bytes)
  ✗ https://nfct.org.il/blog/movies/%d7%94%d7%a0%d7%91%d7%99%d7%90-%d7%9b%d7%94%d7%a0%d7%90/: 429 Client Error: Too Many Requests for url: https://crawl4ai-wrapper-559961100092.europe-west1.run.app/scrape
  ✓ https://nfct.org.il/blog/movies/%d7%94%d7%9e%d7%9c%d7%97%d7%9e%d7%94-%d7%94%d7%90%d7%97%d7%a8%d7%95%d7%a0%d7%94-%d7%a9%d7%9c-%d7%99%d7%9c%d7%93%d7%99-%d7%98%d7%94%d7%a8%d7%9f/ → nfct_new__blog_movies_d7_94_d7_9e_d7_9c_d7_97_d7_9e_d7_94-_d7_94_d7_90_d7_97_d7_a8_d7_95_d__afc4545c.md (17412 bytes)
  ✓ https://nfct.org.il/blog/movies/%d7%94%d7%9e%d7%9e%d7%9c%d7%9b%d7%94-%d7%94%d7%9e%d7%95%d7%a4%d7%9c%d7%90%d7%94-%d7%a9%d7%9c-%d7%a4%d7%90%d7%a4%d7%90-%d7%90%d7%9c%d7%99%d7%99%d7%91/ → nfct_new__blog_movies_d7_94_d7_9e_d7_9e_d7_9c_d7_9b_d7_94-_d7_94_d7_9e_d7_95_d7_a4_d7_9c_d__b1bee9e9.md (18641 bytes)
  ✓ https://nfct.org.il/blog/movies/%d7%94%d7%9e%d7%a1%d7%a2-%d7%a9%d7%9c-%d7%99%d7%9e%d7%99%d7%9e%d7%94/ → nfct_new__blog_movies_d7_94_d7_9e_d7_a1_d7_a2-_d7_a9_d7_9c-_d7_99_d7_9e_d7_99_d7_9e_d7_94__ef328a34.md (14847 bytes)
  ✗ https://nfct.org.il/blog/movies/%d7%94%d7%a1%d7%95%d7%93%d7%95%d7%aa-%d7%a9%d7%9c-%d7%90%d7%99%d7%93%d7%94/: 429 Client Error: Too Many Requests for url: https://crawl4ai-wrapper-559961100092.europe-west1.run.app/scrape
  ✗ https://nfct.org.il/blog/movies/%d7%94%d7%a1%d7%95%d7%93%d7%95%d7%aa-%d7%a9%d7%9c-%d7%9c%d7%90%d7%a9%d7%94/: 429 Client Error: Too Many Requests for url: https://crawl4ai-wrapper-559961100092.europe-west1.run.app/scrape
  ✗ https://nfct.org.il/blog/movies/%d7%94%d7%9e%d7%a6%d7%9c%d7%9e%d7%94-%d7%a9%d7%9c-%d7%93%d7%95%d7%a7%d7%98%d7%95%d7%a8-%d7%9e%d7%95%d7%a8%d7%99%d7%a1/: 429 Client Error: Too Many Requests for url: https://crawl4ai-wrapper-559961100092.europe-west1.run.app/scrape
  ✗ https://nfct.org.il/blog/movies/%d7%94%d7%a1%d7%99%d7%a4%d7%95%d7%a8-%d7%94%d7%90%d7%97%d7%a8%d7%95%d7%9f-%d7%a9%d7%9c-%d7%a4%d7%a8%d7%a0%d7%a5-%d7%a7%d7%a4%d7%a7%d7%90/: 429 Client Error: Too Many Requests for url: https://crawl4ai-wrapper-559961100092.europe-west1.run.app/scrape
  ✗ https://nfct.org.il/blog/movies/%d7%94%d7%a1%d7%99%d7%a8%d7%94-%d7%a9%d7%9c-%d7%90%d7%99%d7%9e%d7%90%d7%9f/: 429 Client Error: Too Many Requests for url: https://crawl4ai-wrapper-559961100092.europe-west1.run.app/scrape
  ✗ https://nfct.org.il/blog/movies/%d7%94%d7%9e%d7%a7%d7%9c%d7%97%d7%aa/: 429 Client Error: Too Many Requests for url: https://crawl4ai-wrapper-559961100092.europe-west1.run.app/scrape
  ✗ https://nfct.org.il/blog/movies/%d7%94%d7%a1%d7%a8%d7%98-%d7%a9%d7%9c-%d7%9e%d7%a0%d7%95%d7%97%d7%94/: 429 Client Error: Too Many Requests for url: https://crawl4ai-wrapper-559961100092.europe-west1.run.app/scrape
  ✗ https://nfct.org.il/blog/movies/%d7%94%d7%a1%d7%aa%d7%92%d7%9c%d7%95%d7%aa-%d7%9c%d7%90%d7%a4%d7%9c%d7%94/: 429 Client Error: Too Many Requests for url: https://crawl4ai-wrapper-559961100092.europe-west1.run.app/scrape
  ✗ https://nfct.org.il/blog/movies/%d7%94%d7%a2%d7%95%d7%a8%d7%91-%d7%96%d7%90%d7%91-%d7%96%d7%91%d7%95%d7%98%d7%99%d7%a0%d7%a1%d7%a7%d7%99/: 429 Client Error: Too Many Requests for url: https://crawl4ai-wrapper-559961100092.europe-west1.run.app/scrape
  ✗ https://nfct.org.il/blog/movies/%d7%94%d7%a2%d7%99%d7%95%d7%95%d7%a8%d7%aa/: 429 Client Error: Too Many Requests for url: https://crawl4ai-wrapper-559961100092.europe-west1.run.app/scrape
  ✗ https://nfct.org.il/blog/movies/%d7%94%d7%a2%d7%99%d7%a8-%d7%94%d7%90%d7%97%d7%a8%d7%aa/: 429 Client Error: Too Many Requests for url: https://crawl4ai-wrapper-559961100092.europe-west1.run.app/scrape
  ✗ https://nfct.org.il/blog/movies/%d7%94%d7%a2%d7%99%d7%a8-%d7%94%d7%96%d7%90%d7%aa/: 429 Client Error: Too Many Requests for url: https://crawl4ai-wrapper-559961100092.europe-west1.run.app/scrape
  ✓ https://nfct.org.il/blog/movies/%d7%94%d7%9e%d7%9c%d7%9b%d7%94-%d7%a9%d7%95%d7%a9%d7%a0%d7%94/ → nfct_new__blog_movies_d7_94_d7_9e_d7_9c_d7_9b_d7_94-_d7_a9_d7_95_d7_a9_d7_a0_d7_94__11e390a5.md (17623 bytes)
  ✗ https://nfct.org.il/blog/movies/%d7%94%d7%a4%d7%92%d7%a0%d7%94-%d7%91%d7%a2%d7%99%d7%a8-%d7%94%d7%9c%d7%91%d7%a0%d7%94/: 429 Client Error: Too Many Requests for url: https://crawl4ai-wrapper-559961100092.europe-west1.run.app/scrape
  ✓ https://nfct.org.il/blog/movies/%d7%94%d7%9e%d7%a4%d7%a8%d7%a5/ → nfct_new__blog_movies_d7_94_d7_9e_d7_a4_d7_a8_d7_a5__eacaa378.md (17173 bytes)
  ✗ https://nfct.org.il/blog/movies/%d7%94%d7%a4%d7%98%d7%a8%d7%99%d7%95%d7%98/: 429 Client Error: Too Many Requests for url: https://crawl4ai-wrapper-559961100092.europe-west1.run.app/scrape
  ✗ https://nfct.org.il/blog/movies/%d7%94%d7%a4%d7%99%d7%a8%d7%90%d7%98%d7%99%d7%9d-%d7%94%d7%99%d7%a6%d7%99%d7%a8%d7%aa%d7%99%d7%99%d7%9d-%d7%9e%d7%a7%d7%a8%d7%99%d7%99%d7%aa-%d7%a9%d7%9c%d7%95%d7%9d/: 429 Client Error: Too Many Requests for url: https://crawl4ai-wrapper-559961100092.europe-west1.run.app/scrape
  ✗ https://nfct.org.il/blog/movies/%d7%94%d7%a4%d7%a1%d7%a7%d7%94-%d7%92%d7%93%d7%95%d7%9c%d7%94-%d7%a4%d7%a6%d7%a2%d7%99-%d7%91%d7%92%d7%a8%d7%95%d7%aa/: 429 Client Error: Too Many Requests for url: https://crawl4ai-wrapper-559961100092.europe-west1.run.app/scrape
  ✓ https://nfct.org.il/blog/movies/%d7%94%d7%9e%d7%a6%d7%91-%d7%a7%d7%a9%d7%94/ → nfct_new__blog_movies_d7_94_d7_9e_d7_a6_d7_91-_d7_a7_d7_a9_d7_94__0c861410.md (14616 bytes)
  ✓ https://nfct.org.il/blog/movies/%d7%94%d7%9e%d7%a7%d7%95%d7%9c%d7%9c%d7%99%d7%9d/ → nfct_new__blog_movies_d7_94_d7_9e_d7_a7_d7_95_d7_9c_d7_9c_d7_99_d7_9d__178cafd1.md (24839 bytes)
  ✗ https://nfct.org.il/blog/movies/%d7%94%d7%a4%d7%a7%d7%95%d7%aa-%d7%94%d7%9e%d7%96%d7%a8%d7%97/: 429 Client Error: Too Many Requests for url: https://crawl4ai-wrapper-559961100092.europe-west1.run.app/scrape
  ✗ https://nfct.org.il/blog/movies/%d7%94%d7%a4%d7%a8%d7%98%d7%99%d7%96%d7%9f-%d7%a2%d7%9d-%d7%9e%d7%a6%d7%9c%d7%9e%d7%aa-%d7%94%d7%9c%d7%99%d7%99%d7%a7%d7%94/: 429 Client Error: Too Many Requests for url: https://crawl4ai-wrapper-559961100092.europe-west1.run.app/scrape
  ✗ https://nfct.org.il/blog/movies/%d7%94%d7%a4%d7%a8%d7%98%d7%99%d7%96%d7%a0%d7%99%d7%aa/: 429 Client Error: Too Many Requests for url: https://crawl4ai-wrapper-559961100092.europe-west1.run.app/scrape
  ✓ https://nfct.org.il/blog/movies/%d7%94%d7%9e%d7%a4%d7%aa%d7%97/ → nfct_new__blog_movies_d7_94_d7_9e_d7_a4_d7_aa_d7_97__0c8ec044.md (16182 bytes)
  ✗ https://nfct.org.il/blog/movies/%d7%94%d7%a6%d7%93%d7%99%d7%a7-%d7%94%d7%90%d7%97%d7%a8%d7%95%d7%9f-%d7%a9%d7%95%d7%a9%d7%9c%d7%aa-%d7%90%d7%91%d7%97%d7%a6%d7%99%d7%a8%d7%90/: 429 Client Error: Too Many Requests for url: https://crawl4ai-wrapper-559961100092.europe-west1.run.app/scrape
  ✗ https://nfct.org.il/blog/movies/%d7%94%d7%a6%d7%93-%d7%94%d7%90%d7%a4%d7%9c/: 429 Client Error: Too Many Requests for url: https://crawl4ai-wrapper-559961100092.europe-west1.run.app/scrape
  ✓ https://nfct.org.il/blog/movies/%d7%94%d7%9e%d7%a8%d7%93-%d7%a9%d7%9c-%d7%a2%d7%9e%d7%95%d7%a1/ → nfct_new__blog_movies_d7_94_d7_9e_d7_a8_d7_93-_d7_a9_d7_9c-_d7_a2_d7_9e_d7_95_d7_a1__b7e02850.md (14544 bytes)
  ✓ https://nfct.org.il/blog/movies/%d7%94%d7%a0%d7%a1%d7%99%d7%a2%d7%94/ → nfct_new__blog_movies_d7_94_d7_a0_d7_a1_d7_99_d7_a2_d7_94__6224e103.md (14435 bytes)
  ✓ https://nfct.org.il/blog/movies/%d7%94%d7%a1%d7%a4%d7%94/ → nfct_new__blog_movies_d7_94_d7_a1_d7_a4_d7_94__184daf81.md (17832 bytes)
  ✓ https://nfct.org.il/blog/movies/%d7%94%d7%9e%d7%aa%d7%a0%d7%97%d7%9c%d7%99%d7%9d/ → nfct_new__blog_movies_d7_94_d7_9e_d7_aa_d7_a0_d7_97_d7_9c_d7_99_d7_9d__0e54e8a4.md (18500 bytes)
  ✗ https://nfct.org.il/blog/movies/%d7%94%d7%a7%d7%94%d7%99%d7%9c%d7%94/: 429 Client Error: Too Many Requests for url: https://crawl4ai-wrapper-559961100092.europe-west1.run.app/scrape
  ✗ https://nfct.org.il/blog/movies/%d7%94%d7%a7%d7%95%d7%9e%d7%93%d7%99%d7%90%d7%a0%d7%98%d7%99%d7%9d/: 429 Client Error: Too Many Requests for url: https://crawl4ai-wrapper-559961100092.europe-west1.run.app/scrape
  ✓ https://nfct.org.il/blog/movies/%d7%94%d7%a0%d7%96%d7%99%d7%a8-%d7%9e%d7%90%d7%a8%d7%a5-%d7%94%d7%a7%d7%95%d7%93%d7%a9/ → nfct_new__blog_movies_d7_94_d7_a0_d7_96_d7_99_d7_a8-_d7_9e_d7_90_d7_a8_d7_a5-_d7_94_d7_a7___4f46ac28.md (17052 bytes)
  ✗ https://nfct.org.il/blog/movies/%d7%94%d7%a7%d7%9c%d7%99%d7%a7-%d7%94%d7%90%d7%97%d7%a8%d7%95%d7%9f/: 429 Client Error: Too Many Requests for url: https://crawl4ai-wrapper-559961100092.europe-west1.run.app/scrape
  ✓ https://nfct.org.il/blog/movies/%d7%94%d7%a1%d7%95%d7%93-%d7%a9%d7%9c-%d7%a8%d7%a9%d7%91%d7%99/ → nfct_new__blog_movies_d7_94_d7_a1_d7_95_d7_93-_d7_a9_d7_9c-_d7_a8_d7_a9_d7_91_d7_99__19d5e2d0.md (15681 bytes)
  ✗ https://nfct.org.il/blog/movies/%d7%94%d7%a7%d7%a8%d7%91%d7%95%d7%aa-%d7%a9%d7%9c-%d7%a0%d7%99%d7%9c%d7%99/: 429 Client Error: Too Many Requests for url: https://crawl4ai-wrapper-559961100092.europe-west1.run.app/scrape
  ✓ https://nfct.org.il/blog/movies/%d7%94%d7%a4%d7%95%d7%90%d7%99%d7%94/ → nfct_new__blog_movies_d7_94_d7_a4_d7_95_d7_90_d7_99_d7_94__da34e667.md (16526 bytes)
  ✓ https://nfct.org.il/blog/movies/%d7%94%d7%a0%d7%a1%d7%99%d7%9a-%d7%94%d7%99%d7%a8%d7%95%d7%a7/ → nfct_new__blog_movies_d7_94_d7_a0_d7_a1_d7_99_d7_9a-_d7_94_d7_99_d7_a8_d7_95_d7_a7__e218e280.md (16303 bytes)
  ✓ https://nfct.org.il/blog/movies/%d7%94%d7%a4%d7%a1%d7%a7%d7%aa-%d7%a7%d7%a4%d7%94/ → nfct_new__blog_movies_d7_94_d7_a4_d7_a1_d7_a7_d7_aa-_d7_a7_d7_a4_d7_94__1e75b378.md (15086 bytes)
  ✓ https://nfct.org.il/blog/movies/%d7%94%d7%a8%d7%90%d7%a9-%d7%94%d7%99%d7%94%d7%95%d7%93%d7%99-%d7%9e%d7%9e%d7%a6%d7%99%d7%90-%d7%9c%d7%a0%d7%95-%d7%a4%d7%98%d7%a0%d7%98%d7%99%d7%9d/ → nfct_new__blog_movies_d7_94_d7_a8_d7_90_d7_a9-_d7_94_d7_99_d7_94_d7_95_d7_93_d7_99-_d7_9e___b1301b8e.md (12675 bytes)
  ✓ https://nfct.org.il/blog/movies/%d7%94%d7%a4%d7%a8%d7%a9%d7%a0%d7%99%d7%aa/ → nfct_new__blog_movies_d7_94_d7_a4_d7_a8_d7_a9_d7_a0_d7_99_d7_aa__5700adc7.md (16068 bytes)
  ✗ https://nfct.org.il/blog/movies/%d7%94%d7%a8%d7%a2%d7%91-%d7%95%d7%9e%d7%a2%d7%a8%d7%9b%d7%aa-%d7%94%d7%a2%d7%99%d7%9b%d7%95%d7%9c-%d7%a9%d7%9c-%d7%94%d7%aa%d7%a7%d7%a9%d7%95%d7%a8%d7%aa/: 429 Client Error: Too Many Requests for url: https://crawl4ai-wrapper-559961100092.europe-west1.run.app/scrape
  ✗ https://nfct.org.il/blog/movies/%d7%94%d7%a8%d7%a6%d7%97-%d7%aa%d7%a2%d7%9c%d7%95%d7%9e%d7%aa-%d7%9e%d7%95%d7%aa%d7%95-%d7%a9%d7%9c-%d7%97%d7%99%d7%99%d7%9d-%d7%90%d7%a8%d7%9c%d7%95%d7%96%d7%a8%d7%95%d7%91/: 429 Client Error: Too Many Requests for url: https://crawl4ai-wrapper-559961100092.europe-west1.run.app/scrape
  ✗ https://nfct.org.il/blog/movies/%d7%94%d7%a8%d7%a9%d7%94-%d7%9c%d7%96%d7%94-%d7%9c%d7%93%d7%9e%d7%9d/: 429 Client Error: Too Many Requests for url: https://crawl4ai-wrapper-559961100092.europe-west1.run.app/scrape
  ✗ https://nfct.org.il/blog/movies/%d7%94%d7%a9%d7%90%d7%9c%d7%95%d7%aa-%d7%a9%d7%9c-%d7%a0%d7%a2%d7%9e%d7%99/: 429 Client Error: Too Many Requests for url: https://crawl4ai-wrapper-559961100092.europe-west1.run.app/scrape
  ✗ https://nfct.org.il/blog/movies/%d7%94%d7%a9%d7%90%d7%9d-%d7%91%d7%90%d7%99-%d7%a9%d7%9d/: 429 Client Error: Too Many Requests for url: https://crawl4ai-wrapper-559961100092.europe-west1.run.app/scrape
  ✗ https://nfct.org.il/blog/movies/%d7%94%d7%a9%d7%92%d7%a8%d7%99%d7%a8%d7%99%d7%9d/: 429 Client Error: Too Many Requests for url: https://crawl4ai-wrapper-559961100092.europe-west1.run.app/scrape
  ✗ https://nfct.org.il/blog/movies/%d7%94%d7%a9%d7%95%d7%9e%d7%a8%d7%95%d7%a0%d7%99%d7%9d-%d7%91%d7%92%d7%9c%d7%99%d7%9e%d7%95%d7%aa-%d7%9c%d7%91%d7%a0%d7%95%d7%aa-%d7%95%d7%91%d7%92%d7%99%d7%a0%d7%a1-%d7%9b%d7%97%d7%95%d7%9c%d7%99/: 429 Client Error: Too Many Requests for url: https://crawl4ai-wrapper-559961100092.europe-west1.run.app/scrape
  ✗ https://nfct.org.il/blog/movies/%d7%94%d7%a9%d7%95%d7%9e%d7%a8%d7%95%d7%a0%d7%99%d7%9d-%d7%a2%d7%93%d7%94-%d7%aa%d7%95%d7%a8%d7%94-%d7%94%d7%a8/: 429 Client Error: Too Many Requests for url: https://crawl4ai-wrapper-559961100092.europe-west1.run.app/scrape
  ✗ https://nfct.org.il/blog/movies/%d7%94%d7%a9%d7%95%d7%a2%d7%9c-%d7%95%d7%94%d7%a2%d7%95%d7%a8%d7%91/: 429 Client Error: Too Many Requests for url: https://crawl4ai-wrapper-559961100092.europe-west1.run.app/scrape
  ✗ https://nfct.org.il/blog/movies/%d7%94%d7%99%d7%a8%d7%95%d7%a9%d7%95%d7%aa-%d7%a9%d7%9c%d7%99/: HTTPSConnectionPool(host='crawl4ai-wrapper-559961100092.europe-west1.run.app', port=443): Read timed out. (read timeout=120)
  ✓ https://nfct.org.il/blog/movies/%d7%94%d7%a4%d7%a1%d7%a7%d7%aa-%d7%90%d7%a9/ → nfct_new__blog_movies_d7_94_d7_a4_d7_a1_d7_a7_d7_aa-_d7_90_d7_a9__c6a9e0a1.md (16885 bytes)
  ✗ https://nfct.org.il/blog/movies/%d7%94%d7%a9%d7%99%d7%a8-%d7%94%d7%98%d7%99%d7%a4%d7%a9%d7%99-%d7%9c%d7%9c%d7%99%d7%94/: 429 Client Error: Too Many Requests for url: https://crawl4ai-wrapper-559961100092.europe-west1.run.app/scrape
  ✗ https://nfct.org.il/blog/movies/%d7%94%d7%a9%d7%9b%d7%9f-%d7%a9%d7%9c-%d7%99%d7%a9%d7%95/: 429 Client Error: Too Many Requests for url: https://crawl4ai-wrapper-559961100092.europe-west1.run.app/scrape
  ✗ https://nfct.org.il/blog/movies/%d7%94%d7%a9%d7%9e%d7%99%d7%a2%d7%99-%d7%a7%d7%95%d7%9c%d7%9a/: 429 Client Error: Too Many Requests for url: https://crawl4ai-wrapper-559961100092.europe-west1.run.app/scrape
  ✓ https://nfct.org.il/blog/movies/%d7%94%d7%a4%d7%98%d7%a8%d7%99%d7%90%d7%9a/ → nfct_new__blog_movies_d7_94_d7_a4_d7_98_d7_a8_d7_99_d7_90_d7_9a__d6f791d4.md (16785 bytes)
  ✗ https://nfct.org.il/blog/movies/%d7%94%d7%aa%d7%90%d7%91%d7%93%d7%95%d7%aa/: 429 Client Error: Too Many Requests for url: https://crawl4ai-wrapper-559961100092.europe-west1.run.app/scrape
  ✗ https://nfct.org.il/blog/movies/%d7%94%d7%aa%d7%90%d7%95%d7%a0%d7%94/: 429 Client Error: Too Many Requests for url: https://crawl4ai-wrapper-559961100092.europe-west1.run.app/scrape
  ✗ https://nfct.org.il/blog/movies/%d7%94%d7%aa%d7%96%d7%9e%d7%95%d7%a8%d7%aa/: 429 Client Error: Too Many Requests for url: https://crawl4ai-wrapper-559961100092.europe-west1.run.app/scrape
  ✗ https://nfct.org.il/blog/movies/%d7%94%d7%aa%d7%97%d7%9c%d7%94-%d7%97%d7%93%d7%a9%d7%94/: 429 Client Error: Too Many Requests for url: https://crawl4ai-wrapper-559961100092.europe-west1.run.app/scrape
  ✓ https://nfct.org.il/blog/movies/%d7%94%d7%a6%d7%9c-%d7%a9%d7%9c-%d7%94%d7%a9%d7%9e%d7%a9/ → nfct_new__blog_movies_d7_94_d7_a6_d7_9c-_d7_a9_d7_9c-_d7_94_d7_a9_d7_9e_d7_a9__9e2e0ab9.md (18166 bytes)
  ✗ https://nfct.org.il/blog/movies/%d7%94%d7%aa%d7%a2%d7%95%d7%a8%d7%a8%d7%95%d7%aa-2/: 429 Client Error: Too Many Requests for url: https://crawl4ai-wrapper-559961100092.europe-west1.run.app/scrape
  ✓ https://nfct.org.il/blog/movies/%d7%94%d7%a6%d7%9c%d7%9e%d7%a0%d7%99%d7%94/ → nfct_new__blog_movies_d7_94_d7_a6_d7_9c_d7_9e_d7_a0_d7_99_d7_94__8f1903d1.md (18035 bytes)
  ✗ https://nfct.org.il/blog/movies/%d7%94%d7%aa%d7%a4%d7%95%d7%a8%d7%a8%d7%95%d7%aa/: 429 Client Error: Too Many Requests for url: https://crawl4ai-wrapper-559961100092.europe-west1.run.app/scrape
  ✓ https://nfct.org.il/blog/movies/%d7%94%d7%a6%d7%a2%d7%a7%d7%94/ → nfct_new__blog_movies_d7_94_d7_a6_d7_a2_d7_a7_d7_94__a401ef22.md (12669 bytes)
  ✗ https://nfct.org.il/blog/movies/%d7%94%d7%aa%d7%a7%d7%95%d7%95%d7%94/: 429 Client Error: Too Many Requests for url: https://crawl4ai-wrapper-559961100092.europe-west1.run.app/scrape
  ✗ https://nfct.org.il/blog/movies/%d7%95%d7%90%d7%9c%d7%a1-%d7%a2%d7%9d-%d7%91%d7%90%d7%a9%d7%99%d7%a8/: 429 Client Error: Too Many Requests for url: https://crawl4ai-wrapper-559961100092.europe-west1.run.app/scrape
  ✗ https://nfct.org.il/blog/movies/%d7%95%d7%90%d7%9d-%d7%a0%d7%a0%d7%99%d7%97-%d7%9c%d7%a8%d7%92%d7%a2-%d7%a9%d7%99%d7%a9-%d7%90%d7%9c%d7%94%d7%99%d7%9d/: 429 Client Error: Too Many Requests for url: https://crawl4ai-wrapper-559961100092.europe-west1.run.app/scrape
  ✗ https://nfct.org.il/blog/movies/%d7%94%d7%a7%d7%9c%d7%9c%d7%94-%d7%a9%d7%9c-%d7%95%d7%99%d7%a7%d7%98%d7%95%d7%a8/: 429 Client Error: Too Many Requests for url: https://crawl4ai-wrapper-559961100092.europe-west1.run.app/scrape
  ✓ https://nfct.org.il/blog/movies/%d7%94%d7%a7%d7%91%d7%a8%d7%a0%d7%99%d7%98%d7%99%d7%9d/ → nfct_new__blog_movies_d7_94_d7_a7_d7_91_d7_a8_d7_a0_d7_99_d7_98_d7_99_d7_9d__df9058a1.md (15608 bytes)
  ✗ https://nfct.org.il/blog/movies/%d7%95%d7%95%d7%90%d7%98%d7%a1%d7%90%d7%a4-%d7%92%d7%a8%d7%a2%d7%99%d7%9f-%d7%92%d7%9c%d7%91%d7%95%d7%a2/: 429 Client Error: Too Many Requests for url: https://crawl4ai-wrapper-559961100092.europe-west1.run.app/scrape
  ✓ https://nfct.org.il/blog/movies/%d7%94%d7%a8%d7%97%d7%91%d7%94/ → nfct_new__blog_movies_d7_94_d7_a8_d7_97_d7_91_d7_94__b063a54e.md (16322 bytes)
  ✗ https://nfct.org.il/blog/movies/%d7%95%d7%95%d7%91-%d7%a7%d7%90%d7%9d/: 429 Client Error: Too Many Requests for url: https://crawl4ai-wrapper-559961100092.europe-west1.run.app/scrape
  ✓ https://nfct.org.il/blog/movies/%d7%94%d7%a7%d7%99%d7%a8/ → nfct_new__blog_movies_d7_94_d7_a7_d7_99_d7_a8__a8bb4dc6.md (19144 bytes)
  ✓ https://nfct.org.il/blog/movies/%d7%94%d7%a7%d7%a8%d7%91-%d7%a2%d7%9c-%d7%aa%d7%9c-%d7%97%d7%99/ → nfct_new__blog_movies_d7_94_d7_a7_d7_a8_d7_91-_d7_a2_d7_9c-_d7_aa_d7_9c-_d7_97_d7_99__11ed56cc.md (15821 bytes)
  ✗ https://nfct.org.il/blog/movies/%d7%95%d7%99%d7%93%d7%95%d7%99%d7%99%d7%9d-%d7%91%d7%a7%d7%a8%d7%95%d7%91/: 429 Client Error: Too Many Requests for url: https://crawl4ai-wrapper-559961100092.europe-west1.run.app/scrape
  ✗ https://nfct.org.il/blog/movies/%d7%95%d7%99%d7%93%d7%95%d7%99%d7%99%d7%9d/: 429 Client Error: Too Many Requests for url: https://crawl4ai-wrapper-559961100092.europe-west1.run.app/scrape
  ✓ https://nfct.org.il/blog/movies/%d7%94%d7%a8%d7%95%d7%a2%d7%94/ → nfct_new__blog_movies_d7_94_d7_a8_d7_95_d7_a2_d7_94__49311612.md (17537 bytes)
  ✓ https://nfct.org.il/blog/movies/%d7%94%d7%a8%d7%96-%d7%a9%d7%9c%d7%99/ → nfct_new__blog_movies_d7_94_d7_a8_d7_96-_d7_a9_d7_9c_d7_99__a75b5df0.md (17891 bytes)
  ✗ https://nfct.org.il/blog/movies/%d7%94%d7%aa%d7%a2%d7%95%d7%a8%d7%a8%d7%95%d7%aa/: 429 Client Error: Too Many Requests for url: https://crawl4ai-wrapper-559961100092.europe-west1.run.app/scrape
  ✗ https://nfct.org.il/blog/movies/%d7%95%d7%99%d7%a7%d7%99%d7%9c%d7%a0%d7%93/: 429 Client Error: Too Many Requests for url: https://crawl4ai-wrapper-559961100092.europe-west1.run.app/scrape
  ✗ https://nfct.org.il/blog/movies/%d7%94%d7%aa%d7%a7%d7%95%d7%95%d7%94-2/: 429 Client Error: Too Many Requests for url: https://crawl4ai-wrapper-559961100092.europe-west1.run.app/scrape
  ✗ https://nfct.org.il/blog/movies/%d7%95%d7%a0%d7%a2%d7%91%d7%95%d7%a8-%d7%9c%d7%a4%d7%a8%d7%a1%d7%95%d7%9e%d7%95%d7%aa/: 429 Client Error: Too Many Requests for url: https://crawl4ai-wrapper-559961100092.europe-west1.run.app/scrape
  ✗ https://nfct.org.il/blog/movies/%d7%96%d7%90%d7%96%d7%90%d7%9c%d7%a0%d7%93/: 429 Client Error: Too Many Requests for url: https://crawl4ai-wrapper-559961100092.europe-west1.run.app/scrape
  ✗ https://nfct.org.il/blog/movies/%d7%96%d7%91%d7%9c-%d7%98%d7%95%d7%91/: 429 Client Error: Too Many Requests for url: https://crawl4ai-wrapper-559961100092.europe-west1.run.app/scrape
  ✗ https://nfct.org.il/blog/movies/%d7%96%d7%94%d7%91%d7%94-%d7%91%d7%9f-%d7%9b%d7%95%d7%9b%d7%91-%d7%90%d7%97%d7%93-%d7%9c%d7%91%d7%93/: 429 Client Error: Too Many Requests for url: https://crawl4ai-wrapper-559961100092.europe-west1.run.app/scrape
  ✗ https://nfct.org.il/blog/movies/%d7%96%d7%94%d7%91-%d7%9c%d7%99%d7%95%d7%93%d7%94/: 429 Client Error: Too Many Requests for url: https://crawl4ai-wrapper-559961100092.europe-west1.run.app/scrape
  ✓ https://nfct.org.il/blog/movies/%d7%95%d7%99%d7%94-%d7%93%d7%9c%d7%a8%d7%95%d7%96%d7%94/ → nfct_new__blog_movies_d7_95_d7_99_d7_94-_d7_93_d7_9c_d7_a8_d7_95_d7_96_d7_94__01a7887a.md (15512 bytes)
  ✓ https://nfct.org.il/blog/movies/%d7%94%d7%a9%d7%a8%d7%a9%d7%a8%d7%aa-%d7%a9%d7%9c-%d7%a4%d7%a1%d7%99%d7%94/ → nfct_new__blog_movies_d7_94_d7_a9_d7_a8_d7_a9_d7_a8_d7_aa-_d7_a9_d7_9c-_d7_a4_d7_a1_d7_99___41f15a5d.md (17838 bytes)
  ✓ https://nfct.org.il/blog/movies/%d7%94%d7%a9%d7%97%d7%99%d7%99%d7%9f/ → nfct_new__blog_movies_d7_94_d7_a9_d7_97_d7_99_d7_99_d7_9f__dc6170f4.md (15321 bytes)
  ✗ https://nfct.org.il/blog/movies/%d7%96%d7%94-%d7%9e%d7%94-%d7%a9%d7%96%d7%94/: 429 Client Error: Too Many Requests for url: https://crawl4ai-wrapper-559961100092.europe-west1.run.app/scrape
  ✗ https://nfct.org.il/blog/movies/%d7%96%d7%94-%d7%a2%d7%95%d7%91%d7%93-%d7%a8%d7%a7-%d7%91%d7%a2%d7%99%d7%a0%d7%99%d7%99%d7%9d-%d7%a2%d7%a6%d7%95%d7%9e%d7%95%d7%aa/: 429 Client Error: Too Many Requests for url: https://crawl4ai-wrapper-559961100092.europe-west1.run.app/scrape
  ✗ https://nfct.org.il/blog/movies/%d7%96%d7%95%d7%9d-%d7%96%d7%95%d7%9d/: 429 Client Error: Too Many Requests for url: https://crawl4ai-wrapper-559961100092.europe-west1.run.app/scrape
  ✗ https://nfct.org.il/blog/movies/%d7%96%d7%95%d7%92/: 429 Client Error: Too Many Requests for url: https://crawl4ai-wrapper-559961100092.europe-west1.run.app/scrape
  ✓ https://nfct.org.il/blog/movies/%d7%94%d7%a9%d7%99%d7%a2%d7%95%d7%a8-%d7%a9%d7%9c-%d7%a0%d7%99%d7%a0%d7%95/ → nfct_new__blog_movies_d7_94_d7_a9_d7_99_d7_a2_d7_95_d7_a8-_d7_a9_d7_9c-_d7_a0_d7_99_d7_a0___32e22750.md (15468 bytes)
  ✗ https://nfct.org.il/blog/movies/%d7%95%d7%95%d7%90%d7%a7%d7%a8/: 429 Client Error: Too Many Requests for url: https://crawl4ai-wrapper-559961100092.europe-west1.run.app/scrape
  ✗ https://nfct.org.il/blog/movies/%d7%95%d7%98%d7%a8%d7%a0%d7%99%d7%9d/: 429 Client Error: Too Many Requests for url: https://crawl4ai-wrapper-559961100092.europe-west1.run.app/scrape
  ✓ https://nfct.org.il/blog/movies/%d7%94%d7%aa%d7%97%d7%9c-%d7%9e%d7%a9%d7%97%d7%a7-%d7%97%d7%93%d7%a9/ → nfct_new__blog_movies_d7_94_d7_aa_d7_97_d7_9c-_d7_9e_d7_a9_d7_97_d7_a7-_d7_97_d7_93_d7_a9__04288f99.md (17621 bytes)
  ✗ https://nfct.org.il/blog/movies/%d7%96%d7%9e%d7%9f-%d7%a4%d7%95%d7%a0%d7%99%d7%91%d7%96/: 429 Client Error: Too Many Requests for url: https://crawl4ai-wrapper-559961100092.europe-west1.run.app/scrape
  ✗ https://nfct.org.il/blog/movies/%d7%96%d7%a8%d7%a2%d7%99-%d7%a7%d7%99%d7%a5/: 429 Client Error: Too Many Requests for url: https://crawl4ai-wrapper-559961100092.europe-west1.run.app/scrape
  ✗ https://nfct.org.il/blog/movies/%d7%97%d7%91%d7%a6%d7%95%d7%9c%d7%99%d7%9d/: 429 Client Error: Too Many Requests for url: https://crawl4ai-wrapper-559961100092.europe-west1.run.app/scrape
  ✗ https://nfct.org.il/blog/movies/%d7%97%d7%93%d7%a8-%d7%97%d7%95%d7%a9%d7%9a/: 429 Client Error: Too Many Requests for url: https://crawl4ai-wrapper-559961100092.europe-west1.run.app/scrape
  ✓ https://nfct.org.il/blog/movies/%d7%95%d7%92%d7%91%d7%95%d7%9c-%d7%a0%d7%aa%d7%9f/ → nfct_new__blog_movies_d7_95_d7_92_d7_91_d7_95_d7_9c-_d7_a0_d7_aa_d7_9f__647c05bd.md (17419 bytes)
  ✗ https://nfct.org.il/blog/movies/%d7%97%d7%93%d7%a8-6/: 429 Client Error: Too Many Requests for url: https://crawl4ai-wrapper-559961100092.europe-west1.run.app/scrape
  ✓ https://nfct.org.il/blog/movies/%d7%95%d7%90%d7%a0%d7%99-%d7%94%d7%99%d7%99%d7%aa%d7%99-%d7%a9%d7%9d/ → nfct_new__blog_movies_d7_95_d7_90_d7_a0_d7_99-_d7_94_d7_99_d7_99_d7_aa_d7_99-_d7_a9_d7_9d__91bef803.md (11408 bytes)
  ✗ https://nfct.org.il/blog/movies/%d7%97%d7%93-%d7%a7%d7%a8%d7%9f-%d7%91%d7%aa%d7%9c-%d7%90%d7%91%d7%99%d7%91/: 429 Client Error: Too Many Requests for url: https://crawl4ai-wrapper-559961100092.europe-west1.run.app/scrape
  ✓ https://nfct.org.il/blog/movies/%d7%95%d7%96%d7%a8%d7%97-%d7%94%d7%a9%d7%9e%d7%a9/ → nfct_new__blog_movies_d7_95_d7_96_d7_a8_d7_97-_d7_94_d7_a9_d7_9e_d7_a9__6c13af2a.md (13109 bytes)
  ✗ https://nfct.org.il/blog/movies/%d7%94%d7%9e%d7%aa%d7%a0%d7%94/: HTTPSConnectionPool(host='crawl4ai-wrapper-559961100092.europe-west1.run.app', port=443): Read timed out. (read timeout=120)
  ✓ https://nfct.org.il/blog/movies/%d7%95%d7%99%d7%94%d7%99-%d7%a2%d7%a8%d7%91-%d7%95%d7%99%d7%94%d7%99-%d7%91%d7%95%d7%a7%d7%a8-%d7%99%d7%95%d7%9d-%d7%90%d7%97%d7%93/ → nfct_new__blog_movies_d7_95_d7_99_d7_94_d7_99-_d7_a2_d7_a8_d7_91-_d7_95_d7_99_d7_94_d7_99-__34e81e8f.md (15378 bytes)
  ✓ https://nfct.org.il/blog/movies/%d7%95%d7%99%d7%98%d7%94-%d7%90%d7%a7%d7%98%d7%99%d7%91%d7%94-%d7%91%d7%99%d7%95%d7%92%d7%a8%d7%a4%d7%99%d7%94-%d7%a8%d7%95%d7%97%d7%a0%d7%99%d7%aa-%d7%a9%d7%9c-%d7%97%d7%a0%d7%94-%d7%90%d7%a8%d7%a0/ → nfct_new__blog_movies_d7_95_d7_99_d7_98_d7_94-_d7_90_d7_a7_d7_98_d7_99_d7_91_d7_94-_d7_91___74dae15d.md (18159 bytes)
  ✓ https://nfct.org.il/blog/movies/%d7%96%d7%94%d7%91-%d7%a9%d7%97%d7%95%d7%a8-%d7%94%d7%a1%d7%99%d7%a4%d7%95%d7%a8-%d7%a9%d7%9c-%d7%94%d7%94%d7%99%d7%a4-%d7%94%d7%95%d7%a4-%d7%94%d7%99%d7%a9%d7%a8%d7%90%d7%9c%d7%99/ → nfct_new__blog_movies_d7_96_d7_94_d7_91-_d7_a9_d7_97_d7_95_d7_a8-_d7_94_d7_a1_d7_99_d7_a4___ec7213ba.md (15993 bytes)
  ✗ https://nfct.org.il/blog/movies/%d7%97%d7%95%d7%a4%d7%a9%d7%aa-%d7%a7%d7%99%d7%a5/: 429 Client Error: Too Many Requests for url: https://crawl4ai-wrapper-559961100092.europe-west1.run.app/scrape
  ✗ https://nfct.org.il/blog/movies/%d7%97%d7%95%d7%a9%d7%a0%d7%99%d7%94-%d7%a1%d7%95%d7%93%d7%95%d7%aa-%d7%9e%d7%9c%d7%97%d7%9e%d7%94/: 429 Client Error: Too Many Requests for url: https://crawl4ai-wrapper-559961100092.europe-west1.run.app/scrape
  ✗ https://nfct.org.il/blog/movies/%d7%97%d7%96%d7%99%d7%95%d7%a0%d7%95%d7%aa-%d7%91%d7%9c%d7%aa%d7%99-%d7%a4%d7%95%d7%a1%d7%a7%d7%99%d7%9d/: 429 Client Error: Too Many Requests for url: https://crawl4ai-wrapper-559961100092.europe-west1.run.app/scrape
  ✗ https://nfct.org.il/blog/movies/%d7%97%d7%96%d7%99%d7%a8%d7%99-%d7%a2%d7%99%d7%a8%d7%a0%d7%95/: 429 Client Error: Too Many Requests for url: https://crawl4ai-wrapper-559961100092.europe-west1.run.app/scrape
  ✓ https://nfct.org.il/blog/movies/%d7%95%d7%99%d7%a8%d7%90%d7%9c%d7%99/ → nfct_new__blog_movies_d7_95_d7_99_d7_a8_d7_90_d7_9c_d7_99__c5863af6.md (15141 bytes)
  ✓ https://nfct.org.il/blog/movies/%d7%96%d7%95%d7%a0%d7%94-%d7%9b%d7%9e%d7%95%d7%a0%d7%99/ → nfct_new__blog_movies_d7_96_d7_95_d7_a0_d7_94-_d7_9b_d7_9e_d7_95_d7_a0_d7_99__3b9dd510.md (14584 bytes)
  ✗ https://nfct.org.il/blog/movies/%d7%97%d7%98%d7%99%d7%a4%d7%94/: 429 Client Error: Too Many Requests for url: https://crawl4ai-wrapper-559961100092.europe-west1.run.app/scrape
  ✓ https://nfct.org.il/blog/movies/%d7%97%d7%93%d7%a9%d7%95%d7%aa-%d7%9e%d7%94%d7%91%d7%99%d7%aa/ → nfct_new__blog_movies_d7_97_d7_93_d7_a9_d7_95_d7_aa-_d7_9e_d7_94_d7_91_d7_99_d7_aa__83d6a5c3.md (17497 bytes)
  ✗ https://nfct.org.il/blog/movies/%d7%97%d7%99%d7%91%d7%95%d7%a7-%d7%93%d7%95%d7%91/: 429 Client Error: Too Many Requests for url: https://crawl4ai-wrapper-559961100092.europe-west1.run.app/scrape
  ✗ https://nfct.org.il/blog/movies/%d7%97%d7%99%d7%99%d7%94-%d7%95%d7%9e%d7%95%d7%aa%d7%94-%d7%a9%d7%9c-%d7%90%d7%a0%d7%94-%d7%9c%d7%99%d7%96%d7%94/: 429 Client Error: Too Many Requests for url: https://crawl4ai-wrapper-559961100092.europe-west1.run.app/scrape
  ✓ https://nfct.org.il/blog/movies/%d7%96%d7%99%d7%9b%d7%a8%d7%95%d7%a0%d7%95%d7%aa-%d7%a9%d7%98%d7%95%d7%a4%d7%99%d7%9d/ → nfct_new__blog_movies_d7_96_d7_99_d7_9b_d7_a8_d7_95_d7_a0_d7_95_d7_aa-_d7_a9_d7_98_d7_95_d__3755990c.md (16053 bytes)
  ✗ https://nfct.org.il/blog/movies/%d7%97%d7%99%d7%99%d7%95-%d7%9e%d7%9c%d7%90%d7%99-%d7%a9%d7%99%d7%a8-%d7%a1%d7%99%d7%a4%d7%95%d7%a8%d7%95-%d7%a9%d7%9c-%d7%90%d7%91%d7%a8%d7%94%d7%9d-%d7%97%d7%9c%d7%a4%d7%99/: 429 Client Error: Too Many Requests for url: https://crawl4ai-wrapper-559961100092.europe-west1.run.app/scrape
  ✗ https://nfct.org.il/blog/movies/%d7%97%d7%99%d7%99%d7%9d-%d7%91%d7%90%d7%a8%d7%92%d7%96%d7%99%d7%9d/: 429 Client Error: Too Many Requests for url: https://crawl4ai-wrapper-559961100092.europe-west1.run.app/scrape
  ✓ https://nfct.org.il/blog/movies/%d7%96%d7%95-%d7%94%d7%90%d7%a8%d7%a5-%d7%a9%d7%9c%d7%99/ → nfct_new__blog_movies_d7_96_d7_95-_d7_94_d7_90_d7_a8_d7_a5-_d7_a9_d7_9c_d7_99__44b20270.md (17579 bytes)
  ✗ https://nfct.org.il/blog/movies/%d7%97%d7%99%d7%99%d7%9d-%d7%a2%d7%9c-%d7%94%d7%92%d7%91%d7%95%d7%9c/: 429 Client Error: Too Many Requests for url: https://crawl4ai-wrapper-559961100092.europe-west1.run.app/scrape
  ✓ https://nfct.org.il/blog/movies/%d7%96%d7%9e%d7%9f-%d7%90%d7%99%d7%9b%d7%95%d7%aa/ → nfct_new__blog_movies_d7_96_d7_9e_d7_9f-_d7_90_d7_99_d7_9b_d7_95_d7_aa__0eb2c0c9.md (14462 bytes)
  ✓ https://nfct.org.il/blog/movies/%d7%96%d7%9e%d7%9f-%d7%90%d7%99%d7%a9%d7%94/ → nfct_new__blog_movies_d7_96_d7_9e_d7_9f-_d7_90_d7_99_d7_a9_d7_94__5709df9a.md (17989 bytes)
  ✓ https://nfct.org.il/blog/movies/%d7%97%d7%95%d7%95%d7%aa-%d7%94%d7%97%d7%95%d7%a4%d7%a9-%d7%a2%d7%95%d7%a0%d7%94-2/ → nfct_new__blog_movies_d7_97_d7_95_d7_95_d7_aa-_d7_94_d7_97_d7_95_d7_a4_d7_a9-_d7_a2_d7_95___3d6b8565.md (16766 bytes)
  ✗ https://nfct.org.il/blog/movies/%d7%97%d7%99%d7%a4%d7%94-%d7%a2%d7%99%d7%a8%d7%a0%d7%95/: 429 Client Error: Too Many Requests for url: https://crawl4ai-wrapper-559961100092.europe-west1.run.app/scrape